contractSymbol,lastTradeDate,strike,lastPrice,bid,ask,change,percentChange,volume,openInterest,impliedVolatility,inTheMoney,contractSize,currency,cp,expiry,days_to_expiry,spot,snapshot_utc
SPY260824C00585000,2026-08-12 14:13:17+00:00,585.0,187.95,0.0,0.0,0.0,0.0,,4.0,1.0000000000000003e-05,True,REGULAR,USD,C,2026-08-24,7,776.3400268554688,2026-08-17T11:55:45+00:00
SPY260824C00635000,2026-08-12 14:16:11+00:00,635.0,138.3,0.0,0.0,0.0,0.0,,4.0,1.0000000000000003e-05,True,REGULAR,USD,C,2026-08-24,7,776.3400268554688,2026-08-17T11:55:45+00:00
SPY260824C00690000,2026-08-13 16:47:32+00:00,690.0,87.16,0.0,0.0,0.0,0.0,,1.0,1.0000000000000003e-05,True,REGULAR,USD,C,2026-08-24,7,776.3400268554688,2026-08-17T11:55:45+00:00
SPY260824C00700000,2026-08-14 16:41:37+00:00,700.0,76.89,0.0,0.0,0.0,0.0,,4.0,1.0000000000000003e-05,True,REGULAR,USD,C,2026-08-24,7,776.3400268554688,2026-08-17T11:55:45+00:00
SPY260824C00708000,2026-08-14 19:30:01+00:00,708.0,68.76,0.0,0.0,0.0,0.0,,2.0,1.0000000000000003e-05,True,REGULAR,USD,C,2026-08-24,7,776.3400268554688,2026-08-17T11:55:45+00:00
SPY260824C00715000,2026-08-10 13:54:33+00:00,715.0,59.26,0.0,0.0,0.0,0.0,,1.0,1.0000000000000003e-05,True,REGULAR,USD,C,2026-08-24,7,776.3400268554688,2026-08-17T11:55:45+00:00
SPY260824C00718000,2026-08-11 17:51:11+00:00,718.0,54.39,0.0,0.0,0.0,0.0,,10.0,1.0000000000000003e-05,True,REGULAR,USD,C,2026-08-24,7,776.3400268554688,2026-08-17T11:55:45+00:00
SPY260824C00721000,2026-08-12 16:32:18+00:00,721.0,52.86,0.0,0.0,0.0,0.0,,2.0,1.0000000000000003e-05,True,REGULAR,USD,C,2026-08-24,7,776.3400268554688,2026-08-17T11:55:45+00:00
SPY260824C00724000,2026-08-11 17:51:11+00:00,724.0,48.47,0.0,0.0,0.0,0.0,,10.0,1.0000000000000003e-05,True,REGULAR,USD,C,2026-08-24,7,776.3400268554688,2026-08-17T11:55:45+00:00
SPY260824C00725000,2026-08-14 14:40:06+00:00,725.0,53.01,0.0,0.0,0.0,0.0,,7.0,1.0000000000000003e-05,True,REGULAR,USD,C,2026-08-24,7,776.3400268554688,2026-08-17T11:55:45+00:00
SPY260824C00730000,2026-08-14 14:37:43+00:00,730.0,47.99,0.0,0.0,0.0,0.0,,6.0,1.0000000000000003e-05,True,REGULAR,USD,C,2026-08-24,7,776.3400268554688,2026-08-17T11:55:45+00:00
SPY260824C00739000,2026-08-12 14:15:31+00:00,739.0,34.53,0.0,0.0,0.0,0.0,,4.0,1.0000000000000003e-05,True,REGULAR,USD,C,2026-08-24,7,776.3400268554688,2026-08-17T11:55:45+00:00
SPY260824C00740000,2026-08-14 14:49:16+00:00,740.0,38.11,0.0,0.0,0.0,0.0,,1.0,1.0000000000000003e-05,True,REGULAR,USD,C,2026-08-24,7,776.3400268554688,2026-08-17T11:55:45+00:00
SPY260824C00745000,2026-08-14 15:00:36+00:00,745.0,32.82,0.0,0.0,0.0,0.0,,50.0,1.0000000000000003e-05,True,REGULAR,USD,C,2026-08-24,7,776.3400268554688,2026-08-17T11:55:45+00:00
SPY260824C00746000,2026-08-13 19:50:13+00:00,746.0,32.83,0.0,0.0,0.0,0.0,,1.0,1.0000000000000003e-05,True,REGULAR,USD,C,2026-08-24,7,776.3400268554688,2026-08-17T11:55:45+00:00
SPY260824C00749000,2026-08-14 14:26:00+00:00,749.0,30.0,0.0,0.0,0.0,0.0,,2.0,1.0000000000000003e-05,True,REGULAR,USD,C,2026-08-24,7,776.3400268554688,2026-08-17T11:55:45+00:00
SPY260824C00750000,2026-08-14 15:27:55+00:00,750.0,27.2,0.0,0.0,0.0,0.0,,14.0,1.0000000000000003e-05,True,REGULAR,USD,C,2026-08-24,7,776.3400268554688,2026-08-17T11:55:45+00:00
SPY260824C00751000,2026-08-13 14:21:37+00:00,751.0,29.0,0.0,0.0,0.0,0.0,,4.0,1.0000000000000003e-05,True,REGULAR,USD,C,2026-08-24,7,776.3400268554688,2026-08-17T11:55:45+00:00
SPY260824C00752000,2026-08-14 15:53:35+00:00,752.0,25.23,0.0,0.0,0.0,0.0,,4.0,1.0000000000000003e-05,True,REGULAR,USD,C,2026-08-24,7,776.3400268554688,2026-08-17T11:55:45+00:00
SPY260824C00753000,2026-08-14 15:51:01+00:00,753.0,24.15,0.0,0.0,0.0,0.0,,4.0,1.0000000000000003e-05,True,REGULAR,USD,C,2026-08-24,7,776.3400268554688,2026-08-17T11:55:45+00:00
SPY260824C00754000,2026-08-12 13:38:09+00:00,754.0,21.16,0.0,0.0,0.0,0.0,,24.0,1.0000000000000003e-05,True,REGULAR,USD,C,2026-08-24,7,776.3400268554688,2026-08-17T11:55:45+00:00
SPY260824C00755000,2026-08-14 16:41:37+00:00,755.0,22.29,0.0,0.0,0.0,0.0,,13.0,1.0000000000000003e-05,True,REGULAR,USD,C,2026-08-24,7,776.3400268554688,2026-08-17T11:55:45+00:00
SPY260824C00756000,2026-08-14 16:12:40+00:00,756.0,21.33,0.0,0.0,0.0,0.0,,55.0,1.0000000000000003e-05,True,REGULAR,USD,C,2026-08-24,7,776.3400268554688,2026-08-17T11:55:45+00:00
SPY260824C00757000,2026-08-14 13:36:15+00:00,757.0,22.25,0.0,0.0,0.0,0.0,,19.0,1.0000000000000003e-05,True,REGULAR,USD,C,2026-08-24,7,776.3400268554688,2026-08-17T11:55:45+00:00
SPY260824C00758000,2026-08-14 14:20:27+00:00,758.0,20.87,0.0,0.0,0.0,0.0,,23.0,1.0000000000000003e-05,True,REGULAR,USD,C,2026-08-24,7,776.3400268554688,2026-08-17T11:55:45+00:00
SPY260824C00759000,2026-08-14 16:29:21+00:00,759.0,18.93,0.0,0.0,0.0,0.0,,18.0,1.0000000000000003e-05,True,REGULAR,USD,C,2026-08-24,7,776.3400268554688,2026-08-17T11:55:45+00:00
SPY260824C00760000,2026-08-14 19:18:52+00:00,760.0,17.45,0.0,0.0,0.0,0.0,,46.0,1.0000000000000003e-05,True,REGULAR,USD,C,2026-08-24,7,776.3400268554688,2026-08-17T11:55:45+00:00
SPY260824C00761000,2026-08-13 19:22:48+00:00,761.0,18.88,0.0,0.0,0.0,0.0,,3.0,1.0000000000000003e-05,True,REGULAR,USD,C,2026-08-24,7,776.3400268554688,2026-08-17T11:55:45+00:00
SPY260824C00762000,2026-08-14 19:18:52+00:00,762.0,15.57,0.0,0.0,0.0,0.0,,30.0,1.0000000000000003e-05,True,REGULAR,USD,C,2026-08-24,7,776.3400268554688,2026-08-17T11:55:45+00:00
SPY260824C00763000,2026-08-14 19:35:51+00:00,763.0,14.79,0.0,0.0,0.0,0.0,,35.0,1.0000000000000003e-05,True,REGULAR,USD,C,2026-08-24,7,776.3400268554688,2026-08-17T11:55:45+00:00
SPY260824C00764000,2026-08-14 15:12:23+00:00,764.0,14.36,0.0,0.0,0.0,0.0,,8.0,1.0000000000000003e-05,True,REGULAR,USD,C,2026-08-24,7,776.3400268554688,2026-08-17T11:55:45+00:00
SPY260824C00765000,2026-08-14 19:55:52+00:00,765.0,12.89,0.0,0.0,0.0,0.0,,75.0,1.0000000000000003e-05,True,REGULAR,USD,C,2026-08-24,7,776.3400268554688,2026-08-17T11:55:45+00:00
SPY260824C00766000,2026-08-14 16:40:54+00:00,766.0,12.41,0.0,0.0,0.0,0.0,,37.0,1.0000000000000003e-05,True,REGULAR,USD,C,2026-08-24,7,776.3400268554688,2026-08-17T11:55:45+00:00
SPY260824C00767000,2026-08-14 14:30:55+00:00,767.0,12.14,0.0,0.0,0.0,0.0,,19.0,1.0000000000000003e-05,True,REGULAR,USD,C,2026-08-24,7,776.3400268554688,2026-08-17T11:55:45+00:00
SPY260824C00768000,2026-08-14 17:11:18+00:00,768.0,10.38,0.0,0.0,0.0,0.0,,80.0,1.0000000000000003e-05,True,REGULAR,USD,C,2026-08-24,7,776.3400268554688,2026-08-17T11:55:45+00:00
SPY260824C00769000,2026-08-14 18:32:01+00:00,769.0,9.49,0.0,0.0,0.0,0.0,,64.0,1.0000000000000003e-05,True,REGULAR,USD,C,2026-08-24,7,776.3400268554688,2026-08-17T11:55:45+00:00
SPY260824C00770000,2026-08-14 19:34:48+00:00,770.0,8.86,0.0,0.0,0.0,0.0,,155.0,1.0000000000000003e-05,True,REGULAR,USD,C,2026-08-24,7,776.3400268554688,2026-08-17T11:55:45+00:00
SPY260824C00771000,2026-08-14 17:40:11+00:00,771.0,7.7,0.0,0.0,0.0,0.0,,203.0,1.0000000000000003e-05,True,REGULAR,USD,C,2026-08-24,7,776.3400268554688,2026-08-17T11:55:45+00:00
SPY260824C00772000,2026-08-14 17:54:36+00:00,772.0,7.12,0.0,0.0,0.0,0.0,,434.0,1.0000000000000003e-05,True,REGULAR,USD,C,2026-08-24,7,776.3400268554688,2026-08-17T11:55:45+00:00
SPY260824C00773000,2026-08-14 19:57:15+00:00,773.0,6.51,0.0,0.0,0.0,0.0,,172.0,1.0000000000000003e-05,True,REGULAR,USD,C,2026-08-24,7,776.3400268554688,2026-08-17T11:55:45+00:00
SPY260824C00774000,2026-08-14 19:51:50+00:00,774.0,6.02,0.0,0.0,0.0,0.0,,304.0,1.0000000000000003e-05,True,REGULAR,USD,C,2026-08-24,7,776.3400268554688,2026-08-17T11:55:45+00:00
SPY260824C00775000,2026-08-14 20:14:36+00:00,775.0,5.14,0.0,0.0,0.0,0.0,,575.0,1.0000000000000003e-05,True,REGULAR,USD,C,2026-08-24,7,776.3400268554688,2026-08-17T11:55:45+00:00
SPY260824C00776000,2026-08-14 20:14:31+00:00,776.0,4.55,0.0,0.0,0.0,0.0,,182.0,1.0000000000000003e-05,True,REGULAR,USD,C,2026-08-24,7,776.3400268554688,2026-08-17T11:55:45+00:00
SPY260824C00777000,2026-08-14 20:13:48+00:00,777.0,3.96,0.0,0.0,0.0,0.0,,501.0,0.00196310546875,False,REGULAR,USD,C,2026-08-24,7,776.3400268554688,2026-08-17T11:55:45+00:00
SPY260824C00778000,2026-08-14 20:14:36+00:00,778.0,3.5,0.0,0.0,0.0,0.0,,233.0,0.0039162109375,False,REGULAR,USD,C,2026-08-24,7,776.3400268554688,2026-08-17T11:55:45+00:00
SPY260824C00779000,2026-08-14 19:55:02+00:00,779.0,3.13,0.0,0.0,0.0,0.0,,302.0,0.007822421875,False,REGULAR,USD,C,2026-08-24,7,776.3400268554688,2026-08-17T11:55:45+00:00
SPY260824C00780000,2026-08-14 20:14:33+00:00,780.0,2.62,0.0,0.0,0.0,0.0,,1114.0,0.007822421875,False,REGULAR,USD,C,2026-08-24,7,776.3400268554688,2026-08-17T11:55:45+00:00
SPY260824C00781000,2026-08-14 20:10:09+00:00,781.0,2.2,0.0,0.0,0.0,0.0,,312.0,0.007822421875,False,REGULAR,USD,C,2026-08-24,7,776.3400268554688,2026-08-17T11:55:45+00:00
SPY260824C00782000,2026-08-14 20:13:13+00:00,782.0,1.85,0.0,0.0,0.0,0.0,,192.0,0.015634843750000002,False,REGULAR,USD,C,2026-08-24,7,776.3400268554688,2026-08-17T11:55:45+00:00
SPY260824C00783000,2026-08-14 20:10:25+00:00,783.0,1.56,0.0,0.0,0.0,0.0,,149.0,0.015634843750000002,False,REGULAR,USD,C,2026-08-24,7,776.3400268554688,2026-08-17T11:55:45+00:00
SPY260824C00784000,2026-08-14 19:51:34+00:00,784.0,1.43,0.0,0.0,0.0,0.0,,198.0,0.015634843750000002,False,REGULAR,USD,C,2026-08-24,7,776.3400268554688,2026-08-17T11:55:45+00:00
SPY260824C00785000,2026-08-14 20:14:28+00:00,785.0,1.08,0.0,0.0,0.0,0.0,,1369.0,0.015634843750000002,False,REGULAR,USD,C,2026-08-24,7,776.3400268554688,2026-08-17T11:55:45+00:00
SPY260824C00786000,2026-08-14 19:53:02+00:00,786.0,0.95,0.0,0.0,0.0,0.0,,247.0,0.015634843750000002,False,REGULAR,USD,C,2026-08-24,7,776.3400268554688,2026-08-17T11:55:45+00:00
SPY260824C00787000,2026-08-14 19:56:09+00:00,787.0,0.75,0.0,0.0,0.0,0.0,,103.0,0.015634843750000002,False,REGULAR,USD,C,2026-08-24,7,776.3400268554688,2026-08-17T11:55:45+00:00
SPY260824C00788000,2026-08-14 20:14:33+00:00,788.0,0.57,0.0,0.0,0.0,0.0,,518.0,0.0312596875,False,REGULAR,USD,C,2026-08-24,7,776.3400268554688,2026-08-17T11:55:45+00:00
SPY260824C00789000,2026-08-14 20:08:18+00:00,789.0,0.46,0.0,0.0,0.0,0.0,,229.0,0.0312596875,False,REGULAR,USD,C,2026-08-24,7,776.3400268554688,2026-08-17T11:55:45+00:00
SPY260824C00790000,2026-08-14 20:14:18+00:00,790.0,0.38,0.0,0.0,0.0,0.0,,713.0,0.0312596875,False,REGULAR,USD,C,2026-08-24,7,776.3400268554688,2026-08-17T11:55:45+00:00
SPY260824C00791000,2026-08-14 20:14:14+00:00,791.0,0.3,0.0,0.0,0.0,0.0,,143.0,0.0312596875,False,REGULAR,USD,C,2026-08-24,7,776.3400268554688,2026-08-17T11:55:45+00:00
SPY260824C00792000,2026-08-14 20:06:53+00:00,792.0,0.25,0.0,0.0,0.0,0.0,,279.0,0.0312596875,False,REGULAR,USD,C,2026-08-24,7,776.3400268554688,2026-08-17T11:55:45+00:00
SPY260824C00793000,2026-08-14 19:49:54+00:00,793.0,0.2,0.0,0.0,0.0,0.0,,752.0,0.0312596875,False,REGULAR,USD,C,2026-08-24,7,776.3400268554688,2026-08-17T11:55:45+00:00
SPY260824C00794000,2026-08-14 20:14:55+00:00,794.0,0.17,0.0,0.0,0.0,0.0,,434.0,0.0312596875,False,REGULAR,USD,C,2026-08-24,7,776.3400268554688,2026-08-17T11:55:45+00:00
SPY260824C00795000,2026-08-14 19:25:33+00:00,795.0,0.13,0.0,0.0,0.0,0.0,,322.0,0.0312596875,False,REGULAR,USD,C,2026-08-24,7,776.3400268554688,2026-08-17T11:55:45+00:00
SPY260824C00796000,2026-08-14 19:16:13+00:00,796.0,0.11,0.0,0.0,0.0,0.0,,67.0,0.0312596875,False,REGULAR,USD,C,2026-08-24,7,776.3400268554688,2026-08-17T11:55:45+00:00
SPY260824C00797000,2026-08-14 20:14:14+00:00,797.0,0.09,0.0,0.0,0.0,0.0,,69.0,0.0312596875,False,REGULAR,USD,C,2026-08-24,7,776.3400268554688,2026-08-17T11:55:45+00:00
SPY260824C00798000,2026-08-14 17:47:28+00:00,798.0,0.1,0.0,0.0,0.0,0.0,,199.0,0.0312596875,False,REGULAR,USD,C,2026-08-24,7,776.3400268554688,2026-08-17T11:55:45+00:00
SPY260824C00799000,2026-08-14 19:49:45+00:00,799.0,0.07,0.0,0.0,0.0,0.0,,288.0,0.0312596875,False,REGULAR,USD,C,2026-08-24,7,776.3400268554688,2026-08-17T11:55:45+00:00
SPY260824C00800000,2026-08-14 19:59:24+00:00,800.0,0.06,0.0,0.0,0.0,0.0,,941.0,0.0312596875,False,REGULAR,USD,C,2026-08-24,7,776.3400268554688,2026-08-17T11:55:45+00:00
SPY260824C00801000,2026-08-14 13:39:10+00:00,801.0,0.13,0.0,0.0,0.0,0.0,,215.0,0.062509375,False,REGULAR,USD,C,2026-08-24,7,776.3400268554688,2026-08-17T11:55:45+00:00
SPY260824C00802000,2026-08-14 19:37:01+00:00,802.0,0.06,0.0,0.0,0.0,0.0,,79.0,0.062509375,False,REGULAR,USD,C,2026-08-24,7,776.3400268554688,2026-08-17T11:55:45+00:00
SPY260824C00803000,2026-08-14 15:44:38+00:00,803.0,0.07,0.0,0.0,0.0,0.0,,53.0,0.062509375,False,REGULAR,USD,C,2026-08-24,7,776.3400268554688,2026-08-17T11:55:45+00:00
SPY260824C00804000,2026-08-13 15:46:28+00:00,804.0,0.12,0.0,0.0,0.0,0.0,,12.0,0.062509375,False,REGULAR,USD,C,2026-08-24,7,776.3400268554688,2026-08-17T11:55:45+00:00
SPY260824C00805000,2026-08-14 18:55:28+00:00,805.0,0.04,0.0,0.0,0.0,0.0,,88.0,0.062509375,False,REGULAR,USD,C,2026-08-24,7,776.3400268554688,2026-08-17T11:55:45+00:00
SPY260824C00806000,2026-08-14 18:53:42+00:00,806.0,0.05,0.0,0.0,0.0,0.0,,57.0,0.062509375,False,REGULAR,USD,C,2026-08-24,7,776.3400268554688,2026-08-17T11:55:45+00:00
SPY260824C00807000,2026-08-12 13:32:14+00:00,807.0,0.1,0.0,0.0,0.0,0.0,,125.0,0.062509375,False,REGULAR,USD,C,2026-08-24,7,776.3400268554688,2026-08-17T11:55:45+00:00
SPY260824C00808000,2026-08-13 15:46:52+00:00,808.0,0.09,0.0,0.0,0.0,0.0,,13.0,0.062509375,False,REGULAR,USD,C,2026-08-24,7,776.3400268554688,2026-08-17T11:55:45+00:00
SPY260824C00809000,2026-08-13 19:43:05+00:00,809.0,0.1,0.0,0.0,0.0,0.0,,137.0,0.062509375,False,REGULAR,USD,C,2026-08-24,7,776.3400268554688,2026-08-17T11:55:45+00:00
SPY260824C00810000,2026-08-13 19:05:03+00:00,810.0,0.09,0.0,0.0,0.0,0.0,,62.0,0.062509375,False,REGULAR,USD,C,2026-08-24,7,776.3400268554688,2026-08-17T11:55:45+00:00
SPY260824C00815000,2026-08-13 13:32:06+00:00,815.0,0.05,0.0,0.0,0.0,0.0,,26.0,0.062509375,False,REGULAR,USD,C,2026-08-24,7,776.3400268554688,2026-08-17T11:55:45+00:00
SPY260824C00820000,2026-08-14 19:37:32+00:00,820.0,0.02,0.0,0.0,0.0,0.0,,126.0,0.062509375,False,REGULAR,USD,C,2026-08-24,7,776.3400268554688,2026-08-17T11:55:45+00:00
SPY260824C00825000,2026-08-13 19:28:27+00:00,825.0,0.06,0.0,0.0,0.0,0.0,,54.0,0.062509375,False,REGULAR,USD,C,2026-08-24,7,776.3400268554688,2026-08-17T11:55:45+00:00
SPY260824C00830000,2026-08-13 17:57:02+00:00,830.0,0.05,0.0,0.0,0.0,0.0,,539.0,0.12500875,False,REGULAR,USD,C,2026-08-24,7,776.3400268554688,2026-08-17T11:55:45+00:00
SPY260824C00835000,2026-08-14 16:16:17+00:00,835.0,0.03,0.0,0.0,0.0,0.0,,60.0,0.12500875,False,REGULAR,USD,C,2026-08-24,7,776.3400268554688,2026-08-17T11:55:45+00:00
SPY260824C00840000,2026-08-13 19:02:54+00:00,840.0,0.04,0.0,0.0,0.0,0.0,,24.0,0.12500875,False,REGULAR,USD,C,2026-08-24,7,776.3400268554688,2026-08-17T11:55:45+00:00
SPY260824C00845000,2026-08-14 19:41:01+00:00,845.0,0.01,0.0,0.0,0.0,0.0,,11.0,0.12500875,False,REGULAR,USD,C,2026-08-24,7,776.3400268554688,2026-08-17T11:55:45+00:00
SPY260824C00850000,2026-08-13 20:08:12+00:00,850.0,0.03,0.0,0.0,0.0,0.0,,48.0,0.12500875,False,REGULAR,USD,C,2026-08-24,7,776.3400268554688,2026-08-17T11:55:45+00:00
SPY260824C00855000,2026-08-14 15:15:18+00:00,855.0,0.02,0.0,0.0,0.0,0.0,,21.0,0.12500875,False,REGULAR,USD,C,2026-08-24,7,776.3400268554688,2026-08-17T11:55:45+00:00
SPY260824C00860000,2026-08-11 19:08:16+00:00,860.0,0.02,0.0,0.0,0.0,0.0,,439.0,0.12500875,False,REGULAR,USD,C,2026-08-24,7,776.3400268554688,2026-08-17T11:55:45+00:00
SPY260824C00865000,2026-08-11 15:44:09+00:00,865.0,0.02,0.0,0.0,0.0,0.0,,15.0,0.12500875,False,REGULAR,USD,C,2026-08-24,7,776.3400268554688,2026-08-17T11:55:45+00:00
SPY260824C00870000,2026-08-13 19:00:57+00:00,870.0,0.02,0.0,0.0,0.0,0.0,,40.0,0.12500875,False,REGULAR,USD,C,2026-08-24,7,776.3400268554688,2026-08-17T11:55:45+00:00
SPY260824C00875000,2026-08-14 14:01:53+00:00,875.0,0.02,,0.0,0.0,0.0,,25.0,0.12500875,False,REGULAR,USD,C,2026-08-24,7,776.3400268554688,2026-08-17T11:55:45+00:00
SPY260824C00880000,2026-08-14 20:01:47+00:00,880.0,0.01,,0.0,0.0,0.0,,51.0,0.12500875,False,REGULAR,USD,C,2026-08-24,7,776.3400268554688,2026-08-17T11:55:45+00:00
SPY260824C00885000,2026-08-13 13:41:53+00:00,885.0,0.01,,0.0,0.0,0.0,,84.0,0.12500875,False,REGULAR,USD,C,2026-08-24,7,776.3400268554688,2026-08-17T11:55:45+00:00
SPY260824C00890000,2026-08-13 13:41:36+00:00,890.0,0.01,,0.0,0.0,0.0,,337.0,0.2500075,False,REGULAR,USD,C,2026-08-24,7,776.3400268554688,2026-08-17T11:55:45+00:00
SPY260824C00895000,2026-08-14 16:46:21+00:00,895.0,0.01,,0.0,0.0,0.0,,1476.0,0.2500075,False,REGULAR,USD,C,2026-08-24,7,776.3400268554688,2026-08-17T11:55:45+00:00
SPY260824C00900000,2026-08-14 17:03:48+00:00,900.0,0.02,,0.0,0.0,0.0,,2149.0,0.2500075,False,REGULAR,USD,C,2026-08-24,7,776.3400268554688,2026-08-17T11:55:45+00:00
SPY260824C00905000,2026-08-14 14:45:59+00:00,905.0,0.01,,0.0,0.0,0.0,,2540.0,0.2500075,False,REGULAR,USD,C,2026-08-24,7,776.3400268554688,2026-08-17T11:55:45+00:00
SPY260824C00910000,2026-08-13 18:28:55+00:00,910.0,0.01,,0.0,0.0,0.0,,554.0,0.2500075,False,REGULAR,USD,C,2026-08-24,7,776.3400268554688,2026-08-17T11:55:45+00:00
SPY260824C00915000,2026-08-11 20:02:03+00:00,915.0,0.01,,0.0,0.0,0.0,,512.0,0.2500075,False,REGULAR,USD,C,2026-08-24,7,776.3400268554688,2026-08-17T11:55:45+00:00
SPY260824P00545000,2026-08-11 20:04:24+00:00,545.0,0.01,,0.0,0.0,0.0,,468.0,0.500005,False,REGULAR,USD,P,2026-08-24,7,776.3400268554688,2026-08-17T11:55:45+00:00
SPY260824P00550000,2026-08-11 20:04:19+00:00,550.0,0.01,,0.0,0.0,0.0,,468.0,0.500005,False,REGULAR,USD,P,2026-08-24,7,776.3400268554688,2026-08-17T11:55:45+00:00
SPY260824P00565000,2026-08-12 15:43:26+00:00,565.0,0.01,,0.0,0.0,0.0,,1.0,0.500005,False,REGULAR,USD,P,2026-08-24,7,776.3400268554688,2026-08-17T11:55:45+00:00
SPY260824P00605000,2026-08-13 15:40:09+00:00,605.0,0.01,,0.0,0.0,0.0,,50.0,0.2500075,False,REGULAR,USD,P,2026-08-24,7,776.3400268554688,2026-08-17T11:55:45+00:00
SPY260824P00610000,2026-08-12 14:24:23+00:00,610.0,0.02,,0.0,0.0,0.0,,433.0,0.2500075,False,REGULAR,USD,P,2026-08-24,7,776.3400268554688,2026-08-17T11:55:45+00:00
SPY260824P00615000,2026-08-13 19:33:25+00:00,615.0,0.01,,0.0,0.0,0.0,,204.0,0.2500075,False,REGULAR,USD,P,2026-08-24,7,776.3400268554688,2026-08-17T11:55:45+00:00
SPY260824P00620000,2026-08-14 15:14:40+00:00,620.0,0.01,,0.0,0.0,0.0,,305.0,0.2500075,False,REGULAR,USD,P,2026-08-24,7,776.3400268554688,2026-08-17T11:55:45+00:00
SPY260824P00625000,2026-08-14 17:20:38+00:00,625.0,0.02,0.0,0.0,0.0,0.0,,267.0,0.2500075,False,REGULAR,USD,P,2026-08-24,7,776.3400268554688,2026-08-17T11:55:45+00:00
SPY260824P00630000,2026-08-14 14:01:49+00:00,630.0,0.01,0.0,0.0,0.0,0.0,,257.0,0.2500075,False,REGULAR,USD,P,2026-08-24,7,776.3400268554688,2026-08-17T11:55:45+00:00
SPY260824P00635000,2026-08-14 14:54:10+00:00,635.0,0.01,0.0,0.0,0.0,0.0,,6.0,0.2500075,False,REGULAR,USD,P,2026-08-24,7,776.3400268554688,2026-08-17T11:55:45+00:00
SPY260824P00640000,2026-08-13 19:00:57+00:00,640.0,0.02,0.0,0.0,0.0,0.0,,465.0,0.2500075,False,REGULAR,USD,P,2026-08-24,7,776.3400268554688,2026-08-17T11:55:45+00:00
SPY260824P00655000,2026-08-14 16:07:24+00:00,655.0,0.01,0.0,0.0,0.0,0.0,,42.0,0.2500075,False,REGULAR,USD,P,2026-08-24,7,776.3400268554688,2026-08-17T11:55:45+00:00
SPY260824P00660000,2026-08-13 17:53:03+00:00,660.0,0.03,0.0,0.0,0.0,0.0,,200.0,0.2500075,False,REGULAR,USD,P,2026-08-24,7,776.3400268554688,2026-08-17T11:55:45+00:00
SPY260824P00665000,2026-08-13 17:06:40+00:00,665.0,0.03,0.0,0.0,0.0,0.0,,24.0,0.2500075,False,REGULAR,USD,P,2026-08-24,7,776.3400268554688,2026-08-17T11:55:45+00:00
SPY260824P00670000,2026-08-14 19:01:10+00:00,670.0,0.03,0.0,0.0,0.0,0.0,,48.0,0.2500075,False,REGULAR,USD,P,2026-08-24,7,776.3400268554688,2026-08-17T11:55:45+00:00
SPY260824P00675000,2026-08-14 17:11:32+00:00,675.0,0.04,0.0,0.0,0.0,0.0,,29.0,0.2500075,False,REGULAR,USD,P,2026-08-24,7,776.3400268554688,2026-08-17T11:55:45+00:00
SPY260824P00680000,2026-08-13 19:21:58+00:00,680.0,0.04,0.0,0.0,0.0,0.0,,72.0,0.12500875,False,REGULAR,USD,P,2026-08-24,7,776.3400268554688,2026-08-17T11:55:45+00:00
SPY260824P00685000,2026-08-14 17:11:47+00:00,685.0,0.04,0.0,0.0,0.0,0.0,,261.0,0.12500875,False,REGULAR,USD,P,2026-08-24,7,776.3400268554688,2026-08-17T11:55:45+00:00
SPY260824P00690000,2026-08-14 15:43:06+00:00,690.0,0.05,0.0,0.0,0.0,0.0,,74.0,0.12500875,False,REGULAR,USD,P,2026-08-24,7,776.3400268554688,2026-08-17T11:55:45+00:00
SPY260824P00695000,2026-08-14 19:48:40+00:00,695.0,0.04,0.0,0.0,0.0,0.0,,64.0,0.12500875,False,REGULAR,USD,P,2026-08-24,7,776.3400268554688,2026-08-17T11:55:45+00:00
SPY260824P00700000,2026-08-14 19:49:28+00:00,700.0,0.03,0.0,0.0,0.0,0.0,,779.0,0.12500875,False,REGULAR,USD,P,2026-08-24,7,776.3400268554688,2026-08-17T11:55:45+00:00
SPY260824P00701000,2026-08-14 19:44:27+00:00,701.0,0.05,0.0,0.0,0.0,0.0,,68.0,0.12500875,False,REGULAR,USD,P,2026-08-24,7,776.3400268554688,2026-08-17T11:55:45+00:00
SPY260824P00703000,2026-08-13 17:37:44+00:00,703.0,0.08,0.0,0.0,0.0,0.0,,605.0,0.12500875,False,REGULAR,USD,P,2026-08-24,7,776.3400268554688,2026-08-17T11:55:45+00:00
SPY260824P00704000,2026-08-13 17:37:46+00:00,704.0,0.08,0.0,0.0,0.0,0.0,,650.0,0.12500875,False,REGULAR,USD,P,2026-08-24,7,776.3400268554688,2026-08-17T11:55:45+00:00
SPY260824P00705000,2026-08-14 19:48:34+00:00,705.0,0.04,0.0,0.0,0.0,0.0,,570.0,0.12500875,False,REGULAR,USD,P,2026-08-24,7,776.3400268554688,2026-08-17T11:55:45+00:00
SPY260824P00706000,2026-08-13 19:49:32+00:00,706.0,0.08,0.0,0.0,0.0,0.0,,201.0,0.12500875,False,REGULAR,USD,P,2026-08-24,7,776.3400268554688,2026-08-17T11:55:45+00:00
SPY260824P00707000,2026-08-14 19:50:53+00:00,707.0,0.03,0.0,0.0,0.0,0.0,,50.0,0.12500875,False,REGULAR,USD,P,2026-08-24,7,776.3400268554688,2026-08-17T11:55:45+00:00
SPY260824P00709000,2026-08-12 18:41:22+00:00,709.0,0.12,0.0,0.0,0.0,0.0,,37.0,0.12500875,False,REGULAR,USD,P,2026-08-24,7,776.3400268554688,2026-08-17T11:55:45+00:00
SPY260824P00710000,2026-08-14 19:59:41+00:00,710.0,0.05,0.0,0.0,0.0,0.0,,28.0,0.12500875,False,REGULAR,USD,P,2026-08-24,7,776.3400268554688,2026-08-17T11:55:45+00:00
SPY260824P00711000,2026-08-12 19:39:06+00:00,711.0,0.12,0.0,0.0,0.0,0.0,,147.0,0.12500875,False,REGULAR,USD,P,2026-08-24,7,776.3400268554688,2026-08-17T11:55:45+00:00
SPY260824P00712000,2026-08-13 15:48:01+00:00,712.0,0.1,0.0,0.0,0.0,0.0,,1.0,0.12500875,False,REGULAR,USD,P,2026-08-24,7,776.3400268554688,2026-08-17T11:55:45+00:00
SPY260824P00713000,2026-08-11 20:05:09+00:00,713.0,0.21,0.0,0.0,0.0,0.0,,2.0,0.12500875,False,REGULAR,USD,P,2026-08-24,7,776.3400268554688,2026-08-17T11:55:45+00:00
SPY260824P00714000,2026-08-13 14:48:41+00:00,714.0,0.1,0.0,0.0,0.0,0.0,,33.0,0.12500875,False,REGULAR,USD,P,2026-08-24,7,776.3400268554688,2026-08-17T11:55:45+00:00
SPY260824P00715000,2026-08-13 13:57:40+00:00,715.0,0.11,0.0,0.0,0.0,0.0,,40.0,0.12500875,False,REGULAR,USD,P,2026-08-24,7,776.3400268554688,2026-08-17T11:55:45+00:00
SPY260824P00716000,2026-08-14 19:48:12+00:00,716.0,0.06,0.0,0.0,0.0,0.0,,133.0,0.12500875,False,REGULAR,USD,P,2026-08-24,7,776.3400268554688,2026-08-17T11:55:45+00:00
SPY260824P00717000,2026-08-14 17:29:15+00:00,717.0,0.09,0.0,0.0,0.0,0.0,,17.0,0.12500875,False,REGULAR,USD,P,2026-08-24,7,776.3400268554688,2026-08-17T11:55:45+00:00
SPY260824P00720000,2026-08-14 17:12:13+00:00,720.0,0.11,0.0,0.0,0.0,0.0,,82.0,0.12500875,False,REGULAR,USD,P,2026-08-24,7,776.3400268554688,2026-08-17T11:55:45+00:00
SPY260824P00721000,2026-08-14 20:02:59+00:00,721.0,0.07,0.0,0.0,0.0,0.0,,1.0,0.12500875,False,REGULAR,USD,P,2026-08-24,7,776.3400268554688,2026-08-17T11:55:45+00:00
SPY260824P00722000,2026-08-12 19:12:21+00:00,722.0,0.18,0.0,0.0,0.0,0.0,,1.0,0.12500875,False,REGULAR,USD,P,2026-08-24,7,776.3400268554688,2026-08-17T11:55:45+00:00
SPY260824P00723000,2026-08-14 19:53:47+00:00,723.0,0.07,0.0,0.0,0.0,0.0,,143.0,0.12500875,False,REGULAR,USD,P,2026-08-24,7,776.3400268554688,2026-08-17T11:55:45+00:00
SPY260824P00724000,2026-08-14 18:54:16+00:00,724.0,0.12,0.0,0.0,0.0,0.0,,3.0,0.12500875,False,REGULAR,USD,P,2026-08-24,7,776.3400268554688,2026-08-17T11:55:45+00:00
SPY260824P00725000,2026-08-14 14:52:20+00:00,725.0,0.11,0.0,0.0,0.0,0.0,,52.0,0.12500875,False,REGULAR,USD,P,2026-08-24,7,776.3400268554688,2026-08-17T11:55:45+00:00
SPY260824P00726000,2026-08-14 15:25:19+00:00,726.0,0.13,0.0,0.0,0.0,0.0,,5.0,0.12500875,False,REGULAR,USD,P,2026-08-24,7,776.3400268554688,2026-08-17T11:55:45+00:00
SPY260824P00727000,2026-08-14 15:51:46+00:00,727.0,0.15,0.0,0.0,0.0,0.0,,7.0,0.12500875,False,REGULAR,USD,P,2026-08-24,7,776.3400268554688,2026-08-17T11:55:45+00:00
SPY260824P00728000,2026-08-13 19:40:30+00:00,728.0,0.16,0.0,0.0,0.0,0.0,,3.0,0.12500875,False,REGULAR,USD,P,2026-08-24,7,776.3400268554688,2026-08-17T11:55:45+00:00
SPY260824P00729000,2026-08-14 20:10:14+00:00,729.0,0.11,0.0,0.0,0.0,0.0,,20.0,0.062509375,False,REGULAR,USD,P,2026-08-24,7,776.3400268554688,2026-08-17T11:55:45+00:00
SPY260824P00730000,2026-08-14 15:36:18+00:00,730.0,0.15,0.0,0.0,0.0,0.0,,283.0,0.062509375,False,REGULAR,USD,P,2026-08-24,7,776.3400268554688,2026-08-17T11:55:45+00:00
SPY260824P00731000,2026-08-14 20:02:59+00:00,731.0,0.11,0.0,0.0,0.0,0.0,,54.0,0.062509375,False,REGULAR,USD,P,2026-08-24,7,776.3400268554688,2026-08-17T11:55:45+00:00
SPY260824P00732000,2026-08-14 20:14:23+00:00,732.0,0.11,0.0,0.0,0.0,0.0,,2.0,0.062509375,False,REGULAR,USD,P,2026-08-24,7,776.3400268554688,2026-08-17T11:55:45+00:00
SPY260824P00733000,2026-08-14 19:53:47+00:00,733.0,0.1,0.0,0.0,0.0,0.0,,89.0,0.062509375,False,REGULAR,USD,P,2026-08-24,7,776.3400268554688,2026-08-17T11:55:45+00:00
SPY260824P00734000,2026-08-14 18:54:16+00:00,734.0,0.15,0.0,0.0,0.0,0.0,,3.0,0.062509375,False,REGULAR,USD,P,2026-08-24,7,776.3400268554688,2026-08-17T11:55:45+00:00
SPY260824P00735000,2026-08-14 17:46:02+00:00,735.0,0.16,0.0,0.0,0.0,0.0,,78.0,0.062509375,False,REGULAR,USD,P,2026-08-24,7,776.3400268554688,2026-08-17T11:55:45+00:00
SPY260824P00736000,2026-08-14 19:57:14+00:00,736.0,0.14,0.0,0.0,0.0,0.0,,82.0,0.062509375,False,REGULAR,USD,P,2026-08-24,7,776.3400268554688,2026-08-17T11:55:45+00:00
SPY260824P00737000,2026-08-14 19:22:43+00:00,737.0,0.17,0.0,0.0,0.0,0.0,,14.0,0.062509375,False,REGULAR,USD,P,2026-08-24,7,776.3400268554688,2026-08-17T11:55:45+00:00
SPY260824P00738000,2026-08-14 15:36:18+00:00,738.0,0.21,0.0,0.0,0.0,0.0,,332.0,0.062509375,False,REGULAR,USD,P,2026-08-24,7,776.3400268554688,2026-08-17T11:55:45+00:00
SPY260824P00739000,2026-08-14 20:01:30+00:00,739.0,0.15,0.0,0.0,0.0,0.0,,474.0,0.062509375,False,REGULAR,USD,P,2026-08-24,7,776.3400268554688,2026-08-17T11:55:45+00:00
SPY260824P00740000,2026-08-14 20:00:22+00:00,740.0,0.17,0.0,0.0,0.0,0.0,,100.0,0.062509375,False,REGULAR,USD,P,2026-08-24,7,776.3400268554688,2026-08-17T11:55:45+00:00
SPY260824P00741000,2026-08-14 19:57:14+00:00,741.0,0.18,0.0,0.0,0.0,0.0,,50.0,0.062509375,False,REGULAR,USD,P,2026-08-24,7,776.3400268554688,2026-08-17T11:55:45+00:00
SPY260824P00742000,2026-08-14 19:57:14+00:00,742.0,0.19,0.0,0.0,0.0,0.0,,80.0,0.062509375,False,REGULAR,USD,P,2026-08-24,7,776.3400268554688,2026-08-17T11:55:45+00:00
SPY260824P00743000,2026-08-14 19:37:33+00:00,743.0,0.21,0.0,0.0,0.0,0.0,,38.0,0.062509375,False,REGULAR,USD,P,2026-08-24,7,776.3400268554688,2026-08-17T11:55:45+00:00
SPY260824P00744000,2026-08-14 15:36:18+00:00,744.0,0.28,0.0,0.0,0.0,0.0,,31.0,0.062509375,False,REGULAR,USD,P,2026-08-24,7,776.3400268554688,2026-08-17T11:55:45+00:00
SPY260824P00745000,2026-08-14 20:13:47+00:00,745.0,0.22,0.0,0.0,0.0,0.0,,145.0,0.062509375,False,REGULAR,USD,P,2026-08-24,7,776.3400268554688,2026-08-17T11:55:45+00:00
SPY260824P00746000,2026-08-14 19:57:03+00:00,746.0,0.24,0.0,0.0,0.0,0.0,,127.0,0.062509375,False,REGULAR,USD,P,2026-08-24,7,776.3400268554688,2026-08-17T11:55:45+00:00
SPY260824P00747000,2026-08-14 19:23:49+00:00,747.0,0.29,0.0,0.0,0.0,0.0,,146.0,0.062509375,False,REGULAR,USD,P,2026-08-24,7,776.3400268554688,2026-08-17T11:55:45+00:00
SPY260824P00748000,2026-08-14 19:52:13+00:00,748.0,0.24,0.0,0.0,0.0,0.0,,110.0,0.062509375,False,REGULAR,USD,P,2026-08-24,7,776.3400268554688,2026-08-17T11:55:45+00:00
SPY260824P00749000,2026-08-14 20:02:01+00:00,749.0,0.28,0.0,0.0,0.0,0.0,,134.0,0.062509375,False,REGULAR,USD,P,2026-08-24,7,776.3400268554688,2026-08-17T11:55:45+00:00
SPY260824P00750000,2026-08-14 20:14:55+00:00,750.0,0.31,0.0,0.0,0.0,0.0,,1264.0,0.062509375,False,REGULAR,USD,P,2026-08-24,7,776.3400268554688,2026-08-17T11:55:45+00:00
SPY260824P00751000,2026-08-14 20:10:14+00:00,751.0,0.34,0.0,0.0,0.0,0.0,,24.0,0.062509375,False,REGULAR,USD,P,2026-08-24,7,776.3400268554688,2026-08-17T11:55:45+00:00
SPY260824P00752000,2026-08-14 19:40:00+00:00,752.0,0.37,0.0,0.0,0.0,0.0,,158.0,0.062509375,False,REGULAR,USD,P,2026-08-24,7,776.3400268554688,2026-08-17T11:55:45+00:00
SPY260824P00753000,2026-08-14 19:58:48+00:00,753.0,0.4,0.0,0.0,0.0,0.0,,286.0,0.062509375,False,REGULAR,USD,P,2026-08-24,7,776.3400268554688,2026-08-17T11:55:45+00:00
SPY260824P00754000,2026-08-14 19:58:07+00:00,754.0,0.44,0.0,0.0,0.0,0.0,,330.0,0.0312596875,False,REGULAR,USD,P,2026-08-24,7,776.3400268554688,2026-08-17T11:55:45+00:00
SPY260824P00755000,2026-08-14 20:02:01+00:00,755.0,0.45,0.0,0.0,0.0,0.0,,1196.0,0.0312596875,False,REGULAR,USD,P,2026-08-24,7,776.3400268554688,2026-08-17T11:55:45+00:00
SPY260824P00756000,2026-08-14 19:45:33+00:00,756.0,0.51,0.0,0.0,0.0,0.0,,3905.0,0.0312596875,False,REGULAR,USD,P,2026-08-24,7,776.3400268554688,2026-08-17T11:55:45+00:00
SPY260824P00757000,2026-08-14 19:57:14+00:00,757.0,0.56,0.0,0.0,0.0,0.0,,733.0,0.0312596875,False,REGULAR,USD,P,2026-08-24,7,776.3400268554688,2026-08-17T11:55:45+00:00
SPY260824P00758000,2026-08-14 19:55:14+00:00,758.0,0.58,0.0,0.0,0.0,0.0,,189.0,0.0312596875,False,REGULAR,USD,P,2026-08-24,7,776.3400268554688,2026-08-17T11:55:45+00:00
SPY260824P00759000,2026-08-14 20:10:12+00:00,759.0,0.65,0.0,0.0,0.0,0.0,,292.0,0.0312596875,False,REGULAR,USD,P,2026-08-24,7,776.3400268554688,2026-08-17T11:55:45+00:00
SPY260824P00760000,2026-08-14 20:13:09+00:00,760.0,0.72,0.0,0.0,0.0,0.0,,835.0,0.0312596875,False,REGULAR,USD,P,2026-08-24,7,776.3400268554688,2026-08-17T11:55:45+00:00
SPY260824P00761000,2026-08-14 19:58:07+00:00,761.0,0.81,0.0,0.0,0.0,0.0,,182.0,0.0312596875,False,REGULAR,USD,P,2026-08-24,7,776.3400268554688,2026-08-17T11:55:45+00:00
SPY260824P00762000,2026-08-14 20:06:26+00:00,762.0,0.88,0.0,0.0,0.0,0.0,,178.0,0.0312596875,False,REGULAR,USD,P,2026-08-24,7,776.3400268554688,2026-08-17T11:55:45+00:00
SPY260824P00763000,2026-08-14 20:07:46+00:00,763.0,0.97,0.0,0.0,0.0,0.0,,1029.0,0.0312596875,False,REGULAR,USD,P,2026-08-24,7,776.3400268554688,2026-08-17T11:55:45+00:00
SPY260824P00764000,2026-08-14 20:09:39+00:00,764.0,1.09,0.0,0.0,0.0,0.0,,217.0,0.0312596875,False,REGULAR,USD,P,2026-08-24,7,776.3400268554688,2026-08-17T11:55:45+00:00
SPY260824P00765000,2026-08-14 20:14:19+00:00,765.0,1.17,0.0,0.0,0.0,0.0,,1307.0,0.0312596875,False,REGULAR,USD,P,2026-08-24,7,776.3400268554688,2026-08-17T11:55:45+00:00
SPY260824P00766000,2026-08-14 20:08:12+00:00,766.0,1.34,0.0,0.0,0.0,0.0,,3904.0,0.015634843750000002,False,REGULAR,USD,P,2026-08-24,7,776.3400268554688,2026-08-17T11:55:45+00:00
SPY260824P00767000,2026-08-14 19:59:06+00:00,767.0,1.49,0.0,0.0,0.0,0.0,,766.0,0.015634843750000002,False,REGULAR,USD,P,2026-08-24,7,776.3400268554688,2026-08-17T11:55:45+00:00
SPY260824P00768000,2026-08-14 19:59:33+00:00,768.0,1.63,0.0,0.0,0.0,0.0,,345.0,0.015634843750000002,False,REGULAR,USD,P,2026-08-24,7,776.3400268554688,2026-08-17T11:55:45+00:00
SPY260824P00769000,2026-08-14 19:48:12+00:00,769.0,1.83,0.0,0.0,0.0,0.0,,2577.0,0.015634843750000002,False,REGULAR,USD,P,2026-08-24,7,776.3400268554688,2026-08-17T11:55:45+00:00
SPY260824P00770000,2026-08-14 20:11:45+00:00,770.0,2.09,0.0,0.0,0.0,0.0,,1857.0,0.015634843750000002,False,REGULAR,USD,P,2026-08-24,7,776.3400268554688,2026-08-17T11:55:45+00:00
SPY260824P00771000,2026-08-14 20:13:19+00:00,771.0,2.35,0.0,0.0,0.0,0.0,,480.0,0.015634843750000002,False,REGULAR,USD,P,2026-08-24,7,776.3400268554688,2026-08-17T11:55:45+00:00
SPY260824P00772000,2026-08-14 20:07:01+00:00,772.0,2.6,0.0,0.0,0.0,0.0,,2181.0,0.007822421875,False,REGULAR,USD,P,2026-08-24,7,776.3400268554688,2026-08-17T11:55:45+00:00
SPY260824P00773000,2026-08-14 19:50:24+00:00,773.0,2.8,0.0,0.0,0.0,0.0,,250.0,0.007822421875,False,REGULAR,USD,P,2026-08-24,7,776.3400268554688,2026-08-17T11:55:45+00:00
SPY260824P00774000,2026-08-14 20:01:35+00:00,774.0,3.17,0.0,0.0,0.0,0.0,,151.0,0.0039162109375,False,REGULAR,USD,P,2026-08-24,7,776.3400268554688,2026-08-17T11:55:45+00:00
SPY260824P00775000,2026-08-14 20:14:56+00:00,775.0,3.62,0.0,0.0,0.0,0.0,,350.0,0.0039162109375,False,REGULAR,USD,P,2026-08-24,7,776.3400268554688,2026-08-17T11:55:45+00:00
SPY260824P00776000,2026-08-14 20:05:06+00:00,776.0,3.98,0.0,0.0,0.0,0.0,,254.0,0.000986552734375,False,REGULAR,USD,P,2026-08-24,7,776.3400268554688,2026-08-17T11:55:45+00:00
SPY260824P00777000,2026-08-14 20:14:04+00:00,777.0,4.43,0.0,0.0,0.0,0.0,,368.0,1.0000000000000003e-05,True,REGULAR,USD,P,2026-08-24,7,776.3400268554688,2026-08-17T11:55:45+00:00
SPY260824P00778000,2026-08-14 20:10:39+00:00,778.0,5.02,0.0,0.0,0.0,0.0,,192.0,1.0000000000000003e-05,True,REGULAR,USD,P,2026-08-24,7,776.3400268554688,2026-08-17T11:55:45+00:00
SPY260824P00779000,2026-08-14 16:59:33+00:00,779.0,5.8,0.0,0.0,0.0,0.0,,162.0,1.0000000000000003e-05,True,REGULAR,USD,P,2026-08-24,7,776.3400268554688,2026-08-17T11:55:45+00:00
SPY260824P00780000,2026-08-14 20:09:17+00:00,780.0,6.16,0.0,0.0,0.0,0.0,,500.0,1.0000000000000003e-05,True,REGULAR,USD,P,2026-08-24,7,776.3400268554688,2026-08-17T11:55:45+00:00
SPY260824P00781000,2026-08-14 19:42:33+00:00,781.0,6.58,0.0,0.0,0.0,0.0,,24.0,1.0000000000000003e-05,True,REGULAR,USD,P,2026-08-24,7,776.3400268554688,2026-08-17T11:55:45+00:00
SPY260824P00782000,2026-08-14 18:46:19+00:00,782.0,7.38,0.0,0.0,0.0,0.0,,70.0,1.0000000000000003e-05,True,REGULAR,USD,P,2026-08-24,7,776.3400268554688,2026-08-17T11:55:45+00:00
SPY260824P00783000,2026-08-14 17:33:47+00:00,783.0,8.28,0.0,0.0,0.0,0.0,,16.0,1.0000000000000003e-05,True,REGULAR,USD,P,2026-08-24,7,776.3400268554688,2026-08-17T11:55:45+00:00
SPY260824P00784000,2026-08-14 17:15:11+00:00,784.0,8.87,0.0,0.0,0.0,0.0,,6.0,1.0000000000000003e-05,True,REGULAR,USD,P,2026-08-24,7,776.3400268554688,2026-08-17T11:55:45+00:00
SPY260824P00785000,2026-08-14 20:13:09+00:00,785.0,9.73,0.0,0.0,0.0,0.0,,33.0,1.0000000000000003e-05,True,REGULAR,USD,P,2026-08-24,7,776.3400268554688,2026-08-17T11:55:45+00:00
SPY260824P00786000,2026-08-14 19:07:40+00:00,786.0,10.57,0.0,0.0,0.0,0.0,,15.0,1.0000000000000003e-05,True,REGULAR,USD,P,2026-08-24,7,776.3400268554688,2026-08-17T11:55:45+00:00
SPY260824P00787000,2026-08-14 20:14:08+00:00,787.0,11.56,0.0,0.0,0.0,0.0,,29.0,1.0000000000000003e-05,True,REGULAR,USD,P,2026-08-24,7,776.3400268554688,2026-08-17T11:55:45+00:00
SPY260824P00790000,2026-08-14 14:25:07+00:00,790.0,12.77,0.0,0.0,0.0,0.0,,11.0,1.0000000000000003e-05,True,REGULAR,USD,P,2026-08-24,7,776.3400268554688,2026-08-17T11:55:45+00:00
SPY260824P00791000,2026-08-12 15:47:37+00:00,791.0,19.18,0.0,0.0,0.0,0.0,,2.0,1.0000000000000003e-05,True,REGULAR,USD,P,2026-08-24,7,776.3400268554688,2026-08-17T11:55:45+00:00
SPY260824P00794000,2026-08-13 15:00:25+00:00,794.0,16.05,0.0,0.0,0.0,0.0,,,1.0000000000000003e-05,True,REGULAR,USD,P,2026-08-24,7,776.3400268554688,2026-08-17T11:55:45+00:00
SPY260824P00795000,2026-08-14 18:39:10+00:00,795.0,19.69,0.0,0.0,0.0,0.0,,2.0,1.0000000000000003e-05,True,REGULAR,USD,P,2026-08-24,7,776.3400268554688,2026-08-17T11:55:45+00:00
SPY260824P00800000,2026-08-14 15:21:21+00:00,800.0,23.7,0.0,0.0,0.0,0.0,,,1.0000000000000003e-05,True,REGULAR,USD,P,2026-08-24,7,776.3400268554688,2026-08-17T11:55:45+00:00
SPY260827C00715000,2026-08-13 13:48:45+00:00,715.0,62.9,0.0,0.0,0.0,0.0,,1.0,1.0000000000000003e-05,True,REGULAR,USD,C,2026-08-27,10,776.3400268554688,2026-08-17T11:55:45+00:00
SPY260827C00746000,2026-08-14 13:36:36+00:00,746.0,33.36,0.0,0.0,0.0,0.0,,1.0,1.0000000000000003e-05,True,REGULAR,USD,C,2026-08-27,10,776.3400268554688,2026-08-17T11:55:45+00:00
SPY260827C00750000,2026-08-14 18:18:21+00:00,750.0,27.92,0.0,0.0,0.0,0.0,,2.0,1.0000000000000003e-05,True,REGULAR,USD,C,2026-08-27,10,776.3400268554688,2026-08-17T11:55:45+00:00
SPY260827C00754000,2026-08-14 15:40:24+00:00,754.0,24.03,0.0,0.0,0.0,0.0,,1.0,1.0000000000000003e-05,True,REGULAR,USD,C,2026-08-27,10,776.3400268554688,2026-08-17T11:55:45+00:00
SPY260827C00755000,2026-08-13 17:26:36+00:00,755.0,24.53,0.0,0.0,0.0,0.0,,,1.0000000000000003e-05,True,REGULAR,USD,C,2026-08-27,10,776.3400268554688,2026-08-17T11:55:45+00:00
SPY260827C00758000,2026-08-14 19:18:52+00:00,758.0,20.22,0.0,0.0,0.0,0.0,,12.0,1.0000000000000003e-05,True,REGULAR,USD,C,2026-08-27,10,776.3400268554688,2026-08-17T11:55:45+00:00
SPY260827C00760000,2026-08-14 19:18:52+00:00,760.0,18.44,0.0,0.0,0.0,0.0,,14.0,1.0000000000000003e-05,True,REGULAR,USD,C,2026-08-27,10,776.3400268554688,2026-08-17T11:55:45+00:00
SPY260827C00762000,2026-08-14 14:50:13+00:00,762.0,17.81,0.0,0.0,0.0,0.0,,2.0,1.0000000000000003e-05,True,REGULAR,USD,C,2026-08-27,10,776.3400268554688,2026-08-17T11:55:45+00:00
SPY260827C00765000,2026-08-14 14:24:46+00:00,765.0,15.5,0.0,0.0,0.0,0.0,,2.0,1.0000000000000003e-05,True,REGULAR,USD,C,2026-08-27,10,776.3400268554688,2026-08-17T11:55:45+00:00
SPY260827C00766000,2026-08-14 19:39:33+00:00,766.0,13.36,0.0,0.0,0.0,0.0,,70.0,1.0000000000000003e-05,True,REGULAR,USD,C,2026-08-27,10,776.3400268554688,2026-08-17T11:55:45+00:00
SPY260827C00768000,2026-08-14 14:17:17+00:00,768.0,13.6,0.0,0.0,0.0,0.0,,2.0,1.0000000000000003e-05,True,REGULAR,USD,C,2026-08-27,10,776.3400268554688,2026-08-17T11:55:45+00:00
SPY260827C00770000,2026-08-14 16:16:04+00:00,770.0,10.9,0.0,0.0,0.0,0.0,,81.0,1.0000000000000003e-05,True,REGULAR,USD,C,2026-08-27,10,776.3400268554688,2026-08-17T11:55:45+00:00
SPY260827C00772000,2026-08-14 15:22:16+00:00,772.0,9.16,0.0,0.0,0.0,0.0,,2.0,1.0000000000000003e-05,True,REGULAR,USD,C,2026-08-27,10,776.3400268554688,2026-08-17T11:55:45+00:00
SPY260827C00773000,2026-08-14 19:34:04+00:00,773.0,8.26,0.0,0.0,0.0,0.0,,7.0,1.0000000000000003e-05,True,REGULAR,USD,C,2026-08-27,10,776.3400268554688,2026-08-17T11:55:45+00:00
SPY260827C00774000,2026-08-14 15:22:16+00:00,774.0,7.82,0.0,0.0,0.0,0.0,,15.0,1.0000000000000003e-05,True,REGULAR,USD,C,2026-08-27,10,776.3400268554688,2026-08-17T11:55:45+00:00
SPY260827C00775000,2026-08-14 20:12:43+00:00,775.0,6.6,0.0,0.0,0.0,0.0,,40.0,1.0000000000000003e-05,True,REGULAR,USD,C,2026-08-27,10,776.3400268554688,2026-08-17T11:55:45+00:00
SPY260827C00776000,2026-08-14 20:08:57+00:00,776.0,6.08,0.0,0.0,0.0,0.0,,26.0,1.0000000000000003e-05,True,REGULAR,USD,C,2026-08-27,10,776.3400268554688,2026-08-17T11:55:45+00:00
SPY260827C00777000,2026-08-14 19:50:16+00:00,777.0,5.75,0.0,0.0,0.0,0.0,,302.0,0.00196310546875,False,REGULAR,USD,C,2026-08-27,10,776.3400268554688,2026-08-17T11:55:45+00:00
SPY260827C00778000,2026-08-14 20:08:27+00:00,778.0,5.0,0.0,0.0,0.0,0.0,,17.0,0.0039162109375,False,REGULAR,USD,C,2026-08-27,10,776.3400268554688,2026-08-17T11:55:45+00:00
SPY260827C00779000,2026-08-14 19:16:42+00:00,779.0,4.69,0.0,0.0,0.0,0.0,,113.0,0.0039162109375,False,REGULAR,USD,C,2026-08-27,10,776.3400268554688,2026-08-17T11:55:45+00:00
SPY260827C00780000,2026-08-14 20:03:25+00:00,780.0,4.13,0.0,0.0,0.0,0.0,,128.0,0.007822421875,False,REGULAR,USD,C,2026-08-27,10,776.3400268554688,2026-08-17T11:55:45+00:00
SPY260827C00781000,2026-08-14 19:14:24+00:00,781.0,3.82,0.0,0.0,0.0,0.0,,18.0,0.007822421875,False,REGULAR,USD,C,2026-08-27,10,776.3400268554688,2026-08-17T11:55:45+00:00
SPY260827C00782000,2026-08-14 19:43:05+00:00,782.0,3.43,0.0,0.0,0.0,0.0,,9.0,0.007822421875,False,REGULAR,USD,C,2026-08-27,10,776.3400268554688,2026-08-17T11:55:45+00:00
SPY260827C00783000,2026-08-14 19:34:04+00:00,783.0,3.06,0.0,0.0,0.0,0.0,,24.0,0.015634843750000002,False,REGULAR,USD,C,2026-08-27,10,776.3400268554688,2026-08-17T11:55:45+00:00
SPY260827C00784000,2026-08-14 19:52:45+00:00,784.0,2.65,0.0,0.0,0.0,0.0,,356.0,0.015634843750000002,False,REGULAR,USD,C,2026-08-27,10,776.3400268554688,2026-08-17T11:55:45+00:00
SPY260827C00785000,2026-08-14 20:13:25+00:00,785.0,2.22,0.0,0.0,0.0,0.0,,171.0,0.015634843750000002,False,REGULAR,USD,C,2026-08-27,10,776.3400268554688,2026-08-17T11:55:45+00:00
SPY260827C00786000,2026-08-14 19:43:07+00:00,786.0,2.06,0.0,0.0,0.0,0.0,,31.0,0.015634843750000002,False,REGULAR,USD,C,2026-08-27,10,776.3400268554688,2026-08-17T11:55:45+00:00
SPY260827C00787000,2026-08-14 19:43:07+00:00,787.0,1.79,0.0,0.0,0.0,0.0,,55.0,0.015634843750000002,False,REGULAR,USD,C,2026-08-27,10,776.3400268554688,2026-08-17T11:55:45+00:00
SPY260827C00788000,2026-08-14 19:43:07+00:00,788.0,1.55,0.0,0.0,0.0,0.0,,5.0,0.015634843750000002,False,REGULAR,USD,C,2026-08-27,10,776.3400268554688,2026-08-17T11:55:45+00:00
SPY260827C00789000,2026-08-14 19:43:06+00:00,789.0,1.33,0.0,0.0,0.0,0.0,,7.0,0.015634843750000002,False,REGULAR,USD,C,2026-08-27,10,776.3400268554688,2026-08-17T11:55:45+00:00
SPY260827C00790000,2026-08-14 19:43:07+00:00,790.0,1.14,0.0,0.0,0.0,0.0,,36.0,0.0312596875,False,REGULAR,USD,C,2026-08-27,10,776.3400268554688,2026-08-17T11:55:45+00:00
SPY260827C00791000,2026-08-14 19:59:56+00:00,791.0,1.0,0.0,0.0,0.0,0.0,,3.0,0.0312596875,False,REGULAR,USD,C,2026-08-27,10,776.3400268554688,2026-08-17T11:55:45+00:00
SPY260827C00792000,2026-08-14 19:28:18+00:00,792.0,0.85,0.0,0.0,0.0,0.0,,33.0,0.0312596875,False,REGULAR,USD,C,2026-08-27,10,776.3400268554688,2026-08-17T11:55:45+00:00
SPY260827C00793000,2026-08-14 19:48:07+00:00,793.0,0.68,0.0,0.0,0.0,0.0,,5.0,0.0312596875,False,REGULAR,USD,C,2026-08-27,10,776.3400268554688,2026-08-17T11:55:45+00:00
SPY260827C00794000,2026-08-14 19:43:05+00:00,794.0,0.59,0.0,0.0,0.0,0.0,,1.0,0.0312596875,False,REGULAR,USD,C,2026-08-27,10,776.3400268554688,2026-08-17T11:55:45+00:00
SPY260827C00795000,2026-08-14 20:00:20+00:00,795.0,0.5,0.0,0.0,0.0,0.0,,34.0,0.0312596875,False,REGULAR,USD,C,2026-08-27,10,776.3400268554688,2026-08-17T11:55:45+00:00
SPY260827C00796000,2026-08-14 18:23:06+00:00,796.0,0.45,0.0,0.0,0.0,0.0,,4.0,0.0312596875,False,REGULAR,USD,C,2026-08-27,10,776.3400268554688,2026-08-17T11:55:45+00:00
SPY260827C00797000,2026-08-14 15:58:57+00:00,797.0,0.43,0.0,0.0,0.0,0.0,,15.0,0.0312596875,False,REGULAR,USD,C,2026-08-27,10,776.3400268554688,2026-08-17T11:55:45+00:00
SPY260827C00798000,2026-08-14 19:33:08+00:00,798.0,0.3,0.0,0.0,0.0,0.0,,3.0,0.0312596875,False,REGULAR,USD,C,2026-08-27,10,776.3400268554688,2026-08-17T11:55:45+00:00
SPY260827C00799000,2026-08-14 17:46:18+00:00,799.0,0.26,0.0,0.0,0.0,0.0,,10.0,0.0312596875,False,REGULAR,USD,C,2026-08-27,10,776.3400268554688,2026-08-17T11:55:45+00:00
SPY260827C00800000,2026-08-14 19:52:06+00:00,800.0,0.21,0.0,0.0,0.0,0.0,,150.0,0.0312596875,False,REGULAR,USD,C,2026-08-27,10,776.3400268554688,2026-08-17T11:55:45+00:00
SPY260827C00801000,2026-08-14 18:57:21+00:00,801.0,0.19,0.0,0.0,0.0,0.0,,2.0,0.0312596875,False,REGULAR,USD,C,2026-08-27,10,776.3400268554688,2026-08-17T11:55:45+00:00
SPY260827C00802000,2026-08-14 17:52:59+00:00,802.0,0.18,0.0,0.0,0.0,0.0,,31.0,0.0312596875,False,REGULAR,USD,C,2026-08-27,10,776.3400268554688,2026-08-17T11:55:45+00:00
SPY260827C00804000,2026-08-14 19:52:10+00:00,804.0,0.13,0.0,0.0,0.0,0.0,,16.0,0.0312596875,False,REGULAR,USD,C,2026-08-27,10,776.3400268554688,2026-08-17T11:55:45+00:00
SPY260827C00805000,2026-08-14 17:48:15+00:00,805.0,0.13,0.0,0.0,0.0,0.0,,16.0,0.062509375,False,REGULAR,USD,C,2026-08-27,10,776.3400268554688,2026-08-17T11:55:45+00:00
SPY260827C00806000,2026-08-14 14:49:21+00:00,806.0,0.16,0.0,0.0,0.0,0.0,,6.0,0.062509375,False,REGULAR,USD,C,2026-08-27,10,776.3400268554688,2026-08-17T11:55:45+00:00
SPY260827C00808000,2026-08-14 14:47:02+00:00,808.0,0.14,0.0,0.0,0.0,0.0,,6.0,0.062509375,False,REGULAR,USD,C,2026-08-27,10,776.3400268554688,2026-08-17T11:55:45+00:00
SPY260827C00810000,2026-08-14 14:58:06+00:00,810.0,0.11,0.0,0.0,0.0,0.0,,25.0,0.062509375,False,REGULAR,USD,C,2026-08-27,10,776.3400268554688,2026-08-17T11:55:45+00:00
SPY260827C00815000,2026-08-14 17:29:44+00:00,815.0,0.06,0.0,0.0,0.0,0.0,,85.0,0.062509375,False,REGULAR,USD,C,2026-08-27,10,776.3400268554688,2026-08-17T11:55:45+00:00
SPY260827C00820000,2026-08-13 17:52:03+00:00,820.0,0.1,0.0,0.0,0.0,0.0,,51.0,0.062509375,False,REGULAR,USD,C,2026-08-27,10,776.3400268554688,2026-08-17T11:55:45+00:00
SPY260827C00825000,2026-08-13 17:52:03+00:00,825.0,0.08,0.0,0.0,0.0,0.0,,51.0,0.062509375,False,REGULAR,USD,C,2026-08-27,10,776.3400268554688,2026-08-17T11:55:45+00:00
SPY260827C00830000,2026-08-13 15:01:58+00:00,830.0,0.07,0.0,0.0,0.0,0.0,,183.0,0.062509375,False,REGULAR,USD,C,2026-08-27,10,776.3400268554688,2026-08-17T11:55:45+00:00
SPY260827C00835000,2026-08-14 14:50:08+00:00,835.0,0.04,0.0,0.0,0.0,0.0,,25.0,0.062509375,False,REGULAR,USD,C,2026-08-27,10,776.3400268554688,2026-08-17T11:55:45+00:00
SPY260827C00840000,2026-08-14 13:53:38+00:00,840.0,0.04,0.0,0.0,0.0,0.0,,1.0,0.12500875,False,REGULAR,USD,C,2026-08-27,10,776.3400268554688,2026-08-17T11:55:45+00:00
SPY260827C00845000,2026-08-14 15:54:01+00:00,845.0,0.04,0.0,0.0,0.0,0.0,,12.0,0.12500875,False,REGULAR,USD,C,2026-08-27,10,776.3400268554688,2026-08-17T11:55:45+00:00
SPY260827C00900000,2026-08-14 13:33:23+00:00,900.0,0.01,,0.0,0.0,0.0,,5.0,0.12500875,False,REGULAR,USD,C,2026-08-27,10,776.3400268554688,2026-08-17T11:55:45+00:00
SPY260827C00905000,2026-08-14 19:37:50+00:00,905.0,0.01,,0.0,0.0,0.0,,2006.0,0.12500875,False,REGULAR,USD,C,2026-08-27,10,776.3400268554688,2026-08-17T11:55:45+00:00
SPY260827C00910000,2026-08-14 17:24:33+00:00,910.0,0.01,,0.0,0.0,0.0,,214.0,0.12500875,False,REGULAR,USD,C,2026-08-27,10,776.3400268554688,2026-08-17T11:55:45+00:00
SPY260827C00915000,2026-08-14 14:27:25+00:00,915.0,0.01,,0.0,0.0,0.0,,10.0,0.2500075,False,REGULAR,USD,C,2026-08-27,10,776.3400268554688,2026-08-17T11:55:45+00:00
SPY260827C00920000,2026-08-14 14:42:08+00:00,920.0,0.01,,0.0,0.0,0.0,,589.0,0.2500075,False,REGULAR,USD,C,2026-08-27,10,776.3400268554688,2026-08-17T11:55:45+00:00
SPY260827C00925000,2026-08-14 15:01:09+00:00,925.0,0.01,,0.0,0.0,0.0,,1865.0,0.2500075,False,REGULAR,USD,C,2026-08-27,10,776.3400268554688,2026-08-17T11:55:45+00:00
SPY260827P00570000,2026-08-14 13:40:42+00:00,570.0,0.02,0.0,0.0,0.0,0.0,,5.0,0.2500075,False,REGULAR,USD,P,2026-08-27,10,776.3400268554688,2026-08-17T11:55:45+00:00
SPY260827P00700000,2026-08-14 16:00:03+00:00,700.0,0.13,0.0,0.0,0.0,0.0,,17.0,0.12500875,False,REGULAR,USD,P,2026-08-27,10,776.3400268554688,2026-08-17T11:55:45+00:00
SPY260827P00701000,2026-08-14 14:12:21+00:00,701.0,0.13,0.0,0.0,0.0,0.0,,3.0,0.12500875,False,REGULAR,USD,P,2026-08-27,10,776.3400268554688,2026-08-17T11:55:45+00:00
SPY260827P00702000,2026-08-14 19:47:24+00:00,702.0,0.12,0.0,0.0,0.0,0.0,,7.0,0.12500875,False,REGULAR,USD,P,2026-08-27,10,776.3400268554688,2026-08-17T11:55:45+00:00
SPY260827P00705000,2026-08-13 13:57:40+00:00,705.0,0.17,0.0,0.0,0.0,0.0,,1.0,0.12500875,False,REGULAR,USD,P,2026-08-27,10,776.3400268554688,2026-08-17T11:55:45+00:00
SPY260827P00706000,2026-08-14 18:54:51+00:00,706.0,0.15,0.0,0.0,0.0,0.0,,6.0,0.12500875,False,REGULAR,USD,P,2026-08-27,10,776.3400268554688,2026-08-17T11:55:45+00:00
SPY260827P00707000,2026-08-14 19:47:04+00:00,707.0,0.14,0.0,0.0,0.0,0.0,,74.0,0.12500875,False,REGULAR,USD,P,2026-08-27,10,776.3400268554688,2026-08-17T11:55:45+00:00
SPY260827P00709000,2026-08-14 19:14:30+00:00,709.0,0.16,0.0,0.0,0.0,0.0,,8.0,0.12500875,False,REGULAR,USD,P,2026-08-27,10,776.3400268554688,2026-08-17T11:55:45+00:00
SPY260827P00710000,2026-08-14 17:57:19+00:00,710.0,0.16,0.0,0.0,0.0,0.0,,35.0,0.12500875,False,REGULAR,USD,P,2026-08-27,10,776.3400268554688,2026-08-17T11:55:45+00:00
SPY260827P00711000,2026-08-14 19:14:30+00:00,711.0,0.17,0.0,0.0,0.0,0.0,,26.0,0.12500875,False,REGULAR,USD,P,2026-08-27,10,776.3400268554688,2026-08-17T11:55:45+00:00
SPY260827P00715000,2026-08-14 16:38:55+00:00,715.0,0.2,0.0,0.0,0.0,0.0,,33.0,0.12500875,False,REGULAR,USD,P,2026-08-27,10,776.3400268554688,2026-08-17T11:55:45+00:00
SPY260827P00720000,2026-08-14 15:30:34+00:00,720.0,0.24,0.0,0.0,0.0,0.0,,24.0,0.062509375,False,REGULAR,USD,P,2026-08-27,10,776.3400268554688,2026-08-17T11:55:45+00:00
SPY260827P00722000,2026-08-14 20:04:23+00:00,722.0,0.21,0.0,0.0,0.0,0.0,,2.0,0.062509375,False,REGULAR,USD,P,2026-08-27,10,776.3400268554688,2026-08-17T11:55:45+00:00
SPY260827P00724000,2026-08-14 16:11:28+00:00,724.0,0.28,0.0,0.0,0.0,0.0,,15.0,0.062509375,False,REGULAR,USD,P,2026-08-27,10,776.3400268554688,2026-08-17T11:55:45+00:00
SPY260827P00725000,2026-08-14 20:11:32+00:00,725.0,0.24,0.0,0.0,0.0,0.0,,147.0,0.062509375,False,REGULAR,USD,P,2026-08-27,10,776.3400268554688,2026-08-17T11:55:45+00:00
SPY260827P00728000,2026-08-14 19:59:03+00:00,728.0,0.28,0.0,0.0,0.0,0.0,,80.0,0.062509375,False,REGULAR,USD,P,2026-08-27,10,776.3400268554688,2026-08-17T11:55:45+00:00
SPY260827P00729000,2026-08-14 19:59:03+00:00,729.0,0.29,0.0,0.0,0.0,0.0,,48.0,0.062509375,False,REGULAR,USD,P,2026-08-27,10,776.3400268554688,2026-08-17T11:55:45+00:00
SPY260827P00730000,2026-08-14 18:30:08+00:00,730.0,0.32,0.0,0.0,0.0,0.0,,7.0,0.062509375,False,REGULAR,USD,P,2026-08-27,10,776.3400268554688,2026-08-17T11:55:45+00:00
SPY260827P00732000,2026-08-14 18:54:51+00:00,732.0,0.35,0.0,0.0,0.0,0.0,,64.0,0.062509375,False,REGULAR,USD,P,2026-08-27,10,776.3400268554688,2026-08-17T11:55:45+00:00
SPY260827P00734000,2026-08-14 16:11:28+00:00,734.0,0.4,0.0,0.0,0.0,0.0,,15.0,0.062509375,False,REGULAR,USD,P,2026-08-27,10,776.3400268554688,2026-08-17T11:55:45+00:00
SPY260827P00735000,2026-08-13 19:57:36+00:00,735.0,0.45,0.0,0.0,0.0,0.0,,192.0,0.062509375,False,REGULAR,USD,P,2026-08-27,10,776.3400268554688,2026-08-17T11:55:45+00:00
SPY260827P00736000,2026-08-14 19:48:31+00:00,736.0,0.35,0.0,0.0,0.0,0.0,,2.0,0.062509375,False,REGULAR,USD,P,2026-08-27,10,776.3400268554688,2026-08-17T11:55:45+00:00
SPY260827P00739000,2026-08-14 15:02:52+00:00,739.0,0.48,0.0,0.0,0.0,0.0,,25.0,0.062509375,False,REGULAR,USD,P,2026-08-27,10,776.3400268554688,2026-08-17T11:55:45+00:00
SPY260827P00740000,2026-08-14 20:00:22+00:00,740.0,0.45,0.0,0.0,0.0,0.0,,48.0,0.062509375,False,REGULAR,USD,P,2026-08-27,10,776.3400268554688,2026-08-17T11:55:45+00:00
SPY260827P00744000,2026-08-14 16:56:44+00:00,744.0,0.63,0.0,0.0,0.0,0.0,,26.0,0.062509375,False,REGULAR,USD,P,2026-08-27,10,776.3400268554688,2026-08-17T11:55:45+00:00
SPY260827P00745000,2026-08-14 19:56:23+00:00,745.0,0.6,0.0,0.0,0.0,0.0,,30.0,0.062509375,False,REGULAR,USD,P,2026-08-27,10,776.3400268554688,2026-08-17T11:55:45+00:00
SPY260827P00746000,2026-08-14 19:07:38+00:00,746.0,0.67,0.0,0.0,0.0,0.0,,10.0,0.062509375,False,REGULAR,USD,P,2026-08-27,10,776.3400268554688,2026-08-17T11:55:45+00:00
SPY260827P00747000,2026-08-14 19:56:24+00:00,747.0,0.67,0.0,0.0,0.0,0.0,,92.0,0.062509375,False,REGULAR,USD,P,2026-08-27,10,776.3400268554688,2026-08-17T11:55:45+00:00
SPY260827P00748000,2026-08-14 19:56:24+00:00,748.0,0.71,0.0,0.0,0.0,0.0,,20.0,0.062509375,False,REGULAR,USD,P,2026-08-27,10,776.3400268554688,2026-08-17T11:55:45+00:00
SPY260827P00749000,2026-08-14 19:56:24+00:00,749.0,0.75,0.0,0.0,0.0,0.0,,35.0,0.0312596875,False,REGULAR,USD,P,2026-08-27,10,776.3400268554688,2026-08-17T11:55:45+00:00
SPY260827P00750000,2026-08-14 20:02:29+00:00,750.0,0.75,0.0,0.0,0.0,0.0,,299.0,0.0312596875,False,REGULAR,USD,P,2026-08-27,10,776.3400268554688,2026-08-17T11:55:45+00:00
SPY260827P00751000,2026-08-14 15:36:18+00:00,751.0,0.91,0.0,0.0,0.0,0.0,,9.0,0.0312596875,False,REGULAR,USD,P,2026-08-27,10,776.3400268554688,2026-08-17T11:55:45+00:00
SPY260827P00752000,2026-08-14 19:56:24+00:00,752.0,0.9,0.0,0.0,0.0,0.0,,42.0,0.0312596875,False,REGULAR,USD,P,2026-08-27,10,776.3400268554688,2026-08-17T11:55:45+00:00
SPY260827P00753000,2026-08-14 17:02:33+00:00,753.0,1.08,0.0,0.0,0.0,0.0,,38.0,0.0312596875,False,REGULAR,USD,P,2026-08-27,10,776.3400268554688,2026-08-17T11:55:45+00:00
SPY260827P00754000,2026-08-14 16:56:44+00:00,754.0,1.1,0.0,0.0,0.0,0.0,,26.0,0.0312596875,False,REGULAR,USD,P,2026-08-27,10,776.3400268554688,2026-08-17T11:55:45+00:00
SPY260827P00755000,2026-08-14 19:20:19+00:00,755.0,1.12,0.0,0.0,0.0,0.0,,104.0,0.0312596875,False,REGULAR,USD,P,2026-08-27,10,776.3400268554688,2026-08-17T11:55:45+00:00
SPY260827P00756000,2026-08-14 19:19:13+00:00,756.0,1.18,0.0,0.0,0.0,0.0,,8.0,0.0312596875,False,REGULAR,USD,P,2026-08-27,10,776.3400268554688,2026-08-17T11:55:45+00:00
SPY260827P00757000,2026-08-14 17:02:41+00:00,757.0,1.41,0.0,0.0,0.0,0.0,,7.0,0.0312596875,False,REGULAR,USD,P,2026-08-27,10,776.3400268554688,2026-08-17T11:55:45+00:00
SPY260827P00758000,2026-08-14 19:20:19+00:00,758.0,1.36,0.0,0.0,0.0,0.0,,17.0,0.0312596875,False,REGULAR,USD,P,2026-08-27,10,776.3400268554688,2026-08-17T11:55:45+00:00
SPY260827P00759000,2026-08-14 17:02:26+00:00,759.0,1.59,0.0,0.0,0.0,0.0,,5.0,0.0312596875,False,REGULAR,USD,P,2026-08-27,10,776.3400268554688,2026-08-17T11:55:45+00:00
SPY260827P00760000,2026-08-14 20:00:20+00:00,760.0,1.5,0.0,0.0,0.0,0.0,,803.0,0.0312596875,False,REGULAR,USD,P,2026-08-27,10,776.3400268554688,2026-08-17T11:55:45+00:00
SPY260827P00761000,2026-08-14 15:26:34+00:00,761.0,1.79,0.0,0.0,0.0,0.0,,5.0,0.0312596875,False,REGULAR,USD,P,2026-08-27,10,776.3400268554688,2026-08-17T11:55:45+00:00
SPY260827P00762000,2026-08-14 17:31:55+00:00,762.0,1.88,0.0,0.0,0.0,0.0,,15.0,0.0312596875,False,REGULAR,USD,P,2026-08-27,10,776.3400268554688,2026-08-17T11:55:45+00:00
SPY260827P00763000,2026-08-14 19:48:45+00:00,763.0,1.87,0.0,0.0,0.0,0.0,,14.0,0.0312596875,False,REGULAR,USD,P,2026-08-27,10,776.3400268554688,2026-08-17T11:55:45+00:00
SPY260827P00764000,2026-08-14 19:51:01+00:00,764.0,1.98,0.0,0.0,0.0,0.0,,54.0,0.015634843750000002,False,REGULAR,USD,P,2026-08-27,10,776.3400268554688,2026-08-17T11:55:45+00:00
SPY260827P00765000,2026-08-14 20:02:28+00:00,765.0,2.21,0.0,0.0,0.0,0.0,,135.0,0.015634843750000002,False,REGULAR,USD,P,2026-08-27,10,776.3400268554688,2026-08-17T11:55:45+00:00
SPY260827P00766000,2026-08-14 20:05:23+00:00,766.0,2.42,0.0,0.0,0.0,0.0,,5.0,0.015634843750000002,False,REGULAR,USD,P,2026-08-27,10,776.3400268554688,2026-08-17T11:55:45+00:00
SPY260827P00768000,2026-08-14 19:48:45+00:00,768.0,2.79,0.0,0.0,0.0,0.0,,72.0,0.015634843750000002,False,REGULAR,USD,P,2026-08-27,10,776.3400268554688,2026-08-17T11:55:45+00:00
SPY260827P00769000,2026-08-14 19:45:58+00:00,769.0,3.09,0.0,0.0,0.0,0.0,,11.0,0.015634843750000002,False,REGULAR,USD,P,2026-08-27,10,776.3400268554688,2026-08-17T11:55:45+00:00
SPY260827P00770000,2026-08-14 20:10:27+00:00,770.0,3.35,0.0,0.0,0.0,0.0,,165.0,0.015634843750000002,False,REGULAR,USD,P,2026-08-27,10,776.3400268554688,2026-08-17T11:55:45+00:00
SPY260827P00771000,2026-08-14 16:53:14+00:00,771.0,3.8,0.0,0.0,0.0,0.0,,12.0,0.007822421875,False,REGULAR,USD,P,2026-08-27,10,776.3400268554688,2026-08-17T11:55:45+00:00
SPY260827P00772000,2026-08-14 19:26:07+00:00,772.0,3.9,0.0,0.0,0.0,0.0,,8.0,0.007822421875,False,REGULAR,USD,P,2026-08-27,10,776.3400268554688,2026-08-17T11:55:45+00:00
SPY260827P00773000,2026-08-14 19:57:38+00:00,773.0,4.3,0.0,0.0,0.0,0.0,,23.0,0.007822421875,False,REGULAR,USD,P,2026-08-27,10,776.3400268554688,2026-08-17T11:55:45+00:00
SPY260827P00774000,2026-08-14 19:49:57+00:00,774.0,4.48,0.0,0.0,0.0,0.0,,38.0,0.0039162109375,False,REGULAR,USD,P,2026-08-27,10,776.3400268554688,2026-08-17T11:55:45+00:00
SPY260827P00775000,2026-08-14 20:14:36+00:00,775.0,4.96,0.0,0.0,0.0,0.0,,287.0,0.0039162109375,False,REGULAR,USD,P,2026-08-27,10,776.3400268554688,2026-08-17T11:55:45+00:00
SPY260827P00776000,2026-08-14 20:13:02+00:00,776.0,5.45,0.0,0.0,0.0,0.0,,41.0,0.000986552734375,False,REGULAR,USD,P,2026-08-27,10,776.3400268554688,2026-08-17T11:55:45+00:00
SPY260827P00777000,2026-08-14 19:55:07+00:00,777.0,5.73,0.0,0.0,0.0,0.0,,299.0,1.0000000000000003e-05,True,REGULAR,USD,P,2026-08-27,10,776.3400268554688,2026-08-17T11:55:45+00:00
SPY260827P00778000,2026-08-14 19:57:47+00:00,778.0,6.31,0.0,0.0,0.0,0.0,,28.0,1.0000000000000003e-05,True,REGULAR,USD,P,2026-08-27,10,776.3400268554688,2026-08-17T11:55:45+00:00
SPY260827P00779000,2026-08-14 19:37:10+00:00,779.0,6.76,0.0,0.0,0.0,0.0,,2.0,1.0000000000000003e-05,True,REGULAR,USD,P,2026-08-27,10,776.3400268554688,2026-08-17T11:55:45+00:00
SPY260827P00780000,2026-08-14 19:58:54+00:00,780.0,7.31,0.0,0.0,0.0,0.0,,177.0,1.0000000000000003e-05,True,REGULAR,USD,P,2026-08-27,10,776.3400268554688,2026-08-17T11:55:45+00:00
SPY260827P00782000,2026-08-14 14:24:26+00:00,782.0,7.89,0.0,0.0,0.0,0.0,,1.0,1.0000000000000003e-05,True,REGULAR,USD,P,2026-08-27,10,776.3400268554688,2026-08-17T11:55:45+00:00
SPY260827P00784000,2026-08-14 14:21:11+00:00,784.0,9.12,0.0,0.0,0.0,0.0,,1.0,1.0000000000000003e-05,True,REGULAR,USD,P,2026-08-27,10,776.3400268554688,2026-08-17T11:55:45+00:00
SPY260827P00785000,2026-08-14 19:58:29+00:00,785.0,10.55,0.0,0.0,0.0,0.0,,2.0,1.0000000000000003e-05,True,REGULAR,USD,P,2026-08-27,10,776.3400268554688,2026-08-17T11:55:45+00:00
SPY260827P00786000,2026-08-14 18:33:50+00:00,786.0,11.35,0.0,0.0,0.0,0.0,,1.0,1.0000000000000003e-05,True,REGULAR,USD,P,2026-08-27,10,776.3400268554688,2026-08-17T11:55:45+00:00
SPY260827P00790000,2026-08-13 15:14:46+00:00,790.0,13.94,0.0,0.0,0.0,0.0,,3.0,1.0000000000000003e-05,True,REGULAR,USD,P,2026-08-27,10,776.3400268554688,2026-08-17T11:55:45+00:00
SPY260827P00793000,2026-08-14 14:50:13+00:00,793.0,16.18,0.0,0.0,0.0,0.0,,2.0,1.0000000000000003e-05,True,REGULAR,USD,P,2026-08-27,10,776.3400268554688,2026-08-17T11:55:45+00:00
SPY260831C00420000,2026-07-27 18:22:20+00:00,420.0,319.06,0.0,0.0,0.0,0.0,4.0,4.0,1.0000000000000003e-05,True,REGULAR,USD,C,2026-08-31,14,776.3400268554688,2026-08-17T11:55:45+00:00
SPY260831C00425000,2026-07-30 15:55:34+00:00,425.0,313.9,0.0,0.0,0.0,0.0,2.0,5.0,1.0000000000000003e-05,True,REGULAR,USD,C,2026-08-31,14,776.3400268554688,2026-08-17T11:55:45+00:00
SPY260831C00435000,2026-08-12 14:52:04+00:00,435.0,338.05,0.0,0.0,0.0,0.0,4.0,7.0,1.0000000000000003e-05,True,REGULAR,USD,C,2026-08-31,14,776.3400268554688,2026-08-17T11:55:45+00:00
SPY260831C00440000,2026-06-12 13:40:45+00:00,440.0,299.95,315.62,318.44,0.0,0.0,2.0,3.0,1.0000000000000003e-05,True,REGULAR,USD,C,2026-08-31,14,776.3400268554688,2026-08-17T11:55:45+00:00
SPY260831C00460000,2026-05-28 14:12:59+00:00,460.0,296.57,0.0,0.0,0.0,0.0,,0.0,1.0000000000000003e-05,True,REGULAR,USD,C,2026-08-31,14,776.3400268554688,2026-08-17T11:55:45+00:00
SPY260831C00480000,2026-07-06 16:49:40+00:00,480.0,274.19,0.0,0.0,0.0,0.0,4.0,3.0,1.0000000000000003e-05,True,REGULAR,USD,C,2026-08-31,14,776.3400268554688,2026-08-17T11:55:45+00:00
SPY260831C00485000,2026-08-05 14:03:28+00:00,485.0,293.11,0.0,0.0,0.0,0.0,1.0,11.0,1.0000000000000003e-05,True,REGULAR,USD,C,2026-08-31,14,776.3400268554688,2026-08-17T11:55:45+00:00
SPY260831C00495000,2026-06-04 13:31:54+00:00,495.0,260.2,0.0,0.0,0.0,0.0,1.0,0.0,1.0000000000000003e-05,True,REGULAR,USD,C,2026-08-31,14,776.3400268554688,2026-08-17T11:55:45+00:00
SPY260831C00500000,2026-08-04 13:50:05+00:00,500.0,264.0,0.0,0.0,0.0,0.0,1.0,4002.0,1.0000000000000003e-05,True,REGULAR,USD,C,2026-08-31,14,776.3400268554688,2026-08-17T11:55:45+00:00
SPY260831C00505000,2026-08-03 19:02:14+00:00,505.0,255.01,0.0,0.0,0.0,0.0,1.0,1.0,1.0000000000000003e-05,True,REGULAR,USD,C,2026-08-31,14,776.3400268554688,2026-08-17T11:55:45+00:00
SPY260831C00510000,2026-06-30 15:23:35+00:00,510.0,239.43,0.0,0.0,0.0,0.0,,1.0,1.0000000000000003e-05,True,REGULAR,USD,C,2026-08-31,14,776.3400268554688,2026-08-17T11:55:45+00:00
SPY260831C00515000,2026-07-14 14:34:14+00:00,515.0,241.26,0.0,0.0,0.0,0.0,1.0,5.0,1.0000000000000003e-05,True,REGULAR,USD,C,2026-08-31,14,776.3400268554688,2026-08-17T11:55:45+00:00
SPY260831C00520000,2026-05-26 15:10:45+00:00,520.0,235.8,0.0,0.0,0.0,0.0,4.0,0.0,1.0000000000000003e-05,True,REGULAR,USD,C,2026-08-31,14,776.3400268554688,2026-08-17T11:55:45+00:00
SPY260831C00525000,2026-07-13 14:23:38+00:00,525.0,230.2,0.0,0.0,0.0,0.0,3.0,3.0,1.0000000000000003e-05,True,REGULAR,USD,C,2026-08-31,14,776.3400268554688,2026-08-17T11:55:45+00:00
SPY260831C00530000,2026-04-22 18:41:11+00:00,530.0,189.1,212.12,215.49,0.0,0.0,,0.0,1.0000000000000003e-05,True,REGULAR,USD,C,2026-08-31,14,776.3400268554688,2026-08-17T11:55:45+00:00
SPY260831C00535000,2026-08-14 17:58:00+00:00,535.0,241.5,0.0,0.0,0.0,0.0,1.0,43.0,1.0000000000000003e-05,True,REGULAR,USD,C,2026-08-31,14,776.3400268554688,2026-08-17T11:55:45+00:00
SPY260831C00540000,2026-08-14 16:47:33+00:00,540.0,236.9,0.0,0.0,0.0,0.0,1.0,18.0,1.0000000000000003e-05,True,REGULAR,USD,C,2026-08-31,14,776.3400268554688,2026-08-17T11:55:45+00:00
SPY260831C00545000,2026-08-07 18:41:32+00:00,545.0,228.25,0.0,0.0,0.0,0.0,10.0,2413.0,1.0000000000000003e-05,True,REGULAR,USD,C,2026-08-31,14,776.3400268554688,2026-08-17T11:55:45+00:00
SPY260831C00550000,2026-08-10 19:02:07+00:00,550.0,224.22,0.0,0.0,0.0,0.0,1.0,1196.0,1.0000000000000003e-05,True,REGULAR,USD,C,2026-08-31,14,776.3400268554688,2026-08-17T11:55:45+00:00
SPY260831C00555000,2026-07-22 13:30:06+00:00,555.0,195.4,0.0,0.0,0.0,0.0,1.0,838.0,1.0000000000000003e-05,True,REGULAR,USD,C,2026-08-31,14,776.3400268554688,2026-08-17T11:55:45+00:00
SPY260831C00560000,2026-07-30 15:57:43+00:00,560.0,179.7,0.0,0.0,0.0,0.0,1.0,1728.0,1.0000000000000003e-05,True,REGULAR,USD,C,2026-08-31,14,776.3400268554688,2026-08-17T11:55:45+00:00
SPY260831C00565000,2026-08-10 13:42:08+00:00,565.0,209.03,0.0,0.0,0.0,0.0,1.0,1352.0,1.0000000000000003e-05,True,REGULAR,USD,C,2026-08-31,14,776.3400268554688,2026-08-17T11:55:45+00:00
SPY260831C00570000,2026-08-13 13:40:29+00:00,570.0,207.23,0.0,0.0,0.0,0.0,1.0,1292.0,1.0000000000000003e-05,True,REGULAR,USD,C,2026-08-31,14,776.3400268554688,2026-08-17T11:55:45+00:00
SPY260831C00575000,2026-08-04 17:50:53+00:00,575.0,198.99,0.0,0.0,0.0,0.0,6.0,77.0,1.0000000000000003e-05,True,REGULAR,USD,C,2026-08-31,14,776.3400268554688,2026-08-17T11:55:45+00:00
SPY260831C00580000,2026-08-05 15:49:55+00:00,580.0,193.6,0.0,0.0,0.0,0.0,1.0,375.0,1.0000000000000003e-05,True,REGULAR,USD,C,2026-08-31,14,776.3400268554688,2026-08-17T11:55:45+00:00
SPY260831C00585000,2026-07-31 15:50:31+00:00,585.0,158.17,0.0,0.0,0.0,0.0,1.0,334.0,1.0000000000000003e-05,True,REGULAR,USD,C,2026-08-31,14,776.3400268554688,2026-08-17T11:55:45+00:00
SPY260831C00590000,2026-06-09 18:21:44+00:00,590.0,150.5,166.96,169.47,0.0,0.0,2.0,1133.0,1.0000000000000003e-05,True,REGULAR,USD,C,2026-08-31,14,776.3400268554688,2026-08-17T11:55:45+00:00
SPY260831C00595000,2026-07-30 18:29:04+00:00,595.0,147.57,0.0,0.0,0.0,0.0,275.0,2245.0,1.0000000000000003e-05,True,REGULAR,USD,C,2026-08-31,14,776.3400268554688,2026-08-17T11:55:45+00:00
SPY260831C00600000,2026-08-14 15:50:23+00:00,600.0,177.08,0.0,0.0,0.0,0.0,1.0,2087.0,1.0000000000000003e-05,True,REGULAR,USD,C,2026-08-31,14,776.3400268554688,2026-08-17T11:55:45+00:00
SPY260831C00605000,2026-07-13 14:16:47+00:00,605.0,149.93,0.0,0.0,0.0,0.0,1.0,364.0,1.0000000000000003e-05,True,REGULAR,USD,C,2026-08-31,14,776.3400268554688,2026-08-17T11:55:45+00:00
SPY260831C00610000,2026-08-10 13:59:56+00:00,610.0,164.96,0.0,0.0,0.0,0.0,1.0,438.0,1.0000000000000003e-05,True,REGULAR,USD,C,2026-08-31,14,776.3400268554688,2026-08-17T11:55:45+00:00
SPY260831C00615000,2026-08-13 15:16:00+00:00,615.0,163.32,0.0,0.0,0.0,0.0,1.0,24.0,1.0000000000000003e-05,True,REGULAR,USD,C,2026-08-31,14,776.3400268554688,2026-08-17T11:55:45+00:00
SPY260831C00616000,2026-06-17 19:06:07+00:00,616.0,136.25,125.26,128.55,0.0,0.0,,1.0,1.0000000000000003e-05,True,REGULAR,USD,C,2026-08-31,14,776.3400268554688,2026-08-17T11:55:45+00:00
SPY260831C00618000,2026-07-30 15:58:20+00:00,618.0,122.37,0.0,0.0,0.0,0.0,4.0,8.0,1.0000000000000003e-05,True,REGULAR,USD,C,2026-08-31,14,776.3400268554688,2026-08-17T11:55:45+00:00
SPY260831C00619000,2026-04-14 13:31:48+00:00,619.0,86.44,127.47,130.94,0.0,0.0,1.0,1.0,1.0000000000000003e-05,True,REGULAR,USD,C,2026-08-31,14,776.3400268554688,2026-08-17T11:55:45+00:00
SPY260831C00620000,2026-08-10 16:32:00+00:00,620.0,154.29,0.0,0.0,0.0,0.0,1.0,7.0,1.0000000000000003e-05,True,REGULAR,USD,C,2026-08-31,14,776.3400268554688,2026-08-17T11:55:45+00:00
SPY260831C00621000,2026-07-13 17:16:49+00:00,621.0,132.72,0.0,0.0,0.0,0.0,1.0,0.0,1.0000000000000003e-05,True,REGULAR,USD,C,2026-08-31,14,776.3400268554688,2026-08-17T11:55:45+00:00
SPY260831C00622000,2026-04-08 15:52:34+00:00,622.0,75.2,124.68,128.15,0.0,0.0,1.0,2.0,1.0000000000000003e-05,True,REGULAR,USD,C,2026-08-31,14,776.3400268554688,2026-08-17T11:55:45+00:00
SPY260831C00623000,2026-06-12 14:52:54+00:00,623.0,124.67,134.36,137.16,0.0,0.0,,0.0,1.0000000000000003e-05,True,REGULAR,USD,C,2026-08-31,14,776.3400268554688,2026-08-17T11:55:45+00:00
SPY260831C00624000,2026-08-03 14:40:37+00:00,624.0,133.2,0.0,0.0,0.0,0.0,1.0,1.0,1.0000000000000003e-05,True,REGULAR,USD,C,2026-08-31,14,776.3400268554688,2026-08-17T11:55:45+00:00
SPY260831C00625000,2026-08-14 15:23:20+00:00,625.0,152.23,0.0,0.0,0.0,0.0,3.0,26.0,1.0000000000000003e-05,True,REGULAR,USD,C,2026-08-31,14,776.3400268554688,2026-08-17T11:55:45+00:00
SPY260831C00626000,2026-07-10 15:31:15+00:00,626.0,131.6,0.0,0.0,0.0,0.0,8.0,19.0,1.0000000000000003e-05,True,REGULAR,USD,C,2026-08-31,14,776.3400268554688,2026-08-17T11:55:45+00:00
SPY260831C00627000,2026-08-12 15:18:56+00:00,627.0,146.28,0.0,0.0,0.0,0.0,4.0,5.0,1.0000000000000003e-05,True,REGULAR,USD,C,2026-08-31,14,776.3400268554688,2026-08-17T11:55:45+00:00
SPY260831C00628000,2026-04-23 14:41:32+00:00,628.0,98.91,117.35,120.86,0.0,0.0,2.0,2.0,1.0000000000000003e-05,True,REGULAR,USD,C,2026-08-31,14,776.3400268554688,2026-08-17T11:55:45+00:00
SPY260831C00629000,2026-07-23 14:29:07+00:00,629.0,114.4,0.0,0.0,0.0,0.0,1.0,6.0,1.0000000000000003e-05,True,REGULAR,USD,C,2026-08-31,14,776.3400268554688,2026-08-17T11:55:45+00:00
SPY260831C00630000,2026-08-13 13:54:13+00:00,630.0,148.06,0.0,0.0,0.0,0.0,1.0,5.0,1.0000000000000003e-05,True,REGULAR,USD,C,2026-08-31,14,776.3400268554688,2026-08-17T11:55:45+00:00
SPY260831C00632000,2026-08-04 14:19:36+00:00,632.0,134.97,0.0,0.0,0.0,0.0,1.0,7.0,1.0000000000000003e-05,True,REGULAR,USD,C,2026-08-31,14,776.3400268554688,2026-08-17T11:55:45+00:00
SPY260831C00633000,2026-05-05 15:04:54+00:00,633.0,103.99,112.65,116.16,0.0,0.0,1.0,11.0,1.0000000000000003e-05,True,REGULAR,USD,C,2026-08-31,14,776.3400268554688,2026-08-17T11:55:45+00:00
SPY260831C00634000,2026-07-31 19:35:20+00:00,634.0,115.82,0.0,0.0,0.0,0.0,4.0,130.0,1.0000000000000003e-05,True,REGULAR,USD,C,2026-08-31,14,776.3400268554688,2026-08-17T11:55:45+00:00
SPY260831C00635000,2026-08-11 18:29:56+00:00,635.0,135.69,0.0,0.0,0.0,0.0,2.0,26.0,1.0000000000000003e-05,True,REGULAR,USD,C,2026-08-31,14,776.3400268554688,2026-08-17T11:55:45+00:00
SPY260831C00636000,2026-07-30 15:55:52+00:00,636.0,104.72,0.0,0.0,0.0,0.0,4.0,7.0,1.0000000000000003e-05,True,REGULAR,USD,C,2026-08-31,14,776.3400268554688,2026-08-17T11:55:45+00:00
SPY260831C00637000,2026-06-18 18:57:19+00:00,637.0,117.72,104.74,107.98,0.0,0.0,4.0,5.0,1.0000000000000003e-05,True,REGULAR,USD,C,2026-08-31,14,776.3400268554688,2026-08-17T11:55:45+00:00
SPY260831C00638000,2026-07-31 19:35:56+00:00,638.0,111.88,0.0,0.0,0.0,0.0,4.0,16.0,1.0000000000000003e-05,True,REGULAR,USD,C,2026-08-31,14,776.3400268554688,2026-08-17T11:55:45+00:00
SPY260831C00639000,2026-07-30 16:45:01+00:00,639.0,102.29,0.0,0.0,0.0,0.0,4.0,32.0,1.0000000000000003e-05,True,REGULAR,USD,C,2026-08-31,14,776.3400268554688,2026-08-17T11:55:45+00:00
SPY260831C00640000,2026-08-14 15:50:23+00:00,640.0,137.15,0.0,0.0,0.0,0.0,1.0,2631.0,1.0000000000000003e-05,True,REGULAR,USD,C,2026-08-31,14,776.3400268554688,2026-08-17T11:55:45+00:00
SPY260831C00641000,2026-06-18 18:58:28+00:00,641.0,114.03,101.08,104.04,0.0,0.0,115.0,1771.0,1.0000000000000003e-05,True,REGULAR,USD,C,2026-08-31,14,776.3400268554688,2026-08-17T11:55:45+00:00
SPY260831C00642000,2026-07-30 18:35:18+00:00,642.0,101.54,0.0,0.0,0.0,0.0,50.0,1668.0,1.0000000000000003e-05,True,REGULAR,USD,C,2026-08-31,14,776.3400268554688,2026-08-17T11:55:45+00:00
SPY260831C00643000,2026-06-18 19:02:38+00:00,643.0,111.85,99.14,101.91,0.0,0.0,119.0,1634.0,1.0000000000000003e-05,True,REGULAR,USD,C,2026-08-31,14,776.3400268554688,2026-08-17T11:55:45+00:00
SPY260831C00644000,2026-06-18 19:04:02+00:00,644.0,110.72,98.17,101.08,0.0,0.0,112.0,1343.0,1.0000000000000003e-05,True,REGULAR,USD,C,2026-08-31,14,776.3400268554688,2026-08-17T11:55:45+00:00
SPY260831C00645000,2026-08-12 17:05:31+00:00,645.0,129.29,0.0,0.0,0.0,0.0,1.0,1076.0,1.0000000000000003e-05,True,REGULAR,USD,C,2026-08-31,14,776.3400268554688,2026-08-17T11:55:45+00:00
SPY260831C00646000,2026-07-13 14:16:50+00:00,646.0,109.65,0.0,0.0,0.0,0.0,1.0,751.0,1.0000000000000003e-05,True,REGULAR,USD,C,2026-08-31,14,776.3400268554688,2026-08-17T11:55:45+00:00
SPY260831C00647000,2026-07-30 16:45:12+00:00,647.0,94.64,0.0,0.0,0.0,0.0,4.0,17.0,1.0000000000000003e-05,True,REGULAR,USD,C,2026-08-31,14,776.3400268554688,2026-08-17T11:55:45+00:00
SPY260831C00648000,2026-07-24 16:48:13+00:00,648.0,97.86,0.0,0.0,0.0,0.0,1.0,1062.0,1.0000000000000003e-05,True,REGULAR,USD,C,2026-08-31,14,776.3400268554688,2026-08-17T11:55:45+00:00
SPY260831C00649000,2026-08-14 15:26:36+00:00,649.0,128.59,0.0,0.0,0.0,0.0,3.0,949.0,1.0000000000000003e-05,True,REGULAR,USD,C,2026-08-31,14,776.3400268554688,2026-08-17T11:55:45+00:00
SPY260831C00650000,2026-08-13 18:02:58+00:00,650.0,128.05,0.0,0.0,0.0,0.0,31.0,1078.0,1.0000000000000003e-05,True,REGULAR,USD,C,2026-08-31,14,776.3400268554688,2026-08-17T11:55:45+00:00
SPY260831C00651000,2026-08-13 14:36:38+00:00,651.0,129.34,0.0,0.0,0.0,0.0,4.0,320.0,1.0000000000000003e-05,True,REGULAR,USD,C,2026-08-31,14,776.3400268554688,2026-08-17T11:55:45+00:00
SPY260831C00652000,2026-08-10 18:51:58+00:00,652.0,122.48,0.0,0.0,0.0,0.0,4.0,350.0,1.0000000000000003e-05,True,REGULAR,USD,C,2026-08-31,14,776.3400268554688,2026-08-17T11:55:45+00:00
SPY260831C00653000,2026-07-23 20:07:29+00:00,653.0,90.92,0.0,0.0,0.0,0.0,1.0,356.0,1.0000000000000003e-05,True,REGULAR,USD,C,2026-08-31,14,776.3400268554688,2026-08-17T11:55:45+00:00
SPY260831C00654000,2026-08-13 19:51:40+00:00,654.0,126.12,0.0,0.0,0.0,0.0,1.0,165.0,1.0000000000000003e-05,True,REGULAR,USD,C,2026-08-31,14,776.3400268554688,2026-08-17T11:55:45+00:00
SPY260831C00655000,2026-07-31 14:28:43+00:00,655.0,87.92,0.0,0.0,0.0,0.0,1.0,323.0,1.0000000000000003e-05,True,REGULAR,USD,C,2026-08-31,14,776.3400268554688,2026-08-17T11:55:45+00:00
SPY260831C00656000,2026-08-10 13:49:31+00:00,656.0,118.51,0.0,0.0,0.0,0.0,1.0,12.0,1.0000000000000003e-05,True,REGULAR,USD,C,2026-08-31,14,776.3400268554688,2026-08-17T11:55:45+00:00
SPY260831C00657000,2026-07-30 15:34:17+00:00,657.0,82.07,0.0,0.0,0.0,0.0,2.0,97.0,1.0000000000000003e-05,True,REGULAR,USD,C,2026-08-31,14,776.3400268554688,2026-08-17T11:55:45+00:00
SPY260831C00658000,2026-07-27 19:34:52+00:00,658.0,85.94,0.0,0.0,0.0,0.0,1.0,43.0,1.0000000000000003e-05,True,REGULAR,USD,C,2026-08-31,14,776.3400268554688,2026-08-17T11:55:45+00:00
SPY260831C00659000,2026-08-10 19:22:45+00:00,659.0,115.83,0.0,0.0,0.0,0.0,16.0,20.0,1.0000000000000003e-05,True,REGULAR,USD,C,2026-08-31,14,776.3400268554688,2026-08-17T11:55:45+00:00
SPY260831C00660000,2026-08-05 17:11:41+00:00,660.0,113.97,0.0,0.0,0.0,0.0,1.0,1036.0,1.0000000000000003e-05,True,REGULAR,USD,C,2026-08-31,14,776.3400268554688,2026-08-17T11:55:45+00:00
SPY260831C00661000,2026-06-12 14:36:45+00:00,661.0,89.64,97.21,100.01,0.0,0.0,1.0,59.0,1.0000000000000003e-05,True,REGULAR,USD,C,2026-08-31,14,776.3400268554688,2026-08-17T11:55:45+00:00
SPY260831C00662000,2026-08-12 15:00:25+00:00,662.0,111.53,0.0,0.0,0.0,0.0,3.0,8.0,1.0000000000000003e-05,True,REGULAR,USD,C,2026-08-31,14,776.3400268554688,2026-08-17T11:55:45+00:00
SPY260831C00663000,2026-07-31 14:26:01+00:00,663.0,80.11,0.0,0.0,0.0,0.0,3.0,26.0,1.0000000000000003e-05,True,REGULAR,USD,C,2026-08-31,14,776.3400268554688,2026-08-17T11:55:45+00:00
SPY260831C00664000,2026-08-03 19:21:52+00:00,664.0,97.13,0.0,0.0,0.0,0.0,1.0,59.0,1.0000000000000003e-05,True,REGULAR,USD,C,2026-08-31,14,776.3400268554688,2026-08-17T11:55:45+00:00
SPY260831C00665000,2026-08-13 14:14:43+00:00,665.0,114.38,0.0,0.0,0.0,0.0,1.0,110.0,1.0000000000000003e-05,True,REGULAR,USD,C,2026-08-31,14,776.3400268554688,2026-08-17T11:55:45+00:00
SPY260831C00666000,2026-06-05 18:30:15+00:00,666.0,85.96,0.0,0.0,0.0,0.0,6.0,0.0,1.0000000000000003e-05,True,REGULAR,USD,C,2026-08-31,14,776.3400268554688,2026-08-17T11:55:45+00:00
SPY260831C00667000,2026-07-29 16:23:06+00:00,667.0,71.21,0.0,0.0,0.0,0.0,4.0,16.0,1.0000000000000003e-05,True,REGULAR,USD,C,2026-08-31,14,776.3400268554688,2026-08-17T11:55:45+00:00
SPY260831C00668000,2026-07-29 16:23:06+00:00,668.0,70.27,0.0,0.0,0.0,0.0,4.0,216.0,1.0000000000000003e-05,True,REGULAR,USD,C,2026-08-31,14,776.3400268554688,2026-08-17T11:55:45+00:00
SPY260831C00669000,2026-08-12 19:52:44+00:00,669.0,105.0,0.0,0.0,0.0,0.0,8.0,117.0,1.0000000000000003e-05,True,REGULAR,USD,C,2026-08-31,14,776.3400268554688,2026-08-17T11:55:45+00:00
SPY260831C00670000,2026-08-12 17:44:57+00:00,670.0,104.28,0.0,0.0,0.0,0.0,60.0,930.0,1.0000000000000003e-05,True,REGULAR,USD,C,2026-08-31,14,776.3400268554688,2026-08-17T11:55:45+00:00
SPY260831C00671000,2026-07-29 15:33:24+00:00,671.0,68.97,0.0,0.0,0.0,0.0,1.0,66.0,1.0000000000000003e-05,True,REGULAR,USD,C,2026-08-31,14,776.3400268554688,2026-08-17T11:55:45+00:00
SPY260831C00672000,2026-05-06 13:46:08+00:00,672.0,74.35,76.84,80.35,0.0,0.0,3.0,24.0,1.0000000000000003e-05,True,REGULAR,USD,C,2026-08-31,14,776.3400268554688,2026-08-17T11:55:45+00:00
SPY260831C00673000,2026-08-10 17:25:02+00:00,673.0,101.67,0.0,0.0,0.0,0.0,1.0,19.0,1.0000000000000003e-05,True,REGULAR,USD,C,2026-08-31,14,776.3400268554688,2026-08-17T11:55:45+00:00
SPY260831C00674000,2026-08-04 16:33:22+00:00,674.0,97.72,0.0,0.0,0.0,0.0,16.0,41.0,1.0000000000000003e-05,True,REGULAR,USD,C,2026-08-31,14,776.3400268554688,2026-08-17T11:55:45+00:00
SPY260831C00675000,2026-08-14 18:58:01+00:00,675.0,102.31,0.0,0.0,0.0,0.0,3.0,217.0,1.0000000000000003e-05,True,REGULAR,USD,C,2026-08-31,14,776.3400268554688,2026-08-17T11:55:45+00:00
SPY260831C00676000,2026-06-11 17:53:18+00:00,676.0,70.98,82.75,85.55,0.0,0.0,1.0,93.0,1.0000000000000003e-05,True,REGULAR,USD,C,2026-08-31,14,776.3400268554688,2026-08-17T11:55:45+00:00
SPY260831C00677000,2026-07-31 17:46:51+00:00,677.0,72.58,0.0,0.0,0.0,0.0,1.0,413.0,1.0000000000000003e-05,True,REGULAR,USD,C,2026-08-31,14,776.3400268554688,2026-08-17T11:55:45+00:00
SPY260831C00678000,2026-07-20 15:54:56+00:00,678.0,74.09,0.0,0.0,0.0,0.0,1.0,255.0,1.0000000000000003e-05,True,REGULAR,USD,C,2026-08-31,14,776.3400268554688,2026-08-17T11:55:45+00:00
SPY260831C00679000,2026-07-24 18:26:21+00:00,679.0,66.72,0.0,0.0,0.0,0.0,1.0,334.0,1.0000000000000003e-05,True,REGULAR,USD,C,2026-08-31,14,776.3400268554688,2026-08-17T11:55:45+00:00
SPY260831C00680000,2026-08-13 17:24:33+00:00,680.0,98.57,0.0,0.0,0.0,0.0,1.0,866.0,1.0000000000000003e-05,True,REGULAR,USD,C,2026-08-31,14,776.3400268554688,2026-08-17T11:55:45+00:00
SPY260831C00681000,2026-08-10 18:02:02+00:00,681.0,93.43,0.0,0.0,0.0,0.0,1.0,236.0,1.0000000000000003e-05,True,REGULAR,USD,C,2026-08-31,14,776.3400268554688,2026-08-17T11:55:45+00:00
SPY260831C00682000,2026-06-12 14:59:13+00:00,682.0,70.99,77.07,79.61,0.0,0.0,6.0,109.0,1.0000000000000003e-05,True,REGULAR,USD,C,2026-08-31,14,776.3400268554688,2026-08-17T11:55:45+00:00
SPY260831C00683000,2026-08-11 18:49:18+00:00,683.0,88.71,0.0,0.0,0.0,0.0,6.0,407.0,1.0000000000000003e-05,True,REGULAR,USD,C,2026-08-31,14,776.3400268554688,2026-08-17T11:55:45+00:00
SPY260831C00684000,2026-07-29 20:10:58+00:00,684.0,48.97,0.0,0.0,0.0,0.0,1.0,22.0,1.0000000000000003e-05,True,REGULAR,USD,C,2026-08-31,14,776.3400268554688,2026-08-17T11:55:45+00:00
SPY260831C00685000,2026-08-13 15:31:23+00:00,685.0,93.04,0.0,0.0,0.0,0.0,30.0,571.0,1.0000000000000003e-05,True,REGULAR,USD,C,2026-08-31,14,776.3400268554688,2026-08-17T11:55:45+00:00
SPY260831C00686000,2026-08-04 18:43:54+00:00,686.0,88.38,0.0,0.0,0.0,0.0,15.0,100.0,1.0000000000000003e-05,True,REGULAR,USD,C,2026-08-31,14,776.3400268554688,2026-08-17T11:55:45+00:00
SPY260831C00687000,2026-08-05 15:14:36+00:00,687.0,89.43,0.0,0.0,0.0,0.0,1.0,44.0,1.0000000000000003e-05,True,REGULAR,USD,C,2026-08-31,14,776.3400268554688,2026-08-17T11:55:45+00:00
SPY260831C00688000,2026-08-04 19:55:25+00:00,688.0,86.36,0.0,0.0,0.0,0.0,1.0,36.0,1.0000000000000003e-05,True,REGULAR,USD,C,2026-08-31,14,776.3400268554688,2026-08-17T11:55:45+00:00
SPY260831C00689000,2026-08-07 14:29:41+00:00,689.0,85.94,0.0,0.0,0.0,0.0,3.0,38.0,1.0000000000000003e-05,True,REGULAR,USD,C,2026-08-31,14,776.3400268554688,2026-08-17T11:55:45+00:00
SPY260831C00690000,2026-08-14 15:06:46+00:00,690.0,87.99,0.0,0.0,0.0,0.0,1.0,1628.0,1.0000000000000003e-05,True,REGULAR,USD,C,2026-08-31,14,776.3400268554688,2026-08-17T11:55:45+00:00
SPY260831C00691000,2026-08-14 15:41:11+00:00,691.0,86.32,0.0,0.0,0.0,0.0,1.0,38.0,1.0000000000000003e-05,True,REGULAR,USD,C,2026-08-31,14,776.3400268554688,2026-08-17T11:55:45+00:00
SPY260831C00692000,2026-08-13 15:31:23+00:00,692.0,85.55,0.0,0.0,0.0,0.0,30.0,100.0,1.0000000000000003e-05,True,REGULAR,USD,C,2026-08-31,14,776.3400268554688,2026-08-17T11:55:45+00:00
SPY260831C00693000,2026-08-04 13:30:15+00:00,693.0,70.61,0.0,0.0,0.0,0.0,3.0,132.0,1.0000000000000003e-05,True,REGULAR,USD,C,2026-08-31,14,776.3400268554688,2026-08-17T11:55:45+00:00
SPY260831C00694000,2026-08-10 13:56:00+00:00,694.0,80.91,0.0,0.0,0.0,0.0,4.0,101.0,1.0000000000000003e-05,True,REGULAR,USD,C,2026-08-31,14,776.3400268554688,2026-08-17T11:55:45+00:00
SPY260831C00695000,2026-08-10 17:29:26+00:00,695.0,79.82,0.0,0.0,0.0,0.0,1.0,315.0,1.0000000000000003e-05,True,REGULAR,USD,C,2026-08-31,14,776.3400268554688,2026-08-17T11:55:45+00:00
SPY260831C00696000,2026-07-29 16:17:41+00:00,696.0,43.89,0.0,0.0,0.0,0.0,1.0,87.0,1.0000000000000003e-05,True,REGULAR,USD,C,2026-08-31,14,776.3400268554688,2026-08-17T11:55:45+00:00
SPY260831C00697000,2026-08-04 18:26:56+00:00,697.0,77.85,0.0,0.0,0.0,0.0,45.0,71.0,1.0000000000000003e-05,True,REGULAR,USD,C,2026-08-31,14,776.3400268554688,2026-08-17T11:55:45+00:00
SPY260831C00698000,2026-08-04 17:12:07+00:00,698.0,75.89,0.0,0.0,0.0,0.0,42.0,74.0,1.0000000000000003e-05,True,REGULAR,USD,C,2026-08-31,14,776.3400268554688,2026-08-17T11:55:45+00:00
SPY260831C00699000,2026-08-13 19:11:38+00:00,699.0,80.0,0.0,0.0,0.0,0.0,1.0,99.0,1.0000000000000003e-05,True,REGULAR,USD,C,2026-08-31,14,776.3400268554688,2026-08-17T11:55:45+00:00
SPY260831C00700000,2026-08-14 17:37:15+00:00,700.0,76.83,0.0,0.0,0.0,0.0,102.0,3601.0,1.0000000000000003e-05,True,REGULAR,USD,C,2026-08-31,14,776.3400268554688,2026-08-17T11:55:45+00:00
SPY260831C00701000,2026-07-27 16:43:55+00:00,701.0,45.38,0.0,0.0,0.0,0.0,13.0,211.0,1.0000000000000003e-05,True,REGULAR,USD,C,2026-08-31,14,776.3400268554688,2026-08-17T11:55:45+00:00
SPY260831C00702000,2026-08-10 18:15:02+00:00,702.0,72.71,0.0,0.0,0.0,0.0,1.0,116.0,1.0000000000000003e-05,True,REGULAR,USD,C,2026-08-31,14,776.3400268554688,2026-08-17T11:55:45+00:00
SPY260831C00703000,2026-08-10 14:10:30+00:00,703.0,73.04,0.0,0.0,0.0,0.0,9.0,179.0,1.0000000000000003e-05,True,REGULAR,USD,C,2026-08-31,14,776.3400268554688,2026-08-17T11:55:45+00:00
SPY260831C00704000,2026-08-04 15:10:35+00:00,704.0,66.09,0.0,0.0,0.0,0.0,1.0,54.0,1.0000000000000003e-05,True,REGULAR,USD,C,2026-08-31,14,776.3400268554688,2026-08-17T11:55:45+00:00
SPY260831C00705000,2026-08-14 19:15:00+00:00,705.0,72.44,0.0,0.0,0.0,0.0,2.0,720.0,1.0000000000000003e-05,True,REGULAR,USD,C,2026-08-31,14,776.3400268554688,2026-08-17T11:55:45+00:00
SPY260831C00706000,2026-08-04 16:57:44+00:00,706.0,67.13,0.0,0.0,0.0,0.0,45.0,132.0,1.0000000000000003e-05,True,REGULAR,USD,C,2026-08-31,14,776.3400268554688,2026-08-17T11:55:45+00:00
SPY260831C00707000,2026-08-05 14:06:15+00:00,707.0,71.7,0.0,0.0,0.0,0.0,100.0,167.0,1.0000000000000003e-05,True,REGULAR,USD,C,2026-08-31,14,776.3400268554688,2026-08-17T11:55:45+00:00
SPY260831C00708000,2026-08-03 17:30:03+00:00,708.0,53.08,0.0,0.0,0.0,0.0,51.0,179.0,1.0000000000000003e-05,True,REGULAR,USD,C,2026-08-31,14,776.3400268554688,2026-08-17T11:55:45+00:00
SPY260831C00709000,2026-08-11 16:17:27+00:00,709.0,65.39,0.0,0.0,0.0,0.0,1.0,452.0,1.0000000000000003e-05,True,REGULAR,USD,C,2026-08-31,14,776.3400268554688,2026-08-17T11:55:45+00:00
SPY260831C00710000,2026-08-14 19:15:00+00:00,710.0,67.48,0.0,0.0,0.0,0.0,3.0,1034.0,1.0000000000000003e-05,True,REGULAR,USD,C,2026-08-31,14,776.3400268554688,2026-08-17T11:55:45+00:00
SPY260831C00711000,2026-08-11 18:34:09+00:00,711.0,61.17,0.0,0.0,0.0,0.0,2.0,521.0,1.0000000000000003e-05,True,REGULAR,USD,C,2026-08-31,14,776.3400268554688,2026-08-17T11:55:45+00:00
SPY260831C00712000,2026-08-10 18:15:02+00:00,712.0,62.89,0.0,0.0,0.0,0.0,1.0,236.0,1.0000000000000003e-05,True,REGULAR,USD,C,2026-08-31,14,776.3400268554688,2026-08-17T11:55:45+00:00
SPY260831C00713000,2026-08-10 15:36:10+00:00,713.0,63.21,0.0,0.0,0.0,0.0,1.0,215.0,1.0000000000000003e-05,True,REGULAR,USD,C,2026-08-31,14,776.3400268554688,2026-08-17T11:55:45+00:00
SPY260831C00714000,2026-08-03 19:01:16+00:00,714.0,48.39,0.0,0.0,0.0,0.0,18.0,1136.0,1.0000000000000003e-05,True,REGULAR,USD,C,2026-08-31,14,776.3400268554688,2026-08-17T11:55:45+00:00
SPY260831C00715000,2026-08-14 14:03:58+00:00,715.0,64.69,0.0,0.0,0.0,0.0,1.0,897.0,1.0000000000000003e-05,True,REGULAR,USD,C,2026-08-31,14,776.3400268554688,2026-08-17T11:55:45+00:00
SPY260831C00716000,2026-08-03 19:53:11+00:00,716.0,46.27,0.0,0.0,0.0,0.0,1494.0,630.0,1.0000000000000003e-05,True,REGULAR,USD,C,2026-08-31,14,776.3400268554688,2026-08-17T11:55:45+00:00
SPY260831C00717000,2026-08-11 19:40:47+00:00,717.0,55.61,0.0,0.0,0.0,0.0,10.0,230.0,1.0000000000000003e-05,True,REGULAR,USD,C,2026-08-31,14,776.3400268554688,2026-08-17T11:55:45+00:00
SPY260831C00718000,2026-08-05 17:25:35+00:00,718.0,56.55,0.0,0.0,0.0,0.0,110.0,65.0,1.0000000000000003e-05,True,REGULAR,USD,C,2026-08-31,14,776.3400268554688,2026-08-17T11:55:45+00:00
SPY260831C00719000,2026-08-07 13:42:07+00:00,719.0,55.32,0.0,0.0,0.0,0.0,5.0,185.0,1.0000000000000003e-05,True,REGULAR,USD,C,2026-08-31,14,776.3400268554688,2026-08-17T11:55:45+00:00
SPY260831C00720000,2026-08-14 19:14:55+00:00,720.0,57.6,0.0,0.0,0.0,0.0,4.0,2216.0,1.0000000000000003e-05,True,REGULAR,USD,C,2026-08-31,14,776.3400268554688,2026-08-17T11:55:45+00:00
SPY260831C00721000,2026-08-10 13:56:26+00:00,721.0,54.43,0.0,0.0,0.0,0.0,1.0,138.0,1.0000000000000003e-05,True,REGULAR,USD,C,2026-08-31,14,776.3400268554688,2026-08-17T11:55:45+00:00
SPY260831C00722000,2026-08-13 14:32:05+00:00,722.0,58.53,0.0,0.0,0.0,0.0,40.0,137.0,1.0000000000000003e-05,True,REGULAR,USD,C,2026-08-31,14,776.3400268554688,2026-08-17T11:55:45+00:00
SPY260831C00723000,2026-07-31 19:36:25+00:00,723.0,31.18,0.0,0.0,0.0,0.0,21.0,60.0,1.0000000000000003e-05,True,REGULAR,USD,C,2026-08-31,14,776.3400268554688,2026-08-17T11:55:45+00:00
SPY260831C00724000,2026-08-13 18:02:58+00:00,724.0,54.71,0.0,0.0,0.0,0.0,5.0,19.0,1.0000000000000003e-05,True,REGULAR,USD,C,2026-08-31,14,776.3400268554688,2026-08-17T11:55:45+00:00
SPY260831C00725000,2026-08-14 15:06:14+00:00,725.0,54.07,0.0,0.0,0.0,0.0,1.0,1894.0,1.0000000000000003e-05,True,REGULAR,USD,C,2026-08-31,14,776.3400268554688,2026-08-17T11:55:45+00:00
SPY260831C00726000,2026-08-06 14:18:21+00:00,726.0,49.24,0.0,0.0,0.0,0.0,1.0,344.0,1.0000000000000003e-05,True,REGULAR,USD,C,2026-08-31,14,776.3400268554688,2026-08-17T11:55:45+00:00
SPY260831C00727000,2026-08-04 13:48:17+00:00,727.0,39.06,0.0,0.0,0.0,0.0,1.0,177.0,1.0000000000000003e-05,True,REGULAR,USD,C,2026-08-31,14,776.3400268554688,2026-08-17T11:55:45+00:00
SPY260831C00728000,2026-08-05 17:21:04+00:00,728.0,47.08,0.0,0.0,0.0,0.0,3.0,519.0,1.0000000000000003e-05,True,REGULAR,USD,C,2026-08-31,14,776.3400268554688,2026-08-17T11:55:45+00:00
SPY260831C00729000,2026-08-10 19:45:02+00:00,729.0,46.35,0.0,0.0,0.0,0.0,1.0,49.0,1.0000000000000003e-05,True,REGULAR,USD,C,2026-08-31,14,776.3400268554688,2026-08-17T11:55:45+00:00
SPY260831C00730000,2026-08-14 14:18:08+00:00,730.0,50.29,0.0,0.0,0.0,0.0,5.0,1354.0,1.0000000000000003e-05,True,REGULAR,USD,C,2026-08-31,14,776.3400268554688,2026-08-17T11:55:45+00:00
SPY260831C00731000,2026-08-07 16:25:27+00:00,731.0,44.52,0.0,0.0,0.0,0.0,1.0,184.0,1.0000000000000003e-05,True,REGULAR,USD,C,2026-08-31,14,776.3400268554688,2026-08-17T11:55:45+00:00
SPY260831C00732000,2026-08-13 18:07:06+00:00,732.0,47.33,0.0,0.0,0.0,0.0,17.0,259.0,1.0000000000000003e-05,True,REGULAR,USD,C,2026-08-31,14,776.3400268554688,2026-08-17T11:55:45+00:00
SPY260831C00733000,2026-08-14 18:12:18+00:00,733.0,44.82,0.0,0.0,0.0,0.0,2.0,218.0,1.0000000000000003e-05,True,REGULAR,USD,C,2026-08-31,14,776.3400268554688,2026-08-17T11:55:45+00:00
SPY260831C00734000,2026-08-14 18:21:28+00:00,734.0,43.98,0.0,0.0,0.0,0.0,1.0,456.0,1.0000000000000003e-05,True,REGULAR,USD,C,2026-08-31,14,776.3400268554688,2026-08-17T11:55:45+00:00
SPY260831C00735000,2026-08-14 17:01:02+00:00,735.0,43.23,0.0,0.0,0.0,0.0,1.0,1276.0,1.0000000000000003e-05,True,REGULAR,USD,C,2026-08-31,14,776.3400268554688,2026-08-17T11:55:45+00:00
SPY260831C00736000,2026-08-14 18:10:46+00:00,736.0,42.0,0.0,0.0,0.0,0.0,1.0,446.0,1.0000000000000003e-05,True,REGULAR,USD,C,2026-08-31,14,776.3400268554688,2026-08-17T11:55:45+00:00
SPY260831C00737000,2026-08-14 16:40:02+00:00,737.0,40.8,0.0,0.0,0.0,0.0,10.0,755.0,1.0000000000000003e-05,True,REGULAR,USD,C,2026-08-31,14,776.3400268554688,2026-08-17T11:55:45+00:00
SPY260831C00738000,2026-08-14 19:58:59+00:00,738.0,39.9,0.0,0.0,0.0,0.0,2.0,976.0,1.0000000000000003e-05,True,REGULAR,USD,C,2026-08-31,14,776.3400268554688,2026-08-17T11:55:45+00:00
SPY260831C00739000,2026-08-14 13:30:04+00:00,739.0,41.3,0.0,0.0,0.0,0.0,1.0,1226.0,1.0000000000000003e-05,True,REGULAR,USD,C,2026-08-31,14,776.3400268554688,2026-08-17T11:55:45+00:00
SPY260831C00740000,2026-08-14 16:58:01+00:00,740.0,37.93,0.0,0.0,0.0,0.0,31.0,2724.0,1.0000000000000003e-05,True,REGULAR,USD,C,2026-08-31,14,776.3400268554688,2026-08-17T11:55:45+00:00
SPY260831C00741000,2026-08-14 19:34:53+00:00,741.0,37.14,0.0,0.0,0.0,0.0,1.0,573.0,1.0000000000000003e-05,True,REGULAR,USD,C,2026-08-31,14,776.3400268554688,2026-08-17T11:55:45+00:00
SPY260831C00742000,2026-08-14 19:58:59+00:00,742.0,35.97,0.0,0.0,0.0,0.0,1.0,867.0,1.0000000000000003e-05,True,REGULAR,USD,C,2026-08-31,14,776.3400268554688,2026-08-17T11:55:45+00:00
SPY260831C00743000,2026-08-14 17:03:18+00:00,743.0,34.9,0.0,0.0,0.0,0.0,4.0,663.0,1.0000000000000003e-05,True,REGULAR,USD,C,2026-08-31,14,776.3400268554688,2026-08-17T11:55:45+00:00
SPY260831C00744000,2026-08-13 19:32:49+00:00,744.0,36.41,0.0,0.0,0.0,0.0,3.0,785.0,1.0000000000000003e-05,True,REGULAR,USD,C,2026-08-31,14,776.3400268554688,2026-08-17T11:55:45+00:00
SPY260831C00745000,2026-08-14 19:52:13+00:00,745.0,33.36,0.0,0.0,0.0,0.0,53.0,3648.0,1.0000000000000003e-05,True,REGULAR,USD,C,2026-08-31,14,776.3400268554688,2026-08-17T11:55:45+00:00
SPY260831C00746000,2026-08-14 19:34:53+00:00,746.0,32.37,0.0,0.0,0.0,0.0,1.0,786.0,1.0000000000000003e-05,True,REGULAR,USD,C,2026-08-31,14,776.3400268554688,2026-08-17T11:55:45+00:00
SPY260831C00747000,2026-08-13 20:02:59+00:00,747.0,33.4,0.0,0.0,0.0,0.0,3.0,875.0,1.0000000000000003e-05,True,REGULAR,USD,C,2026-08-31,14,776.3400268554688,2026-08-17T11:55:45+00:00
SPY260831C00748000,2026-08-13 18:41:33+00:00,748.0,32.09,0.0,0.0,0.0,0.0,3.0,1023.0,1.0000000000000003e-05,True,REGULAR,USD,C,2026-08-31,14,776.3400268554688,2026-08-17T11:55:45+00:00
SPY260831C00749000,2026-08-14 15:08:21+00:00,749.0,30.15,0.0,0.0,0.0,0.0,1.0,1097.0,1.0000000000000003e-05,True,REGULAR,USD,C,2026-08-31,14,776.3400268554688,2026-08-17T11:55:45+00:00
SPY260831C00750000,2026-08-14 19:59:03+00:00,750.0,28.36,0.0,0.0,0.0,0.0,68.0,7391.0,1.0000000000000003e-05,True,REGULAR,USD,C,2026-08-31,14,776.3400268554688,2026-08-17T11:55:45+00:00
SPY260831C00751000,2026-08-14 15:26:37+00:00,751.0,27.51,0.0,0.0,0.0,0.0,1.0,700.0,1.0000000000000003e-05,True,REGULAR,USD,C,2026-08-31,14,776.3400268554688,2026-08-17T11:55:45+00:00
SPY260831C00752000,2026-08-13 20:03:23+00:00,752.0,28.72,0.0,0.0,0.0,0.0,178.0,977.0,1.0000000000000003e-05,True,REGULAR,USD,C,2026-08-31,14,776.3400268554688,2026-08-17T11:55:45+00:00
SPY260831C00753000,2026-08-14 15:28:23+00:00,753.0,25.95,0.0,0.0,0.0,0.0,4.0,959.0,1.0000000000000003e-05,True,REGULAR,USD,C,2026-08-31,14,776.3400268554688,2026-08-17T11:55:45+00:00
SPY260831C00754000,2026-08-14 19:49:55+00:00,754.0,25.42,0.0,0.0,0.0,0.0,9.0,1262.0,1.0000000000000003e-05,True,REGULAR,USD,C,2026-08-31,14,776.3400268554688,2026-08-17T11:55:45+00:00
SPY260831C00755000,2026-08-14 19:59:22+00:00,755.0,23.63,0.0,0.0,0.0,0.0,6.0,2585.0,1.0000000000000003e-05,True,REGULAR,USD,C,2026-08-31,14,776.3400268554688,2026-08-17T11:55:45+00:00
SPY260831C00756000,2026-08-14 15:35:50+00:00,756.0,22.99,0.0,0.0,0.0,0.0,2.0,505.0,1.0000000000000003e-05,True,REGULAR,USD,C,2026-08-31,14,776.3400268554688,2026-08-17T11:55:45+00:00
SPY260831C00757000,2026-08-14 13:30:15+00:00,757.0,24.34,0.0,0.0,0.0,0.0,1.0,1001.0,1.0000000000000003e-05,True,REGULAR,USD,C,2026-08-31,14,776.3400268554688,2026-08-17T11:55:45+00:00
SPY260831C00758000,2026-08-14 20:05:12+00:00,758.0,20.98,0.0,0.0,0.0,0.0,18.0,1765.0,1.0000000000000003e-05,True,REGULAR,USD,C,2026-08-31,14,776.3400268554688,2026-08-17T11:55:45+00:00
SPY260831C00759000,2026-08-14 19:49:55+00:00,759.0,20.9,0.0,0.0,0.0,0.0,23.0,891.0,1.0000000000000003e-05,True,REGULAR,USD,C,2026-08-31,14,776.3400268554688,2026-08-17T11:55:45+00:00
SPY260831C00760000,2026-08-14 20:01:08+00:00,760.0,19.38,0.0,0.0,0.0,0.0,73.0,2822.0,1.0000000000000003e-05,True,REGULAR,USD,C,2026-08-31,14,776.3400268554688,2026-08-17T11:55:45+00:00
SPY260831C00761000,2026-08-14 20:07:34+00:00,761.0,19.67,0.0,0.0,0.0,0.0,12.0,1067.0,1.0000000000000003e-05,True,REGULAR,USD,C,2026-08-31,14,776.3400268554688,2026-08-17T11:55:45+00:00
SPY260831C00762000,2026-08-14 16:54:56+00:00,762.0,18.05,0.0,0.0,0.0,0.0,2.0,1096.0,1.0000000000000003e-05,True,REGULAR,USD,C,2026-08-31,14,776.3400268554688,2026-08-17T11:55:45+00:00
SPY260831C00763000,2026-08-14 20:03:50+00:00,763.0,16.85,0.0,0.0,0.0,0.0,247.0,2269.0,1.0000000000000003e-05,True,REGULAR,USD,C,2026-08-31,14,776.3400268554688,2026-08-17T11:55:45+00:00
SPY260831C00764000,2026-08-14 16:59:56+00:00,764.0,15.9,0.0,0.0,0.0,0.0,18.0,465.0,1.0000000000000003e-05,True,REGULAR,USD,C,2026-08-31,14,776.3400268554688,2026-08-17T11:55:45+00:00
SPY260831C00765000,2026-08-14 19:35:12+00:00,765.0,15.55,0.0,0.0,0.0,0.0,89.0,2749.0,1.0000000000000003e-05,True,REGULAR,USD,C,2026-08-31,14,776.3400268554688,2026-08-17T11:55:45+00:00
SPY260831C00766000,2026-08-14 19:50:02+00:00,766.0,14.56,0.0,0.0,0.0,0.0,10.0,904.0,1.0000000000000003e-05,True,REGULAR,USD,C,2026-08-31,14,776.3400268554688,2026-08-17T11:55:45+00:00
SPY260831C00767000,2026-08-14 16:54:56+00:00,767.0,13.85,0.0,0.0,0.0,0.0,2.0,1625.0,1.0000000000000003e-05,True,REGULAR,USD,C,2026-08-31,14,776.3400268554688,2026-08-17T11:55:45+00:00
SPY260831C00768000,2026-08-14 19:35:12+00:00,768.0,13.33,0.0,0.0,0.0,0.0,192.0,1098.0,1.0000000000000003e-05,True,REGULAR,USD,C,2026-08-31,14,776.3400268554688,2026-08-17T11:55:45+00:00
SPY260831C00769000,2026-08-14 18:35:22+00:00,769.0,12.11,0.0,0.0,0.0,0.0,14.0,562.0,1.0000000000000003e-05,True,REGULAR,USD,C,2026-08-31,14,776.3400268554688,2026-08-17T11:55:45+00:00
SPY260831C00770000,2026-08-14 20:14:28+00:00,770.0,11.29,0.0,0.0,0.0,0.0,219.0,12366.0,1.0000000000000003e-05,True,REGULAR,USD,C,2026-08-31,14,776.3400268554688,2026-08-17T11:55:45+00:00
SPY260831C00771000,2026-08-14 19:20:30+00:00,771.0,10.73,0.0,0.0,0.0,0.0,324.0,1270.0,1.0000000000000003e-05,True,REGULAR,USD,C,2026-08-31,14,776.3400268554688,2026-08-17T11:55:45+00:00
SPY260831C00772000,2026-08-14 20:05:02+00:00,772.0,10.14,0.0,0.0,0.0,0.0,303.0,993.0,1.0000000000000003e-05,True,REGULAR,USD,C,2026-08-31,14,776.3400268554688,2026-08-17T11:55:45+00:00
SPY260831C00773000,2026-08-14 20:14:04+00:00,773.0,9.21,0.0,0.0,0.0,0.0,85.0,1267.0,1.0000000000000003e-05,True,REGULAR,USD,C,2026-08-31,14,776.3400268554688,2026-08-17T11:55:45+00:00
SPY260831C00774000,2026-08-14 19:51:29+00:00,774.0,8.85,0.0,0.0,0.0,0.0,40.0,2801.0,1.0000000000000003e-05,True,REGULAR,USD,C,2026-08-31,14,776.3400268554688,2026-08-17T11:55:45+00:00
SPY260831C00775000,2026-08-14 20:13:40+00:00,775.0,7.95,0.0,0.0,0.0,0.0,191.0,3000.0,1.0000000000000003e-05,True,REGULAR,USD,C,2026-08-31,14,776.3400268554688,2026-08-17T11:55:45+00:00
SPY260831C00776000,2026-08-14 20:13:20+00:00,776.0,7.34,0.0,0.0,0.0,0.0,258.0,1559.0,1.0000000000000003e-05,True,REGULAR,USD,C,2026-08-31,14,776.3400268554688,2026-08-17T11:55:45+00:00
SPY260831C00777000,2026-08-14 20:13:27+00:00,777.0,6.8,0.0,0.0,0.0,0.0,549.0,1186.0,0.000986552734375,False,REGULAR,USD,C,2026-08-31,14,776.3400268554688,2026-08-17T11:55:45+00:00
SPY260831C00778000,2026-08-14 20:08:09+00:00,778.0,6.21,0.0,0.0,0.0,0.0,233.0,1602.0,0.0039162109375,False,REGULAR,USD,C,2026-08-31,14,776.3400268554688,2026-08-17T11:55:45+00:00
SPY260831C00779000,2026-08-14 19:27:50+00:00,779.0,5.99,0.0,0.0,0.0,0.0,149.0,1367.0,0.0039162109375,False,REGULAR,USD,C,2026-08-31,14,776.3400268554688,2026-08-17T11:55:45+00:00
SPY260831C00780000,2026-08-14 20:14:42+00:00,780.0,5.25,0.0,0.0,0.0,0.0,495.0,16881.0,0.007822421875,False,REGULAR,USD,C,2026-08-31,14,776.3400268554688,2026-08-17T11:55:45+00:00
SPY260831C00781000,2026-08-14 19:32:13+00:00,781.0,4.99,0.0,0.0,0.0,0.0,129.0,1027.0,0.007822421875,False,REGULAR,USD,C,2026-08-31,14,776.3400268554688,2026-08-17T11:55:45+00:00
SPY260831C00782000,2026-08-14 19:47:20+00:00,782.0,4.44,0.0,0.0,0.0,0.0,55.0,1243.0,0.007822421875,False,REGULAR,USD,C,2026-08-31,14,776.3400268554688,2026-08-17T11:55:45+00:00
SPY260831C00783000,2026-08-14 19:41:39+00:00,783.0,4.12,0.0,0.0,0.0,0.0,123.0,665.0,0.007822421875,False,REGULAR,USD,C,2026-08-31,14,776.3400268554688,2026-08-17T11:55:45+00:00
SPY260831C00784000,2026-08-14 19:53:31+00:00,784.0,3.68,0.0,0.0,0.0,0.0,26.0,991.0,0.015634843750000002,False,REGULAR,USD,C,2026-08-31,14,776.3400268554688,2026-08-17T11:55:45+00:00
SPY260831C00785000,2026-08-14 20:11:33+00:00,785.0,3.2,0.0,0.0,0.0,0.0,36601.0,36141.0,0.015634843750000002,False,REGULAR,USD,C,2026-08-31,14,776.3400268554688,2026-08-17T11:55:45+00:00
SPY260831C00786000,2026-08-14 20:13:18+00:00,786.0,2.88,0.0,0.0,0.0,0.0,82.0,1247.0,0.015634843750000002,False,REGULAR,USD,C,2026-08-31,14,776.3400268554688,2026-08-17T11:55:45+00:00
SPY260831C00787000,2026-08-14 19:47:34+00:00,787.0,2.64,0.0,0.0,0.0,0.0,139.0,1171.0,0.015634843750000002,False,REGULAR,USD,C,2026-08-31,14,776.3400268554688,2026-08-17T11:55:45+00:00
SPY260831C00788000,2026-08-14 20:08:37+00:00,788.0,2.27,0.0,0.0,0.0,0.0,126.0,1375.0,0.015634843750000002,False,REGULAR,USD,C,2026-08-31,14,776.3400268554688,2026-08-17T11:55:45+00:00
SPY260831C00789000,2026-08-14 19:43:05+00:00,789.0,2.13,0.0,0.0,0.0,0.0,25.0,1211.0,0.015634843750000002,False,REGULAR,USD,C,2026-08-31,14,776.3400268554688,2026-08-17T11:55:45+00:00
SPY260831C00790000,2026-08-14 20:14:58+00:00,790.0,1.82,0.0,0.0,0.0,0.0,1503.0,5818.0,0.015634843750000002,False,REGULAR,USD,C,2026-08-31,14,776.3400268554688,2026-08-17T11:55:45+00:00
SPY260831C00791000,2026-08-14 19:53:31+00:00,791.0,1.66,0.0,0.0,0.0,0.0,283.0,2414.0,0.015634843750000002,False,REGULAR,USD,C,2026-08-31,14,776.3400268554688,2026-08-17T11:55:45+00:00
SPY260831C00792000,2026-08-14 19:43:05+00:00,792.0,1.48,0.0,0.0,0.0,0.0,56.0,925.0,0.015634843750000002,False,REGULAR,USD,C,2026-08-31,14,776.3400268554688,2026-08-17T11:55:45+00:00
SPY260831C00793000,2026-08-14 19:43:07+00:00,793.0,1.3,0.0,0.0,0.0,0.0,132.0,650.0,0.0312596875,False,REGULAR,USD,C,2026-08-31,14,776.3400268554688,2026-08-17T11:55:45+00:00
SPY260831C00794000,2026-08-14 20:14:23+00:00,794.0,1.1,0.0,0.0,0.0,0.0,92.0,939.0,0.0312596875,False,REGULAR,USD,C,2026-08-31,14,776.3400268554688,2026-08-17T11:55:45+00:00
SPY260831C00795000,2026-08-14 20:13:27+00:00,795.0,0.96,0.0,0.0,0.0,0.0,697.0,2880.0,0.0312596875,False,REGULAR,USD,C,2026-08-31,14,776.3400268554688,2026-08-17T11:55:45+00:00
SPY260831C00796000,2026-08-14 20:09:23+00:00,796.0,0.83,0.0,0.0,0.0,0.0,147.0,338.0,0.0312596875,False,REGULAR,USD,C,2026-08-31,14,776.3400268554688,2026-08-17T11:55:45+00:00
SPY260831C00797000,2026-08-14 20:04:09+00:00,797.0,0.75,0.0,0.0,0.0,0.0,285.0,21546.0,0.0312596875,False,REGULAR,USD,C,2026-08-31,14,776.3400268554688,2026-08-17T11:55:45+00:00
SPY260831C00798000,2026-08-14 19:54:32+00:00,798.0,0.66,0.0,0.0,0.0,0.0,24.0,309.0,0.0312596875,False,REGULAR,USD,C,2026-08-31,14,776.3400268554688,2026-08-17T11:55:45+00:00
SPY260831C00799000,2026-08-14 19:58:11+00:00,799.0,0.57,0.0,0.0,0.0,0.0,306.0,1168.0,0.0312596875,False,REGULAR,USD,C,2026-08-31,14,776.3400268554688,2026-08-17T11:55:45+00:00
SPY260831C00800000,2026-08-14 20:09:21+00:00,800.0,0.49,0.0,0.0,0.0,0.0,1513.0,9348.0,0.0312596875,False,REGULAR,USD,C,2026-08-31,14,776.3400268554688,2026-08-17T11:55:45+00:00
SPY260831C00801000,2026-08-14 20:13:18+00:00,801.0,0.43,0.0,0.0,0.0,0.0,220.0,207.0,0.0312596875,False,REGULAR,USD,C,2026-08-31,14,776.3400268554688,2026-08-17T11:55:45+00:00
SPY260831C00802000,2026-08-14 19:14:32+00:00,802.0,0.38,0.0,0.0,0.0,0.0,12.0,174.0,0.0312596875,False,REGULAR,USD,C,2026-08-31,14,776.3400268554688,2026-08-17T11:55:45+00:00
SPY260831C00803000,2026-08-14 17:49:20+00:00,803.0,0.34,0.0,0.0,0.0,0.0,13.0,435.0,0.0312596875,False,REGULAR,USD,C,2026-08-31,14,776.3400268554688,2026-08-17T11:55:45+00:00
SPY260831C00804000,2026-08-14 19:02:09+00:00,804.0,0.3,0.0,0.0,0.0,0.0,16.0,153.0,0.0312596875,False,REGULAR,USD,C,2026-08-31,14,776.3400268554688,2026-08-17T11:55:45+00:00
SPY260831C00805000,2026-08-14 20:00:52+00:00,805.0,0.26,0.0,0.0,0.0,0.0,127.0,3371.0,0.0312596875,False,REGULAR,USD,C,2026-08-31,14,776.3400268554688,2026-08-17T11:55:45+00:00
SPY260831C00806000,2026-08-14 18:30:57+00:00,806.0,0.23,0.0,0.0,0.0,0.0,10.0,125.0,0.0312596875,False,REGULAR,USD,C,2026-08-31,14,776.3400268554688,2026-08-17T11:55:45+00:00
SPY260831C00807000,2026-08-14 18:50:16+00:00,807.0,0.22,0.0,0.0,0.0,0.0,5.0,33.0,0.0312596875,False,REGULAR,USD,C,2026-08-31,14,776.3400268554688,2026-08-17T11:55:45+00:00
SPY260831C00808000,2026-08-14 17:23:58+00:00,808.0,0.2,0.0,0.0,0.0,0.0,6.0,129.0,0.0312596875,False,REGULAR,USD,C,2026-08-31,14,776.3400268554688,2026-08-17T11:55:45+00:00
SPY260831C00809000,2026-08-14 19:59:35+00:00,809.0,0.17,0.0,0.0,0.0,0.0,4.0,645.0,0.0312596875,False,REGULAR,USD,C,2026-08-31,14,776.3400268554688,2026-08-17T11:55:45+00:00
SPY260831C00810000,2026-08-14 19:58:43+00:00,810.0,0.15,0.0,0.0,0.0,0.0,285.0,7616.0,0.0312596875,False,REGULAR,USD,C,2026-08-31,14,776.3400268554688,2026-08-17T11:55:45+00:00
SPY260831C00815000,2026-08-14 19:56:21+00:00,815.0,0.09,0.0,0.0,0.0,0.0,18.0,4534.0,0.062509375,False,REGULAR,USD,C,2026-08-31,14,776.3400268554688,2026-08-17T11:55:45+00:00
SPY260831C00820000,2026-08-14 19:38:07+00:00,820.0,0.07,0.0,0.0,0.0,0.0,14.0,2448.0,0.062509375,False,REGULAR,USD,C,2026-08-31,14,776.3400268554688,2026-08-17T11:55:45+00:00
SPY260831C00825000,2026-08-14 17:35:00+00:00,825.0,0.07,0.0,0.0,0.0,0.0,20.0,1886.0,0.062509375,False,REGULAR,USD,C,2026-08-31,14,776.3400268554688,2026-08-17T11:55:45+00:00
SPY260831C00830000,2026-08-14 17:17:46+00:00,830.0,0.05,0.0,0.0,0.0,0.0,113.0,808.0,0.062509375,False,REGULAR,USD,C,2026-08-31,14,776.3400268554688,2026-08-17T11:55:45+00:00
SPY260831C00835000,2026-08-14 18:50:30+00:00,835.0,0.04,0.0,0.0,0.0,0.0,2.0,2810.0,0.062509375,False,REGULAR,USD,C,2026-08-31,14,776.3400268554688,2026-08-17T11:55:45+00:00
SPY260831C00840000,2026-08-14 17:45:50+00:00,840.0,0.04,0.0,0.0,0.0,0.0,3625.0,10294.0,0.062509375,False,REGULAR,USD,C,2026-08-31,14,776.3400268554688,2026-08-17T11:55:45+00:00
SPY260831C00845000,2026-08-14 15:27:15+00:00,845.0,0.03,0.0,0.0,0.0,0.0,1.0,1249.0,0.062509375,False,REGULAR,USD,C,2026-08-31,14,776.3400268554688,2026-08-17T11:55:45+00:00
SPY260831C00850000,2026-08-14 19:57:21+00:00,850.0,0.03,0.0,0.0,0.0,0.0,19.0,2192.0,0.12500875,False,REGULAR,USD,C,2026-08-31,14,776.3400268554688,2026-08-17T11:55:45+00:00
SPY260831C00855000,2026-08-13 19:59:59+00:00,855.0,0.05,0.0,0.0,0.0,0.0,167.0,673.0,0.12500875,False,REGULAR,USD,C,2026-08-31,14,776.3400268554688,2026-08-17T11:55:45+00:00
SPY260831C00860000,2026-08-14 20:08:23+00:00,860.0,0.02,0.0,0.0,0.0,0.0,8.0,1989.0,0.12500875,False,REGULAR,USD,C,2026-08-31,14,776.3400268554688,2026-08-17T11:55:45+00:00
SPY260831P00420000,2026-08-13 16:31:07+00:00,420.0,0.01,0.0,0.0,0.0,0.0,146.0,8156.0,0.500005,False,REGULAR,USD,P,2026-08-31,14,776.3400268554688,2026-08-17T11:55:45+00:00
SPY260831P00425000,2026-08-07 18:45:27+00:00,425.0,0.01,0.0,0.0,0.0,0.0,1540.0,2257.0,0.500005,False,REGULAR,USD,P,2026-08-31,14,776.3400268554688,2026-08-17T11:55:45+00:00
SPY260831P00430000,2026-08-07 16:47:10+00:00,430.0,0.01,0.0,0.0,0.0,0.0,618.0,689.0,0.500005,False,REGULAR,USD,P,2026-08-31,14,776.3400268554688,2026-08-17T11:55:45+00:00
SPY260831P00435000,2026-08-12 18:00:39+00:00,435.0,0.01,0.0,0.0,0.0,0.0,100.0,607.0,0.500005,False,REGULAR,USD,P,2026-08-31,14,776.3400268554688,2026-08-17T11:55:45+00:00
SPY260831P00440000,2026-08-12 18:00:29+00:00,440.0,0.01,0.0,0.0,0.0,0.0,100.0,714.0,0.500005,False,REGULAR,USD,P,2026-08-31,14,776.3400268554688,2026-08-17T11:55:45+00:00
SPY260831P00445000,2026-08-10 19:41:27+00:00,445.0,0.01,0.0,0.0,0.0,0.0,172.0,598.0,0.500005,False,REGULAR,USD,P,2026-08-31,14,776.3400268554688,2026-08-17T11:55:45+00:00
SPY260831P00450000,2026-08-13 17:11:57+00:00,450.0,0.01,0.0,0.0,0.0,0.0,1.0,1852.0,0.500005,False,REGULAR,USD,P,2026-08-31,14,776.3400268554688,2026-08-17T11:55:45+00:00
SPY260831P00455000,2026-08-14 17:43:08+00:00,455.0,0.01,0.0,0.0,0.0,0.0,2.0,171.0,0.500005,False,REGULAR,USD,P,2026-08-31,14,776.3400268554688,2026-08-17T11:55:45+00:00
SPY260831P00460000,2026-08-14 17:18:24+00:00,460.0,0.01,0.0,0.0,0.0,0.0,30.0,179.0,0.500005,False,REGULAR,USD,P,2026-08-31,14,776.3400268554688,2026-08-17T11:55:45+00:00
SPY260831P00465000,2026-08-14 13:30:09+00:00,465.0,0.01,0.0,0.0,0.0,0.0,1.0,1770.0,0.500005,False,REGULAR,USD,P,2026-08-31,14,776.3400268554688,2026-08-17T11:55:45+00:00
SPY260831P00470000,2026-08-14 17:41:22+00:00,470.0,0.01,0.0,0.0,0.0,0.0,2.0,992.0,0.500005,False,REGULAR,USD,P,2026-08-31,14,776.3400268554688,2026-08-17T11:55:45+00:00
SPY260831P00475000,2026-08-12 13:30:04+00:00,475.0,0.01,0.0,0.0,0.0,0.0,1.0,179.0,0.500005,False,REGULAR,USD,P,2026-08-31,14,776.3400268554688,2026-08-17T11:55:45+00:00
SPY260831P00480000,2026-08-10 14:15:27+00:00,480.0,0.01,0.0,0.0,0.0,0.0,7.0,280.0,0.500005,False,REGULAR,USD,P,2026-08-31,14,776.3400268554688,2026-08-17T11:55:45+00:00
SPY260831P00485000,2026-08-07 13:30:16+00:00,485.0,0.02,0.0,0.0,0.0,0.0,1.0,196.0,0.500005,False,REGULAR,USD,P,2026-08-31,14,776.3400268554688,2026-08-17T11:55:45+00:00
SPY260831P00490000,2026-08-07 15:30:28+00:00,490.0,0.02,0.0,0.0,0.0,0.0,10.0,163.0,0.500005,False,REGULAR,USD,P,2026-08-31,14,776.3400268554688,2026-08-17T11:55:45+00:00
SPY260831P00495000,2026-08-12 19:54:17+00:00,495.0,0.01,0.0,0.0,0.0,0.0,1.0,210.0,0.500005,False,REGULAR,USD,P,2026-08-31,14,776.3400268554688,2026-08-17T11:55:45+00:00
SPY260831P00500000,2026-08-14 16:18:55+00:00,500.0,0.01,0.0,0.0,0.0,0.0,75.0,3541.0,0.500005,False,REGULAR,USD,P,2026-08-31,14,776.3400268554688,2026-08-17T11:55:45+00:00
SPY260831P00505000,2026-08-13 14:33:54+00:00,505.0,0.01,0.0,0.0,0.0,0.0,1.0,773.0,0.500005,False,REGULAR,USD,P,2026-08-31,14,776.3400268554688,2026-08-17T11:55:45+00:00
SPY260831P00510000,2026-08-14 14:08:14+00:00,510.0,0.01,0.0,0.0,0.0,0.0,15.0,508.0,0.500005,False,REGULAR,USD,P,2026-08-31,14,776.3400268554688,2026-08-17T11:55:45+00:00
SPY260831P00515000,2026-08-13 16:26:39+00:00,515.0,0.01,0.0,0.0,0.0,0.0,1198.0,1351.0,0.500005,False,REGULAR,USD,P,2026-08-31,14,776.3400268554688,2026-08-17T11:55:45+00:00
SPY260831P00520000,2026-08-13 19:37:06+00:00,520.0,0.01,0.0,0.0,0.0,0.0,1205.0,1431.0,0.500005,False,REGULAR,USD,P,2026-08-31,14,776.3400268554688,2026-08-17T11:55:45+00:00
SPY260831P00525000,2026-08-13 16:27:07+00:00,525.0,0.02,0.0,0.0,0.0,0.0,5.0,629.0,0.500005,False,REGULAR,USD,P,2026-08-31,14,776.3400268554688,2026-08-17T11:55:45+00:00
SPY260831P00530000,2026-08-13 19:02:42+00:00,530.0,0.01,0.0,0.0,0.0,0.0,401.0,630.0,0.2500075,False,REGULAR,USD,P,2026-08-31,14,776.3400268554688,2026-08-17T11:55:45+00:00
SPY260831P00535000,2026-08-07 19:13:03+00:00,535.0,0.03,0.0,0.0,0.0,0.0,101.0,414.0,0.2500075,False,REGULAR,USD,P,2026-08-31,14,776.3400268554688,2026-08-17T11:55:45+00:00
SPY260831P00540000,2026-08-14 18:14:31+00:00,540.0,0.01,0.0,0.0,0.0,0.0,201.0,775.0,0.2500075,False,REGULAR,USD,P,2026-08-31,14,776.3400268554688,2026-08-17T11:55:45+00:00
SPY260831P00545000,2026-08-14 17:52:07+00:00,545.0,0.01,0.0,0.0,0.0,0.0,299.0,2656.0,0.2500075,False,REGULAR,USD,P,2026-08-31,14,776.3400268554688,2026-08-17T11:55:45+00:00
SPY260831P00550000,2026-08-14 19:18:35+00:00,550.0,0.01,0.0,0.0,0.0,0.0,204.0,1580.0,0.2500075,False,REGULAR,USD,P,2026-08-31,14,776.3400268554688,2026-08-17T11:55:45+00:00
SPY260831P00555000,2026-08-14 16:13:02+00:00,555.0,0.02,0.0,0.0,0.0,0.0,1.0,1205.0,0.2500075,False,REGULAR,USD,P,2026-08-31,14,776.3400268554688,2026-08-17T11:55:45+00:00
SPY260831P00560000,2026-08-14 14:51:14+00:00,560.0,0.02,0.0,0.0,0.0,0.0,2.0,3796.0,0.2500075,False,REGULAR,USD,P,2026-08-31,14,776.3400268554688,2026-08-17T11:55:45+00:00
SPY260831P00565000,2026-08-14 14:08:31+00:00,565.0,0.01,0.0,0.0,0.0,0.0,10.0,2935.0,0.2500075,False,REGULAR,USD,P,2026-08-31,14,776.3400268554688,2026-08-17T11:55:45+00:00
SPY260831P00570000,2026-08-13 18:31:13+00:00,570.0,0.02,0.0,0.0,0.0,0.0,30.0,1013.0,0.2500075,False,REGULAR,USD,P,2026-08-31,14,776.3400268554688,2026-08-17T11:55:45+00:00
SPY260831P00575000,2026-08-14 16:51:54+00:00,575.0,0.02,0.0,0.0,0.0,0.0,2.0,1056.0,0.2500075,False,REGULAR,USD,P,2026-08-31,14,776.3400268554688,2026-08-17T11:55:45+00:00
SPY260831P00580000,2026-08-14 16:20:26+00:00,580.0,0.02,0.0,0.0,0.0,0.0,5218.0,5883.0,0.2500075,False,REGULAR,USD,P,2026-08-31,14,776.3400268554688,2026-08-17T11:55:45+00:00
SPY260831P00585000,2026-08-14 16:20:21+00:00,585.0,0.02,0.0,0.0,0.0,0.0,4830.0,5239.0,0.2500075,False,REGULAR,USD,P,2026-08-31,14,776.3400268554688,2026-08-17T11:55:45+00:00
SPY260831P00590000,2026-08-14 19:18:35+00:00,590.0,0.03,0.0,0.0,0.0,0.0,1.0,2458.0,0.2500075,False,REGULAR,USD,P,2026-08-31,14,776.3400268554688,2026-08-17T11:55:45+00:00
SPY260831P00595000,2026-08-13 18:26:32+00:00,595.0,0.03,0.0,0.0,0.0,0.0,23.0,3638.0,0.2500075,False,REGULAR,USD,P,2026-08-31,14,776.3400268554688,2026-08-17T11:55:45+00:00
SPY260831P00600000,2026-08-14 17:24:24+00:00,600.0,0.03,0.0,0.0,0.0,0.0,101.0,3243.0,0.2500075,False,REGULAR,USD,P,2026-08-31,14,776.3400268554688,2026-08-17T11:55:45+00:00
SPY260831P00605000,2026-08-14 19:59:48+00:00,605.0,0.03,0.0,0.0,0.0,0.0,168.0,21440.0,0.2500075,False,REGULAR,USD,P,2026-08-31,14,776.3400268554688,2026-08-17T11:55:45+00:00
SPY260831P00610000,2026-08-13 18:56:55+00:00,610.0,0.04,0.0,0.0,0.0,0.0,21.0,1396.0,0.2500075,False,REGULAR,USD,P,2026-08-31,14,776.3400268554688,2026-08-17T11:55:45+00:00
SPY260831P00615000,2026-08-13 19:50:37+00:00,615.0,0.04,0.0,0.0,0.0,0.0,156.0,1980.0,0.2500075,False,REGULAR,USD,P,2026-08-31,14,776.3400268554688,2026-08-17T11:55:45+00:00
SPY260831P00616000,2026-08-12 13:30:01+00:00,616.0,0.05,0.0,0.0,0.0,0.0,2.0,104.0,0.2500075,False,REGULAR,USD,P,2026-08-31,14,776.3400268554688,2026-08-17T11:55:45+00:00
SPY260831P00617000,2026-08-07 17:43:02+00:00,617.0,0.11,0.0,0.0,0.0,0.0,1.0,172.0,0.2500075,False,REGULAR,USD,P,2026-08-31,14,776.3400268554688,2026-08-17T11:55:45+00:00
SPY260831P00618000,2026-08-04 17:07:16+00:00,618.0,0.2,0.0,0.0,0.0,0.0,7.0,262.0,0.2500075,False,REGULAR,USD,P,2026-08-31,14,776.3400268554688,2026-08-17T11:55:45+00:00
SPY260831P00619000,2026-08-14 17:12:09+00:00,619.0,0.04,0.0,0.0,0.0,0.0,7300.0,7444.0,0.2500075,False,REGULAR,USD,P,2026-08-31,14,776.3400268554688,2026-08-17T11:55:45+00:00
SPY260831P00620000,2026-08-14 18:05:49+00:00,620.0,0.04,0.0,0.0,0.0,0.0,7420.0,7206.0,0.2500075,False,REGULAR,USD,P,2026-08-31,14,776.3400268554688,2026-08-17T11:55:45+00:00
SPY260831P00621000,2026-08-14 17:12:32+00:00,621.0,0.04,0.0,0.0,0.0,0.0,100.0,1871.0,0.2500075,False,REGULAR,USD,P,2026-08-31,14,776.3400268554688,2026-08-17T11:55:45+00:00
SPY260831P00622000,2026-07-30 14:55:00+00:00,622.0,0.82,0.0,0.0,0.0,0.0,1.0,259.0,0.2500075,False,REGULAR,USD,P,2026-08-31,14,776.3400268554688,2026-08-17T11:55:45+00:00
SPY260831P00623000,2026-08-10 16:29:29+00:00,623.0,0.09,0.0,0.0,0.0,0.0,50.0,205.0,0.2500075,False,REGULAR,USD,P,2026-08-31,14,776.3400268554688,2026-08-17T11:55:45+00:00
SPY260831P00624000,2026-08-13 19:59:23+00:00,624.0,0.06,0.0,0.0,0.0,0.0,2445.0,2938.0,0.2500075,False,REGULAR,USD,P,2026-08-31,14,776.3400268554688,2026-08-17T11:55:45+00:00
SPY260831P00625000,2026-08-14 18:45:00+00:00,625.0,0.04,0.0,0.0,0.0,0.0,23.0,3752.0,0.2500075,False,REGULAR,USD,P,2026-08-31,14,776.3400268554688,2026-08-17T11:55:45+00:00
SPY260831P00626000,2026-08-13 19:48:52+00:00,626.0,0.05,0.0,0.0,0.0,0.0,5.0,175.0,0.2500075,False,REGULAR,USD,P,2026-08-31,14,776.3400268554688,2026-08-17T11:55:45+00:00
SPY260831P00627000,2026-08-07 19:03:58+00:00,627.0,0.13,0.0,0.0,0.0,0.0,1.0,212.0,0.2500075,False,REGULAR,USD,P,2026-08-31,14,776.3400268554688,2026-08-17T11:55:45+00:00
SPY260831P00628000,2026-08-04 19:11:05+00:00,628.0,0.23,0.0,0.0,0.0,0.0,1.0,425.0,0.2500075,False,REGULAR,USD,P,2026-08-31,14,776.3400268554688,2026-08-17T11:55:45+00:00
SPY260831P00629000,2026-08-07 19:29:15+00:00,629.0,0.12,0.0,0.0,0.0,0.0,14.0,313.0,0.2500075,False,REGULAR,USD,P,2026-08-31,14,776.3400268554688,2026-08-17T11:55:45+00:00
SPY260831P00630000,2026-08-14 17:32:38+00:00,630.0,0.04,0.0,0.0,0.0,0.0,9.0,825.0,0.2500075,False,REGULAR,USD,P,2026-08-31,14,776.3400268554688,2026-08-17T11:55:45+00:00
SPY260831P00631000,2026-08-12 15:25:41+00:00,631.0,0.08,0.0,0.0,0.0,0.0,310.0,1571.0,0.2500075,False,REGULAR,USD,P,2026-08-31,14,776.3400268554688,2026-08-17T11:55:45+00:00
SPY260831P00632000,2026-08-14 13:32:13+00:00,632.0,0.05,0.0,0.0,0.0,0.0,1.0,456.0,0.2500075,False,REGULAR,USD,P,2026-08-31,14,776.3400268554688,2026-08-17T11:55:45+00:00
SPY260831P00633000,2026-08-10 13:30:52+00:00,633.0,0.1,0.0,0.0,0.0,0.0,1.0,252.0,0.2500075,False,REGULAR,USD,P,2026-08-31,14,776.3400268554688,2026-08-17T11:55:45+00:00
SPY260831P00634000,2026-08-11 19:17:23+00:00,634.0,0.1,0.0,0.0,0.0,0.0,1.0,301.0,0.2500075,False,REGULAR,USD,P,2026-08-31,14,776.3400268554688,2026-08-17T11:55:45+00:00
SPY260831P00635000,2026-08-14 18:07:14+00:00,635.0,0.05,0.0,0.0,0.0,0.0,3.0,782.0,0.2500075,False,REGULAR,USD,P,2026-08-31,14,776.3400268554688,2026-08-17T11:55:45+00:00
SPY260831P00636000,2026-08-14 18:07:14+00:00,636.0,0.05,0.0,0.0,0.0,0.0,1.0,296.0,0.2500075,False,REGULAR,USD,P,2026-08-31,14,776.3400268554688,2026-08-17T11:55:45+00:00
SPY260831P00637000,2026-08-03 14:15:53+00:00,637.0,0.42,0.0,0.0,0.0,0.0,2.0,281.0,0.2500075,False,REGULAR,USD,P,2026-08-31,14,776.3400268554688,2026-08-17T11:55:45+00:00
SPY260831P00638000,2026-08-04 18:54:25+00:00,638.0,0.26,0.0,0.0,0.0,0.0,6.0,170.0,0.2500075,False,REGULAR,USD,P,2026-08-31,14,776.3400268554688,2026-08-17T11:55:45+00:00
SPY260831P00639000,2026-08-14 19:46:36+00:00,639.0,0.05,0.0,0.0,0.0,0.0,462.0,558.0,0.2500075,False,REGULAR,USD,P,2026-08-31,14,776.3400268554688,2026-08-17T11:55:45+00:00
SPY260831P00640000,2026-08-14 19:46:31+00:00,640.0,0.05,0.0,0.0,0.0,0.0,463.0,3284.0,0.2500075,False,REGULAR,USD,P,2026-08-31,14,776.3400268554688,2026-08-17T11:55:45+00:00
SPY260831P00641000,2026-08-13 15:41:23+00:00,641.0,0.07,0.0,0.0,0.0,0.0,11.0,1660.0,0.2500075,False,REGULAR,USD,P,2026-08-31,14,776.3400268554688,2026-08-17T11:55:45+00:00
SPY260831P00642000,2026-08-07 19:27:44+00:00,642.0,0.15,0.0,0.0,0.0,0.0,16.0,1385.0,0.2500075,False,REGULAR,USD,P,2026-08-31,14,776.3400268554688,2026-08-17T11:55:45+00:00
SPY260831P00643000,2026-08-13 15:13:26+00:00,643.0,0.06,0.0,0.0,0.0,0.0,1.0,1456.0,0.2500075,False,REGULAR,USD,P,2026-08-31,14,776.3400268554688,2026-08-17T11:55:45+00:00
SPY260831P00644000,2026-08-14 17:39:02+00:00,644.0,0.05,0.0,0.0,0.0,0.0,2.0,1130.0,0.2500075,False,REGULAR,USD,P,2026-08-31,14,776.3400268554688,2026-08-17T11:55:45+00:00
SPY260831P00645000,2026-08-13 14:21:42+00:00,645.0,0.06,0.0,0.0,0.0,0.0,1.0,949.0,0.12500875,False,REGULAR,USD,P,2026-08-31,14,776.3400268554688,2026-08-17T11:55:45+00:00
SPY260831P00646000,2026-08-13 15:06:34+00:00,646.0,0.07,0.0,0.0,0.0,0.0,21.0,637.0,0.12500875,False,REGULAR,USD,P,2026-08-31,14,776.3400268554688,2026-08-17T11:55:45+00:00
SPY260831P00647000,2026-08-07 19:58:14+00:00,647.0,0.16,0.0,0.0,0.0,0.0,15.0,405.0,0.12500875,False,REGULAR,USD,P,2026-08-31,14,776.3400268554688,2026-08-17T11:55:45+00:00
SPY260831P00648000,2026-08-13 18:11:52+00:00,648.0,0.07,0.0,0.0,0.0,0.0,2.0,914.0,0.12500875,False,REGULAR,USD,P,2026-08-31,14,776.3400268554688,2026-08-17T11:55:45+00:00
SPY260831P00649000,2026-08-14 18:44:37+00:00,649.0,0.06,0.0,0.0,0.0,0.0,18.0,1357.0,0.12500875,False,REGULAR,USD,P,2026-08-31,14,776.3400268554688,2026-08-17T11:55:45+00:00
SPY260831P00650000,2026-08-14 19:31:49+00:00,650.0,0.06,0.0,0.0,0.0,0.0,50.0,3436.0,0.12500875,False,REGULAR,USD,P,2026-08-31,14,776.3400268554688,2026-08-17T11:55:45+00:00
SPY260831P00651000,2026-08-11 13:30:01+00:00,651.0,0.15,0.0,0.0,0.0,0.0,5.0,518.0,0.12500875,False,REGULAR,USD,P,2026-08-31,14,776.3400268554688,2026-08-17T11:55:45+00:00
SPY260831P00652000,2026-08-07 13:36:44+00:00,652.0,0.21,0.0,0.0,0.0,0.0,1.0,786.0,0.12500875,False,REGULAR,USD,P,2026-08-31,14,776.3400268554688,2026-08-17T11:55:45+00:00
SPY260831P00653000,2026-08-13 18:28:48+00:00,653.0,0.09,0.0,0.0,0.0,0.0,1.0,711.0,0.12500875,False,REGULAR,USD,P,2026-08-31,14,776.3400268554688,2026-08-17T11:55:45+00:00
SPY260831P00654000,2026-08-14 17:55:06+00:00,654.0,0.07,0.0,0.0,0.0,0.0,83.0,4790.0,0.12500875,False,REGULAR,USD,P,2026-08-31,14,776.3400268554688,2026-08-17T11:55:45+00:00
SPY260831P00655000,2026-08-13 17:56:01+00:00,655.0,0.08,0.0,0.0,0.0,0.0,1.0,4064.0,0.12500875,False,REGULAR,USD,P,2026-08-31,14,776.3400268554688,2026-08-17T11:55:45+00:00
SPY260831P00656000,2026-08-12 18:24:37+00:00,656.0,0.11,0.0,0.0,0.0,0.0,1.0,863.0,0.12500875,False,REGULAR,USD,P,2026-08-31,14,776.3400268554688,2026-08-17T11:55:45+00:00
SPY260831P00657000,2026-08-10 13:33:17+00:00,657.0,0.17,0.0,0.0,0.0,0.0,2.0,831.0,0.12500875,False,REGULAR,USD,P,2026-08-31,14,776.3400268554688,2026-08-17T11:55:45+00:00
SPY260831P00658000,2026-08-14 18:57:43+00:00,658.0,0.07,0.0,0.0,0.0,0.0,10.0,487.0,0.12500875,False,REGULAR,USD,P,2026-08-31,14,776.3400268554688,2026-08-17T11:55:45+00:00
SPY260831P00659000,2026-08-13 18:51:58+00:00,659.0,0.09,0.0,0.0,0.0,0.0,1.0,4829.0,0.12500875,False,REGULAR,USD,P,2026-08-31,14,776.3400268554688,2026-08-17T11:55:45+00:00
SPY260831P00660000,2026-08-14 17:56:48+00:00,660.0,0.08,0.0,0.0,0.0,0.0,3024.0,3824.0,0.12500875,False,REGULAR,USD,P,2026-08-31,14,776.3400268554688,2026-08-17T11:55:45+00:00
SPY260831P00661000,2026-08-14 18:26:48+00:00,661.0,0.08,0.0,0.0,0.0,0.0,2914.0,3346.0,0.12500875,False,REGULAR,USD,P,2026-08-31,14,776.3400268554688,2026-08-17T11:55:45+00:00
SPY260831P00662000,2026-08-05 15:19:35+00:00,662.0,0.34,0.0,0.0,0.0,0.0,2.0,776.0,0.12500875,False,REGULAR,USD,P,2026-08-31,14,776.3400268554688,2026-08-17T11:55:45+00:00
SPY260831P00663000,2026-08-14 17:55:49+00:00,663.0,0.08,0.0,0.0,0.0,0.0,2.0,645.0,0.12500875,False,REGULAR,USD,P,2026-08-31,14,776.3400268554688,2026-08-17T11:55:45+00:00
SPY260831P00664000,2026-08-13 19:50:09+00:00,664.0,0.1,0.0,0.0,0.0,0.0,5.0,355.0,0.12500875,False,REGULAR,USD,P,2026-08-31,14,776.3400268554688,2026-08-17T11:55:45+00:00
SPY260831P00665000,2026-08-14 19:57:14+00:00,665.0,0.08,0.0,0.0,0.0,0.0,39.0,767.0,0.12500875,False,REGULAR,USD,P,2026-08-31,14,776.3400268554688,2026-08-17T11:55:45+00:00
SPY260831P00666000,2026-08-14 19:48:36+00:00,666.0,0.08,0.0,0.0,0.0,0.0,11.0,1117.0,0.12500875,False,REGULAR,USD,P,2026-08-31,14,776.3400268554688,2026-08-17T11:55:45+00:00
SPY260831P00667000,2026-08-14 19:48:47+00:00,667.0,0.08,0.0,0.0,0.0,0.0,1.0,402.0,0.12500875,False,REGULAR,USD,P,2026-08-31,14,776.3400268554688,2026-08-17T11:55:45+00:00
SPY260831P00668000,2026-08-14 18:57:43+00:00,668.0,0.09,0.0,0.0,0.0,0.0,12.0,1274.0,0.12500875,False,REGULAR,USD,P,2026-08-31,14,776.3400268554688,2026-08-17T11:55:45+00:00
SPY260831P00669000,2026-08-12 19:24:40+00:00,669.0,0.13,0.0,0.0,0.0,0.0,6.0,802.0,0.12500875,False,REGULAR,USD,P,2026-08-31,14,776.3400268554688,2026-08-17T11:55:45+00:00
SPY260831P00670000,2026-08-14 19:47:51+00:00,670.0,0.08,0.0,0.0,0.0,0.0,76.0,15439.0,0.12500875,False,REGULAR,USD,P,2026-08-31,14,776.3400268554688,2026-08-17T11:55:45+00:00
SPY260831P00671000,2026-08-12 13:50:53+00:00,671.0,0.15,0.0,0.0,0.0,0.0,12.0,668.0,0.12500875,False,REGULAR,USD,P,2026-08-31,14,776.3400268554688,2026-08-17T11:55:45+00:00
SPY260831P00672000,2026-08-10 20:12:53+00:00,672.0,0.24,0.0,0.0,0.0,0.0,43.0,576.0,0.12500875,False,REGULAR,USD,P,2026-08-31,14,776.3400268554688,2026-08-17T11:55:45+00:00
SPY260831P00673000,2026-08-12 19:24:40+00:00,673.0,0.16,0.0,0.0,0.0,0.0,4.0,777.0,0.12500875,False,REGULAR,USD,P,2026-08-31,14,776.3400268554688,2026-08-17T11:55:45+00:00
SPY260831P00674000,2026-08-13 17:08:10+00:00,674.0,0.13,0.0,0.0,0.0,0.0,1.0,571.0,0.12500875,False,REGULAR,USD,P,2026-08-31,14,776.3400268554688,2026-08-17T11:55:45+00:00
SPY260831P00675000,2026-08-14 17:29:06+00:00,675.0,0.1,0.0,0.0,0.0,0.0,4.0,2592.0,0.12500875,False,REGULAR,USD,P,2026-08-31,14,776.3400268554688,2026-08-17T11:55:45+00:00
SPY260831P00676000,2026-08-10 14:27:46+00:00,676.0,0.25,0.0,0.0,0.0,0.0,1.0,543.0,0.12500875,False,REGULAR,USD,P,2026-08-31,14,776.3400268554688,2026-08-17T11:55:45+00:00
SPY260831P00677000,2026-08-13 17:44:42+00:00,677.0,0.15,0.0,0.0,0.0,0.0,4.0,413.0,0.12500875,False,REGULAR,USD,P,2026-08-31,14,776.3400268554688,2026-08-17T11:55:45+00:00
SPY260831P00678000,2026-08-13 16:55:50+00:00,678.0,0.14,0.0,0.0,0.0,0.0,1.0,1180.0,0.12500875,False,REGULAR,USD,P,2026-08-31,14,776.3400268554688,2026-08-17T11:55:45+00:00
SPY260831P00679000,2026-08-14 14:30:44+00:00,679.0,0.13,0.0,0.0,0.0,0.0,606.0,1067.0,0.12500875,False,REGULAR,USD,P,2026-08-31,14,776.3400268554688,2026-08-17T11:55:45+00:00
SPY260831P00680000,2026-08-14 19:36:35+00:00,680.0,0.11,0.0,0.0,0.0,0.0,61.0,2779.0,0.12500875,False,REGULAR,USD,P,2026-08-31,14,776.3400268554688,2026-08-17T11:55:45+00:00
SPY260831P00681000,2026-08-14 16:37:17+00:00,681.0,0.13,0.0,0.0,0.0,0.0,2.0,728.0,0.12500875,False,REGULAR,USD,P,2026-08-31,14,776.3400268554688,2026-08-17T11:55:45+00:00
SPY260831P00682000,2026-08-14 15:42:22+00:00,682.0,0.15,0.0,0.0,0.0,0.0,1.0,546.0,0.12500875,False,REGULAR,USD,P,2026-08-31,14,776.3400268554688,2026-08-17T11:55:45+00:00
SPY260831P00683000,2026-08-14 14:47:20+00:00,683.0,0.14,0.0,0.0,0.0,0.0,35.0,5860.0,0.12500875,False,REGULAR,USD,P,2026-08-31,14,776.3400268554688,2026-08-17T11:55:45+00:00
SPY260831P00684000,2026-08-14 16:37:17+00:00,684.0,0.14,0.0,0.0,0.0,0.0,1.0,581.0,0.12500875,False,REGULAR,USD,P,2026-08-31,14,776.3400268554688,2026-08-17T11:55:45+00:00
SPY260831P00685000,2026-08-14 19:47:43+00:00,685.0,0.13,0.0,0.0,0.0,0.0,104.0,2845.0,0.12500875,False,REGULAR,USD,P,2026-08-31,14,776.3400268554688,2026-08-17T11:55:45+00:00
SPY260831P00686000,2026-08-14 14:33:38+00:00,686.0,0.16,0.0,0.0,0.0,0.0,1.0,4937.0,0.12500875,False,REGULAR,USD,P,2026-08-31,14,776.3400268554688,2026-08-17T11:55:45+00:00
SPY260831P00687000,2026-08-12 15:32:47+00:00,687.0,0.25,0.0,0.0,0.0,0.0,5.0,480.0,0.12500875,False,REGULAR,USD,P,2026-08-31,14,776.3400268554688,2026-08-17T11:55:45+00:00
SPY260831P00688000,2026-08-14 14:41:42+00:00,688.0,0.15,0.0,0.0,0.0,0.0,1.0,646.0,0.12500875,False,REGULAR,USD,P,2026-08-31,14,776.3400268554688,2026-08-17T11:55:45+00:00
SPY260831P00689000,2026-08-13 14:29:21+00:00,689.0,0.18,0.0,0.0,0.0,0.0,1.0,1291.0,0.12500875,False,REGULAR,USD,P,2026-08-31,14,776.3400268554688,2026-08-17T11:55:45+00:00
SPY260831P00690000,2026-08-14 19:47:43+00:00,690.0,0.15,0.0,0.0,0.0,0.0,326.0,7000.0,0.12500875,False,REGULAR,USD,P,2026-08-31,14,776.3400268554688,2026-08-17T11:55:45+00:00
SPY260831P00691000,2026-08-14 13:31:58+00:00,691.0,0.18,0.0,0.0,0.0,0.0,5.0,1353.0,0.12500875,False,REGULAR,USD,P,2026-08-31,14,776.3400268554688,2026-08-17T11:55:45+00:00
SPY260831P00692000,2026-08-13 18:50:48+00:00,692.0,0.2,0.0,0.0,0.0,0.0,3.0,582.0,0.12500875,False,REGULAR,USD,P,2026-08-31,14,776.3400268554688,2026-08-17T11:55:45+00:00
SPY260831P00693000,2026-08-13 15:36:27+00:00,693.0,0.23,0.0,0.0,0.0,0.0,3.0,1045.0,0.12500875,False,REGULAR,USD,P,2026-08-31,14,776.3400268554688,2026-08-17T11:55:45+00:00
SPY260831P00694000,2026-08-14 18:19:53+00:00,694.0,0.18,0.0,0.0,0.0,0.0,54.0,655.0,0.12500875,False,REGULAR,USD,P,2026-08-31,14,776.3400268554688,2026-08-17T11:55:45+00:00
SPY260831P00695000,2026-08-14 19:36:35+00:00,695.0,0.18,0.0,0.0,0.0,0.0,68.0,3286.0,0.12500875,False,REGULAR,USD,P,2026-08-31,14,776.3400268554688,2026-08-17T11:55:45+00:00
SPY260831P00696000,2026-08-14 13:37:03+00:00,696.0,0.21,0.0,0.0,0.0,0.0,1.0,523.0,0.12500875,False,REGULAR,USD,P,2026-08-31,14,776.3400268554688,2026-08-17T11:55:45+00:00
SPY260831P00697000,2026-08-13 14:09:46+00:00,697.0,0.22,0.0,0.0,0.0,0.0,53.0,905.0,0.12500875,False,REGULAR,USD,P,2026-08-31,14,776.3400268554688,2026-08-17T11:55:45+00:00
SPY260831P00698000,2026-08-13 15:24:38+00:00,698.0,0.23,0.0,0.0,0.0,0.0,6.0,1044.0,0.12500875,False,REGULAR,USD,P,2026-08-31,14,776.3400268554688,2026-08-17T11:55:45+00:00
SPY260831P00699000,2026-08-14 19:48:23+00:00,699.0,0.19,0.0,0.0,0.0,0.0,3.0,974.0,0.12500875,False,REGULAR,USD,P,2026-08-31,14,776.3400268554688,2026-08-17T11:55:45+00:00
SPY260831P00700000,2026-08-14 19:55:42+00:00,700.0,0.19,0.0,0.0,0.0,0.0,196.0,9617.0,0.12500875,False,REGULAR,USD,P,2026-08-31,14,776.3400268554688,2026-08-17T11:55:45+00:00
SPY260831P00701000,2026-08-14 14:10:38+00:00,701.0,0.23,0.0,0.0,0.0,0.0,2.0,580.0,0.12500875,False,REGULAR,USD,P,2026-08-31,14,776.3400268554688,2026-08-17T11:55:45+00:00
SPY260831P00702000,2026-08-13 15:32:29+00:00,702.0,0.28,0.0,0.0,0.0,0.0,1.0,857.0,0.12500875,False,REGULAR,USD,P,2026-08-31,14,776.3400268554688,2026-08-17T11:55:45+00:00
SPY260831P00703000,2026-08-14 17:55:35+00:00,703.0,0.24,0.0,0.0,0.0,0.0,10.0,1052.0,0.12500875,False,REGULAR,USD,P,2026-08-31,14,776.3400268554688,2026-08-17T11:55:45+00:00
SPY260831P00704000,2026-08-13 14:26:08+00:00,704.0,0.25,0.0,0.0,0.0,0.0,16.0,801.0,0.12500875,False,REGULAR,USD,P,2026-08-31,14,776.3400268554688,2026-08-17T11:55:45+00:00
SPY260831P00705000,2026-08-14 18:34:25+00:00,705.0,0.25,0.0,0.0,0.0,0.0,8.0,12331.0,0.12500875,False,REGULAR,USD,P,2026-08-31,14,776.3400268554688,2026-08-17T11:55:45+00:00
SPY260831P00706000,2026-08-13 17:20:35+00:00,706.0,0.3,0.0,0.0,0.0,0.0,17.0,718.0,0.12500875,False,REGULAR,USD,P,2026-08-31,14,776.3400268554688,2026-08-17T11:55:45+00:00
SPY260831P00707000,2026-08-14 19:49:14+00:00,707.0,0.23,0.0,0.0,0.0,0.0,2.0,479.0,0.12500875,False,REGULAR,USD,P,2026-08-31,14,776.3400268554688,2026-08-17T11:55:45+00:00
SPY260831P00708000,2026-08-14 17:10:34+00:00,708.0,0.28,0.0,0.0,0.0,0.0,4.0,993.0,0.12500875,False,REGULAR,USD,P,2026-08-31,14,776.3400268554688,2026-08-17T11:55:45+00:00
SPY260831P00709000,2026-08-14 14:48:26+00:00,709.0,0.28,0.0,0.0,0.0,0.0,3.0,1133.0,0.12500875,False,REGULAR,USD,P,2026-08-31,14,776.3400268554688,2026-08-17T11:55:45+00:00
SPY260831P00710000,2026-08-14 19:55:42+00:00,710.0,0.26,0.0,0.0,0.0,0.0,42.0,20583.0,0.12500875,False,REGULAR,USD,P,2026-08-31,14,776.3400268554688,2026-08-17T11:55:45+00:00
SPY260831P00711000,2026-08-13 18:50:07+00:00,711.0,0.34,0.0,0.0,0.0,0.0,150.0,874.0,0.062509375,False,REGULAR,USD,P,2026-08-31,14,776.3400268554688,2026-08-17T11:55:45+00:00
SPY260831P00712000,2026-08-14 19:53:13+00:00,712.0,0.27,0.0,0.0,0.0,0.0,4.0,1236.0,0.062509375,False,REGULAR,USD,P,2026-08-31,14,776.3400268554688,2026-08-17T11:55:45+00:00
SPY260831P00713000,2026-08-14 19:07:22+00:00,713.0,0.32,0.0,0.0,0.0,0.0,17.0,1457.0,0.062509375,False,REGULAR,USD,P,2026-08-31,14,776.3400268554688,2026-08-17T11:55:45+00:00
SPY260831P00714000,2026-08-14 15:41:49+00:00,714.0,0.36,0.0,0.0,0.0,0.0,14.0,5506.0,0.062509375,False,REGULAR,USD,P,2026-08-31,14,776.3400268554688,2026-08-17T11:55:45+00:00
SPY260831P00715000,2026-08-14 18:54:51+00:00,715.0,0.33,0.0,0.0,0.0,0.0,30.0,4328.0,0.062509375,False,REGULAR,USD,P,2026-08-31,14,776.3400268554688,2026-08-17T11:55:45+00:00
SPY260831P00716000,2026-08-13 16:34:39+00:00,716.0,0.41,0.0,0.0,0.0,0.0,305.0,935.0,0.062509375,False,REGULAR,USD,P,2026-08-31,14,776.3400268554688,2026-08-17T11:55:45+00:00
SPY260831P00717000,2026-08-14 20:05:08+00:00,717.0,0.31,0.0,0.0,0.0,0.0,191.0,20887.0,0.062509375,False,REGULAR,USD,P,2026-08-31,14,776.3400268554688,2026-08-17T11:55:45+00:00
SPY260831P00718000,2026-08-14 19:25:04+00:00,718.0,0.36,0.0,0.0,0.0,0.0,13.0,12292.0,0.062509375,False,REGULAR,USD,P,2026-08-31,14,776.3400268554688,2026-08-17T11:55:45+00:00
SPY260831P00719000,2026-08-14 18:45:51+00:00,719.0,0.37,0.0,0.0,0.0,0.0,9.0,1100.0,0.062509375,False,REGULAR,USD,P,2026-08-31,14,776.3400268554688,2026-08-17T11:55:45+00:00
SPY260831P00720000,2026-08-14 19:53:08+00:00,720.0,0.35,0.0,0.0,0.0,0.0,411.0,30370.0,0.062509375,False,REGULAR,USD,P,2026-08-31,14,776.3400268554688,2026-08-17T11:55:45+00:00
SPY260831P00721000,2026-08-14 17:02:33+00:00,721.0,0.42,0.0,0.0,0.0,0.0,25.0,4488.0,0.062509375,False,REGULAR,USD,P,2026-08-31,14,776.3400268554688,2026-08-17T11:55:45+00:00
SPY260831P00722000,2026-08-14 19:48:30+00:00,722.0,0.37,0.0,0.0,0.0,0.0,25.0,751.0,0.062509375,False,REGULAR,USD,P,2026-08-31,14,776.3400268554688,2026-08-17T11:55:45+00:00
SPY260831P00723000,2026-08-14 17:33:23+00:00,723.0,0.42,0.0,0.0,0.0,0.0,100.0,742.0,0.062509375,False,REGULAR,USD,P,2026-08-31,14,776.3400268554688,2026-08-17T11:55:45+00:00
SPY260831P00724000,2026-08-14 20:11:43+00:00,724.0,0.4,0.0,0.0,0.0,0.0,53.0,586.0,0.062509375,False,REGULAR,USD,P,2026-08-31,14,776.3400268554688,2026-08-17T11:55:45+00:00
SPY260831P00725000,2026-08-14 18:01:06+00:00,725.0,0.45,0.0,0.0,0.0,0.0,396.0,13428.0,0.062509375,False,REGULAR,USD,P,2026-08-31,14,776.3400268554688,2026-08-17T11:55:45+00:00
SPY260831P00726000,2026-08-14 14:30:08+00:00,726.0,0.48,0.0,0.0,0.0,0.0,53.0,1379.0,0.062509375,False,REGULAR,USD,P,2026-08-31,14,776.3400268554688,2026-08-17T11:55:45+00:00
SPY260831P00727000,2026-08-14 18:29:02+00:00,727.0,0.49,0.0,0.0,0.0,0.0,187.0,1883.0,0.062509375,False,REGULAR,USD,P,2026-08-31,14,776.3400268554688,2026-08-17T11:55:45+00:00
SPY260831P00728000,2026-08-14 13:55:57+00:00,728.0,0.49,0.0,0.0,0.0,0.0,73.0,1129.0,0.062509375,False,REGULAR,USD,P,2026-08-31,14,776.3400268554688,2026-08-17T11:55:45+00:00
SPY260831P00729000,2026-08-14 19:53:32+00:00,729.0,0.47,0.0,0.0,0.0,0.0,522.0,4514.0,0.062509375,False,REGULAR,USD,P,2026-08-31,14,776.3400268554688,2026-08-17T11:55:45+00:00
SPY260831P00730000,2026-08-14 19:07:52+00:00,730.0,0.54,0.0,0.0,0.0,0.0,1278.0,29960.0,0.062509375,False,REGULAR,USD,P,2026-08-31,14,776.3400268554688,2026-08-17T11:55:45+00:00
SPY260831P00731000,2026-08-14 19:51:07+00:00,731.0,0.5,0.0,0.0,0.0,0.0,422.0,858.0,0.062509375,False,REGULAR,USD,P,2026-08-31,14,776.3400268554688,2026-08-17T11:55:45+00:00
SPY260831P00732000,2026-08-14 15:13:23+00:00,732.0,0.58,0.0,0.0,0.0,0.0,5.0,1806.0,0.062509375,False,REGULAR,USD,P,2026-08-31,14,776.3400268554688,2026-08-17T11:55:45+00:00
SPY260831P00733000,2026-08-14 19:48:24+00:00,733.0,0.55,0.0,0.0,0.0,0.0,151.0,1205.0,0.062509375,False,REGULAR,USD,P,2026-08-31,14,776.3400268554688,2026-08-17T11:55:45+00:00
SPY260831P00734000,2026-08-14 19:18:36+00:00,734.0,0.62,0.0,0.0,0.0,0.0,238.0,664.0,0.062509375,False,REGULAR,USD,P,2026-08-31,14,776.3400268554688,2026-08-17T11:55:45+00:00
SPY260831P00735000,2026-08-14 20:06:54+00:00,735.0,0.59,0.0,0.0,0.0,0.0,452.0,12630.0,0.062509375,False,REGULAR,USD,P,2026-08-31,14,776.3400268554688,2026-08-17T11:55:45+00:00
SPY260831P00736000,2026-08-14 18:53:38+00:00,736.0,0.67,0.0,0.0,0.0,0.0,288.0,1981.0,0.062509375,False,REGULAR,USD,P,2026-08-31,14,776.3400268554688,2026-08-17T11:55:45+00:00
SPY260831P00737000,2026-08-14 19:48:30+00:00,737.0,0.64,0.0,0.0,0.0,0.0,597.0,1602.0,0.062509375,False,REGULAR,USD,P,2026-08-31,14,776.3400268554688,2026-08-17T11:55:45+00:00
SPY260831P00738000,2026-08-14 20:09:29+00:00,738.0,0.68,0.0,0.0,0.0,0.0,252.0,3647.0,0.062509375,False,REGULAR,USD,P,2026-08-31,14,776.3400268554688,2026-08-17T11:55:45+00:00
SPY260831P00739000,2026-08-14 19:44:49+00:00,739.0,0.73,0.0,0.0,0.0,0.0,102.0,2958.0,0.062509375,False,REGULAR,USD,P,2026-08-31,14,776.3400268554688,2026-08-17T11:55:45+00:00
SPY260831P00740000,2026-08-14 20:08:38+00:00,740.0,0.73,0.0,0.0,0.0,0.0,2440.0,14047.0,0.062509375,False,REGULAR,USD,P,2026-08-31,14,776.3400268554688,2026-08-17T11:55:45+00:00
SPY260831P00741000,2026-08-14 20:14:05+00:00,741.0,0.75,0.0,0.0,0.0,0.0,620.0,1571.0,0.062509375,False,REGULAR,USD,P,2026-08-31,14,776.3400268554688,2026-08-17T11:55:45+00:00
SPY260831P00742000,2026-08-14 19:56:24+00:00,742.0,0.84,0.0,0.0,0.0,0.0,848.0,969.0,0.062509375,False,REGULAR,USD,P,2026-08-31,14,776.3400268554688,2026-08-17T11:55:45+00:00
SPY260831P00743000,2026-08-14 19:06:54+00:00,743.0,0.92,0.0,0.0,0.0,0.0,647.0,3002.0,0.062509375,False,REGULAR,USD,P,2026-08-31,14,776.3400268554688,2026-08-17T11:55:45+00:00
SPY260831P00744000,2026-08-14 19:06:01+00:00,744.0,0.95,0.0,0.0,0.0,0.0,892.0,2627.0,0.062509375,False,REGULAR,USD,P,2026-08-31,14,776.3400268554688,2026-08-17T11:55:45+00:00
SPY260831P00745000,2026-08-14 20:00:31+00:00,745.0,0.92,0.0,0.0,0.0,0.0,1570.0,8000.0,0.0312596875,False,REGULAR,USD,P,2026-08-31,14,776.3400268554688,2026-08-17T11:55:45+00:00
SPY260831P00746000,2026-08-14 19:48:41+00:00,746.0,0.96,0.0,0.0,0.0,0.0,864.0,1740.0,0.0312596875,False,REGULAR,USD,P,2026-08-31,14,776.3400268554688,2026-08-17T11:55:45+00:00
SPY260831P00747000,2026-08-14 20:02:53+00:00,747.0,1.01,0.0,0.0,0.0,0.0,1908.0,5658.0,0.0312596875,False,REGULAR,USD,P,2026-08-31,14,776.3400268554688,2026-08-17T11:55:45+00:00
SPY260831P00748000,2026-08-14 19:56:23+00:00,748.0,1.1,0.0,0.0,0.0,0.0,391.0,3279.0,0.0312596875,False,REGULAR,USD,P,2026-08-31,14,776.3400268554688,2026-08-17T11:55:45+00:00
SPY260831P00749000,2026-08-14 18:29:12+00:00,749.0,1.21,0.0,0.0,0.0,0.0,458.0,1161.0,0.0312596875,False,REGULAR,USD,P,2026-08-31,14,776.3400268554688,2026-08-17T11:55:45+00:00
SPY260831P00750000,2026-08-14 20:12:59+00:00,750.0,1.21,0.0,0.0,0.0,0.0,1413.0,14411.0,0.0312596875,False,REGULAR,USD,P,2026-08-31,14,776.3400268554688,2026-08-17T11:55:45+00:00
SPY260831P00751000,2026-08-14 19:56:23+00:00,751.0,1.29,0.0,0.0,0.0,0.0,531.0,670.0,0.0312596875,False,REGULAR,USD,P,2026-08-31,14,776.3400268554688,2026-08-17T11:55:45+00:00
SPY260831P00752000,2026-08-14 19:58:42+00:00,752.0,1.37,0.0,0.0,0.0,0.0,428.0,606.0,0.0312596875,False,REGULAR,USD,P,2026-08-31,14,776.3400268554688,2026-08-17T11:55:45+00:00
SPY260831P00753000,2026-08-14 19:56:23+00:00,753.0,1.44,0.0,0.0,0.0,0.0,474.0,1969.0,0.0312596875,False,REGULAR,USD,P,2026-08-31,14,776.3400268554688,2026-08-17T11:55:45+00:00
SPY260831P00754000,2026-08-14 19:47:06+00:00,754.0,1.52,0.0,0.0,0.0,0.0,438.0,1286.0,0.0312596875,False,REGULAR,USD,P,2026-08-31,14,776.3400268554688,2026-08-17T11:55:45+00:00
SPY260831P00755000,2026-08-14 20:00:20+00:00,755.0,1.6,0.0,0.0,0.0,0.0,651.0,6052.0,0.0312596875,False,REGULAR,USD,P,2026-08-31,14,776.3400268554688,2026-08-17T11:55:45+00:00
SPY260831P00756000,2026-08-14 19:53:16+00:00,756.0,1.66,0.0,0.0,0.0,0.0,1324.0,3769.0,0.0312596875,False,REGULAR,USD,P,2026-08-31,14,776.3400268554688,2026-08-17T11:55:45+00:00
SPY260831P00757000,2026-08-14 20:06:59+00:00,757.0,1.8,0.0,0.0,0.0,0.0,41.0,4851.0,0.0312596875,False,REGULAR,USD,P,2026-08-31,14,776.3400268554688,2026-08-17T11:55:45+00:00
SPY260831P00758000,2026-08-14 19:45:40+00:00,758.0,1.93,0.0,0.0,0.0,0.0,351.0,1995.0,0.0312596875,False,REGULAR,USD,P,2026-08-31,14,776.3400268554688,2026-08-17T11:55:45+00:00
SPY260831P00759000,2026-08-14 19:59:46+00:00,759.0,2.0,0.0,0.0,0.0,0.0,473.0,1069.0,0.0312596875,False,REGULAR,USD,P,2026-08-31,14,776.3400268554688,2026-08-17T11:55:45+00:00
SPY260831P00760000,2026-08-14 20:13:46+00:00,760.0,2.16,0.0,0.0,0.0,0.0,1828.0,19786.0,0.0312596875,False,REGULAR,USD,P,2026-08-31,14,776.3400268554688,2026-08-17T11:55:45+00:00
SPY260831P00761000,2026-08-14 20:11:06+00:00,761.0,2.33,0.0,0.0,0.0,0.0,282.0,800.0,0.015634843750000002,False,REGULAR,USD,P,2026-08-31,14,776.3400268554688,2026-08-17T11:55:45+00:00
SPY260831P00762000,2026-08-14 20:11:06+00:00,762.0,2.49,0.0,0.0,0.0,0.0,679.0,844.0,0.015634843750000002,False,REGULAR,USD,P,2026-08-31,14,776.3400268554688,2026-08-17T11:55:45+00:00
SPY260831P00763000,2026-08-14 20:13:20+00:00,763.0,2.65,0.0,0.0,0.0,0.0,107.0,973.0,0.015634843750000002,False,REGULAR,USD,P,2026-08-31,14,776.3400268554688,2026-08-17T11:55:45+00:00
SPY260831P00764000,2026-08-14 19:54:11+00:00,764.0,2.78,0.0,0.0,0.0,0.0,58.0,499.0,0.015634843750000002,False,REGULAR,USD,P,2026-08-31,14,776.3400268554688,2026-08-17T11:55:45+00:00
SPY260831P00765000,2026-08-14 20:10:38+00:00,765.0,3.01,0.0,0.0,0.0,0.0,994.0,12314.0,0.015634843750000002,False,REGULAR,USD,P,2026-08-31,14,776.3400268554688,2026-08-17T11:55:45+00:00
SPY260831P00766000,2026-08-14 20:08:37+00:00,766.0,3.25,0.0,0.0,0.0,0.0,976.0,3474.0,0.015634843750000002,False,REGULAR,USD,P,2026-08-31,14,776.3400268554688,2026-08-17T11:55:45+00:00
SPY260831P00767000,2026-08-14 20:08:37+00:00,767.0,3.47,0.0,0.0,0.0,0.0,41.0,498.0,0.015634843750000002,False,REGULAR,USD,P,2026-08-31,14,776.3400268554688,2026-08-17T11:55:45+00:00
SPY260831P00768000,2026-08-14 20:13:20+00:00,768.0,3.71,0.0,0.0,0.0,0.0,82.0,2599.0,0.015634843750000002,False,REGULAR,USD,P,2026-08-31,14,776.3400268554688,2026-08-17T11:55:45+00:00
SPY260831P00769000,2026-08-14 20:13:20+00:00,769.0,3.97,0.0,0.0,0.0,0.0,35.0,419.0,0.015634843750000002,False,REGULAR,USD,P,2026-08-31,14,776.3400268554688,2026-08-17T11:55:45+00:00
SPY260831P00770000,2026-08-14 20:14:56+00:00,770.0,4.23,0.0,0.0,0.0,0.0,1242.0,5474.0,0.007822421875,False,REGULAR,USD,P,2026-08-31,14,776.3400268554688,2026-08-17T11:55:45+00:00
SPY260831P00771000,2026-08-14 20:14:19+00:00,771.0,4.5,0.0,0.0,0.0,0.0,251.0,493.0,0.007822421875,False,REGULAR,USD,P,2026-08-31,14,776.3400268554688,2026-08-17T11:55:45+00:00
SPY260831P00772000,2026-08-14 20:05:21+00:00,772.0,4.84,0.0,0.0,0.0,0.0,127.0,793.0,0.007822421875,False,REGULAR,USD,P,2026-08-31,14,776.3400268554688,2026-08-17T11:55:45+00:00
SPY260831P00773000,2026-08-14 20:13:20+00:00,773.0,5.19,0.0,0.0,0.0,0.0,64.0,991.0,0.0039162109375,False,REGULAR,USD,P,2026-08-31,14,776.3400268554688,2026-08-17T11:55:45+00:00
SPY260831P00774000,2026-08-14 19:43:06+00:00,774.0,5.5,0.0,0.0,0.0,0.0,66.0,1585.0,0.0039162109375,False,REGULAR,USD,P,2026-08-31,14,776.3400268554688,2026-08-17T11:55:45+00:00
SPY260831P00775000,2026-08-14 20:14:49+00:00,775.0,5.88,0.0,0.0,0.0,0.0,581.0,750.0,0.00196310546875,False,REGULAR,USD,P,2026-08-31,14,776.3400268554688,2026-08-17T11:55:45+00:00
SPY260831P00776000,2026-08-14 20:08:27+00:00,776.0,6.39,0.0,0.0,0.0,0.0,173.0,717.0,0.000986552734375,False,REGULAR,USD,P,2026-08-31,14,776.3400268554688,2026-08-17T11:55:45+00:00
SPY260831P00777000,2026-08-14 20:00:01+00:00,777.0,6.62,0.0,0.0,0.0,0.0,323.0,987.0,1.0000000000000003e-05,True,REGULAR,USD,P,2026-08-31,14,776.3400268554688,2026-08-17T11:55:45+00:00
SPY260831P00778000,2026-08-14 19:43:06+00:00,778.0,7.16,0.0,0.0,0.0,0.0,280.0,553.0,1.0000000000000003e-05,True,REGULAR,USD,P,2026-08-31,14,776.3400268554688,2026-08-17T11:55:45+00:00
SPY260831P00779000,2026-08-14 19:02:56+00:00,779.0,7.73,0.0,0.0,0.0,0.0,26.0,544.0,1.0000000000000003e-05,True,REGULAR,USD,P,2026-08-31,14,776.3400268554688,2026-08-17T11:55:45+00:00
SPY260831P00780000,2026-08-14 18:57:09+00:00,780.0,8.24,0.0,0.0,0.0,0.0,130.0,1350.0,1.0000000000000003e-05,True,REGULAR,USD,P,2026-08-31,14,776.3400268554688,2026-08-17T11:55:45+00:00
SPY260831P00781000,2026-08-14 18:47:06+00:00,781.0,8.79,0.0,0.0,0.0,0.0,14.0,1856.0,1.0000000000000003e-05,True,REGULAR,USD,P,2026-08-31,14,776.3400268554688,2026-08-17T11:55:45+00:00
SPY260831P00782000,2026-08-14 19:11:21+00:00,782.0,9.47,0.0,0.0,0.0,0.0,40.0,1626.0,1.0000000000000003e-05,True,REGULAR,USD,P,2026-08-31,14,776.3400268554688,2026-08-17T11:55:45+00:00
SPY260831P00783000,2026-08-14 18:43:24+00:00,783.0,9.9,0.0,0.0,0.0,0.0,6.0,1924.0,1.0000000000000003e-05,True,REGULAR,USD,P,2026-08-31,14,776.3400268554688,2026-08-17T11:55:45+00:00
SPY260831P00784000,2026-08-06 19:56:16+00:00,784.0,17.68,0.0,0.0,0.0,0.0,43.0,1348.0,1.0000000000000003e-05,True,REGULAR,USD,P,2026-08-31,14,776.3400268554688,2026-08-17T11:55:45+00:00
SPY260831P00785000,2026-08-14 19:39:54+00:00,785.0,11.1,0.0,0.0,0.0,0.0,1.0,408.0,1.0000000000000003e-05,True,REGULAR,USD,P,2026-08-31,14,776.3400268554688,2026-08-17T11:55:45+00:00
SPY260831P00786000,2026-08-14 20:03:58+00:00,786.0,11.83,0.0,0.0,0.0,0.0,3.0,686.0,1.0000000000000003e-05,True,REGULAR,USD,P,2026-08-31,14,776.3400268554688,2026-08-17T11:55:45+00:00
SPY260831P00787000,2026-08-14 15:44:56+00:00,787.0,12.9,0.0,0.0,0.0,0.0,2.0,212.0,1.0000000000000003e-05,True,REGULAR,USD,P,2026-08-31,14,776.3400268554688,2026-08-17T11:55:45+00:00
SPY260831P00788000,2026-08-14 14:01:12+00:00,788.0,12.05,0.0,0.0,0.0,0.0,2.0,338.0,1.0000000000000003e-05,True,REGULAR,USD,P,2026-08-31,14,776.3400268554688,2026-08-17T11:55:45+00:00
SPY260831P00789000,2026-08-13 20:03:14+00:00,789.0,13.58,0.0,0.0,0.0,0.0,1.0,131.0,1.0000000000000003e-05,True,REGULAR,USD,P,2026-08-31,14,776.3400268554688,2026-08-17T11:55:45+00:00
SPY260831P00790000,2026-08-14 17:53:00+00:00,790.0,15.28,0.0,0.0,0.0,0.0,27.0,408.0,1.0000000000000003e-05,True,REGULAR,USD,P,2026-08-31,14,776.3400268554688,2026-08-17T11:55:45+00:00
SPY260831P00791000,2026-08-13 19:14:06+00:00,791.0,14.9,0.0,0.0,0.0,0.0,4.0,480.0,1.0000000000000003e-05,True,REGULAR,USD,P,2026-08-31,14,776.3400268554688,2026-08-17T11:55:45+00:00
SPY260831P00792000,2026-08-04 17:28:54+00:00,792.0,22.93,0.0,0.0,0.0,0.0,44.0,186.0,1.0000000000000003e-05,True,REGULAR,USD,P,2026-08-31,14,776.3400268554688,2026-08-17T11:55:45+00:00
SPY260831P00793000,2026-08-14 15:08:44+00:00,793.0,17.0,0.0,0.0,0.0,0.0,2.0,169.0,1.0000000000000003e-05,True,REGULAR,USD,P,2026-08-31,14,776.3400268554688,2026-08-17T11:55:45+00:00
SPY260831P00794000,2026-08-13 19:56:35+00:00,794.0,17.69,0.0,0.0,0.0,0.0,6.0,34.0,1.0000000000000003e-05,True,REGULAR,USD,P,2026-08-31,14,776.3400268554688,2026-08-17T11:55:45+00:00
SPY260831P00795000,2026-08-13 19:12:01+00:00,795.0,17.82,0.0,0.0,0.0,0.0,5.0,225.0,1.0000000000000003e-05,True,REGULAR,USD,P,2026-08-31,14,776.3400268554688,2026-08-17T11:55:45+00:00
SPY260831P00796000,2026-08-13 19:12:01+00:00,796.0,18.64,0.0,0.0,0.0,0.0,1.0,92.0,1.0000000000000003e-05,True,REGULAR,USD,P,2026-08-31,14,776.3400268554688,2026-08-17T11:55:45+00:00
SPY260831P00797000,2026-08-06 14:33:45+00:00,797.0,26.99,0.0,0.0,0.0,0.0,176.0,93.0,1.0000000000000003e-05,True,REGULAR,USD,P,2026-08-31,14,776.3400268554688,2026-08-17T11:55:45+00:00
SPY260831P00798000,2026-08-06 14:33:45+00:00,798.0,27.89,0.0,0.0,0.0,0.0,62.0,51.0,1.0000000000000003e-05,True,REGULAR,USD,P,2026-08-31,14,776.3400268554688,2026-08-17T11:55:45+00:00
SPY260831P00799000,2026-08-10 13:53:18+00:00,799.0,26.47,0.0,0.0,0.0,0.0,2.0,0.0,1.0000000000000003e-05,True,REGULAR,USD,P,2026-08-31,14,776.3400268554688,2026-08-17T11:55:45+00:00
SPY260831P00800000,2026-08-14 14:12:28+00:00,800.0,21.6,0.0,0.0,0.0,0.0,1.0,13.0,1.0000000000000003e-05,True,REGULAR,USD,P,2026-08-31,14,776.3400268554688,2026-08-17T11:55:45+00:00
SPY260831P00801000,2026-08-13 13:58:54+00:00,801.0,23.53,0.0,0.0,0.0,0.0,2.0,0.0,1.0000000000000003e-05,True,REGULAR,USD,P,2026-08-31,14,776.3400268554688,2026-08-17T11:55:45+00:00
SPY260831P00802000,2026-08-06 14:33:48+00:00,802.0,31.73,0.0,0.0,0.0,0.0,,0.0,1.0000000000000003e-05,True,REGULAR,USD,P,2026-08-31,14,776.3400268554688,2026-08-17T11:55:45+00:00
SPY260831P00803000,2026-08-10 13:53:18+00:00,803.0,30.26,0.0,0.0,0.0,0.0,2.0,0.0,1.0000000000000003e-05,True,REGULAR,USD,P,2026-08-31,14,776.3400268554688,2026-08-17T11:55:45+00:00
SPY260831P00804000,2026-08-07 16:16:37+00:00,804.0,30.93,0.0,0.0,0.0,0.0,6.0,0.0,1.0000000000000003e-05,True,REGULAR,USD,P,2026-08-31,14,776.3400268554688,2026-08-17T11:55:45+00:00
SPY260831P00805000,2026-08-11 17:02:46+00:00,805.0,34.1,0.0,0.0,0.0,0.0,1.0,0.0,1.0000000000000003e-05,True,REGULAR,USD,P,2026-08-31,14,776.3400268554688,2026-08-17T11:55:45+00:00
SPY260831P00806000,2026-08-06 14:33:50+00:00,806.0,35.64,0.0,0.0,0.0,0.0,,0.0,1.0000000000000003e-05,True,REGULAR,USD,P,2026-08-31,14,776.3400268554688,2026-08-17T11:55:45+00:00
SPY260831P00807000,2026-08-10 14:21:18+00:00,807.0,32.74,0.0,0.0,0.0,0.0,2.0,0.0,1.0000000000000003e-05,True,REGULAR,USD,P,2026-08-31,14,776.3400268554688,2026-08-17T11:55:45+00:00
SPY260831P00808000,2026-08-06 15:51:31+00:00,808.0,38.88,0.0,0.0,0.0,0.0,,0.0,1.0000000000000003e-05,True,REGULAR,USD,P,2026-08-31,14,776.3400268554688,2026-08-17T11:55:45+00:00
SPY260831P00809000,2026-08-06 14:33:51+00:00,809.0,38.63,0.0,0.0,0.0,0.0,,0.0,1.0000000000000003e-05,True,REGULAR,USD,P,2026-08-31,14,776.3400268554688,2026-08-17T11:55:45+00:00
SPY260831P00810000,2026-08-06 18:19:07+00:00,810.0,40.44,0.0,0.0,0.0,0.0,,0.0,1.0000000000000003e-05,True,REGULAR,USD,P,2026-08-31,14,776.3400268554688,2026-08-17T11:55:45+00:00
SPY260831P00815000,2026-08-12 16:56:29+00:00,815.0,42.04,0.0,0.0,0.0,0.0,1.0,1.0,1.0000000000000003e-05,True,REGULAR,USD,P,2026-08-31,14,776.3400268554688,2026-08-17T11:55:45+00:00
SPY260831P00820000,2026-08-05 13:39:14+00:00,820.0,44.63,0.0,0.0,0.0,0.0,,0.0,1.0000000000000003e-05,True,REGULAR,USD,P,2026-08-31,14,776.3400268554688,2026-08-17T11:55:45+00:00
SPY260831P00825000,2026-08-05 13:41:31+00:00,825.0,48.91,0.0,0.0,0.0,0.0,2.0,0.0,1.0000000000000003e-05,True,REGULAR,USD,P,2026-08-31,14,776.3400268554688,2026-08-17T11:55:45+00:00
SPY260831P00830000,2026-08-04 19:52:28+00:00,830.0,57.75,0.0,0.0,0.0,0.0,,0.0,1.0000000000000003e-05,True,REGULAR,USD,P,2026-08-31,14,776.3400268554688,2026-08-17T11:55:45+00:00
SPY260831P00835000,2026-08-04 17:30:33+00:00,835.0,63.97,0.0,0.0,0.0,0.0,,0.0,1.0000000000000003e-05,True,REGULAR,USD,P,2026-08-31,14,776.3400268554688,2026-08-17T11:55:45+00:00
SPY260831P00840000,2026-08-04 17:30:34+00:00,840.0,68.97,0.0,0.0,0.0,0.0,6.0,0.0,1.0000000000000003e-05,True,REGULAR,USD,P,2026-08-31,14,776.3400268554688,2026-08-17T11:55:45+00:00
SPY260831P00845000,2026-08-04 17:29:00+00:00,845.0,73.71,0.0,0.0,0.0,0.0,,0.0,1.0000000000000003e-05,True,REGULAR,USD,P,2026-08-31,14,776.3400268554688,2026-08-17T11:55:45+00:00
SPY260831P00850000,2026-08-04 17:29:00+00:00,850.0,78.71,0.0,0.0,0.0,0.0,4.0,0.0,1.0000000000000003e-05,True,REGULAR,USD,P,2026-08-31,14,776.3400268554688,2026-08-17T11:55:45+00:00
SPY260831P00855000,2026-08-04 15:15:10+00:00,855.0,88.03,0.0,0.0,0.0,0.0,,0.0,1.0000000000000003e-05,True,REGULAR,USD,P,2026-08-31,14,776.3400268554688,2026-08-17T11:55:45+00:00
SPY260831P00860000,2026-08-04 15:15:10+00:00,860.0,93.03,0.0,0.0,0.0,0.0,,0.0,1.0000000000000003e-05,True,REGULAR,USD,P,2026-08-31,14,776.3400268554688,2026-08-17T11:55:45+00:00
SPY260911C00500000,2026-08-06 19:59:59+00:00,500.0,270.71,0.0,0.0,0.0,0.0,,16.0,1.0000000000000003e-05,True,REGULAR,USD,C,2026-09-11,25,776.3400268554688,2026-08-17T11:55:45+00:00
SPY260911C00525000,2026-08-06 19:56:32+00:00,525.0,245.84,0.0,0.0,0.0,0.0,,4.0,1.0000000000000003e-05,True,REGULAR,USD,C,2026-09-11,25,776.3400268554688,2026-08-17T11:55:45+00:00
SPY260911C00545000,2026-08-06 19:55:07+00:00,545.0,225.96,0.0,0.0,0.0,0.0,,4.0,1.0000000000000003e-05,True,REGULAR,USD,C,2026-09-11,25,776.3400268554688,2026-08-17T11:55:45+00:00
SPY260911C00615000,2026-08-10 14:36:27+00:00,615.0,161.92,0.0,0.0,0.0,0.0,,1.0,1.0000000000000003e-05,True,REGULAR,USD,C,2026-09-11,25,776.3400268554688,2026-08-17T11:55:45+00:00
SPY260911C00650000,2026-08-10 17:59:53+00:00,650.0,125.61,0.0,0.0,0.0,0.0,2.0,5.0,1.0000000000000003e-05,True,REGULAR,USD,C,2026-09-11,25,776.3400268554688,2026-08-17T11:55:45+00:00
SPY260911C00655000,2026-08-07 17:00:35+00:00,655.0,119.92,0.0,0.0,0.0,0.0,2.0,2.0,1.0000000000000003e-05,True,REGULAR,USD,C,2026-09-11,25,776.3400268554688,2026-08-17T11:55:45+00:00
SPY260911C00660000,2026-08-07 15:10:10+00:00,660.0,115.92,0.0,0.0,0.0,0.0,2.0,2.0,1.0000000000000003e-05,True,REGULAR,USD,C,2026-09-11,25,776.3400268554688,2026-08-17T11:55:45+00:00
SPY260911C00665000,2026-08-13 14:23:14+00:00,665.0,116.31,0.0,0.0,0.0,0.0,1.0,3.0,1.0000000000000003e-05,True,REGULAR,USD,C,2026-09-11,25,776.3400268554688,2026-08-17T11:55:45+00:00
SPY260911C00670000,2026-08-07 15:18:06+00:00,670.0,106.04,0.0,0.0,0.0,0.0,5.0,5.0,1.0000000000000003e-05,True,REGULAR,USD,C,2026-09-11,25,776.3400268554688,2026-08-17T11:55:45+00:00
SPY260911C00675000,2026-08-05 18:39:44+00:00,675.0,100.38,0.0,0.0,0.0,0.0,,3.0,1.0000000000000003e-05,True,REGULAR,USD,C,2026-09-11,25,776.3400268554688,2026-08-17T11:55:45+00:00
SPY260911C00680000,2026-08-13 18:10:46+00:00,680.0,99.0,0.0,0.0,0.0,0.0,3.0,8.0,1.0000000000000003e-05,True,REGULAR,USD,C,2026-09-11,25,776.3400268554688,2026-08-17T11:55:45+00:00
SPY260911C00685000,2026-08-13 15:58:52+00:00,685.0,93.56,0.0,0.0,0.0,0.0,5.0,10.0,1.0000000000000003e-05,True,REGULAR,USD,C,2026-09-11,25,776.3400268554688,2026-08-17T11:55:45+00:00
SPY260911C00690000,2026-08-14 18:31:15+00:00,690.0,88.37,0.0,0.0,0.0,0.0,2.0,7.0,1.0000000000000003e-05,True,REGULAR,USD,C,2026-09-11,25,776.3400268554688,2026-08-17T11:55:45+00:00
SPY260911C00693000,2026-08-10 13:54:58+00:00,693.0,83.5,0.0,0.0,0.0,0.0,1.0,2.0,1.0000000000000003e-05,True,REGULAR,USD,C,2026-09-11,25,776.3400268554688,2026-08-17T11:55:45+00:00
SPY260911C00694000,2026-08-14 15:36:18+00:00,694.0,85.26,0.0,0.0,0.0,0.0,,4.0,1.0000000000000003e-05,True,REGULAR,USD,C,2026-09-11,25,776.3400268554688,2026-08-17T11:55:45+00:00
SPY260911C00695000,2026-08-13 19:12:44+00:00,695.0,86.23,0.0,0.0,0.0,0.0,2.0,3.0,1.0000000000000003e-05,True,REGULAR,USD,C,2026-09-11,25,776.3400268554688,2026-08-17T11:55:45+00:00
SPY260911C00696000,2026-08-13 14:23:14+00:00,696.0,85.47,0.0,0.0,0.0,0.0,1.0,2.0,1.0000000000000003e-05,True,REGULAR,USD,C,2026-09-11,25,776.3400268554688,2026-08-17T11:55:45+00:00
SPY260911C00700000,2026-08-14 18:26:23+00:00,700.0,77.9,0.0,0.0,0.0,0.0,3.0,18.0,1.0000000000000003e-05,True,REGULAR,USD,C,2026-09-11,25,776.3400268554688,2026-08-17T11:55:45+00:00
SPY260911C00701000,2026-08-10 19:27:44+00:00,701.0,75.85,0.0,0.0,0.0,0.0,,2.0,1.0000000000000003e-05,True,REGULAR,USD,C,2026-09-11,25,776.3400268554688,2026-08-17T11:55:45+00:00
SPY260911C00702000,2026-08-10 13:45:05+00:00,702.0,74.54,0.0,0.0,0.0,0.0,,1.0,1.0000000000000003e-05,True,REGULAR,USD,C,2026-09-11,25,776.3400268554688,2026-08-17T11:55:45+00:00
SPY260911C00705000,2026-08-13 14:11:39+00:00,705.0,76.27,0.0,0.0,0.0,0.0,,1.0,1.0000000000000003e-05,True,REGULAR,USD,C,2026-09-11,25,776.3400268554688,2026-08-17T11:55:45+00:00
SPY260911C00709000,2026-08-04 14:22:49+00:00,709.0,60.9,0.0,0.0,0.0,0.0,,40.0,1.0000000000000003e-05,True,REGULAR,USD,C,2026-09-11,25,776.3400268554688,2026-08-17T11:55:45+00:00
SPY260911C00710000,2026-08-13 16:30:52+00:00,710.0,69.94,0.0,0.0,0.0,0.0,1.0,4.0,1.0000000000000003e-05,True,REGULAR,USD,C,2026-09-11,25,776.3400268554688,2026-08-17T11:55:45+00:00
SPY260911C00713000,2026-08-13 14:43:24+00:00,713.0,69.22,0.0,0.0,0.0,0.0,1.0,0.0,1.0000000000000003e-05,True,REGULAR,USD,C,2026-09-11,25,776.3400268554688,2026-08-17T11:55:45+00:00
SPY260911C00715000,2026-08-14 16:07:36+00:00,715.0,64.86,0.0,0.0,0.0,0.0,2.0,9.0,1.0000000000000003e-05,True,REGULAR,USD,C,2026-09-11,25,776.3400268554688,2026-08-17T11:55:45+00:00
SPY260911C00716000,2026-08-14 15:36:29+00:00,716.0,63.66,0.0,0.0,0.0,0.0,4.0,2.0,1.0000000000000003e-05,True,REGULAR,USD,C,2026-09-11,25,776.3400268554688,2026-08-17T11:55:45+00:00
SPY260911C00717000,2026-08-07 19:52:56+00:00,717.0,60.29,0.0,0.0,0.0,0.0,110.0,55.0,1.0000000000000003e-05,True,REGULAR,USD,C,2026-09-11,25,776.3400268554688,2026-08-17T11:55:45+00:00
SPY260911C00718000,2026-08-13 19:12:34+00:00,718.0,63.68,0.0,0.0,0.0,0.0,1.0,2.0,1.0000000000000003e-05,True,REGULAR,USD,C,2026-09-11,25,776.3400268554688,2026-08-17T11:55:45+00:00
SPY260911C00720000,2026-08-10 14:54:13+00:00,720.0,58.48,0.0,0.0,0.0,0.0,2.0,7.0,1.0000000000000003e-05,True,REGULAR,USD,C,2026-09-11,25,776.3400268554688,2026-08-17T11:55:45+00:00
SPY260911C00721000,2026-08-10 15:09:29+00:00,721.0,57.23,0.0,0.0,0.0,0.0,,1.0,1.0000000000000003e-05,True,REGULAR,USD,C,2026-09-11,25,776.3400268554688,2026-08-17T11:55:45+00:00
SPY260911C00722000,2026-08-13 14:51:06+00:00,722.0,59.61,0.0,0.0,0.0,0.0,2.0,6.0,1.0000000000000003e-05,True,REGULAR,USD,C,2026-09-11,25,776.3400268554688,2026-08-17T11:55:45+00:00
SPY260911C00723000,2026-08-14 15:52:56+00:00,723.0,56.82,0.0,0.0,0.0,0.0,,1.0,1.0000000000000003e-05,True,REGULAR,USD,C,2026-09-11,25,776.3400268554688,2026-08-17T11:55:45+00:00
SPY260911C00724000,2026-08-07 15:38:05+00:00,724.0,54.45,0.0,0.0,0.0,0.0,1.0,1.0,1.0000000000000003e-05,True,REGULAR,USD,C,2026-09-11,25,776.3400268554688,2026-08-17T11:55:45+00:00
SPY260911C00725000,2026-08-14 17:40:03+00:00,725.0,53.94,0.0,0.0,0.0,0.0,2.0,16.0,1.0000000000000003e-05,True,REGULAR,USD,C,2026-09-11,25,776.3400268554688,2026-08-17T11:55:45+00:00
SPY260911C00727000,2026-08-11 14:05:08+00:00,727.0,51.48,0.0,0.0,0.0,0.0,1.0,3.0,1.0000000000000003e-05,True,REGULAR,USD,C,2026-09-11,25,776.3400268554688,2026-08-17T11:55:45+00:00
SPY260911C00728000,2026-08-13 13:38:25+00:00,728.0,52.16,0.0,0.0,0.0,0.0,1.0,2.0,1.0000000000000003e-05,True,REGULAR,USD,C,2026-09-11,25,776.3400268554688,2026-08-17T11:55:45+00:00
SPY260911C00729000,2026-08-04 16:09:12+00:00,729.0,46.08,0.0,0.0,0.0,0.0,,4.0,1.0000000000000003e-05,True,REGULAR,USD,C,2026-09-11,25,776.3400268554688,2026-08-17T11:55:45+00:00
SPY260911C00730000,2026-08-11 20:02:36+00:00,730.0,45.52,0.0,0.0,0.0,0.0,19.0,75.0,1.0000000000000003e-05,True,REGULAR,USD,C,2026-09-11,25,776.3400268554688,2026-08-17T11:55:45+00:00
SPY260911C00731000,2026-08-04 15:17:55+00:00,731.0,43.2,0.0,0.0,0.0,0.0,,7.0,1.0000000000000003e-05,True,REGULAR,USD,C,2026-09-11,25,776.3400268554688,2026-08-17T11:55:45+00:00
SPY260911C00732000,2026-08-10 19:12:01+00:00,732.0,46.45,0.0,0.0,0.0,0.0,9.0,66.0,1.0000000000000003e-05,True,REGULAR,USD,C,2026-09-11,25,776.3400268554688,2026-08-17T11:55:45+00:00
SPY260911C00733000,2026-08-13 16:14:20+00:00,733.0,47.1,0.0,0.0,0.0,0.0,2.0,3.0,1.0000000000000003e-05,True,REGULAR,USD,C,2026-09-11,25,776.3400268554688,2026-08-17T11:55:45+00:00
SPY260911C00734000,2026-08-04 14:45:12+00:00,734.0,38.38,0.0,0.0,0.0,0.0,41.0,44.0,1.0000000000000003e-05,True,REGULAR,USD,C,2026-09-11,25,776.3400268554688,2026-08-17T11:55:45+00:00
SPY260911C00735000,2026-08-13 17:51:48+00:00,735.0,46.17,0.0,0.0,0.0,0.0,2.0,65.0,1.0000000000000003e-05,True,REGULAR,USD,C,2026-09-11,25,776.3400268554688,2026-08-17T11:55:45+00:00
SPY260911C00736000,2026-08-10 15:11:10+00:00,736.0,43.43,0.0,0.0,0.0,0.0,1.0,10.0,1.0000000000000003e-05,True,REGULAR,USD,C,2026-09-11,25,776.3400268554688,2026-08-17T11:55:45+00:00
SPY260911C00737000,2026-08-05 19:35:07+00:00,737.0,41.36,0.0,0.0,0.0,0.0,5.0,47.0,1.0000000000000003e-05,True,REGULAR,USD,C,2026-09-11,25,776.3400268554688,2026-08-17T11:55:45+00:00
SPY260911C00738000,2026-08-07 15:54:48+00:00,738.0,41.28,0.0,0.0,0.0,0.0,1.0,86.0,1.0000000000000003e-05,True,REGULAR,USD,C,2026-09-11,25,776.3400268554688,2026-08-17T11:55:45+00:00
SPY260911C00739000,2026-08-10 15:26:19+00:00,739.0,40.22,0.0,0.0,0.0,0.0,4.0,9.0,1.0000000000000003e-05,True,REGULAR,USD,C,2026-09-11,25,776.3400268554688,2026-08-17T11:55:45+00:00
SPY260911C00740000,2026-08-10 16:20:09+00:00,740.0,40.24,0.0,0.0,0.0,0.0,1.0,329.0,1.0000000000000003e-05,True,REGULAR,USD,C,2026-09-11,25,776.3400268554688,2026-08-17T11:55:45+00:00
SPY260911C00741000,2026-08-14 16:55:11+00:00,741.0,39.67,0.0,0.0,0.0,0.0,30.0,46.0,1.0000000000000003e-05,True,REGULAR,USD,C,2026-09-11,25,776.3400268554688,2026-08-17T11:55:45+00:00
SPY260911C00742000,2026-08-14 16:55:11+00:00,742.0,38.72,0.0,0.0,0.0,0.0,31.0,45.0,1.0000000000000003e-05,True,REGULAR,USD,C,2026-09-11,25,776.3400268554688,2026-08-17T11:55:45+00:00
SPY260911C00743000,2026-08-13 17:17:14+00:00,743.0,39.33,0.0,0.0,0.0,0.0,5.0,83.0,1.0000000000000003e-05,True,REGULAR,USD,C,2026-09-11,25,776.3400268554688,2026-08-17T11:55:45+00:00
SPY260911C00744000,2026-08-14 14:21:57+00:00,744.0,38.33,0.0,0.0,0.0,0.0,1.0,85.0,1.0000000000000003e-05,True,REGULAR,USD,C,2026-09-11,25,776.3400268554688,2026-08-17T11:55:45+00:00
SPY260911C00745000,2026-08-14 19:00:02+00:00,745.0,36.15,0.0,0.0,0.0,0.0,1.0,336.0,1.0000000000000003e-05,True,REGULAR,USD,C,2026-09-11,25,776.3400268554688,2026-08-17T11:55:45+00:00
SPY260911C00746000,2026-08-11 16:20:58+00:00,746.0,32.72,0.0,0.0,0.0,0.0,2.0,141.0,1.0000000000000003e-05,True,REGULAR,USD,C,2026-09-11,25,776.3400268554688,2026-08-17T11:55:45+00:00
SPY260911C00747000,2026-08-14 19:43:49+00:00,747.0,34.2,0.0,0.0,0.0,0.0,2.0,32.0,1.0000000000000003e-05,True,REGULAR,USD,C,2026-09-11,25,776.3400268554688,2026-08-17T11:55:45+00:00
SPY260911C00748000,2026-08-14 17:02:57+00:00,748.0,32.91,0.0,0.0,0.0,0.0,4.0,69.0,1.0000000000000003e-05,True,REGULAR,USD,C,2026-09-11,25,776.3400268554688,2026-08-17T11:55:45+00:00
SPY260911C00749000,2026-08-14 17:00:39+00:00,749.0,32.13,0.0,0.0,0.0,0.0,2.0,12.0,1.0000000000000003e-05,True,REGULAR,USD,C,2026-09-11,25,776.3400268554688,2026-08-17T11:55:45+00:00
SPY260911C00750000,2026-08-14 18:43:43+00:00,750.0,31.5,0.0,0.0,0.0,0.0,3.0,203.0,1.0000000000000003e-05,True,REGULAR,USD,C,2026-09-11,25,776.3400268554688,2026-08-17T11:55:45+00:00
SPY260911C00751000,2026-08-14 13:51:19+00:00,751.0,32.27,0.0,0.0,0.0,0.0,2.0,53.0,1.0000000000000003e-05,True,REGULAR,USD,C,2026-09-11,25,776.3400268554688,2026-08-17T11:55:45+00:00
SPY260911C00752000,2026-08-14 18:14:16+00:00,752.0,29.8,0.0,0.0,0.0,0.0,7.0,98.0,1.0000000000000003e-05,True,REGULAR,USD,C,2026-09-11,25,776.3400268554688,2026-08-17T11:55:45+00:00
SPY260911C00753000,2026-08-14 16:24:59+00:00,753.0,29.33,0.0,0.0,0.0,0.0,202.0,171.0,1.0000000000000003e-05,True,REGULAR,USD,C,2026-09-11,25,776.3400268554688,2026-08-17T11:55:45+00:00
SPY260911C00754000,2026-08-14 19:31:25+00:00,754.0,27.96,0.0,0.0,0.0,0.0,200.0,179.0,1.0000000000000003e-05,True,REGULAR,USD,C,2026-09-11,25,776.3400268554688,2026-08-17T11:55:45+00:00
SPY260911C00755000,2026-08-14 19:35:59+00:00,755.0,26.64,0.0,0.0,0.0,0.0,4.0,288.0,1.0000000000000003e-05,True,REGULAR,USD,C,2026-09-11,25,776.3400268554688,2026-08-17T11:55:45+00:00
SPY260911C00756000,2026-08-14 17:14:32+00:00,756.0,26.21,0.0,0.0,0.0,0.0,7.0,57.0,1.0000000000000003e-05,True,REGULAR,USD,C,2026-09-11,25,776.3400268554688,2026-08-17T11:55:45+00:00
SPY260911C00757000,2026-08-14 14:28:38+00:00,757.0,26.45,0.0,0.0,0.0,0.0,9.0,177.0,1.0000000000000003e-05,True,REGULAR,USD,C,2026-09-11,25,776.3400268554688,2026-08-17T11:55:45+00:00
SPY260911C00758000,2026-08-14 17:08:19+00:00,758.0,24.45,0.0,0.0,0.0,0.0,2.0,46.0,1.0000000000000003e-05,True,REGULAR,USD,C,2026-09-11,25,776.3400268554688,2026-08-17T11:55:45+00:00
SPY260911C00759000,2026-08-13 15:54:06+00:00,759.0,24.62,0.0,0.0,0.0,0.0,7.0,87.0,1.0000000000000003e-05,True,REGULAR,USD,C,2026-09-11,25,776.3400268554688,2026-08-17T11:55:45+00:00
SPY260911C00760000,2026-08-14 19:54:22+00:00,760.0,22.67,0.0,0.0,0.0,0.0,50.0,336.0,1.0000000000000003e-05,True,REGULAR,USD,C,2026-09-11,25,776.3400268554688,2026-08-17T11:55:45+00:00
SPY260911C00761000,2026-08-14 20:14:44+00:00,761.0,21.84,0.0,0.0,0.0,0.0,2.0,223.0,1.0000000000000003e-05,True,REGULAR,USD,C,2026-09-11,25,776.3400268554688,2026-08-17T11:55:45+00:00
SPY260911C00762000,2026-08-14 19:18:27+00:00,762.0,21.23,0.0,0.0,0.0,0.0,3.0,71.0,1.0000000000000003e-05,True,REGULAR,USD,C,2026-09-11,25,776.3400268554688,2026-08-17T11:55:45+00:00
SPY260911C00763000,2026-08-14 19:18:27+00:00,763.0,20.43,0.0,0.0,0.0,0.0,3.0,44.0,1.0000000000000003e-05,True,REGULAR,USD,C,2026-09-11,25,776.3400268554688,2026-08-17T11:55:45+00:00
SPY260911C00764000,2026-08-14 14:19:45+00:00,764.0,21.28,0.0,0.0,0.0,0.0,4.0,238.0,1.0000000000000003e-05,True,REGULAR,USD,C,2026-09-11,25,776.3400268554688,2026-08-17T11:55:45+00:00
SPY260911C00765000,2026-08-14 19:33:23+00:00,765.0,18.97,0.0,0.0,0.0,0.0,90.0,306.0,1.0000000000000003e-05,True,REGULAR,USD,C,2026-09-11,25,776.3400268554688,2026-08-17T11:55:45+00:00
SPY260911C00766000,2026-08-14 20:14:44+00:00,766.0,17.56,0.0,0.0,0.0,0.0,7.0,309.0,1.0000000000000003e-05,True,REGULAR,USD,C,2026-09-11,25,776.3400268554688,2026-08-17T11:55:45+00:00
SPY260911C00767000,2026-08-14 20:14:44+00:00,767.0,17.27,0.0,0.0,0.0,0.0,10.0,226.0,1.0000000000000003e-05,True,REGULAR,USD,C,2026-09-11,25,776.3400268554688,2026-08-17T11:55:45+00:00
SPY260911C00768000,2026-08-14 18:53:05+00:00,768.0,16.9,0.0,0.0,0.0,0.0,13.0,248.0,1.0000000000000003e-05,True,REGULAR,USD,C,2026-09-11,25,776.3400268554688,2026-08-17T11:55:45+00:00
SPY260911C00769000,2026-08-13 14:34:19+00:00,769.0,18.96,0.0,0.0,0.0,0.0,4.0,199.0,1.0000000000000003e-05,True,REGULAR,USD,C,2026-09-11,25,776.3400268554688,2026-08-17T11:55:45+00:00
SPY260911C00770000,2026-08-14 19:50:00+00:00,770.0,15.32,0.0,0.0,0.0,0.0,145.0,501.0,1.0000000000000003e-05,True,REGULAR,USD,C,2026-09-11,25,776.3400268554688,2026-08-17T11:55:45+00:00
SPY260911C00771000,2026-08-14 17:57:48+00:00,771.0,14.35,0.0,0.0,0.0,0.0,13.0,254.0,1.0000000000000003e-05,True,REGULAR,USD,C,2026-09-11,25,776.3400268554688,2026-08-17T11:55:45+00:00
SPY260911C00772000,2026-08-14 20:14:44+00:00,772.0,13.36,0.0,0.0,0.0,0.0,25.0,275.0,1.0000000000000003e-05,True,REGULAR,USD,C,2026-09-11,25,776.3400268554688,2026-08-17T11:55:45+00:00
SPY260911C00773000,2026-08-14 19:12:36+00:00,773.0,13.24,0.0,0.0,0.0,0.0,60.0,461.0,1.0000000000000003e-05,True,REGULAR,USD,C,2026-09-11,25,776.3400268554688,2026-08-17T11:55:45+00:00
SPY260911C00774000,2026-08-14 17:11:00+00:00,774.0,12.52,0.0,0.0,0.0,0.0,101.0,1386.0,1.0000000000000003e-05,True,REGULAR,USD,C,2026-09-11,25,776.3400268554688,2026-08-17T11:55:45+00:00
SPY260911C00775000,2026-08-14 19:59:33+00:00,775.0,11.95,0.0,0.0,0.0,0.0,216.0,2579.0,1.0000000000000003e-05,True,REGULAR,USD,C,2026-09-11,25,776.3400268554688,2026-08-17T11:55:45+00:00
SPY260911C00776000,2026-08-14 20:05:24+00:00,776.0,11.05,0.0,0.0,0.0,0.0,509.0,1533.0,1.0000000000000003e-05,True,REGULAR,USD,C,2026-09-11,25,776.3400268554688,2026-08-17T11:55:45+00:00
SPY260911C00777000,2026-08-14 20:03:02+00:00,777.0,10.59,0.0,0.0,0.0,0.0,264.0,641.0,0.000986552734375,False,REGULAR,USD,C,2026-09-11,25,776.3400268554688,2026-08-17T11:55:45+00:00
SPY260911C00778000,2026-08-14 20:00:29+00:00,778.0,10.07,0.0,0.0,0.0,0.0,217.0,533.0,0.00196310546875,False,REGULAR,USD,C,2026-09-11,25,776.3400268554688,2026-08-17T11:55:45+00:00
SPY260911C00779000,2026-08-14 19:49:18+00:00,779.0,9.48,0.0,0.0,0.0,0.0,497.0,1015.0,0.0039162109375,False,REGULAR,USD,C,2026-09-11,25,776.3400268554688,2026-08-17T11:55:45+00:00
SPY260911C00780000,2026-08-14 20:10:02+00:00,780.0,8.79,0.0,0.0,0.0,0.0,1102.0,1730.0,0.0039162109375,False,REGULAR,USD,C,2026-09-11,25,776.3400268554688,2026-08-17T11:55:45+00:00
SPY260911C00781000,2026-08-14 19:40:34+00:00,781.0,8.52,0.0,0.0,0.0,0.0,174.0,618.0,0.007822421875,False,REGULAR,USD,C,2026-09-11,25,776.3400268554688,2026-08-17T11:55:45+00:00
SPY260911C00782000,2026-08-14 19:45:03+00:00,782.0,8.03,0.0,0.0,0.0,0.0,122.0,443.0,0.007822421875,False,REGULAR,USD,C,2026-09-11,25,776.3400268554688,2026-08-17T11:55:45+00:00
SPY260911C00783000,2026-08-14 17:20:11+00:00,783.0,7.5,0.0,0.0,0.0,0.0,108.0,283.0,0.007822421875,False,REGULAR,USD,C,2026-09-11,25,776.3400268554688,2026-08-17T11:55:45+00:00
SPY260911C00784000,2026-08-14 20:08:43+00:00,784.0,6.86,0.0,0.0,0.0,0.0,133.0,285.0,0.007822421875,False,REGULAR,USD,C,2026-09-11,25,776.3400268554688,2026-08-17T11:55:45+00:00
SPY260911C00785000,2026-08-14 20:05:18+00:00,785.0,6.45,0.0,0.0,0.0,0.0,365.0,1340.0,0.007822421875,False,REGULAR,USD,C,2026-09-11,25,776.3400268554688,2026-08-17T11:55:45+00:00
SPY260911C00786000,2026-08-14 20:00:02+00:00,786.0,6.16,0.0,0.0,0.0,0.0,183.0,243.0,0.007822421875,False,REGULAR,USD,C,2026-09-11,25,776.3400268554688,2026-08-17T11:55:45+00:00
SPY260911C00787000,2026-08-14 18:43:21+00:00,787.0,5.8,0.0,0.0,0.0,0.0,222.0,349.0,0.015634843750000002,False,REGULAR,USD,C,2026-09-11,25,776.3400268554688,2026-08-17T11:55:45+00:00
SPY260911C00788000,2026-08-14 19:32:50+00:00,788.0,5.39,0.0,0.0,0.0,0.0,273.0,646.0,0.015634843750000002,False,REGULAR,USD,C,2026-09-11,25,776.3400268554688,2026-08-17T11:55:45+00:00
SPY260911C00789000,2026-08-14 19:32:50+00:00,789.0,4.98,0.0,0.0,0.0,0.0,252.0,699.0,0.015634843750000002,False,REGULAR,USD,C,2026-09-11,25,776.3400268554688,2026-08-17T11:55:45+00:00
SPY260911C00790000,2026-08-14 19:51:20+00:00,790.0,4.65,0.0,0.0,0.0,0.0,457.0,1507.0,0.015634843750000002,False,REGULAR,USD,C,2026-09-11,25,776.3400268554688,2026-08-17T11:55:45+00:00
SPY260911C00791000,2026-08-14 19:34:03+00:00,791.0,4.3,0.0,0.0,0.0,0.0,29.0,379.0,0.015634843750000002,False,REGULAR,USD,C,2026-09-11,25,776.3400268554688,2026-08-17T11:55:45+00:00
SPY260911C00792000,2026-08-14 18:06:26+00:00,792.0,4.0,0.0,0.0,0.0,0.0,12.0,359.0,0.015634843750000002,False,REGULAR,USD,C,2026-09-11,25,776.3400268554688,2026-08-17T11:55:45+00:00
SPY260911C00793000,2026-08-14 19:05:08+00:00,793.0,3.66,0.0,0.0,0.0,0.0,100.0,526.0,0.015634843750000002,False,REGULAR,USD,C,2026-09-11,25,776.3400268554688,2026-08-17T11:55:45+00:00
SPY260911C00794000,2026-08-14 19:43:05+00:00,794.0,3.39,0.0,0.0,0.0,0.0,39.0,294.0,0.015634843750000002,False,REGULAR,USD,C,2026-09-11,25,776.3400268554688,2026-08-17T11:55:45+00:00
SPY260911C00795000,2026-08-14 20:00:02+00:00,795.0,3.12,0.0,0.0,0.0,0.0,179.0,1631.0,0.015634843750000002,False,REGULAR,USD,C,2026-09-11,25,776.3400268554688,2026-08-17T11:55:45+00:00
SPY260911C00796000,2026-08-14 19:04:04+00:00,796.0,2.89,0.0,0.0,0.0,0.0,41.0,613.0,0.015634843750000002,False,REGULAR,USD,C,2026-09-11,25,776.3400268554688,2026-08-17T11:55:45+00:00
SPY260911C00797000,2026-08-14 19:57:33+00:00,797.0,2.6,0.0,0.0,0.0,0.0,34.0,314.0,0.015634843750000002,False,REGULAR,USD,C,2026-09-11,25,776.3400268554688,2026-08-17T11:55:45+00:00
SPY260911C00798000,2026-08-14 19:05:06+00:00,798.0,2.44,0.0,0.0,0.0,0.0,95.0,729.0,0.0312596875,False,REGULAR,USD,C,2026-09-11,25,776.3400268554688,2026-08-17T11:55:45+00:00
SPY260911C00799000,2026-08-14 19:05:05+00:00,799.0,2.23,0.0,0.0,0.0,0.0,193.0,1203.0,0.0312596875,False,REGULAR,USD,C,2026-09-11,25,776.3400268554688,2026-08-17T11:55:45+00:00
SPY260911C00800000,2026-08-14 20:02:35+00:00,800.0,1.98,0.0,0.0,0.0,0.0,431.0,1648.0,0.0312596875,False,REGULAR,USD,C,2026-09-11,25,776.3400268554688,2026-08-17T11:55:45+00:00
SPY260911C00801000,2026-08-14 20:05:29+00:00,801.0,1.77,0.0,0.0,0.0,0.0,10.0,365.0,0.0312596875,False,REGULAR,USD,C,2026-09-11,25,776.3400268554688,2026-08-17T11:55:45+00:00
SPY260911C00802000,2026-08-14 16:36:46+00:00,802.0,1.84,0.0,0.0,0.0,0.0,8.0,293.0,0.0312596875,False,REGULAR,USD,C,2026-09-11,25,776.3400268554688,2026-08-17T11:55:45+00:00
SPY260911C00803000,2026-08-14 17:55:09+00:00,803.0,1.48,0.0,0.0,0.0,0.0,46.0,323.0,0.0312596875,False,REGULAR,USD,C,2026-09-11,25,776.3400268554688,2026-08-17T11:55:45+00:00
SPY260911C00804000,2026-08-14 19:55:17+00:00,804.0,1.38,0.0,0.0,0.0,0.0,24.0,596.0,0.0312596875,False,REGULAR,USD,C,2026-09-11,25,776.3400268554688,2026-08-17T11:55:45+00:00
SPY260911C00805000,2026-08-14 20:05:24+00:00,805.0,1.23,0.0,0.0,0.0,0.0,62.0,525.0,0.0312596875,False,REGULAR,USD,C,2026-09-11,25,776.3400268554688,2026-08-17T11:55:45+00:00
SPY260911C00806000,2026-08-14 20:14:36+00:00,806.0,1.12,0.0,0.0,0.0,0.0,5.0,195.0,0.0312596875,False,REGULAR,USD,C,2026-09-11,25,776.3400268554688,2026-08-17T11:55:45+00:00
SPY260911C00807000,2026-08-14 19:51:29+00:00,807.0,1.06,0.0,0.0,0.0,0.0,162.0,498.0,0.0312596875,False,REGULAR,USD,C,2026-09-11,25,776.3400268554688,2026-08-17T11:55:45+00:00
SPY260911C00808000,2026-08-14 19:50:26+00:00,808.0,0.94,0.0,0.0,0.0,0.0,35.0,157.0,0.0312596875,False,REGULAR,USD,C,2026-09-11,25,776.3400268554688,2026-08-17T11:55:45+00:00
SPY260911C00809000,2026-08-14 17:53:26+00:00,809.0,0.84,0.0,0.0,0.0,0.0,21.0,108.0,0.0312596875,False,REGULAR,USD,C,2026-09-11,25,776.3400268554688,2026-08-17T11:55:45+00:00
SPY260911C00810000,2026-08-14 20:05:24+00:00,810.0,0.75,0.0,0.0,0.0,0.0,105.0,525.0,0.0312596875,False,REGULAR,USD,C,2026-09-11,25,776.3400268554688,2026-08-17T11:55:45+00:00
SPY260911C00811000,2026-08-14 20:14:41+00:00,811.0,0.7,0.0,0.0,0.0,0.0,66.0,310.0,0.0312596875,False,REGULAR,USD,C,2026-09-11,25,776.3400268554688,2026-08-17T11:55:45+00:00
SPY260911C00812000,2026-08-14 18:09:52+00:00,812.0,0.66,0.0,0.0,0.0,0.0,121.0,309.0,0.0312596875,False,REGULAR,USD,C,2026-09-11,25,776.3400268554688,2026-08-17T11:55:45+00:00
SPY260911C00813000,2026-08-14 19:05:06+00:00,813.0,0.59,0.0,0.0,0.0,0.0,35.0,128.0,0.0312596875,False,REGULAR,USD,C,2026-09-11,25,776.3400268554688,2026-08-17T11:55:45+00:00
SPY260911C00814000,2026-08-14 20:00:04+00:00,814.0,0.54,0.0,0.0,0.0,0.0,85.0,436.0,0.0312596875,False,REGULAR,USD,C,2026-09-11,25,776.3400268554688,2026-08-17T11:55:45+00:00
SPY260911C00815000,2026-08-14 18:52:14+00:00,815.0,0.49,0.0,0.0,0.0,0.0,79.0,307.0,0.0312596875,False,REGULAR,USD,C,2026-09-11,25,776.3400268554688,2026-08-17T11:55:45+00:00
SPY260911C00816000,2026-08-14 19:29:50+00:00,816.0,0.44,0.0,0.0,0.0,0.0,297.0,470.0,0.0312596875,False,REGULAR,USD,C,2026-09-11,25,776.3400268554688,2026-08-17T11:55:45+00:00
SPY260911C00817000,2026-08-14 19:54:47+00:00,817.0,0.41,0.0,0.0,0.0,0.0,21.0,394.0,0.0312596875,False,REGULAR,USD,C,2026-09-11,25,776.3400268554688,2026-08-17T11:55:45+00:00
SPY260911C00818000,2026-08-14 17:42:34+00:00,818.0,0.36,0.0,0.0,0.0,0.0,39.0,163.0,0.0312596875,False,REGULAR,USD,C,2026-09-11,25,776.3400268554688,2026-08-17T11:55:45+00:00
SPY260911C00819000,2026-08-14 17:32:57+00:00,819.0,0.33,0.0,0.0,0.0,0.0,90.0,297.0,0.0312596875,False,REGULAR,USD,C,2026-09-11,25,776.3400268554688,2026-08-17T11:55:45+00:00
SPY260911C00820000,2026-08-14 18:28:22+00:00,820.0,0.3,0.0,0.0,0.0,0.0,211.0,425.0,0.0312596875,False,REGULAR,USD,C,2026-09-11,25,776.3400268554688,2026-08-17T11:55:45+00:00
SPY260911C00821000,2026-08-14 17:10:08+00:00,821.0,0.3,0.0,0.0,0.0,0.0,11.0,439.0,0.0312596875,False,REGULAR,USD,C,2026-09-11,25,776.3400268554688,2026-08-17T11:55:45+00:00
SPY260911C00822000,2026-08-14 15:54:46+00:00,822.0,0.3,0.0,0.0,0.0,0.0,3.0,264.0,0.0312596875,False,REGULAR,USD,C,2026-09-11,25,776.3400268554688,2026-08-17T11:55:45+00:00
SPY260911C00823000,2026-08-14 19:38:24+00:00,823.0,0.23,0.0,0.0,0.0,0.0,6.0,251.0,0.062509375,False,REGULAR,USD,C,2026-09-11,25,776.3400268554688,2026-08-17T11:55:45+00:00
SPY260911C00824000,2026-08-14 14:31:07+00:00,824.0,0.3,0.0,0.0,0.0,0.0,25.0,61.0,0.062509375,False,REGULAR,USD,C,2026-09-11,25,776.3400268554688,2026-08-17T11:55:45+00:00
SPY260911C00825000,2026-08-14 19:05:02+00:00,825.0,0.2,0.0,0.0,0.0,0.0,10.0,282.0,0.062509375,False,REGULAR,USD,C,2026-09-11,25,776.3400268554688,2026-08-17T11:55:45+00:00
SPY260911C00830000,2026-08-14 19:31:03+00:00,830.0,0.15,0.0,0.0,0.0,0.0,229.0,750.0,0.062509375,False,REGULAR,USD,C,2026-09-11,25,776.3400268554688,2026-08-17T11:55:45+00:00
SPY260911C00835000,2026-08-14 19:04:40+00:00,835.0,0.11,0.0,0.0,0.0,0.0,17.0,116.0,0.062509375,False,REGULAR,USD,C,2026-09-11,25,776.3400268554688,2026-08-17T11:55:45+00:00
SPY260911C00840000,2026-08-14 16:28:21+00:00,840.0,0.1,0.0,0.0,0.0,0.0,1.0,29.0,0.062509375,False,REGULAR,USD,C,2026-09-11,25,776.3400268554688,2026-08-17T11:55:45+00:00
SPY260911C00845000,2026-08-14 19:18:13+00:00,845.0,0.07,0.0,0.0,0.0,0.0,68.0,77.0,0.062509375,False,REGULAR,USD,C,2026-09-11,25,776.3400268554688,2026-08-17T11:55:45+00:00
SPY260911C00850000,2026-08-14 17:22:23+00:00,850.0,0.05,0.0,0.0,0.0,0.0,5.0,213.0,0.062509375,False,REGULAR,USD,C,2026-09-11,25,776.3400268554688,2026-08-17T11:55:45+00:00
SPY260911C00855000,2026-08-14 19:06:23+00:00,855.0,0.05,0.0,0.0,0.0,0.0,13.0,22.0,0.062509375,False,REGULAR,USD,C,2026-09-11,25,776.3400268554688,2026-08-17T11:55:45+00:00
SPY260911C00860000,2026-08-14 18:07:17+00:00,860.0,0.04,0.0,0.0,0.0,0.0,9.0,111.0,0.062509375,False,REGULAR,USD,C,2026-09-11,25,776.3400268554688,2026-08-17T11:55:45+00:00
SPY260911C00865000,2026-08-14 19:19:00+00:00,865.0,0.04,0.0,0.0,0.0,0.0,183.0,191.0,0.062509375,False,REGULAR,USD,C,2026-09-11,25,776.3400268554688,2026-08-17T11:55:45+00:00
SPY260911C00870000,2026-08-14 14:18:54+00:00,870.0,0.04,0.0,0.0,0.0,0.0,1.0,140.0,0.062509375,False,REGULAR,USD,C,2026-09-11,25,776.3400268554688,2026-08-17T11:55:45+00:00
SPY260911C00875000,2026-08-13 20:00:36+00:00,875.0,0.04,0.0,0.0,0.0,0.0,193.0,189.0,0.062509375,False,REGULAR,USD,C,2026-09-11,25,776.3400268554688,2026-08-17T11:55:45+00:00
SPY260911C00880000,2026-08-13 14:21:24+00:00,880.0,0.04,0.0,0.0,0.0,0.0,137.0,154.0,0.12500875,False,REGULAR,USD,C,2026-09-11,25,776.3400268554688,2026-08-17T11:55:45+00:00
SPY260911C00885000,2026-08-14 19:59:11+00:00,885.0,0.05,0.0,0.0,0.0,0.0,1371.0,1412.0,0.12500875,False,REGULAR,USD,C,2026-09-11,25,776.3400268554688,2026-08-17T11:55:45+00:00
SPY260911C00890000,2026-08-14 18:07:11+00:00,890.0,0.02,0.0,0.0,0.0,0.0,1267.0,1280.0,0.12500875,False,REGULAR,USD,C,2026-09-11,25,776.3400268554688,2026-08-17T11:55:45+00:00
SPY260911C00895000,2026-08-14 16:16:28+00:00,895.0,0.02,0.0,0.0,0.0,0.0,2300.0,2301.0,0.12500875,False,REGULAR,USD,C,2026-09-11,25,776.3400268554688,2026-08-17T11:55:45+00:00
SPY260911C00900000,2026-08-14 16:16:32+00:00,900.0,0.02,0.0,0.0,0.0,0.0,,2300.0,0.12500875,False,REGULAR,USD,C,2026-09-11,25,776.3400268554688,2026-08-17T11:55:45+00:00
SPY260911C00905000,2026-08-05 15:14:41+00:00,905.0,0.06,0.0,0.0,0.0,0.0,,19.0,0.12500875,False,REGULAR,USD,C,2026-09-11,25,776.3400268554688,2026-08-17T11:55:45+00:00
SPY260911C00910000,2026-08-11 20:00:09+00:00,910.0,0.03,0.0,0.0,0.0,0.0,,430.0,0.12500875,False,REGULAR,USD,C,2026-09-11,25,776.3400268554688,2026-08-17T11:55:45+00:00
SPY260911C00915000,2026-08-11 20:00:15+00:00,915.0,0.02,0.0,0.0,0.0,0.0,430.0,430.0,0.12500875,False,REGULAR,USD,C,2026-09-11,25,776.3400268554688,2026-08-17T11:55:45+00:00
SPY260911C00920000,2026-08-13 14:24:23+00:00,920.0,0.02,0.0,0.0,0.0,0.0,1.0,499.0,0.12500875,False,REGULAR,USD,C,2026-09-11,25,776.3400268554688,2026-08-17T11:55:45+00:00
SPY260911C00925000,2026-08-06 18:47:08+00:00,925.0,0.02,0.0,0.0,0.0,0.0,,498.0,0.12500875,False,REGULAR,USD,C,2026-09-11,25,776.3400268554688,2026-08-17T11:55:45+00:00
SPY260911C00930000,2026-08-14 18:07:50+00:00,930.0,0.01,0.0,0.0,0.0,0.0,100.0,103.0,0.12500875,False,REGULAR,USD,C,2026-09-11,25,776.3400268554688,2026-08-17T11:55:45+00:00
SPY260911P00500000,2026-08-14 19:18:38+00:00,500.0,0.03,0.0,0.0,0.0,0.0,31.0,38.0,0.2500075,False,REGULAR,USD,P,2026-09-11,25,776.3400268554688,2026-08-17T11:55:45+00:00
SPY260911P00505000,2026-08-14 19:39:50+00:00,505.0,0.04,0.0,0.0,0.0,0.0,1.0,1.0,0.2500075,False,REGULAR,USD,P,2026-09-11,25,776.3400268554688,2026-08-17T11:55:45+00:00
SPY260911P00510000,2026-08-12 16:15:31+00:00,510.0,0.06,0.0,0.0,0.0,0.0,2.0,4.0,0.2500075,False,REGULAR,USD,P,2026-09-11,25,776.3400268554688,2026-08-17T11:55:45+00:00
SPY260911P00515000,2026-08-13 14:29:32+00:00,515.0,0.05,0.0,0.0,0.0,0.0,1.0,12.0,0.2500075,False,REGULAR,USD,P,2026-09-11,25,776.3400268554688,2026-08-17T11:55:45+00:00
SPY260911P00520000,2026-08-14 13:30:00+00:00,520.0,0.05,0.0,0.0,0.0,0.0,2.0,1.0,0.2500075,False,REGULAR,USD,P,2026-09-11,25,776.3400268554688,2026-08-17T11:55:45+00:00
SPY260911P00525000,2026-07-31 14:09:34+00:00,525.0,0.36,0.0,0.0,0.0,0.0,2.0,1.0,0.2500075,False,REGULAR,USD,P,2026-09-11,25,776.3400268554688,2026-08-17T11:55:45+00:00
SPY260911P00530000,2026-08-03 19:54:06+00:00,530.0,0.19,0.0,0.0,0.0,0.0,,4.0,0.2500075,False,REGULAR,USD,P,2026-09-11,25,776.3400268554688,2026-08-17T11:55:45+00:00
SPY260911P00535000,2026-08-05 13:52:38+00:00,535.0,0.14,0.0,0.0,0.0,0.0,200.0,207.0,0.2500075,False,REGULAR,USD,P,2026-09-11,25,776.3400268554688,2026-08-17T11:55:45+00:00
SPY260911P00540000,2026-08-11 13:38:26+00:00,540.0,0.1,0.0,0.0,0.0,0.0,1.0,6.0,0.2500075,False,REGULAR,USD,P,2026-09-11,25,776.3400268554688,2026-08-17T11:55:45+00:00
SPY260911P00545000,2026-08-04 13:37:30+00:00,545.0,0.2,0.0,0.0,0.0,0.0,1.0,7.0,0.2500075,False,REGULAR,USD,P,2026-09-11,25,776.3400268554688,2026-08-17T11:55:45+00:00
SPY260911P00550000,2026-08-12 13:40:05+00:00,550.0,0.11,0.0,0.0,0.0,0.0,1.0,62.0,0.2500075,False,REGULAR,USD,P,2026-09-11,25,776.3400268554688,2026-08-17T11:55:45+00:00
SPY260911P00555000,2026-08-14 16:23:02+00:00,555.0,0.08,0.0,0.0,0.0,0.0,25.0,32.0,0.2500075,False,REGULAR,USD,P,2026-09-11,25,776.3400268554688,2026-08-17T11:55:45+00:00
SPY260911P00560000,2026-08-04 18:40:39+00:00,560.0,0.23,0.0,0.0,0.0,0.0,2.0,5.0,0.2500075,False,REGULAR,USD,P,2026-09-11,25,776.3400268554688,2026-08-17T11:55:45+00:00
SPY260911P00565000,2026-08-13 13:34:20+00:00,565.0,0.1,0.0,0.0,0.0,0.0,1.0,4.0,0.2500075,False,REGULAR,USD,P,2026-09-11,25,776.3400268554688,2026-08-17T11:55:45+00:00
SPY260911P00570000,2026-08-14 15:10:29+00:00,570.0,0.09,0.0,0.0,0.0,0.0,59.0,98.0,0.2500075,False,REGULAR,USD,P,2026-09-11,25,776.3400268554688,2026-08-17T11:55:45+00:00
SPY260911P00575000,2026-08-14 13:39:44+00:00,575.0,0.1,0.0,0.0,0.0,0.0,1.0,225.0,0.2500075,False,REGULAR,USD,P,2026-09-11,25,776.3400268554688,2026-08-17T11:55:45+00:00
SPY260911P00580000,2026-08-12 17:40:51+00:00,580.0,0.14,0.0,0.0,0.0,0.0,22.0,187.0,0.2500075,False,REGULAR,USD,P,2026-09-11,25,776.3400268554688,2026-08-17T11:55:45+00:00
SPY260911P00585000,2026-08-11 14:11:38+00:00,585.0,0.19,0.0,0.0,0.0,0.0,1.0,32.0,0.2500075,False,REGULAR,USD,P,2026-09-11,25,776.3400268554688,2026-08-17T11:55:45+00:00
SPY260911P00590000,2026-08-11 13:38:54+00:00,590.0,0.21,0.0,0.0,0.0,0.0,1.0,88.0,0.2500075,False,REGULAR,USD,P,2026-09-11,25,776.3400268554688,2026-08-17T11:55:45+00:00
SPY260911P00595000,2026-08-13 15:29:49+00:00,595.0,0.16,0.0,0.0,0.0,0.0,1.0,22.0,0.2500075,False,REGULAR,USD,P,2026-09-11,25,776.3400268554688,2026-08-17T11:55:45+00:00
SPY260911P00600000,2026-08-14 19:45:18+00:00,600.0,0.14,0.0,0.0,0.0,0.0,15.0,713.0,0.2500075,False,REGULAR,USD,P,2026-09-11,25,776.3400268554688,2026-08-17T11:55:45+00:00
SPY260911P00605000,2026-08-13 17:39:35+00:00,605.0,0.17,0.0,0.0,0.0,0.0,2.0,44.0,0.12500875,False,REGULAR,USD,P,2026-09-11,25,776.3400268554688,2026-08-17T11:55:45+00:00
SPY260911P00610000,2026-08-14 14:16:17+00:00,610.0,0.18,0.0,0.0,0.0,0.0,2.0,50.0,0.12500875,False,REGULAR,USD,P,2026-09-11,25,776.3400268554688,2026-08-17T11:55:45+00:00
SPY260911P00615000,2026-08-14 15:44:40+00:00,615.0,0.2,0.0,0.0,0.0,0.0,1.0,97.0,0.12500875,False,REGULAR,USD,P,2026-09-11,25,776.3400268554688,2026-08-17T11:55:45+00:00
SPY260911P00620000,2026-08-14 16:45:02+00:00,620.0,0.21,0.0,0.0,0.0,0.0,94.0,358.0,0.12500875,False,REGULAR,USD,P,2026-09-11,25,776.3400268554688,2026-08-17T11:55:45+00:00
SPY260911P00625000,2026-08-13 13:49:02+00:00,625.0,0.23,0.0,0.0,0.0,0.0,20.0,211.0,0.12500875,False,REGULAR,USD,P,2026-09-11,25,776.3400268554688,2026-08-17T11:55:45+00:00
SPY260911P00630000,2026-08-14 15:14:54+00:00,630.0,0.24,0.0,0.0,0.0,0.0,34.0,65.0,0.12500875,False,REGULAR,USD,P,2026-09-11,25,776.3400268554688,2026-08-17T11:55:45+00:00
SPY260911P00635000,2026-08-14 19:53:48+00:00,635.0,0.24,0.0,0.0,0.0,0.0,46.0,178.0,0.12500875,False,REGULAR,USD,P,2026-09-11,25,776.3400268554688,2026-08-17T11:55:45+00:00
SPY260911P00640000,2026-08-14 16:46:49+00:00,640.0,0.28,0.0,0.0,0.0,0.0,44.0,510.0,0.12500875,False,REGULAR,USD,P,2026-09-11,25,776.3400268554688,2026-08-17T11:55:45+00:00
SPY260911P00645000,2026-08-14 20:12:14+00:00,645.0,0.3,0.0,0.0,0.0,0.0,182.0,332.0,0.12500875,False,REGULAR,USD,P,2026-09-11,25,776.3400268554688,2026-08-17T11:55:45+00:00
SPY260911P00650000,2026-08-14 19:50:44+00:00,650.0,0.31,0.0,0.0,0.0,0.0,69.0,187.0,0.12500875,False,REGULAR,USD,P,2026-09-11,25,776.3400268554688,2026-08-17T11:55:45+00:00
SPY260911P00655000,2026-08-14 19:52:28+00:00,655.0,0.34,0.0,0.0,0.0,0.0,2.0,82.0,0.12500875,False,REGULAR,USD,P,2026-09-11,25,776.3400268554688,2026-08-17T11:55:45+00:00
SPY260911P00660000,2026-08-14 20:14:29+00:00,660.0,0.37,0.0,0.0,0.0,0.0,25.0,168.0,0.12500875,False,REGULAR,USD,P,2026-09-11,25,776.3400268554688,2026-08-17T11:55:45+00:00
SPY260911P00665000,2026-08-14 19:35:13+00:00,665.0,0.42,0.0,0.0,0.0,0.0,10.0,101.0,0.12500875,False,REGULAR,USD,P,2026-09-11,25,776.3400268554688,2026-08-17T11:55:45+00:00
SPY260911P00670000,2026-08-14 19:30:51+00:00,670.0,0.45,0.0,0.0,0.0,0.0,12.0,1270.0,0.12500875,False,REGULAR,USD,P,2026-09-11,25,776.3400268554688,2026-08-17T11:55:45+00:00
SPY260911P00675000,2026-08-14 19:09:54+00:00,675.0,0.5,0.0,0.0,0.0,0.0,18.0,213.0,0.12500875,False,REGULAR,USD,P,2026-09-11,25,776.3400268554688,2026-08-17T11:55:45+00:00
SPY260911P00680000,2026-08-14 19:59:46+00:00,680.0,0.52,0.0,0.0,0.0,0.0,102.0,9129.0,0.12500875,False,REGULAR,USD,P,2026-09-11,25,776.3400268554688,2026-08-17T11:55:45+00:00
SPY260911P00685000,2026-08-14 20:05:31+00:00,685.0,0.57,0.0,0.0,0.0,0.0,51.0,6217.0,0.12500875,False,REGULAR,USD,P,2026-09-11,25,776.3400268554688,2026-08-17T11:55:45+00:00
SPY260911P00690000,2026-08-14 20:06:11+00:00,690.0,0.61,0.0,0.0,0.0,0.0,257.0,2060.0,0.062509375,False,REGULAR,USD,P,2026-09-11,25,776.3400268554688,2026-08-17T11:55:45+00:00
SPY260911P00691000,2026-08-14 20:06:10+00:00,691.0,0.64,0.0,0.0,0.0,0.0,2.0,42.0,0.062509375,False,REGULAR,USD,P,2026-09-11,25,776.3400268554688,2026-08-17T11:55:45+00:00
SPY260911P00692000,2026-08-14 15:44:59+00:00,692.0,0.72,0.0,0.0,0.0,0.0,3.0,190.0,0.062509375,False,REGULAR,USD,P,2026-09-11,25,776.3400268554688,2026-08-17T11:55:45+00:00
SPY260911P00693000,2026-08-14 19:52:33+00:00,693.0,0.65,0.0,0.0,0.0,0.0,8.0,262.0,0.062509375,False,REGULAR,USD,P,2026-09-11,25,776.3400268554688,2026-08-17T11:55:45+00:00
SPY260911P00694000,2026-08-14 18:37:24+00:00,694.0,0.68,0.0,0.0,0.0,0.0,36.0,6711.0,0.062509375,False,REGULAR,USD,P,2026-09-11,25,776.3400268554688,2026-08-17T11:55:45+00:00
SPY260911P00695000,2026-08-14 16:51:26+00:00,695.0,0.72,0.0,0.0,0.0,0.0,6.0,472.0,0.062509375,False,REGULAR,USD,P,2026-09-11,25,776.3400268554688,2026-08-17T11:55:45+00:00
SPY260911P00696000,2026-08-14 14:29:40+00:00,696.0,0.74,0.0,0.0,0.0,0.0,46.0,131.0,0.062509375,False,REGULAR,USD,P,2026-09-11,25,776.3400268554688,2026-08-17T11:55:45+00:00
SPY260911P00697000,2026-08-14 13:41:17+00:00,697.0,0.73,0.0,0.0,0.0,0.0,1.0,39.0,0.062509375,False,REGULAR,USD,P,2026-09-11,25,776.3400268554688,2026-08-17T11:55:45+00:00
SPY260911P00698000,2026-08-13 13:44:15+00:00,698.0,0.79,0.0,0.0,0.0,0.0,1.0,87.0,0.062509375,False,REGULAR,USD,P,2026-09-11,25,776.3400268554688,2026-08-17T11:55:45+00:00
SPY260911P00699000,2026-08-14 19:56:39+00:00,699.0,0.75,0.0,0.0,0.0,0.0,2360.0,2541.0,0.062509375,False,REGULAR,USD,P,2026-09-11,25,776.3400268554688,2026-08-17T11:55:45+00:00
SPY260911P00700000,2026-08-14 20:12:14+00:00,700.0,0.75,0.0,0.0,0.0,0.0,67.0,1622.0,0.062509375,False,REGULAR,USD,P,2026-09-11,25,776.3400268554688,2026-08-17T11:55:45+00:00
SPY260911P00701000,2026-08-13 19:11:28+00:00,701.0,0.84,0.0,0.0,0.0,0.0,34.0,118.0,0.062509375,False,REGULAR,USD,P,2026-09-11,25,776.3400268554688,2026-08-17T11:55:45+00:00
SPY260911P00702000,2026-08-14 17:22:54+00:00,702.0,0.81,0.0,0.0,0.0,0.0,12.0,364.0,0.062509375,False,REGULAR,USD,P,2026-09-11,25,776.3400268554688,2026-08-17T11:55:45+00:00
SPY260911P00703000,2026-08-14 13:32:03+00:00,703.0,0.78,0.0,0.0,0.0,0.0,62.0,288.0,0.062509375,False,REGULAR,USD,P,2026-09-11,25,776.3400268554688,2026-08-17T11:55:45+00:00
SPY260911P00704000,2026-08-13 14:17:09+00:00,704.0,0.86,0.0,0.0,0.0,0.0,2.0,35.0,0.062509375,False,REGULAR,USD,P,2026-09-11,25,776.3400268554688,2026-08-17T11:55:45+00:00
SPY260911P00705000,2026-08-14 19:05:06+00:00,705.0,0.87,0.0,0.0,0.0,0.0,160.0,582.0,0.062509375,False,REGULAR,USD,P,2026-09-11,25,776.3400268554688,2026-08-17T11:55:45+00:00
SPY260911P00706000,2026-08-13 19:38:09+00:00,706.0,0.92,0.0,0.0,0.0,0.0,24.0,75.0,0.062509375,False,REGULAR,USD,P,2026-09-11,25,776.3400268554688,2026-08-17T11:55:45+00:00
SPY260911P00707000,2026-08-14 17:05:31+00:00,707.0,0.92,0.0,0.0,0.0,0.0,1.0,256.0,0.062509375,False,REGULAR,USD,P,2026-09-11,25,776.3400268554688,2026-08-17T11:55:45+00:00
SPY260911P00708000,2026-08-14 18:50:12+00:00,708.0,0.91,0.0,0.0,0.0,0.0,3.0,187.0,0.062509375,False,REGULAR,USD,P,2026-09-11,25,776.3400268554688,2026-08-17T11:55:45+00:00
SPY260911P00709000,2026-08-14 18:58:48+00:00,709.0,0.93,0.0,0.0,0.0,0.0,178.0,151.0,0.062509375,False,REGULAR,USD,P,2026-09-11,25,776.3400268554688,2026-08-17T11:55:45+00:00
SPY260911P00710000,2026-08-14 20:13:01+00:00,710.0,0.92,0.0,0.0,0.0,0.0,408.0,793.0,0.062509375,False,REGULAR,USD,P,2026-09-11,25,776.3400268554688,2026-08-17T11:55:45+00:00
SPY260911P00711000,2026-08-14 19:16:52+00:00,711.0,0.98,0.0,0.0,0.0,0.0,55.0,855.0,0.062509375,False,REGULAR,USD,P,2026-09-11,25,776.3400268554688,2026-08-17T11:55:45+00:00
SPY260911P00712000,2026-08-14 15:52:55+00:00,712.0,1.07,0.0,0.0,0.0,0.0,158.0,384.0,0.062509375,False,REGULAR,USD,P,2026-09-11,25,776.3400268554688,2026-08-17T11:55:45+00:00
SPY260911P00713000,2026-08-14 16:35:43+00:00,713.0,1.04,0.0,0.0,0.0,0.0,200.0,316.0,0.062509375,False,REGULAR,USD,P,2026-09-11,25,776.3400268554688,2026-08-17T11:55:45+00:00
SPY260911P00714000,2026-08-13 18:47:50+00:00,714.0,1.09,0.0,0.0,0.0,0.0,18.0,166.0,0.062509375,False,REGULAR,USD,P,2026-09-11,25,776.3400268554688,2026-08-17T11:55:45+00:00
SPY260911P00715000,2026-08-14 19:09:54+00:00,715.0,1.07,0.0,0.0,0.0,0.0,118.0,1669.0,0.062509375,False,REGULAR,USD,P,2026-09-11,25,776.3400268554688,2026-08-17T11:55:45+00:00
SPY260911P00716000,2026-08-14 19:54:30+00:00,716.0,1.07,0.0,0.0,0.0,0.0,13.0,278.0,0.062509375,False,REGULAR,USD,P,2026-09-11,25,776.3400268554688,2026-08-17T11:55:45+00:00
SPY260911P00717000,2026-08-14 17:41:58+00:00,717.0,1.14,0.0,0.0,0.0,0.0,1.0,290.0,0.062509375,False,REGULAR,USD,P,2026-09-11,25,776.3400268554688,2026-08-17T11:55:45+00:00
SPY260911P00718000,2026-08-14 20:01:26+00:00,718.0,1.1,0.0,0.0,0.0,0.0,9.0,267.0,0.062509375,False,REGULAR,USD,P,2026-09-11,25,776.3400268554688,2026-08-17T11:55:45+00:00
SPY260911P00719000,2026-08-14 19:56:23+00:00,719.0,1.17,0.0,0.0,0.0,0.0,82.0,367.0,0.062509375,False,REGULAR,USD,P,2026-09-11,25,776.3400268554688,2026-08-17T11:55:45+00:00
SPY260911P00720000,2026-08-14 19:55:14+00:00,720.0,1.18,0.0,0.0,0.0,0.0,332.0,5172.0,0.062509375,False,REGULAR,USD,P,2026-09-11,25,776.3400268554688,2026-08-17T11:55:45+00:00
SPY260911P00721000,2026-08-14 19:20:34+00:00,721.0,1.24,0.0,0.0,0.0,0.0,7.0,190.0,0.062509375,False,REGULAR,USD,P,2026-09-11,25,776.3400268554688,2026-08-17T11:55:45+00:00
SPY260911P00722000,2026-08-14 19:59:46+00:00,722.0,1.23,0.0,0.0,0.0,0.0,7.0,577.0,0.062509375,False,REGULAR,USD,P,2026-09-11,25,776.3400268554688,2026-08-17T11:55:45+00:00
SPY260911P00723000,2026-08-14 19:56:23+00:00,723.0,1.3,0.0,0.0,0.0,0.0,46.0,323.0,0.062509375,False,REGULAR,USD,P,2026-09-11,25,776.3400268554688,2026-08-17T11:55:45+00:00
SPY260911P00724000,2026-08-14 19:56:23+00:00,724.0,1.33,0.0,0.0,0.0,0.0,240.0,433.0,0.062509375,False,REGULAR,USD,P,2026-09-11,25,776.3400268554688,2026-08-17T11:55:45+00:00
SPY260911P00725000,2026-08-14 20:05:24+00:00,725.0,1.32,0.0,0.0,0.0,0.0,301.0,930.0,0.062509375,False,REGULAR,USD,P,2026-09-11,25,776.3400268554688,2026-08-17T11:55:45+00:00
SPY260911P00726000,2026-08-14 19:38:28+00:00,726.0,1.4,0.0,0.0,0.0,0.0,38.0,349.0,0.062509375,False,REGULAR,USD,P,2026-09-11,25,776.3400268554688,2026-08-17T11:55:45+00:00
SPY260911P00727000,2026-08-14 20:03:50+00:00,727.0,1.4,0.0,0.0,0.0,0.0,160.0,266.0,0.062509375,False,REGULAR,USD,P,2026-09-11,25,776.3400268554688,2026-08-17T11:55:45+00:00
SPY260911P00728000,2026-08-14 19:19:02+00:00,728.0,1.5,0.0,0.0,0.0,0.0,166.0,489.0,0.062509375,False,REGULAR,USD,P,2026-09-11,25,776.3400268554688,2026-08-17T11:55:45+00:00
SPY260911P00729000,2026-08-14 19:56:23+00:00,729.0,1.52,0.0,0.0,0.0,0.0,289.0,388.0,0.062509375,False,REGULAR,USD,P,2026-09-11,25,776.3400268554688,2026-08-17T11:55:45+00:00
SPY260911P00730000,2026-08-14 20:05:24+00:00,730.0,1.53,0.0,0.0,0.0,0.0,1557.0,4008.0,0.062509375,False,REGULAR,USD,P,2026-09-11,25,776.3400268554688,2026-08-17T11:55:45+00:00
SPY260911P00731000,2026-08-14 19:56:23+00:00,731.0,1.62,0.0,0.0,0.0,0.0,744.0,446.0,0.062509375,False,REGULAR,USD,P,2026-09-11,25,776.3400268554688,2026-08-17T11:55:45+00:00
SPY260911P00732000,2026-08-14 19:58:47+00:00,732.0,1.64,0.0,0.0,0.0,0.0,89.0,159.0,0.062509375,False,REGULAR,USD,P,2026-09-11,25,776.3400268554688,2026-08-17T11:55:45+00:00
SPY260911P00733000,2026-08-14 19:57:46+00:00,733.0,1.72,0.0,0.0,0.0,0.0,33.0,743.0,0.062509375,False,REGULAR,USD,P,2026-09-11,25,776.3400268554688,2026-08-17T11:55:45+00:00
SPY260911P00734000,2026-08-14 19:47:35+00:00,734.0,1.73,0.0,0.0,0.0,0.0,90.0,206.0,0.0312596875,False,REGULAR,USD,P,2026-09-11,25,776.3400268554688,2026-08-17T11:55:45+00:00
SPY260911P00735000,2026-08-14 20:01:49+00:00,735.0,1.76,0.0,0.0,0.0,0.0,651.0,1102.0,0.0312596875,False,REGULAR,USD,P,2026-09-11,25,776.3400268554688,2026-08-17T11:55:45+00:00
SPY260911P00736000,2026-08-14 19:58:04+00:00,736.0,1.87,0.0,0.0,0.0,0.0,40.0,242.0,0.0312596875,False,REGULAR,USD,P,2026-09-11,25,776.3400268554688,2026-08-17T11:55:45+00:00
SPY260911P00737000,2026-08-14 19:56:23+00:00,737.0,1.93,0.0,0.0,0.0,0.0,59.0,93.0,0.0312596875,False,REGULAR,USD,P,2026-09-11,25,776.3400268554688,2026-08-17T11:55:45+00:00
SPY260911P00738000,2026-08-14 19:56:23+00:00,738.0,2.0,0.0,0.0,0.0,0.0,148.0,709.0,0.0312596875,False,REGULAR,USD,P,2026-09-11,25,776.3400268554688,2026-08-17T11:55:45+00:00
SPY260911P00739000,2026-08-14 20:03:05+00:00,739.0,2.0,0.0,0.0,0.0,0.0,291.0,554.0,0.0312596875,False,REGULAR,USD,P,2026-09-11,25,776.3400268554688,2026-08-17T11:55:45+00:00
SPY260911P00740000,2026-08-14 20:13:28+00:00,740.0,2.08,0.0,0.0,0.0,0.0,540.0,1730.0,0.0312596875,False,REGULAR,USD,P,2026-09-11,25,776.3400268554688,2026-08-17T11:55:45+00:00
SPY260911P00741000,2026-08-14 20:03:37+00:00,741.0,2.15,0.0,0.0,0.0,0.0,147.0,455.0,0.0312596875,False,REGULAR,USD,P,2026-09-11,25,776.3400268554688,2026-08-17T11:55:45+00:00
SPY260911P00742000,2026-08-14 19:50:00+00:00,742.0,2.21,0.0,0.0,0.0,0.0,338.0,496.0,0.0312596875,False,REGULAR,USD,P,2026-09-11,25,776.3400268554688,2026-08-17T11:55:45+00:00
SPY260911P00743000,2026-08-14 19:56:23+00:00,743.0,2.35,0.0,0.0,0.0,0.0,11.0,315.0,0.0312596875,False,REGULAR,USD,P,2026-09-11,25,776.3400268554688,2026-08-17T11:55:45+00:00
SPY260911P00744000,2026-08-14 19:25:59+00:00,744.0,2.43,0.0,0.0,0.0,0.0,87.0,2500.0,0.0312596875,False,REGULAR,USD,P,2026-09-11,25,776.3400268554688,2026-08-17T11:55:45+00:00
SPY260911P00745000,2026-08-14 19:56:23+00:00,745.0,2.53,0.0,0.0,0.0,0.0,485.0,2653.0,0.0312596875,False,REGULAR,USD,P,2026-09-11,25,776.3400268554688,2026-08-17T11:55:45+00:00
SPY260911P00746000,2026-08-14 20:12:26+00:00,746.0,2.59,0.0,0.0,0.0,0.0,32.0,204.0,0.0312596875,False,REGULAR,USD,P,2026-09-11,25,776.3400268554688,2026-08-17T11:55:45+00:00
SPY260911P00747000,2026-08-14 20:06:03+00:00,747.0,2.68,0.0,0.0,0.0,0.0,38.0,273.0,0.0312596875,False,REGULAR,USD,P,2026-09-11,25,776.3400268554688,2026-08-17T11:55:45+00:00
SPY260911P00748000,2026-08-14 20:01:34+00:00,748.0,2.75,0.0,0.0,0.0,0.0,66.0,512.0,0.0312596875,False,REGULAR,USD,P,2026-09-11,25,776.3400268554688,2026-08-17T11:55:45+00:00
SPY260911P00749000,2026-08-14 19:56:23+00:00,749.0,2.92,0.0,0.0,0.0,0.0,11.0,479.0,0.0312596875,False,REGULAR,USD,P,2026-09-11,25,776.3400268554688,2026-08-17T11:55:45+00:00
SPY260911P00750000,2026-08-14 20:06:03+00:00,750.0,3.0,0.0,0.0,0.0,0.0,383.0,1348.0,0.0312596875,False,REGULAR,USD,P,2026-09-11,25,776.3400268554688,2026-08-17T11:55:45+00:00
SPY260911P00751000,2026-08-14 20:03:37+00:00,751.0,3.09,0.0,0.0,0.0,0.0,72.0,290.0,0.0312596875,False,REGULAR,USD,P,2026-09-11,25,776.3400268554688,2026-08-17T11:55:45+00:00
SPY260911P00752000,2026-08-14 19:57:59+00:00,752.0,3.26,0.0,0.0,0.0,0.0,14.0,449.0,0.0312596875,False,REGULAR,USD,P,2026-09-11,25,776.3400268554688,2026-08-17T11:55:45+00:00
SPY260911P00753000,2026-08-14 19:42:09+00:00,753.0,3.32,0.0,0.0,0.0,0.0,26.0,199.0,0.0312596875,False,REGULAR,USD,P,2026-09-11,25,776.3400268554688,2026-08-17T11:55:45+00:00
SPY260911P00754000,2026-08-14 19:35:02+00:00,754.0,3.47,0.0,0.0,0.0,0.0,143.0,256.0,0.0312596875,False,REGULAR,USD,P,2026-09-11,25,776.3400268554688,2026-08-17T11:55:45+00:00
SPY260911P00755000,2026-08-14 20:10:50+00:00,755.0,3.65,0.0,0.0,0.0,0.0,160.0,910.0,0.0312596875,False,REGULAR,USD,P,2026-09-11,25,776.3400268554688,2026-08-17T11:55:45+00:00
SPY260911P00756000,2026-08-14 18:52:24+00:00,756.0,3.76,0.0,0.0,0.0,0.0,17.0,128.0,0.015634843750000002,False,REGULAR,USD,P,2026-09-11,25,776.3400268554688,2026-08-17T11:55:45+00:00
SPY260911P00757000,2026-08-14 18:41:08+00:00,757.0,3.96,0.0,0.0,0.0,0.0,44.0,243.0,0.015634843750000002,False,REGULAR,USD,P,2026-09-11,25,776.3400268554688,2026-08-17T11:55:45+00:00
SPY260911P00758000,2026-08-14 19:58:48+00:00,758.0,4.08,0.0,0.0,0.0,0.0,28.0,394.0,0.015634843750000002,False,REGULAR,USD,P,2026-09-11,25,776.3400268554688,2026-08-17T11:55:45+00:00
SPY260911P00759000,2026-08-14 20:10:50+00:00,759.0,4.28,0.0,0.0,0.0,0.0,59.0,252.0,0.015634843750000002,False,REGULAR,USD,P,2026-09-11,25,776.3400268554688,2026-08-17T11:55:45+00:00
SPY260911P00760000,2026-08-14 20:14:25+00:00,760.0,4.48,0.0,0.0,0.0,0.0,593.0,1129.0,0.015634843750000002,False,REGULAR,USD,P,2026-09-11,25,776.3400268554688,2026-08-17T11:55:45+00:00
SPY260911P00761000,2026-08-14 19:56:42+00:00,761.0,4.67,0.0,0.0,0.0,0.0,269.0,469.0,0.015634843750000002,False,REGULAR,USD,P,2026-09-11,25,776.3400268554688,2026-08-17T11:55:45+00:00
SPY260911P00762000,2026-08-14 20:12:52+00:00,762.0,4.85,0.0,0.0,0.0,0.0,16.0,88.0,0.015634843750000002,False,REGULAR,USD,P,2026-09-11,25,776.3400268554688,2026-08-17T11:55:45+00:00
SPY260911P00763000,2026-08-14 20:14:19+00:00,763.0,5.05,0.0,0.0,0.0,0.0,34.0,215.0,0.015634843750000002,False,REGULAR,USD,P,2026-09-11,25,776.3400268554688,2026-08-17T11:55:45+00:00
SPY260911P00764000,2026-08-14 19:58:26+00:00,764.0,5.26,0.0,0.0,0.0,0.0,21.0,110.0,0.015634843750000002,False,REGULAR,USD,P,2026-09-11,25,776.3400268554688,2026-08-17T11:55:45+00:00
SPY260911P00765000,2026-08-14 20:00:40+00:00,765.0,5.44,0.0,0.0,0.0,0.0,423.0,1197.0,0.015634843750000002,False,REGULAR,USD,P,2026-09-11,25,776.3400268554688,2026-08-17T11:55:45+00:00
SPY260911P00766000,2026-08-14 19:50:57+00:00,766.0,5.59,0.0,0.0,0.0,0.0,88.0,696.0,0.015634843750000002,False,REGULAR,USD,P,2026-09-11,25,776.3400268554688,2026-08-17T11:55:45+00:00
SPY260911P00767000,2026-08-14 19:59:46+00:00,767.0,5.92,0.0,0.0,0.0,0.0,335.0,203.0,0.007822421875,False,REGULAR,USD,P,2026-09-11,25,776.3400268554688,2026-08-17T11:55:45+00:00
SPY260911P00768000,2026-08-14 19:02:00+00:00,768.0,6.28,0.0,0.0,0.0,0.0,12.0,822.0,0.007822421875,False,REGULAR,USD,P,2026-09-11,25,776.3400268554688,2026-08-17T11:55:45+00:00
SPY260911P00769000,2026-08-14 19:59:46+00:00,769.0,6.46,0.0,0.0,0.0,0.0,158.0,658.0,0.007822421875,False,REGULAR,USD,P,2026-09-11,25,776.3400268554688,2026-08-17T11:55:45+00:00
SPY260911P00770000,2026-08-14 20:14:13+00:00,770.0,6.82,0.0,0.0,0.0,0.0,442.0,986.0,0.007822421875,False,REGULAR,USD,P,2026-09-11,25,776.3400268554688,2026-08-17T11:55:45+00:00
SPY260911P00771000,2026-08-14 20:09:41+00:00,771.0,7.2,0.0,0.0,0.0,0.0,58.0,500.0,0.007822421875,False,REGULAR,USD,P,2026-09-11,25,776.3400268554688,2026-08-17T11:55:45+00:00
SPY260911P00772000,2026-08-14 20:00:51+00:00,772.0,7.46,0.0,0.0,0.0,0.0,316.0,908.0,0.0039162109375,False,REGULAR,USD,P,2026-09-11,25,776.3400268554688,2026-08-17T11:55:45+00:00
SPY260911P00773000,2026-08-14 19:59:41+00:00,773.0,7.78,0.0,0.0,0.0,0.0,33.0,377.0,0.0039162109375,False,REGULAR,USD,P,2026-09-11,25,776.3400268554688,2026-08-17T11:55:45+00:00
SPY260911P00774000,2026-08-14 19:49:39+00:00,774.0,8.06,0.0,0.0,0.0,0.0,253.0,499.0,0.0039162109375,False,REGULAR,USD,P,2026-09-11,25,776.3400268554688,2026-08-17T11:55:45+00:00
SPY260911P00775000,2026-08-14 20:14:08+00:00,775.0,8.51,0.0,0.0,0.0,0.0,756.0,882.0,0.00196310546875,False,REGULAR,USD,P,2026-09-11,25,776.3400268554688,2026-08-17T11:55:45+00:00
SPY260911P00776000,2026-08-14 20:03:02+00:00,776.0,8.9,0.0,0.0,0.0,0.0,837.0,805.0,0.0004982763671875,False,REGULAR,USD,P,2026-09-11,25,776.3400268554688,2026-08-17T11:55:45+00:00
SPY260911P00777000,2026-08-14 20:12:12+00:00,777.0,9.36,0.0,0.0,0.0,0.0,277.0,825.0,1.0000000000000003e-05,True,REGULAR,USD,P,2026-09-11,25,776.3400268554688,2026-08-17T11:55:45+00:00
SPY260911P00778000,2026-08-14 19:46:12+00:00,778.0,9.78,0.0,0.0,0.0,0.0,905.0,1327.0,1.0000000000000003e-05,True,REGULAR,USD,P,2026-09-11,25,776.3400268554688,2026-08-17T11:55:45+00:00
SPY260911P00779000,2026-08-14 18:01:37+00:00,779.0,10.4,0.0,0.0,0.0,0.0,11.0,572.0,1.0000000000000003e-05,True,REGULAR,USD,P,2026-09-11,25,776.3400268554688,2026-08-17T11:55:45+00:00
SPY260911P00780000,2026-08-14 19:59:04+00:00,780.0,10.75,0.0,0.0,0.0,0.0,236.0,404.0,1.0000000000000003e-05,True,REGULAR,USD,P,2026-09-11,25,776.3400268554688,2026-08-17T11:55:45+00:00
SPY260911P00781000,2026-08-14 14:31:05+00:00,781.0,11.1,0.0,0.0,0.0,0.0,32.0,135.0,1.0000000000000003e-05,True,REGULAR,USD,P,2026-09-11,25,776.3400268554688,2026-08-17T11:55:45+00:00
SPY260911P00782000,2026-08-13 14:02:31+00:00,782.0,11.36,0.0,0.0,0.0,0.0,15.0,29.0,1.0000000000000003e-05,True,REGULAR,USD,P,2026-09-11,25,776.3400268554688,2026-08-17T11:55:45+00:00
SPY260911P00783000,2026-08-14 19:09:33+00:00,783.0,12.25,0.0,0.0,0.0,0.0,183.0,108.0,1.0000000000000003e-05,True,REGULAR,USD,P,2026-09-11,25,776.3400268554688,2026-08-17T11:55:45+00:00
SPY260911P00784000,2026-08-13 16:03:22+00:00,784.0,13.39,0.0,0.0,0.0,0.0,40.0,48.0,1.0000000000000003e-05,True,REGULAR,USD,P,2026-09-11,25,776.3400268554688,2026-08-17T11:55:45+00:00
SPY260911P00785000,2026-08-14 19:05:49+00:00,785.0,13.45,0.0,0.0,0.0,0.0,4.0,170.0,1.0000000000000003e-05,True,REGULAR,USD,P,2026-09-11,25,776.3400268554688,2026-08-17T11:55:45+00:00
SPY260911P00786000,2026-08-14 15:44:53+00:00,786.0,14.29,0.0,0.0,0.0,0.0,6.0,183.0,1.0000000000000003e-05,True,REGULAR,USD,P,2026-09-11,25,776.3400268554688,2026-08-17T11:55:45+00:00
SPY260911P00787000,2026-08-13 19:53:29+00:00,787.0,14.24,0.0,0.0,0.0,0.0,206.0,427.0,1.0000000000000003e-05,True,REGULAR,USD,P,2026-09-11,25,776.3400268554688,2026-08-17T11:55:45+00:00
SPY260911P00788000,2026-08-13 19:53:29+00:00,788.0,14.83,0.0,0.0,0.0,0.0,200.0,46.0,1.0000000000000003e-05,True,REGULAR,USD,P,2026-09-11,25,776.3400268554688,2026-08-17T11:55:45+00:00
SPY260911P00789000,2026-08-13 19:58:39+00:00,789.0,15.37,0.0,0.0,0.0,0.0,100.0,16.0,1.0000000000000003e-05,True,REGULAR,USD,P,2026-09-11,25,776.3400268554688,2026-08-17T11:55:45+00:00
SPY260911P00790000,2026-08-14 15:12:02+00:00,790.0,16.31,0.0,0.0,0.0,0.0,8.0,312.0,1.0000000000000003e-05,True,REGULAR,USD,P,2026-09-11,25,776.3400268554688,2026-08-17T11:55:45+00:00
SPY260911P00791000,2026-08-07 15:44:28+00:00,791.0,20.85,0.0,0.0,0.0,0.0,2.0,158.0,1.0000000000000003e-05,True,REGULAR,USD,P,2026-09-11,25,776.3400268554688,2026-08-17T11:55:45+00:00
SPY260911P00792000,2026-08-14 13:30:10+00:00,792.0,16.23,0.0,0.0,0.0,0.0,1.0,222.0,1.0000000000000003e-05,True,REGULAR,USD,P,2026-09-11,25,776.3400268554688,2026-08-17T11:55:45+00:00
SPY260911P00793000,2026-08-14 13:45:21+00:00,793.0,17.29,0.0,0.0,0.0,0.0,3.0,3.0,1.0000000000000003e-05,True,REGULAR,USD,P,2026-09-11,25,776.3400268554688,2026-08-17T11:55:45+00:00
SPY260911P00794000,2026-08-13 18:12:32+00:00,794.0,19.82,0.0,0.0,0.0,0.0,2.0,97.0,1.0000000000000003e-05,True,REGULAR,USD,P,2026-09-11,25,776.3400268554688,2026-08-17T11:55:45+00:00
SPY260911P00795000,2026-08-13 13:44:22+00:00,795.0,20.83,0.0,0.0,0.0,0.0,100.0,55.0,1.0000000000000003e-05,True,REGULAR,USD,P,2026-09-11,25,776.3400268554688,2026-08-17T11:55:45+00:00
SPY260911P00796000,2026-08-14 19:44:38+00:00,796.0,21.04,0.0,0.0,0.0,0.0,67.0,246.0,1.0000000000000003e-05,True,REGULAR,USD,P,2026-09-11,25,776.3400268554688,2026-08-17T11:55:45+00:00
SPY260911P00797000,2026-08-13 15:27:43+00:00,797.0,21.86,0.0,0.0,0.0,0.0,4.0,41.0,1.0000000000000003e-05,True,REGULAR,USD,P,2026-09-11,25,776.3400268554688,2026-08-17T11:55:45+00:00
SPY260911P00798000,2026-08-14 16:56:20+00:00,798.0,22.91,0.0,0.0,0.0,0.0,4.0,198.0,1.0000000000000003e-05,True,REGULAR,USD,P,2026-09-11,25,776.3400268554688,2026-08-17T11:55:45+00:00
SPY260911P00799000,2026-08-13 14:14:47+00:00,799.0,22.07,0.0,0.0,0.0,0.0,62.0,83.0,1.0000000000000003e-05,True,REGULAR,USD,P,2026-09-11,25,776.3400268554688,2026-08-17T11:55:45+00:00
SPY260911P00800000,2026-08-14 20:14:55+00:00,800.0,24.4,0.0,0.0,0.0,0.0,3.0,60.0,1.0000000000000003e-05,True,REGULAR,USD,P,2026-09-11,25,776.3400268554688,2026-08-17T11:55:45+00:00
SPY260911P00801000,2026-08-13 14:11:20+00:00,801.0,23.82,0.0,0.0,0.0,0.0,157.0,147.0,1.0000000000000003e-05,True,REGULAR,USD,P,2026-09-11,25,776.3400268554688,2026-08-17T11:55:45+00:00
SPY260911P00802000,2026-08-13 14:01:58+00:00,802.0,24.85,0.0,0.0,0.0,0.0,8.0,10.0,1.0000000000000003e-05,True,REGULAR,USD,P,2026-09-11,25,776.3400268554688,2026-08-17T11:55:45+00:00
SPY260911P00803000,2026-08-13 17:08:55+00:00,803.0,26.35,0.0,0.0,0.0,0.0,96.0,63.0,1.0000000000000003e-05,True,REGULAR,USD,P,2026-09-11,25,776.3400268554688,2026-08-17T11:55:45+00:00
SPY260911P00804000,2026-08-13 14:01:58+00:00,804.0,26.57,0.0,0.0,0.0,0.0,6.0,4.0,1.0000000000000003e-05,True,REGULAR,USD,P,2026-09-11,25,776.3400268554688,2026-08-17T11:55:45+00:00
SPY260911P00805000,2026-08-13 14:01:57+00:00,805.0,27.46,0.0,0.0,0.0,0.0,16.0,12.0,1.0000000000000003e-05,True,REGULAR,USD,P,2026-09-11,25,776.3400268554688,2026-08-17T11:55:45+00:00
SPY260911P00806000,2026-08-13 14:01:58+00:00,806.0,28.35,0.0,0.0,0.0,0.0,6.0,2.0,1.0000000000000003e-05,True,REGULAR,USD,P,2026-09-11,25,776.3400268554688,2026-08-17T11:55:45+00:00
SPY260911P00807000,2026-08-13 14:01:58+00:00,807.0,29.26,0.0,0.0,0.0,0.0,6.0,3.0,1.0000000000000003e-05,True,REGULAR,USD,P,2026-09-11,25,776.3400268554688,2026-08-17T11:55:45+00:00
SPY260911P00808000,2026-08-13 14:01:58+00:00,808.0,30.18,0.0,0.0,0.0,0.0,7.0,4.0,1.0000000000000003e-05,True,REGULAR,USD,P,2026-09-11,25,776.3400268554688,2026-08-17T11:55:45+00:00
SPY260911P00809000,2026-08-13 14:01:58+00:00,809.0,31.12,0.0,0.0,0.0,0.0,4.0,0.0,1.0000000000000003e-05,True,REGULAR,USD,P,2026-09-11,25,776.3400268554688,2026-08-17T11:55:45+00:00
SPY260911P00810000,2026-08-13 14:01:59+00:00,810.0,32.04,0.0,0.0,0.0,0.0,4.0,0.0,1.0000000000000003e-05,True,REGULAR,USD,P,2026-09-11,25,776.3400268554688,2026-08-17T11:55:45+00:00
SPY260911P00811000,2026-08-13 14:01:59+00:00,811.0,33.03,0.0,0.0,0.0,0.0,4.0,0.0,1.0000000000000003e-05,True,REGULAR,USD,P,2026-09-11,25,776.3400268554688,2026-08-17T11:55:45+00:00
SPY260911P00812000,2026-08-13 14:01:59+00:00,812.0,34.03,0.0,0.0,0.0,0.0,2.0,0.0,1.0000000000000003e-05,True,REGULAR,USD,P,2026-09-11,25,776.3400268554688,2026-08-17T11:55:45+00:00
SPY260911P00813000,2026-08-13 14:01:59+00:00,813.0,35.02,0.0,0.0,0.0,0.0,2.0,0.0,1.0000000000000003e-05,True,REGULAR,USD,P,2026-09-11,25,776.3400268554688,2026-08-17T11:55:45+00:00
SPY260911P00814000,2026-08-06 18:19:07+00:00,814.0,44.22,0.0,0.0,0.0,0.0,,0.0,1.0000000000000003e-05,True,REGULAR,USD,P,2026-09-11,25,776.3400268554688,2026-08-17T11:55:45+00:00
SPY260911P00815000,2026-08-04 19:21:02+00:00,815.0,42.22,0.0,0.0,0.0,0.0,,0.0,1.0000000000000003e-05,True,REGULAR,USD,P,2026-09-11,25,776.3400268554688,2026-08-17T11:55:45+00:00
SPY260911P00816000,2026-08-04 19:21:02+00:00,816.0,43.17,0.0,0.0,0.0,0.0,,0.0,1.0000000000000003e-05,True,REGULAR,USD,P,2026-09-11,25,776.3400268554688,2026-08-17T11:55:45+00:00
SPY260911P00817000,2026-08-04 19:21:03+00:00,817.0,44.13,0.0,0.0,0.0,0.0,,0.0,1.0000000000000003e-05,True,REGULAR,USD,P,2026-09-11,25,776.3400268554688,2026-08-17T11:55:45+00:00
SPY260911P00818000,2026-08-04 19:21:03+00:00,818.0,45.1,0.0,0.0,0.0,0.0,,0.0,1.0000000000000003e-05,True,REGULAR,USD,P,2026-09-11,25,776.3400268554688,2026-08-17T11:55:45+00:00
SPY260911P00819000,2026-08-04 19:21:03+00:00,819.0,46.07,0.0,0.0,0.0,0.0,,0.0,1.0000000000000003e-05,True,REGULAR,USD,P,2026-09-11,25,776.3400268554688,2026-08-17T11:55:45+00:00
SPY260911P00820000,2026-08-04 19:21:03+00:00,820.0,47.05,0.0,0.0,0.0,0.0,,0.0,1.0000000000000003e-05,True,REGULAR,USD,P,2026-09-11,25,776.3400268554688,2026-08-17T11:55:45+00:00
SPY260911P00821000,2026-08-04 19:21:03+00:00,821.0,48.02,0.0,0.0,0.0,0.0,,0.0,1.0000000000000003e-05,True,REGULAR,USD,P,2026-09-11,25,776.3400268554688,2026-08-17T11:55:45+00:00
SPY260911P00822000,2026-08-04 19:21:04+00:00,822.0,49.0,0.0,0.0,0.0,0.0,,0.0,1.0000000000000003e-05,True,REGULAR,USD,P,2026-09-11,25,776.3400268554688,2026-08-17T11:55:45+00:00
SPY260911P00823000,2026-08-05 19:30:13+00:00,823.0,51.11,0.0,0.0,0.0,0.0,,0.0,1.0000000000000003e-05,True,REGULAR,USD,P,2026-09-11,25,776.3400268554688,2026-08-17T11:55:45+00:00
SPY260911P00824000,2026-08-05 16:31:55+00:00,824.0,52.27,0.0,0.0,0.0,0.0,,0.0,1.0000000000000003e-05,True,REGULAR,USD,P,2026-09-11,25,776.3400268554688,2026-08-17T11:55:45+00:00
SPY260911P00825000,2026-08-05 16:32:02+00:00,825.0,53.39,0.0,0.0,0.0,0.0,,0.0,1.0000000000000003e-05,True,REGULAR,USD,P,2026-09-11,25,776.3400268554688,2026-08-17T11:55:45+00:00
SPY260911P00830000,2026-08-10 20:01:38+00:00,830.0,57.0,0.0,0.0,0.0,0.0,1.0,0.0,1.0000000000000003e-05,True,REGULAR,USD,P,2026-09-11,25,776.3400268554688,2026-08-17T11:55:45+00:00
SPY260911P00835000,2026-08-04 19:21:05+00:00,835.0,61.95,0.0,0.0,0.0,0.0,,0.0,1.0000000000000003e-05,True,REGULAR,USD,P,2026-09-11,25,776.3400268554688,2026-08-17T11:55:45+00:00
SPY260911P00840000,2026-08-04 19:21:05+00:00,840.0,66.94,0.0,0.0,0.0,0.0,,0.0,1.0000000000000003e-05,True,REGULAR,USD,P,2026-09-11,25,776.3400268554688,2026-08-17T11:55:45+00:00
SPY260911P00845000,2026-08-04 19:21:06+00:00,845.0,71.94,0.0,0.0,0.0,0.0,,0.0,1.0000000000000003e-05,True,REGULAR,USD,P,2026-09-11,25,776.3400268554688,2026-08-17T11:55:45+00:00
SPY260911P00850000,2026-08-05 17:32:41+00:00,850.0,78.62,0.0,0.0,0.0,0.0,,0.0,1.0000000000000003e-05,True,REGULAR,USD,P,2026-09-11,25,776.3400268554688,2026-08-17T11:55:45+00:00
SPY260911P00855000,2026-08-04 17:48:42+00:00,855.0,82.08,0.0,0.0,0.0,0.0,,0.0,1.0000000000000003e-05,True,REGULAR,USD,P,2026-09-11,25,776.3400268554688,2026-08-17T11:55:45+00:00
SPY260911P00860000,2026-08-04 17:48:42+00:00,860.0,87.07,0.0,0.0,0.0,0.0,,0.0,1.0000000000000003e-05,True,REGULAR,USD,P,2026-09-11,25,776.3400268554688,2026-08-17T11:55:45+00:00
SPY260911P00865000,2026-08-04 17:48:42+00:00,865.0,92.07,0.0,0.0,0.0,0.0,,0.0,1.0000000000000003e-05,True,REGULAR,USD,P,2026-09-11,25,776.3400268554688,2026-08-17T11:55:45+00:00
SPY260911P00870000,2026-08-04 17:48:42+00:00,870.0,97.07,0.0,0.0,0.0,0.0,,0.0,1.0000000000000003e-05,True,REGULAR,USD,P,2026-09-11,25,776.3400268554688,2026-08-17T11:55:45+00:00
SPY260911P00875000,2026-08-04 17:48:43+00:00,875.0,102.08,0.0,0.0,0.0,0.0,,0.0,1.0000000000000003e-05,True,REGULAR,USD,P,2026-09-11,25,776.3400268554688,2026-08-17T11:55:45+00:00
SPY260918C00300000,2026-08-13 16:21:09+00:00,300.0,477.01,0.0,0.0,0.0,0.0,2.0,719.0,1.0000000000000003e-05,True,REGULAR,USD,C,2026-09-18,32,776.3400268554688,2026-08-17T11:55:45+00:00
SPY260918C00305000,2026-08-04 17:17:55+00:00,305.0,468.66,0.0,0.0,0.0,0.0,2.0,484.0,1.0000000000000003e-05,True,REGULAR,USD,C,2026-09-18,32,776.3400268554688,2026-08-17T11:55:45+00:00
SPY260918C00310000,2026-05-14 13:59:13+00:00,310.0,436.37,443.75,447.02,0.0,0.0,4.0,319.0,1.0000000000000003e-05,True,REGULAR,USD,C,2026-09-18,32,776.3400268554688,2026-08-17T11:55:45+00:00
SPY260918C00315000,2026-03-06 20:35:15+00:00,315.0,361.14,0.0,0.0,0.0,0.0,75.0,0.0,1.0000000000000003e-05,True,REGULAR,USD,C,2026-09-18,32,776.3400268554688,2026-08-17T11:55:45+00:00
SPY260918C00320000,2026-06-17 18:00:42+00:00,320.0,430.29,419.56,422.88,0.0,0.0,1.0,137.0,1.0000000000000003e-05,True,REGULAR,USD,C,2026-09-18,32,776.3400268554688,2026-08-17T11:55:45+00:00
SPY260918C00325000,2026-08-07 18:34:46+00:00,325.0,447.87,0.0,0.0,0.0,0.0,30.0,96.0,1.0000000000000003e-05,True,REGULAR,USD,C,2026-09-18,32,776.3400268554688,2026-08-17T11:55:45+00:00
SPY260918C00330000,2026-08-11 13:37:34+00:00,330.0,444.75,0.0,0.0,0.0,0.0,3.0,219.0,1.0000000000000003e-05,True,REGULAR,USD,C,2026-09-18,32,776.3400268554688,2026-08-17T11:55:45+00:00
SPY260918C00335000,2026-02-06 18:44:40+00:00,335.0,360.23,330.29,333.71,0.0,0.0,1.0,1.0,1.0000000000000003e-05,True,REGULAR,USD,C,2026-09-18,32,776.3400268554688,2026-08-17T11:55:45+00:00
SPY260918C00340000,2026-06-09 16:38:20+00:00,340.0,387.24,415.72,418.5,0.0,0.0,3.0,8.0,1.0000000000000003e-05,True,REGULAR,USD,C,2026-09-18,32,776.3400268554688,2026-08-17T11:55:45+00:00
SPY260918C00345000,2026-08-07 18:33:51+00:00,345.0,428.02,0.0,0.0,0.0,0.0,12.0,13.0,1.0000000000000003e-05,True,REGULAR,USD,C,2026-09-18,32,776.3400268554688,2026-08-17T11:55:45+00:00
SPY260918C00350000,2026-08-07 19:59:29+00:00,350.0,425.06,0.0,0.0,0.0,0.0,14.0,18.0,1.0000000000000003e-05,True,REGULAR,USD,C,2026-09-18,32,776.3400268554688,2026-08-17T11:55:45+00:00
SPY260918C00355000,2026-08-07 19:59:29+00:00,355.0,420.1,0.0,0.0,0.0,0.0,2.0,13.0,1.0000000000000003e-05,True,REGULAR,USD,C,2026-09-18,32,776.3400268554688,2026-08-17T11:55:45+00:00
SPY260918C00360000,2026-08-11 15:22:02+00:00,360.0,414.0,0.0,0.0,0.0,0.0,2.0,11.0,1.0000000000000003e-05,True,REGULAR,USD,C,2026-09-18,32,776.3400268554688,2026-08-17T11:55:45+00:00
SPY260918C00365000,2026-08-06 18:18:13+00:00,365.0,405.87,0.0,0.0,0.0,0.0,10.0,10.0,1.0000000000000003e-05,True,REGULAR,USD,C,2026-09-18,32,776.3400268554688,2026-08-17T11:55:45+00:00
SPY260918C00370000,2026-06-17 14:47:31+00:00,370.0,381.24,369.93,373.25,0.0,0.0,1.0,7.0,1.0000000000000003e-05,True,REGULAR,USD,C,2026-09-18,32,776.3400268554688,2026-08-17T11:55:45+00:00
SPY260918C00375000,2026-06-09 19:11:35+00:00,375.0,363.5,381.0,383.79,0.0,0.0,1.0,4.0,1.0000000000000003e-05,True,REGULAR,USD,C,2026-09-18,32,776.3400268554688,2026-08-17T11:55:45+00:00
SPY260918C00380000,2026-08-11 15:33:01+00:00,380.0,393.98,0.0,0.0,0.0,0.0,1.0,7.0,1.0000000000000003e-05,True,REGULAR,USD,C,2026-09-18,32,776.3400268554688,2026-08-17T11:55:45+00:00
SPY260918C00385000,2026-08-14 18:46:29+00:00,385.0,392.54,0.0,0.0,0.0,0.0,36.0,132.0,1.0000000000000003e-05,True,REGULAR,USD,C,2026-09-18,32,776.3400268554688,2026-08-17T11:55:45+00:00
SPY260918C00390000,2026-07-20 17:08:46+00:00,390.0,357.22,0.0,0.0,0.0,0.0,3.0,2.0,1.0000000000000003e-05,True,REGULAR,USD,C,2026-09-18,32,776.3400268554688,2026-08-17T11:55:45+00:00
SPY260918C00395000,2026-08-14 17:01:05+00:00,395.0,382.27,0.0,0.0,0.0,0.0,1.0,50.0,1.0000000000000003e-05,True,REGULAR,USD,C,2026-09-18,32,776.3400268554688,2026-08-17T11:55:45+00:00
SPY260918C00400000,2026-08-03 19:27:35+00:00,400.0,360.38,0.0,0.0,0.0,0.0,3.0,745.0,1.0000000000000003e-05,True,REGULAR,USD,C,2026-09-18,32,776.3400268554688,2026-08-17T11:55:45+00:00
SPY260918C00405000,2026-08-03 15:15:42+00:00,405.0,352.25,0.0,0.0,0.0,0.0,1.0,30.0,1.0000000000000003e-05,True,REGULAR,USD,C,2026-09-18,32,776.3400268554688,2026-08-17T11:55:45+00:00
SPY260918C00410000,2026-08-11 14:41:05+00:00,410.0,365.31,0.0,0.0,0.0,0.0,5.0,20.0,1.0000000000000003e-05,True,REGULAR,USD,C,2026-09-18,32,776.3400268554688,2026-08-17T11:55:45+00:00
SPY260918C00415000,2026-08-03 15:15:06+00:00,415.0,342.2,0.0,0.0,0.0,0.0,2.0,110.0,1.0000000000000003e-05,True,REGULAR,USD,C,2026-09-18,32,776.3400268554688,2026-08-17T11:55:45+00:00
SPY260918C00420000,2026-07-20 14:52:07+00:00,420.0,327.77,0.0,0.0,0.0,0.0,1.0,76.0,1.0000000000000003e-05,True,REGULAR,USD,C,2026-09-18,32,776.3400268554688,2026-08-17T11:55:45+00:00
SPY260918C00425000,2026-08-07 16:22:54+00:00,425.0,349.34,0.0,0.0,0.0,0.0,1.0,16.0,1.0000000000000003e-05,True,REGULAR,USD,C,2026-09-18,32,776.3400268554688,2026-08-17T11:55:45+00:00
SPY260918C00430000,2026-07-29 17:09:23+00:00,430.0,308.94,0.0,0.0,0.0,0.0,1.0,797.0,1.0000000000000003e-05,True,REGULAR,USD,C,2026-09-18,32,776.3400268554688,2026-08-17T11:55:45+00:00
SPY260918C00435000,2026-08-14 19:04:26+00:00,435.0,342.6,0.0,0.0,0.0,0.0,2.0,11.0,1.0000000000000003e-05,True,REGULAR,USD,C,2026-09-18,32,776.3400268554688,2026-08-17T11:55:45+00:00
SPY260918C00440000,2026-06-11 17:30:03+00:00,440.0,298.08,316.58,319.37,0.0,0.0,1.0,19.0,1.0000000000000003e-05,True,REGULAR,USD,C,2026-09-18,32,776.3400268554688,2026-08-17T11:55:45+00:00
SPY260918C00445000,2026-07-28 18:53:20+00:00,445.0,299.11,0.0,0.0,0.0,0.0,1.0,7.0,1.0000000000000003e-05,True,REGULAR,USD,C,2026-09-18,32,776.3400268554688,2026-08-17T11:55:45+00:00
SPY260918C00450000,2026-07-24 13:57:13+00:00,450.0,290.87,0.0,0.0,0.0,0.0,7.0,239.0,1.0000000000000003e-05,True,REGULAR,USD,C,2026-09-18,32,776.3400268554688,2026-08-17T11:55:45+00:00
SPY260918C00455000,2026-07-31 15:26:49+00:00,455.0,287.92,0.0,0.0,0.0,0.0,1.0,254.0,1.0000000000000003e-05,True,REGULAR,USD,C,2026-09-18,32,776.3400268554688,2026-08-17T11:55:45+00:00
SPY260918C00460000,2026-08-11 15:33:01+00:00,460.0,314.37,0.0,0.0,0.0,0.0,3.0,138.0,1.0000000000000003e-05,True,REGULAR,USD,C,2026-09-18,32,776.3400268554688,2026-08-17T11:55:45+00:00
SPY260918C00465000,2026-07-29 14:43:22+00:00,465.0,272.3,0.0,0.0,0.0,0.0,1.0,12.0,1.0000000000000003e-05,True,REGULAR,USD,C,2026-09-18,32,776.3400268554688,2026-08-17T11:55:45+00:00
SPY260918C00470000,2026-08-13 13:30:09+00:00,470.0,306.2,0.0,0.0,0.0,0.0,3.0,11.0,1.0000000000000003e-05,True,REGULAR,USD,C,2026-09-18,32,776.3400268554688,2026-08-17T11:55:45+00:00
SPY260918C00475000,2026-08-13 14:19:18+00:00,475.0,305.34,0.0,0.0,0.0,0.0,8.0,16.0,1.0000000000000003e-05,True,REGULAR,USD,C,2026-09-18,32,776.3400268554688,2026-08-17T11:55:45+00:00
SPY260918C00480000,2026-08-11 19:12:08+00:00,480.0,292.12,0.0,0.0,0.0,0.0,1.0,24.0,1.0000000000000003e-05,True,REGULAR,USD,C,2026-09-18,32,776.3400268554688,2026-08-17T11:55:45+00:00
SPY260918C00485000,2026-07-20 18:13:34+00:00,485.0,263.73,0.0,0.0,0.0,0.0,1.0,20.0,1.0000000000000003e-05,True,REGULAR,USD,C,2026-09-18,32,776.3400268554688,2026-08-17T11:55:45+00:00
SPY260918C00490000,2026-08-14 19:12:23+00:00,490.0,287.94,0.0,0.0,0.0,0.0,4.0,27.0,1.0000000000000003e-05,True,REGULAR,USD,C,2026-09-18,32,776.3400268554688,2026-08-17T11:55:45+00:00
SPY260918C00495000,2026-07-29 18:50:36+00:00,495.0,250.03,0.0,0.0,0.0,0.0,1.0,86.0,1.0000000000000003e-05,True,REGULAR,USD,C,2026-09-18,32,776.3400268554688,2026-08-17T11:55:45+00:00
SPY260918C00500000,2026-08-14 13:30:16+00:00,500.0,281.82,0.0,0.0,0.0,0.0,1.0,194.0,1.0000000000000003e-05,True,REGULAR,USD,C,2026-09-18,32,776.3400268554688,2026-08-17T11:55:45+00:00
SPY260918C00505000,2026-08-10 14:14:15+00:00,505.0,271.29,0.0,0.0,0.0,0.0,2.0,53.0,1.0000000000000003e-05,True,REGULAR,USD,C,2026-09-18,32,776.3400268554688,2026-08-17T11:55:45+00:00
SPY260918C00510000,2026-08-14 17:08:10+00:00,510.0,266.1,0.0,0.0,0.0,0.0,1.0,125.0,1.0000000000000003e-05,True,REGULAR,USD,C,2026-09-18,32,776.3400268554688,2026-08-17T11:55:45+00:00
SPY260918C00515000,2026-08-05 16:50:27+00:00,515.0,259.12,0.0,0.0,0.0,0.0,30.0,3361.0,1.0000000000000003e-05,True,REGULAR,USD,C,2026-09-18,32,776.3400268554688,2026-08-17T11:55:45+00:00
SPY260918C00520000,2026-08-05 13:45:14+00:00,520.0,259.17,0.0,0.0,0.0,0.0,1.0,99.0,1.0000000000000003e-05,True,REGULAR,USD,C,2026-09-18,32,776.3400268554688,2026-08-17T11:55:45+00:00
SPY260918C00525000,2026-08-13 13:36:59+00:00,525.0,253.04,0.0,0.0,0.0,0.0,1.0,60.0,1.0000000000000003e-05,True,REGULAR,USD,C,2026-09-18,32,776.3400268554688,2026-08-17T11:55:45+00:00
SPY260918C00530000,2026-08-11 15:22:27+00:00,530.0,244.83,0.0,0.0,0.0,0.0,5.0,99.0,1.0000000000000003e-05,True,REGULAR,USD,C,2026-09-18,32,776.3400268554688,2026-08-17T11:55:45+00:00
SPY260918C00535000,2026-07-29 14:55:41+00:00,535.0,203.4,0.0,0.0,0.0,0.0,1.0,67.0,1.0000000000000003e-05,True,REGULAR,USD,C,2026-09-18,32,776.3400268554688,2026-08-17T11:55:45+00:00
SPY260918C00540000,2026-08-11 19:13:20+00:00,540.0,232.53,0.0,0.0,0.0,0.0,1.0,89.0,1.0000000000000003e-05,True,REGULAR,USD,C,2026-09-18,32,776.3400268554688,2026-08-17T11:55:45+00:00
SPY260918C00545000,2026-08-12 13:52:10+00:00,545.0,230.1,0.0,0.0,0.0,0.0,1.0,67.0,1.0000000000000003e-05,True,REGULAR,USD,C,2026-09-18,32,776.3400268554688,2026-08-17T11:55:45+00:00
SPY260918C00550000,2026-08-13 18:22:42+00:00,550.0,229.08,0.0,0.0,0.0,0.0,18.0,1156.0,1.0000000000000003e-05,True,REGULAR,USD,C,2026-09-18,32,776.3400268554688,2026-08-17T11:55:45+00:00
SPY260918C00555000,2026-08-13 16:54:31+00:00,555.0,223.8,0.0,0.0,0.0,0.0,1.0,114.0,1.0000000000000003e-05,True,REGULAR,USD,C,2026-09-18,32,776.3400268554688,2026-08-17T11:55:45+00:00
SPY260918C00560000,2026-08-11 14:23:34+00:00,560.0,216.2,0.0,0.0,0.0,0.0,1.0,132.0,1.0000000000000003e-05,True,REGULAR,USD,C,2026-09-18,32,776.3400268554688,2026-08-17T11:55:45+00:00
SPY260918C00565000,2026-08-14 18:18:34+00:00,565.0,213.51,0.0,0.0,0.0,0.0,1.0,1383.0,1.0000000000000003e-05,True,REGULAR,USD,C,2026-09-18,32,776.3400268554688,2026-08-17T11:55:45+00:00
SPY260918C00570000,2026-08-14 16:17:28+00:00,570.0,208.63,0.0,0.0,0.0,0.0,1.0,197.0,1.0000000000000003e-05,True,REGULAR,USD,C,2026-09-18,32,776.3400268554688,2026-08-17T11:55:45+00:00
SPY260918C00575000,2026-08-13 18:02:58+00:00,575.0,205.91,0.0,0.0,0.0,0.0,2.0,150.0,1.0000000000000003e-05,True,REGULAR,USD,C,2026-09-18,32,776.3400268554688,2026-08-17T11:55:45+00:00
SPY260918C00580000,2026-08-14 13:35:20+00:00,580.0,200.46,0.0,0.0,0.0,0.0,1.0,226.0,1.0000000000000003e-05,True,REGULAR,USD,C,2026-09-18,32,776.3400268554688,2026-08-17T11:55:45+00:00
SPY260918C00585000,2026-08-11 19:45:43+00:00,585.0,188.17,0.0,0.0,0.0,0.0,1.0,828.0,1.0000000000000003e-05,True,REGULAR,USD,C,2026-09-18,32,776.3400268554688,2026-08-17T11:55:45+00:00
SPY260918C00590000,2026-08-14 13:59:02+00:00,590.0,190.61,0.0,0.0,0.0,0.0,4.0,119.0,1.0000000000000003e-05,True,REGULAR,USD,C,2026-09-18,32,776.3400268554688,2026-08-17T11:55:45+00:00
SPY260918C00595000,2026-08-14 18:30:09+00:00,595.0,183.27,0.0,0.0,0.0,0.0,2.0,428.0,1.0000000000000003e-05,True,REGULAR,USD,C,2026-09-18,32,776.3400268554688,2026-08-17T11:55:45+00:00
SPY260918C00600000,2026-08-14 18:46:40+00:00,600.0,178.46,0.0,0.0,0.0,0.0,4.0,5179.0,1.0000000000000003e-05,True,REGULAR,USD,C,2026-09-18,32,776.3400268554688,2026-08-17T11:55:45+00:00
SPY260918C00601000,2026-07-29 19:14:06+00:00,601.0,142.41,0.0,0.0,0.0,0.0,2.0,1.0,1.0000000000000003e-05,True,REGULAR,USD,C,2026-09-18,32,776.3400268554688,2026-08-17T11:55:45+00:00
SPY260918C00602000,2026-08-06 19:19:27+00:00,602.0,170.48,0.0,0.0,0.0,0.0,,4.0,1.0000000000000003e-05,True,REGULAR,USD,C,2026-09-18,32,776.3400268554688,2026-08-17T11:55:45+00:00
SPY260918C00604000,2026-08-11 14:51:12+00:00,604.0,172.32,0.0,0.0,0.0,0.0,16.0,33.0,1.0000000000000003e-05,True,REGULAR,USD,C,2026-09-18,32,776.3400268554688,2026-08-17T11:55:45+00:00
SPY260918C00605000,2026-08-14 15:21:16+00:00,605.0,173.92,0.0,0.0,0.0,0.0,1.0,259.0,1.0000000000000003e-05,True,REGULAR,USD,C,2026-09-18,32,776.3400268554688,2026-08-17T11:55:45+00:00
SPY260918C00610000,2026-08-12 19:44:01+00:00,610.0,165.42,0.0,0.0,0.0,0.0,2.0,422.0,1.0000000000000003e-05,True,REGULAR,USD,C,2026-09-18,32,776.3400268554688,2026-08-17T11:55:45+00:00
SPY260918C00611000,2026-07-29 15:40:31+00:00,611.0,128.47,0.0,0.0,0.0,0.0,1.0,2.0,1.0000000000000003e-05,True,REGULAR,USD,C,2026-09-18,32,776.3400268554688,2026-08-17T11:55:45+00:00
SPY260918C00612000,2026-07-24 19:55:36+00:00,612.0,131.76,0.0,0.0,0.0,0.0,,1.0,1.0000000000000003e-05,True,REGULAR,USD,C,2026-09-18,32,776.3400268554688,2026-08-17T11:55:45+00:00
SPY260918C00614000,2026-08-10 19:29:15+00:00,614.0,161.74,0.0,0.0,0.0,0.0,3.0,3.0,1.0000000000000003e-05,True,REGULAR,USD,C,2026-09-18,32,776.3400268554688,2026-08-17T11:55:45+00:00
SPY260918C00615000,2026-08-14 17:56:18+00:00,615.0,163.18,0.0,0.0,0.0,0.0,3.0,187.0,1.0000000000000003e-05,True,REGULAR,USD,C,2026-09-18,32,776.3400268554688,2026-08-17T11:55:45+00:00
SPY260918C00616000,2026-08-14 17:56:18+00:00,616.0,162.11,0.0,0.0,0.0,0.0,3.0,4.0,1.0000000000000003e-05,True,REGULAR,USD,C,2026-09-18,32,776.3400268554688,2026-08-17T11:55:45+00:00
SPY260918C00617000,2026-08-05 19:07:08+00:00,617.0,158.15,0.0,0.0,0.0,0.0,1.0,2.0,1.0000000000000003e-05,True,REGULAR,USD,C,2026-09-18,32,776.3400268554688,2026-08-17T11:55:45+00:00
SPY260918C00618000,2026-07-28 16:38:45+00:00,618.0,128.56,0.0,0.0,0.0,0.0,46.0,19.0,1.0000000000000003e-05,True,REGULAR,USD,C,2026-09-18,32,776.3400268554688,2026-08-17T11:55:45+00:00
SPY260918C00619000,2026-06-25 13:46:33+00:00,619.0,123.33,0.0,0.0,0.0,0.0,,2.0,1.0000000000000003e-05,True,REGULAR,USD,C,2026-09-18,32,776.3400268554688,2026-08-17T11:55:45+00:00
SPY260918C00620000,2026-08-14 16:36:02+00:00,620.0,159.13,0.0,0.0,0.0,0.0,1.0,834.0,1.0000000000000003e-05,True,REGULAR,USD,C,2026-09-18,32,776.3400268554688,2026-08-17T11:55:45+00:00
SPY260918C00621000,2026-07-06 17:00:20+00:00,621.0,136.71,0.0,0.0,0.0,0.0,,1.0,1.0000000000000003e-05,True,REGULAR,USD,C,2026-09-18,32,776.3400268554688,2026-08-17T11:55:45+00:00
SPY260918C00622000,2026-08-04 16:59:12+00:00,622.0,151.7,0.0,0.0,0.0,0.0,1.0,2.0,1.0000000000000003e-05,True,REGULAR,USD,C,2026-09-18,32,776.3400268554688,2026-08-17T11:55:45+00:00
SPY260918C00623000,2026-07-06 17:12:10+00:00,623.0,135.54,0.0,0.0,0.0,0.0,,5.0,1.0000000000000003e-05,True,REGULAR,USD,C,2026-09-18,32,776.3400268554688,2026-08-17T11:55:45+00:00
SPY260918C00624000,2026-07-06 19:58:55+00:00,624.0,134.52,0.0,0.0,0.0,0.0,,2.0,1.0000000000000003e-05,True,REGULAR,USD,C,2026-09-18,32,776.3400268554688,2026-08-17T11:55:45+00:00
SPY260918C00625000,2026-08-14 19:03:22+00:00,625.0,153.7,0.0,0.0,0.0,0.0,2.0,855.0,1.0000000000000003e-05,True,REGULAR,USD,C,2026-09-18,32,776.3400268554688,2026-08-17T11:55:45+00:00
SPY260918C00626000,2026-07-14 18:57:28+00:00,626.0,132.57,0.0,0.0,0.0,0.0,,1.0,1.0000000000000003e-05,True,REGULAR,USD,C,2026-09-18,32,776.3400268554688,2026-08-17T11:55:45+00:00
SPY260918C00628000,2026-06-17 17:57:19+00:00,628.0,130.66,115.64,118.99,0.0,0.0,,1.0,1.0000000000000003e-05,True,REGULAR,USD,C,2026-09-18,32,776.3400268554688,2026-08-17T11:55:45+00:00
SPY260918C00630000,2026-08-14 15:37:05+00:00,630.0,148.79,0.0,0.0,0.0,0.0,20.0,1121.0,1.0000000000000003e-05,True,REGULAR,USD,C,2026-09-18,32,776.3400268554688,2026-08-17T11:55:45+00:00
SPY260918C00635000,2026-08-12 18:22:52+00:00,635.0,141.13,0.0,0.0,0.0,0.0,2.0,1033.0,1.0000000000000003e-05,True,REGULAR,USD,C,2026-09-18,32,776.3400268554688,2026-08-17T11:55:45+00:00
SPY260918C00637000,2026-07-24 19:27:45+00:00,637.0,107.04,0.0,0.0,0.0,0.0,,1.0,1.0000000000000003e-05,True,REGULAR,USD,C,2026-09-18,32,776.3400268554688,2026-08-17T11:55:45+00:00
SPY260918C00640000,2026-08-14 15:07:32+00:00,640.0,139.68,0.0,0.0,0.0,0.0,36.0,1929.0,1.0000000000000003e-05,True,REGULAR,USD,C,2026-09-18,32,776.3400268554688,2026-08-17T11:55:45+00:00
SPY260918C00641000,2026-06-25 14:19:51+00:00,641.0,106.02,0.0,0.0,0.0,0.0,,1.0,1.0000000000000003e-05,True,REGULAR,USD,C,2026-09-18,32,776.3400268554688,2026-08-17T11:55:45+00:00
SPY260918C00643000,2026-07-23 17:06:19+00:00,643.0,102.49,0.0,0.0,0.0,0.0,2.0,3.0,1.0000000000000003e-05,True,REGULAR,USD,C,2026-09-18,32,776.3400268554688,2026-08-17T11:55:45+00:00
SPY260918C00644000,2026-07-31 16:58:42+00:00,644.0,105.6,0.0,0.0,0.0,0.0,2.0,13.0,1.0000000000000003e-05,True,REGULAR,USD,C,2026-09-18,32,776.3400268554688,2026-08-17T11:55:45+00:00
SPY260918C00645000,2026-08-13 19:08:07+00:00,645.0,136.16,0.0,0.0,0.0,0.0,7.0,1015.0,1.0000000000000003e-05,True,REGULAR,USD,C,2026-09-18,32,776.3400268554688,2026-08-17T11:55:45+00:00
SPY260918C00646000,2026-08-11 15:50:55+00:00,646.0,129.39,0.0,0.0,0.0,0.0,1.0,17.0,1.0000000000000003e-05,True,REGULAR,USD,C,2026-09-18,32,776.3400268554688,2026-08-17T11:55:45+00:00
SPY260918C00647000,2026-07-17 16:05:26+00:00,647.0,105.87,0.0,0.0,0.0,0.0,1.0,3.0,1.0000000000000003e-05,True,REGULAR,USD,C,2026-09-18,32,776.3400268554688,2026-08-17T11:55:45+00:00
SPY260918C00648000,2026-07-24 18:30:47+00:00,648.0,98.16,0.0,0.0,0.0,0.0,1.0,2.0,1.0000000000000003e-05,True,REGULAR,USD,C,2026-09-18,32,776.3400268554688,2026-08-17T11:55:45+00:00
SPY260918C00649000,2026-08-14 16:59:35+00:00,649.0,129.75,0.0,0.0,0.0,0.0,3.0,4.0,1.0000000000000003e-05,True,REGULAR,USD,C,2026-09-18,32,776.3400268554688,2026-08-17T11:55:45+00:00
SPY260918C00650000,2026-08-14 18:32:27+00:00,650.0,128.7,0.0,0.0,0.0,0.0,41.0,3295.0,1.0000000000000003e-05,True,REGULAR,USD,C,2026-09-18,32,776.3400268554688,2026-08-17T11:55:45+00:00
SPY260918C00653000,2026-07-07 15:07:54+00:00,653.0,101.9,0.0,0.0,0.0,0.0,,3.0,1.0000000000000003e-05,True,REGULAR,USD,C,2026-09-18,32,776.3400268554688,2026-08-17T11:55:45+00:00
SPY260918C00654000,2026-06-18 16:00:55+00:00,654.0,104.15,90.85,94.22,0.0,0.0,2.0,11.0,1.0000000000000003e-05,True,REGULAR,USD,C,2026-09-18,32,776.3400268554688,2026-08-17T11:55:45+00:00
SPY260918C00655000,2026-08-14 18:47:26+00:00,655.0,124.08,0.0,0.0,0.0,0.0,1.0,1120.0,1.0000000000000003e-05,True,REGULAR,USD,C,2026-09-18,32,776.3400268554688,2026-08-17T11:55:45+00:00
SPY260918C00656000,2026-06-23 16:57:26+00:00,656.0,94.04,88.97,92.34,0.0,0.0,,1.0,1.0000000000000003e-05,True,REGULAR,USD,C,2026-09-18,32,776.3400268554688,2026-08-17T11:55:45+00:00
SPY260918C00660000,2026-08-14 17:54:18+00:00,660.0,120.29,0.0,0.0,0.0,0.0,16.0,4176.0,1.0000000000000003e-05,True,REGULAR,USD,C,2026-09-18,32,776.3400268554688,2026-08-17T11:55:45+00:00
SPY260918C00661000,2026-07-17 15:46:37+00:00,661.0,92.22,0.0,0.0,0.0,0.0,1.0,1.0,1.0000000000000003e-05,True,REGULAR,USD,C,2026-09-18,32,776.3400268554688,2026-08-17T11:55:45+00:00
SPY260918C00662000,2026-07-20 17:27:04+00:00,662.0,89.9,0.0,0.0,0.0,0.0,1.0,2.0,1.0000000000000003e-05,True,REGULAR,USD,C,2026-09-18,32,776.3400268554688,2026-08-17T11:55:45+00:00
SPY260918C00663000,2026-08-07 15:44:51+00:00,663.0,113.79,0.0,0.0,0.0,0.0,1.0,2.0,1.0000000000000003e-05,True,REGULAR,USD,C,2026-09-18,32,776.3400268554688,2026-08-17T11:55:45+00:00
SPY260918C00665000,2026-08-14 17:54:18+00:00,665.0,112.02,0.0,0.0,0.0,0.0,1.0,4607.0,1.0000000000000003e-05,True,REGULAR,USD,C,2026-09-18,32,776.3400268554688,2026-08-17T11:55:45+00:00
SPY260918C00666000,2026-07-31 14:00:25+00:00,666.0,82.18,0.0,0.0,0.0,0.0,1.0,1.0,1.0000000000000003e-05,True,REGULAR,USD,C,2026-09-18,32,776.3400268554688,2026-08-17T11:55:45+00:00
SPY260918C00667000,2026-08-12 19:53:42+00:00,667.0,108.97,0.0,0.0,0.0,0.0,1.0,2.0,1.0000000000000003e-05,True,REGULAR,USD,C,2026-09-18,32,776.3400268554688,2026-08-17T11:55:45+00:00
SPY260918C00668000,2026-07-31 17:27:10+00:00,668.0,84.0,0.0,0.0,0.0,0.0,1.0,7.0,1.0000000000000003e-05,True,REGULAR,USD,C,2026-09-18,32,776.3400268554688,2026-08-17T11:55:45+00:00
SPY260918C00669000,2026-08-05 17:19:48+00:00,669.0,106.81,0.0,0.0,0.0,0.0,1.0,26.0,1.0000000000000003e-05,True,REGULAR,USD,C,2026-09-18,32,776.3400268554688,2026-08-17T11:55:45+00:00
SPY260918C00670000,2026-08-14 17:30:18+00:00,670.0,108.96,0.0,0.0,0.0,0.0,2.0,3380.0,1.0000000000000003e-05,True,REGULAR,USD,C,2026-09-18,32,776.3400268554688,2026-08-17T11:55:45+00:00
SPY260918C00671000,2026-07-23 15:29:33+00:00,671.0,74.96,0.0,0.0,0.0,0.0,1.0,1.0,1.0000000000000003e-05,True,REGULAR,USD,C,2026-09-18,32,776.3400268554688,2026-08-17T11:55:45+00:00
SPY260918C00672000,2026-08-11 13:47:42+00:00,672.0,104.49,0.0,0.0,0.0,0.0,1.0,3.0,1.0000000000000003e-05,True,REGULAR,USD,C,2026-09-18,32,776.3400268554688,2026-08-17T11:55:45+00:00
SPY260918C00673000,2026-06-23 15:03:39+00:00,673.0,78.36,73.17,76.56,0.0,0.0,,1.0,1.0000000000000003e-05,True,REGULAR,USD,C,2026-09-18,32,776.3400268554688,2026-08-17T11:55:45+00:00
SPY260918C00674000,2026-07-29 18:10:24+00:00,674.0,71.8,0.0,0.0,0.0,0.0,,3.0,1.0000000000000003e-05,True,REGULAR,USD,C,2026-09-18,32,776.3400268554688,2026-08-17T11:55:45+00:00
SPY260918C00675000,2026-08-14 17:30:18+00:00,675.0,104.02,0.0,0.0,0.0,0.0,1.0,5590.0,1.0000000000000003e-05,True,REGULAR,USD,C,2026-09-18,32,776.3400268554688,2026-08-17T11:55:45+00:00
SPY260918C00676000,2026-07-23 19:58:03+00:00,676.0,71.43,0.0,0.0,0.0,0.0,2.0,1.0,1.0000000000000003e-05,True,REGULAR,USD,C,2026-09-18,32,776.3400268554688,2026-08-17T11:55:45+00:00
SPY260918C00677000,2026-08-14 19:56:40+00:00,677.0,102.14,0.0,0.0,0.0,0.0,1.0,31.0,1.0000000000000003e-05,True,REGULAR,USD,C,2026-09-18,32,776.3400268554688,2026-08-17T11:55:45+00:00
SPY260918C00678000,2026-08-13 14:32:02+00:00,678.0,103.72,0.0,0.0,0.0,0.0,1.0,2.0,1.0000000000000003e-05,True,REGULAR,USD,C,2026-09-18,32,776.3400268554688,2026-08-17T11:55:45+00:00
SPY260918C00679000,2026-08-10 17:09:21+00:00,679.0,97.79,0.0,0.0,0.0,0.0,1.0,2.0,1.0000000000000003e-05,True,REGULAR,USD,C,2026-09-18,32,776.3400268554688,2026-08-17T11:55:45+00:00
SPY260918C00680000,2026-08-14 19:24:44+00:00,680.0,99.36,0.0,0.0,0.0,0.0,8.0,4962.0,1.0000000000000003e-05,True,REGULAR,USD,C,2026-09-18,32,776.3400268554688,2026-08-17T11:55:45+00:00
SPY260918C00681000,2026-07-24 13:34:04+00:00,681.0,66.82,0.0,0.0,0.0,0.0,1.0,2.0,1.0000000000000003e-05,True,REGULAR,USD,C,2026-09-18,32,776.3400268554688,2026-08-17T11:55:45+00:00
SPY260918C00682000,2026-08-13 16:11:43+00:00,682.0,97.64,0.0,0.0,0.0,0.0,8.0,9.0,1.0000000000000003e-05,True,REGULAR,USD,C,2026-09-18,32,776.3400268554688,2026-08-17T11:55:45+00:00
SPY260918C00683000,2026-08-10 17:11:12+00:00,683.0,93.89,0.0,0.0,0.0,0.0,1.0,12.0,1.0000000000000003e-05,True,REGULAR,USD,C,2026-09-18,32,776.3400268554688,2026-08-17T11:55:45+00:00
SPY260918C00684000,2026-08-13 13:44:17+00:00,684.0,95.35,0.0,0.0,0.0,0.0,1.0,25.0,1.0000000000000003e-05,True,REGULAR,USD,C,2026-09-18,32,776.3400268554688,2026-08-17T11:55:45+00:00
SPY260918C00685000,2026-08-14 18:23:00+00:00,685.0,94.6,0.0,0.0,0.0,0.0,56.0,5178.0,1.0000000000000003e-05,True,REGULAR,USD,C,2026-09-18,32,776.3400268554688,2026-08-17T11:55:45+00:00
SPY260918C00686000,2026-08-12 15:04:01+00:00,686.0,89.61,0.0,0.0,0.0,0.0,1.0,2.0,1.0000000000000003e-05,True,REGULAR,USD,C,2026-09-18,32,776.3400268554688,2026-08-17T11:55:45+00:00
SPY260918C00687000,2026-07-06 15:54:11+00:00,687.0,74.0,0.0,0.0,0.0,0.0,,14.0,1.0000000000000003e-05,True,REGULAR,USD,C,2026-09-18,32,776.3400268554688,2026-08-17T11:55:45+00:00
SPY260918C00688000,2026-07-30 15:56:44+00:00,688.0,57.6,0.0,0.0,0.0,0.0,1.0,8.0,1.0000000000000003e-05,True,REGULAR,USD,C,2026-09-18,32,776.3400268554688,2026-08-17T11:55:45+00:00
SPY260918C00689000,2026-08-04 16:44:02+00:00,689.0,85.59,0.0,0.0,0.0,0.0,1.0,19.0,1.0000000000000003e-05,True,REGULAR,USD,C,2026-09-18,32,776.3400268554688,2026-08-17T11:55:45+00:00
SPY260918C00690000,2026-08-14 18:08:44+00:00,690.0,89.41,0.0,0.0,0.0,0.0,9.0,6272.0,1.0000000000000003e-05,True,REGULAR,USD,C,2026-09-18,32,776.3400268554688,2026-08-17T11:55:45+00:00
SPY260918C00691000,2026-08-04 15:35:53+00:00,691.0,81.75,0.0,0.0,0.0,0.0,1.0,3.0,1.0000000000000003e-05,True,REGULAR,USD,C,2026-09-18,32,776.3400268554688,2026-08-17T11:55:45+00:00
SPY260918C00692000,2026-08-06 13:32:47+00:00,692.0,83.03,0.0,0.0,0.0,0.0,1.0,2.0,1.0000000000000003e-05,True,REGULAR,USD,C,2026-09-18,32,776.3400268554688,2026-08-17T11:55:45+00:00
SPY260918C00693000,2026-08-11 19:52:33+00:00,693.0,82.24,0.0,0.0,0.0,0.0,2.0,12.0,1.0000000000000003e-05,True,REGULAR,USD,C,2026-09-18,32,776.3400268554688,2026-08-17T11:55:45+00:00
SPY260918C00694000,2026-08-14 15:36:18+00:00,694.0,85.91,0.0,0.0,0.0,0.0,4.0,34.0,1.0000000000000003e-05,True,REGULAR,USD,C,2026-09-18,32,776.3400268554688,2026-08-17T11:55:45+00:00
SPY260918C00695000,2026-08-14 14:08:51+00:00,695.0,87.1,0.0,0.0,0.0,0.0,3.0,8576.0,1.0000000000000003e-05,True,REGULAR,USD,C,2026-09-18,32,776.3400268554688,2026-08-17T11:55:45+00:00
SPY260918C00696000,2026-08-14 13:56:36+00:00,696.0,85.78,0.0,0.0,0.0,0.0,5.0,12.0,1.0000000000000003e-05,True,REGULAR,USD,C,2026-09-18,32,776.3400268554688,2026-08-17T11:55:45+00:00
SPY260918C00697000,2026-08-13 14:23:14+00:00,697.0,85.35,0.0,0.0,0.0,0.0,1.0,5.0,1.0000000000000003e-05,True,REGULAR,USD,C,2026-09-18,32,776.3400268554688,2026-08-17T11:55:45+00:00
SPY260918C00698000,2026-07-29 14:45:30+00:00,698.0,46.94,0.0,0.0,0.0,0.0,2.0,22.0,1.0000000000000003e-05,True,REGULAR,USD,C,2026-09-18,32,776.3400268554688,2026-08-17T11:55:45+00:00
SPY260918C00699000,2026-08-10 17:17:16+00:00,699.0,78.5,0.0,0.0,0.0,0.0,4.0,17.0,1.0000000000000003e-05,True,REGULAR,USD,C,2026-09-18,32,776.3400268554688,2026-08-17T11:55:45+00:00
SPY260918C00700000,2026-08-14 19:59:24+00:00,700.0,79.74,0.0,0.0,0.0,0.0,20.0,8692.0,1.0000000000000003e-05,True,REGULAR,USD,C,2026-09-18,32,776.3400268554688,2026-08-17T11:55:45+00:00
SPY260918C00701000,2026-07-31 19:37:00+00:00,701.0,54.36,0.0,0.0,0.0,0.0,2.0,46.0,1.0000000000000003e-05,True,REGULAR,USD,C,2026-09-18,32,776.3400268554688,2026-08-17T11:55:45+00:00
SPY260918C00702000,2026-08-14 17:18:12+00:00,702.0,77.6,0.0,0.0,0.0,0.0,1.0,12.0,1.0000000000000003e-05,True,REGULAR,USD,C,2026-09-18,32,776.3400268554688,2026-08-17T11:55:45+00:00
SPY260918C00703000,2026-08-06 15:35:17+00:00,703.0,71.67,0.0,0.0,0.0,0.0,1.0,10.0,1.0000000000000003e-05,True,REGULAR,USD,C,2026-09-18,32,776.3400268554688,2026-08-17T11:55:45+00:00
SPY260918C00704000,2026-08-14 16:18:15+00:00,704.0,76.55,0.0,0.0,0.0,0.0,1.0,4.0,1.0000000000000003e-05,True,REGULAR,USD,C,2026-09-18,32,776.3400268554688,2026-08-17T11:55:45+00:00
SPY260918C00705000,2026-08-14 18:47:26+00:00,705.0,74.96,0.0,0.0,0.0,0.0,4.0,8733.0,1.0000000000000003e-05,True,REGULAR,USD,C,2026-09-18,32,776.3400268554688,2026-08-17T11:55:45+00:00
SPY260918C00706000,2026-08-12 15:01:00+00:00,706.0,70.46,0.0,0.0,0.0,0.0,1.0,7.0,1.0000000000000003e-05,True,REGULAR,USD,C,2026-09-18,32,776.3400268554688,2026-08-17T11:55:45+00:00
SPY260918C00707000,2026-08-10 16:54:55+00:00,707.0,70.11,0.0,0.0,0.0,0.0,2.0,27.0,1.0000000000000003e-05,True,REGULAR,USD,C,2026-09-18,32,776.3400268554688,2026-08-17T11:55:45+00:00
SPY260918C00708000,2026-08-14 19:48:09+00:00,708.0,71.88,0.0,0.0,0.0,0.0,1.0,18.0,1.0000000000000003e-05,True,REGULAR,USD,C,2026-09-18,32,776.3400268554688,2026-08-17T11:55:45+00:00
SPY260918C00709000,2026-08-04 17:51:40+00:00,709.0,68.9,0.0,0.0,0.0,0.0,1.0,4.0,1.0000000000000003e-05,True,REGULAR,USD,C,2026-09-18,32,776.3400268554688,2026-08-17T11:55:45+00:00
SPY260918C00710000,2026-08-14 19:33:18+00:00,710.0,69.85,0.0,0.0,0.0,0.0,52.0,6518.0,1.0000000000000003e-05,True,REGULAR,USD,C,2026-09-18,32,776.3400268554688,2026-08-17T11:55:45+00:00
SPY260918C00711000,2026-08-12 15:35:43+00:00,711.0,65.8,0.0,0.0,0.0,0.0,1.0,21.0,1.0000000000000003e-05,True,REGULAR,USD,C,2026-09-18,32,776.3400268554688,2026-08-17T11:55:45+00:00
SPY260918C00712000,2026-08-05 14:46:13+00:00,712.0,67.96,0.0,0.0,0.0,0.0,1.0,8.0,1.0000000000000003e-05,True,REGULAR,USD,C,2026-09-18,32,776.3400268554688,2026-08-17T11:55:45+00:00
SPY260918C00713000,2026-08-13 19:50:03+00:00,713.0,69.1,0.0,0.0,0.0,0.0,1.0,11.0,1.0000000000000003e-05,True,REGULAR,USD,C,2026-09-18,32,776.3400268554688,2026-08-17T11:55:45+00:00
SPY260918C00714000,2026-08-14 15:16:40+00:00,714.0,67.24,0.0,0.0,0.0,0.0,2.0,43.0,1.0000000000000003e-05,True,REGULAR,USD,C,2026-09-18,32,776.3400268554688,2026-08-17T11:55:45+00:00
SPY260918C00715000,2026-08-14 17:14:09+00:00,715.0,65.13,0.0,0.0,0.0,0.0,10.0,12858.0,1.0000000000000003e-05,True,REGULAR,USD,C,2026-09-18,32,776.3400268554688,2026-08-17T11:55:45+00:00
SPY260918C00716000,2026-08-06 19:42:35+00:00,716.0,58.56,0.0,0.0,0.0,0.0,2.0,118.0,1.0000000000000003e-05,True,REGULAR,USD,C,2026-09-18,32,776.3400268554688,2026-08-17T11:55:45+00:00
SPY260918C00717000,2026-08-14 15:36:29+00:00,717.0,63.56,0.0,0.0,0.0,0.0,4.0,27.0,1.0000000000000003e-05,True,REGULAR,USD,C,2026-09-18,32,776.3400268554688,2026-08-17T11:55:45+00:00
SPY260918C00718000,2026-08-03 16:16:31+00:00,718.0,45.19,0.0,0.0,0.0,0.0,4.0,34.0,1.0000000000000003e-05,True,REGULAR,USD,C,2026-09-18,32,776.3400268554688,2026-08-17T11:55:45+00:00
SPY260918C00719000,2026-08-14 14:16:17+00:00,719.0,63.26,0.0,0.0,0.0,0.0,3.0,55.0,1.0000000000000003e-05,True,REGULAR,USD,C,2026-09-18,32,776.3400268554688,2026-08-17T11:55:45+00:00
SPY260918C00720000,2026-08-14 19:44:10+00:00,720.0,60.53,0.0,0.0,0.0,0.0,39.0,17171.0,1.0000000000000003e-05,True,REGULAR,USD,C,2026-09-18,32,776.3400268554688,2026-08-17T11:55:45+00:00
SPY260918C00721000,2026-08-14 17:23:35+00:00,721.0,58.77,0.0,0.0,0.0,0.0,1.0,92.0,1.0000000000000003e-05,True,REGULAR,USD,C,2026-09-18,32,776.3400268554688,2026-08-17T11:55:45+00:00
SPY260918C00722000,2026-08-13 14:51:06+00:00,722.0,60.43,0.0,0.0,0.0,0.0,1.0,57.0,1.0000000000000003e-05,True,REGULAR,USD,C,2026-09-18,32,776.3400268554688,2026-08-17T11:55:45+00:00
SPY260918C00723000,2026-08-10 18:19:23+00:00,723.0,55.28,0.0,0.0,0.0,0.0,1.0,18.0,1.0000000000000003e-05,True,REGULAR,USD,C,2026-09-18,32,776.3400268554688,2026-08-17T11:55:45+00:00
SPY260918C00724000,2026-08-14 15:52:56+00:00,724.0,56.83,0.0,0.0,0.0,0.0,1.0,29.0,1.0000000000000003e-05,True,REGULAR,USD,C,2026-09-18,32,776.3400268554688,2026-08-17T11:55:45+00:00
SPY260918C00725000,2026-08-14 19:16:00+00:00,725.0,55.54,0.0,0.0,0.0,0.0,10.0,17609.0,1.0000000000000003e-05,True,REGULAR,USD,C,2026-09-18,32,776.3400268554688,2026-08-17T11:55:45+00:00
SPY260918C00726000,2026-08-11 13:37:46+00:00,726.0,53.2,0.0,0.0,0.0,0.0,1.0,157.0,1.0000000000000003e-05,True,REGULAR,USD,C,2026-09-18,32,776.3400268554688,2026-08-17T11:55:45+00:00
SPY260918C00727000,2026-08-07 15:33:57+00:00,727.0,52.62,0.0,0.0,0.0,0.0,1.0,51.0,1.0000000000000003e-05,True,REGULAR,USD,C,2026-09-18,32,776.3400268554688,2026-08-17T11:55:45+00:00
SPY260918C00728000,2026-08-14 14:00:28+00:00,728.0,54.94,0.0,0.0,0.0,0.0,1.0,50.0,1.0000000000000003e-05,True,REGULAR,USD,C,2026-09-18,32,776.3400268554688,2026-08-17T11:55:45+00:00
SPY260918C00729000,2026-08-13 14:17:48+00:00,729.0,54.25,0.0,0.0,0.0,0.0,1.0,84.0,1.0000000000000003e-05,True,REGULAR,USD,C,2026-09-18,32,776.3400268554688,2026-08-17T11:55:45+00:00
SPY260918C00730000,2026-08-14 19:16:18+00:00,730.0,51.16,0.0,0.0,0.0,0.0,16.0,30191.0,1.0000000000000003e-05,True,REGULAR,USD,C,2026-09-18,32,776.3400268554688,2026-08-17T11:55:45+00:00
SPY260918C00731000,2026-08-14 20:01:37+00:00,731.0,50.05,0.0,0.0,0.0,0.0,2.0,307.0,1.0000000000000003e-05,True,REGULAR,USD,C,2026-09-18,32,776.3400268554688,2026-08-17T11:55:45+00:00
SPY260918C00732000,2026-08-14 15:08:48+00:00,732.0,49.84,0.0,0.0,0.0,0.0,2.0,177.0,1.0000000000000003e-05,True,REGULAR,USD,C,2026-09-18,32,776.3400268554688,2026-08-17T11:55:45+00:00
SPY260918C00733000,2026-08-13 13:45:03+00:00,733.0,48.07,0.0,0.0,0.0,0.0,2.0,715.0,1.0000000000000003e-05,True,REGULAR,USD,C,2026-09-18,32,776.3400268554688,2026-08-17T11:55:45+00:00
SPY260918C00734000,2026-08-14 17:10:54+00:00,734.0,47.1,0.0,0.0,0.0,0.0,1.0,356.0,1.0000000000000003e-05,True,REGULAR,USD,C,2026-09-18,32,776.3400268554688,2026-08-17T11:55:45+00:00
SPY260918C00735000,2026-08-14 19:22:29+00:00,735.0,44.85,0.0,0.0,0.0,0.0,4.0,12454.0,1.0000000000000003e-05,True,REGULAR,USD,C,2026-09-18,32,776.3400268554688,2026-08-17T11:55:45+00:00
SPY260918C00736000,2026-08-12 18:56:41+00:00,736.0,43.19,0.0,0.0,0.0,0.0,1.0,608.0,1.0000000000000003e-05,True,REGULAR,USD,C,2026-09-18,32,776.3400268554688,2026-08-17T11:55:45+00:00
SPY260918C00737000,2026-08-14 13:57:08+00:00,737.0,46.57,0.0,0.0,0.0,0.0,4.0,699.0,1.0000000000000003e-05,True,REGULAR,USD,C,2026-09-18,32,776.3400268554688,2026-08-17T11:55:45+00:00
SPY260918C00738000,2026-08-13 18:33:44+00:00,738.0,44.39,0.0,0.0,0.0,0.0,2.0,777.0,1.0000000000000003e-05,True,REGULAR,USD,C,2026-09-18,32,776.3400268554688,2026-08-17T11:55:45+00:00
SPY260918C00739000,2026-08-14 16:39:56+00:00,739.0,42.98,0.0,0.0,0.0,0.0,1.0,1102.0,1.0000000000000003e-05,True,REGULAR,USD,C,2026-09-18,32,776.3400268554688,2026-08-17T11:55:45+00:00
SPY260918C00740000,2026-08-14 19:34:23+00:00,740.0,41.59,0.0,0.0,0.0,0.0,106.0,12529.0,1.0000000000000003e-05,True,REGULAR,USD,C,2026-09-18,32,776.3400268554688,2026-08-17T11:55:45+00:00
SPY260918C00741000,2026-08-12 18:53:29+00:00,741.0,38.97,0.0,0.0,0.0,0.0,4.0,1358.0,1.0000000000000003e-05,True,REGULAR,USD,C,2026-09-18,32,776.3400268554688,2026-08-17T11:55:45+00:00
SPY260918C00742000,2026-08-14 18:54:26+00:00,742.0,40.12,0.0,0.0,0.0,0.0,3.0,1852.0,1.0000000000000003e-05,True,REGULAR,USD,C,2026-09-18,32,776.3400268554688,2026-08-17T11:55:45+00:00
SPY260918C00743000,2026-08-13 20:01:33+00:00,743.0,40.83,0.0,0.0,0.0,0.0,11.0,696.0,1.0000000000000003e-05,True,REGULAR,USD,C,2026-09-18,32,776.3400268554688,2026-08-17T11:55:45+00:00
SPY260918C00744000,2026-08-14 15:42:56+00:00,744.0,38.11,0.0,0.0,0.0,0.0,1.0,798.0,1.0000000000000003e-05,True,REGULAR,USD,C,2026-09-18,32,776.3400268554688,2026-08-17T11:55:45+00:00
SPY260918C00745000,2026-08-14 19:46:49+00:00,745.0,37.32,0.0,0.0,0.0,0.0,31.0,16337.0,1.0000000000000003e-05,True,REGULAR,USD,C,2026-09-18,32,776.3400268554688,2026-08-17T11:55:45+00:00
SPY260918C00746000,2026-08-14 19:53:10+00:00,746.0,36.94,0.0,0.0,0.0,0.0,13.0,898.0,1.0000000000000003e-05,True,REGULAR,USD,C,2026-09-18,32,776.3400268554688,2026-08-17T11:55:45+00:00
SPY260918C00747000,2026-08-14 19:18:18+00:00,747.0,35.31,0.0,0.0,0.0,0.0,1.0,1667.0,1.0000000000000003e-05,True,REGULAR,USD,C,2026-09-18,32,776.3400268554688,2026-08-17T11:55:45+00:00
SPY260918C00748000,2026-08-14 17:27:42+00:00,748.0,33.84,0.0,0.0,0.0,0.0,5.0,1550.0,1.0000000000000003e-05,True,REGULAR,USD,C,2026-09-18,32,776.3400268554688,2026-08-17T11:55:45+00:00
SPY260918C00749000,2026-08-14 15:42:58+00:00,749.0,33.72,0.0,0.0,0.0,0.0,2.0,1788.0,1.0000000000000003e-05,True,REGULAR,USD,C,2026-09-18,32,776.3400268554688,2026-08-17T11:55:45+00:00
SPY260918C00750000,2026-08-14 20:13:08+00:00,750.0,32.67,0.0,0.0,0.0,0.0,163.0,35111.0,1.0000000000000003e-05,True,REGULAR,USD,C,2026-09-18,32,776.3400268554688,2026-08-17T11:55:45+00:00
SPY260918C00751000,2026-08-14 18:09:29+00:00,751.0,31.34,0.0,0.0,0.0,0.0,3.0,134.0,1.0000000000000003e-05,True,REGULAR,USD,C,2026-09-18,32,776.3400268554688,2026-08-17T11:55:45+00:00
SPY260918C00752000,2026-08-14 13:37:51+00:00,752.0,32.59,0.0,0.0,0.0,0.0,2.0,1369.0,1.0000000000000003e-05,True,REGULAR,USD,C,2026-09-18,32,776.3400268554688,2026-08-17T11:55:45+00:00
SPY260918C00753000,2026-08-14 18:10:51+00:00,753.0,30.31,0.0,0.0,0.0,0.0,11.0,809.0,1.0000000000000003e-05,True,REGULAR,USD,C,2026-09-18,32,776.3400268554688,2026-08-17T11:55:45+00:00
SPY260918C00754000,2026-08-14 19:42:38+00:00,754.0,29.33,0.0,0.0,0.0,0.0,60.0,1714.0,1.0000000000000003e-05,True,REGULAR,USD,C,2026-09-18,32,776.3400268554688,2026-08-17T11:55:45+00:00
SPY260918C00755000,2026-08-14 19:32:18+00:00,755.0,28.57,0.0,0.0,0.0,0.0,56.0,15565.0,1.0000000000000003e-05,True,REGULAR,USD,C,2026-09-18,32,776.3400268554688,2026-08-17T11:55:45+00:00
SPY260918C00756000,2026-08-14 19:22:47+00:00,756.0,27.97,0.0,0.0,0.0,0.0,4.0,1111.0,1.0000000000000003e-05,True,REGULAR,USD,C,2026-09-18,32,776.3400268554688,2026-08-17T11:55:45+00:00
SPY260918C00757000,2026-08-14 19:56:37+00:00,757.0,26.75,0.0,0.0,0.0,0.0,18.0,1786.0,1.0000000000000003e-05,True,REGULAR,USD,C,2026-09-18,32,776.3400268554688,2026-08-17T11:55:45+00:00
SPY260918C00758000,2026-08-13 19:06:02+00:00,758.0,28.2,0.0,0.0,0.0,0.0,65.0,929.0,1.0000000000000003e-05,True,REGULAR,USD,C,2026-09-18,32,776.3400268554688,2026-08-17T11:55:45+00:00
SPY260918C00759000,2026-08-14 18:09:29+00:00,759.0,24.69,0.0,0.0,0.0,0.0,16.0,686.0,1.0000000000000003e-05,True,REGULAR,USD,C,2026-09-18,32,776.3400268554688,2026-08-17T11:55:45+00:00
SPY260918C00760000,2026-08-14 20:09:13+00:00,760.0,24.15,0.0,0.0,0.0,0.0,115.0,21068.0,1.0000000000000003e-05,True,REGULAR,USD,C,2026-09-18,32,776.3400268554688,2026-08-17T11:55:45+00:00
SPY260918C00761000,2026-08-14 16:16:34+00:00,761.0,24.18,0.0,0.0,0.0,0.0,3.0,946.0,1.0000000000000003e-05,True,REGULAR,USD,C,2026-09-18,32,776.3400268554688,2026-08-17T11:55:45+00:00
SPY260918C00762000,2026-08-13 15:51:02+00:00,762.0,23.4,0.0,0.0,0.0,0.0,20.0,924.0,1.0000000000000003e-05,True,REGULAR,USD,C,2026-09-18,32,776.3400268554688,2026-08-17T11:55:45+00:00
SPY260918C00763000,2026-08-14 18:07:05+00:00,763.0,22.05,0.0,0.0,0.0,0.0,33.0,1014.0,1.0000000000000003e-05,True,REGULAR,USD,C,2026-09-18,32,776.3400268554688,2026-08-17T11:55:45+00:00
SPY260918C00764000,2026-08-14 16:45:00+00:00,764.0,21.48,0.0,0.0,0.0,0.0,3.0,1148.0,1.0000000000000003e-05,True,REGULAR,USD,C,2026-09-18,32,776.3400268554688,2026-08-17T11:55:45+00:00
SPY260918C00765000,2026-08-14 20:09:13+00:00,765.0,20.29,0.0,0.0,0.0,0.0,211.0,16985.0,1.0000000000000003e-05,True,REGULAR,USD,C,2026-09-18,32,776.3400268554688,2026-08-17T11:55:45+00:00
SPY260918C00766000,2026-08-14 18:08:45+00:00,766.0,19.92,0.0,0.0,0.0,0.0,6.0,1261.0,1.0000000000000003e-05,True,REGULAR,USD,C,2026-09-18,32,776.3400268554688,2026-08-17T11:55:45+00:00
SPY260918C00767000,2026-08-14 18:33:38+00:00,767.0,19.31,0.0,0.0,0.0,0.0,3.0,1282.0,1.0000000000000003e-05,True,REGULAR,USD,C,2026-09-18,32,776.3400268554688,2026-08-17T11:55:45+00:00
SPY260918C00768000,2026-08-14 18:39:12+00:00,768.0,18.3,0.0,0.0,0.0,0.0,65.0,1158.0,1.0000000000000003e-05,True,REGULAR,USD,C,2026-09-18,32,776.3400268554688,2026-08-17T11:55:45+00:00
SPY260918C00769000,2026-08-14 17:44:36+00:00,769.0,17.34,0.0,0.0,0.0,0.0,9.0,1477.0,1.0000000000000003e-05,True,REGULAR,USD,C,2026-09-18,32,776.3400268554688,2026-08-17T11:55:45+00:00
SPY260918C00770000,2026-08-14 20:13:39+00:00,770.0,16.8,0.0,0.0,0.0,0.0,2401.0,15043.0,1.0000000000000003e-05,True,REGULAR,USD,C,2026-09-18,32,776.3400268554688,2026-08-17T11:55:45+00:00
SPY260918C00771000,2026-08-14 19:18:18+00:00,771.0,16.24,0.0,0.0,0.0,0.0,125.0,1341.0,1.0000000000000003e-05,True,REGULAR,USD,C,2026-09-18,32,776.3400268554688,2026-08-17T11:55:45+00:00
SPY260918C00772000,2026-08-14 19:33:29+00:00,772.0,15.58,0.0,0.0,0.0,0.0,127.0,2130.0,1.0000000000000003e-05,True,REGULAR,USD,C,2026-09-18,32,776.3400268554688,2026-08-17T11:55:45+00:00
SPY260918C00773000,2026-08-14 19:47:05+00:00,773.0,14.86,0.0,0.0,0.0,0.0,149.0,1909.0,1.0000000000000003e-05,True,REGULAR,USD,C,2026-09-18,32,776.3400268554688,2026-08-17T11:55:45+00:00
SPY260918C00774000,2026-08-14 19:50:54+00:00,774.0,14.31,0.0,0.0,0.0,0.0,93.0,1989.0,1.0000000000000003e-05,True,REGULAR,USD,C,2026-09-18,32,776.3400268554688,2026-08-17T11:55:45+00:00
SPY260918C00775000,2026-08-14 20:14:35+00:00,775.0,13.59,0.0,0.0,0.0,0.0,1506.0,11946.0,1.0000000000000003e-05,True,REGULAR,USD,C,2026-09-18,32,776.3400268554688,2026-08-17T11:55:45+00:00
SPY260918C00776000,2026-08-14 20:14:37+00:00,776.0,12.94,0.0,0.0,0.0,0.0,649.0,1808.0,1.0000000000000003e-05,True,REGULAR,USD,C,2026-09-18,32,776.3400268554688,2026-08-17T11:55:45+00:00
SPY260918C00777000,2026-08-14 20:05:18+00:00,777.0,12.3,0.0,0.0,0.0,0.0,491.0,2261.0,0.000986552734375,False,REGULAR,USD,C,2026-09-18,32,776.3400268554688,2026-08-17T11:55:45+00:00
SPY260918C00778000,2026-08-14 19:57:19+00:00,778.0,11.82,0.0,0.0,0.0,0.0,1168.0,2536.0,0.00196310546875,False,REGULAR,USD,C,2026-09-18,32,776.3400268554688,2026-08-17T11:55:45+00:00
SPY260918C00779000,2026-08-14 20:14:28+00:00,779.0,11.13,0.0,0.0,0.0,0.0,327.0,1705.0,0.0039162109375,False,REGULAR,USD,C,2026-09-18,32,776.3400268554688,2026-08-17T11:55:45+00:00
SPY260918C00780000,2026-08-14 20:13:36+00:00,780.0,10.6,0.0,0.0,0.0,0.0,1899.0,17680.0,0.0039162109375,False,REGULAR,USD,C,2026-09-18,32,776.3400268554688,2026-08-17T11:55:45+00:00
SPY260918C00781000,2026-08-14 20:01:24+00:00,781.0,10.15,0.0,0.0,0.0,0.0,306.0,2260.0,0.0039162109375,False,REGULAR,USD,C,2026-09-18,32,776.3400268554688,2026-08-17T11:55:45+00:00
SPY260918C00782000,2026-08-14 19:43:06+00:00,782.0,9.75,0.0,0.0,0.0,0.0,105.0,3967.0,0.007822421875,False,REGULAR,USD,C,2026-09-18,32,776.3400268554688,2026-08-17T11:55:45+00:00
SPY260918C00783000,2026-08-14 20:05:15+00:00,783.0,9.1,0.0,0.0,0.0,0.0,146.0,2381.0,0.007822421875,False,REGULAR,USD,C,2026-09-18,32,776.3400268554688,2026-08-17T11:55:45+00:00
SPY260918C00784000,2026-08-14 18:42:59+00:00,784.0,8.81,0.0,0.0,0.0,0.0,55.0,1858.0,0.007822421875,False,REGULAR,USD,C,2026-09-18,32,776.3400268554688,2026-08-17T11:55:45+00:00
SPY260918C00785000,2026-08-14 20:12:24+00:00,785.0,8.08,0.0,0.0,0.0,0.0,3505.0,19800.0,0.007822421875,False,REGULAR,USD,C,2026-09-18,32,776.3400268554688,2026-08-17T11:55:45+00:00
SPY260918C00786000,2026-08-14 19:10:39+00:00,786.0,7.85,0.0,0.0,0.0,0.0,86.0,1219.0,0.007822421875,False,REGULAR,USD,C,2026-09-18,32,776.3400268554688,2026-08-17T11:55:45+00:00
SPY260918C00787000,2026-08-14 20:14:04+00:00,787.0,7.25,0.0,0.0,0.0,0.0,59.0,1129.0,0.007822421875,False,REGULAR,USD,C,2026-09-18,32,776.3400268554688,2026-08-17T11:55:45+00:00
SPY260918C00788000,2026-08-14 20:05:15+00:00,788.0,6.83,0.0,0.0,0.0,0.0,75.0,1356.0,0.015634843750000002,False,REGULAR,USD,C,2026-09-18,32,776.3400268554688,2026-08-17T11:55:45+00:00
SPY260918C00789000,2026-08-14 18:39:09+00:00,789.0,6.51,0.0,0.0,0.0,0.0,64.0,3374.0,0.015634843750000002,False,REGULAR,USD,C,2026-09-18,32,776.3400268554688,2026-08-17T11:55:45+00:00
SPY260918C00790000,2026-08-14 20:05:24+00:00,790.0,6.03,0.0,0.0,0.0,0.0,9022.0,38202.0,0.015634843750000002,False,REGULAR,USD,C,2026-09-18,32,776.3400268554688,2026-08-17T11:55:45+00:00
SPY260918C00791000,2026-08-14 19:51:10+00:00,791.0,5.84,0.0,0.0,0.0,0.0,168.0,1512.0,0.015634843750000002,False,REGULAR,USD,C,2026-09-18,32,776.3400268554688,2026-08-17T11:55:45+00:00
SPY260918C00792000,2026-08-14 19:59:49+00:00,792.0,5.46,0.0,0.0,0.0,0.0,178.0,1551.0,0.015634843750000002,False,REGULAR,USD,C,2026-09-18,32,776.3400268554688,2026-08-17T11:55:45+00:00
SPY260918C00793000,2026-08-14 20:04:15+00:00,793.0,5.06,0.0,0.0,0.0,0.0,115.0,2896.0,0.015634843750000002,False,REGULAR,USD,C,2026-09-18,32,776.3400268554688,2026-08-17T11:55:45+00:00
SPY260918C00794000,2026-08-14 19:57:38+00:00,794.0,4.72,0.0,0.0,0.0,0.0,177.0,3471.0,0.015634843750000002,False,REGULAR,USD,C,2026-09-18,32,776.3400268554688,2026-08-17T11:55:45+00:00
SPY260918C00795000,2026-08-14 20:10:46+00:00,795.0,4.36,0.0,0.0,0.0,0.0,594.0,14486.0,0.015634843750000002,False,REGULAR,USD,C,2026-09-18,32,776.3400268554688,2026-08-17T11:55:45+00:00
SPY260918C00796000,2026-08-14 20:01:53+00:00,796.0,4.16,0.0,0.0,0.0,0.0,70.0,3019.0,0.015634843750000002,False,REGULAR,USD,C,2026-09-18,32,776.3400268554688,2026-08-17T11:55:45+00:00
SPY260918C00797000,2026-08-14 20:04:28+00:00,797.0,3.84,0.0,0.0,0.0,0.0,217.0,1794.0,0.015634843750000002,False,REGULAR,USD,C,2026-09-18,32,776.3400268554688,2026-08-17T11:55:45+00:00
SPY260918C00798000,2026-08-14 20:14:23+00:00,798.0,3.55,0.0,0.0,0.0,0.0,220.0,3044.0,0.015634843750000002,False,REGULAR,USD,C,2026-09-18,32,776.3400268554688,2026-08-17T11:55:45+00:00
SPY260918C00799000,2026-08-14 19:43:05+00:00,799.0,3.38,0.0,0.0,0.0,0.0,88.0,2222.0,0.015634843750000002,False,REGULAR,USD,C,2026-09-18,32,776.3400268554688,2026-08-17T11:55:45+00:00
SPY260918C00800000,2026-08-14 20:14:38+00:00,800.0,3.1,0.0,0.0,0.0,0.0,1579.0,30169.0,0.015634843750000002,False,REGULAR,USD,C,2026-09-18,32,776.3400268554688,2026-08-17T11:55:45+00:00
SPY260918C00801000,2026-08-14 20:04:28+00:00,801.0,2.89,0.0,0.0,0.0,0.0,207.0,1953.0,0.0312596875,False,REGULAR,USD,C,2026-09-18,32,776.3400268554688,2026-08-17T11:55:45+00:00
SPY260918C00802000,2026-08-14 19:59:49+00:00,802.0,2.73,0.0,0.0,0.0,0.0,200.0,1070.0,0.0312596875,False,REGULAR,USD,C,2026-09-18,32,776.3400268554688,2026-08-17T11:55:45+00:00
SPY260918C00803000,2026-08-14 20:14:23+00:00,803.0,2.45,0.0,0.0,0.0,0.0,69.0,2552.0,0.0312596875,False,REGULAR,USD,C,2026-09-18,32,776.3400268554688,2026-08-17T11:55:45+00:00
SPY260918C00804000,2026-08-14 19:53:37+00:00,804.0,2.33,0.0,0.0,0.0,0.0,1755.0,2256.0,0.0312596875,False,REGULAR,USD,C,2026-09-18,32,776.3400268554688,2026-08-17T11:55:45+00:00
SPY260918C00805000,2026-08-14 20:05:02+00:00,805.0,2.11,0.0,0.0,0.0,0.0,715.0,5253.0,0.0312596875,False,REGULAR,USD,C,2026-09-18,32,776.3400268554688,2026-08-17T11:55:45+00:00
SPY260918C00806000,2026-08-14 19:31:58+00:00,806.0,2.01,0.0,0.0,0.0,0.0,87.0,1493.0,0.0312596875,False,REGULAR,USD,C,2026-09-18,32,776.3400268554688,2026-08-17T11:55:45+00:00
SPY260918C00807000,2026-08-14 20:07:59+00:00,807.0,1.79,0.0,0.0,0.0,0.0,100.0,1131.0,0.0312596875,False,REGULAR,USD,C,2026-09-18,32,776.3400268554688,2026-08-17T11:55:45+00:00
SPY260918C00808000,2026-08-14 19:28:03+00:00,808.0,1.71,0.0,0.0,0.0,0.0,364.0,1051.0,0.0312596875,False,REGULAR,USD,C,2026-09-18,32,776.3400268554688,2026-08-17T11:55:45+00:00
SPY260918C00809000,2026-08-14 19:27:02+00:00,809.0,1.58,0.0,0.0,0.0,0.0,323.0,1024.0,0.0312596875,False,REGULAR,USD,C,2026-09-18,32,776.3400268554688,2026-08-17T11:55:45+00:00
SPY260918C00810000,2026-08-14 20:11:39+00:00,810.0,1.4,0.0,0.0,0.0,0.0,1084.0,8486.0,0.0312596875,False,REGULAR,USD,C,2026-09-18,32,776.3400268554688,2026-08-17T11:55:45+00:00
SPY260918C00811000,2026-08-14 19:33:50+00:00,811.0,1.33,0.0,0.0,0.0,0.0,183.0,2026.0,0.0312596875,False,REGULAR,USD,C,2026-09-18,32,776.3400268554688,2026-08-17T11:55:45+00:00
SPY260918C00812000,2026-08-14 19:59:49+00:00,812.0,1.22,0.0,0.0,0.0,0.0,112.0,1016.0,0.0312596875,False,REGULAR,USD,C,2026-09-18,32,776.3400268554688,2026-08-17T11:55:45+00:00
SPY260918C00813000,2026-08-14 20:08:36+00:00,813.0,1.11,0.0,0.0,0.0,0.0,234.0,3607.0,0.0312596875,False,REGULAR,USD,C,2026-09-18,32,776.3400268554688,2026-08-17T11:55:45+00:00
SPY260918C00814000,2026-08-14 19:57:42+00:00,814.0,1.03,0.0,0.0,0.0,0.0,520.0,814.0,0.0312596875,False,REGULAR,USD,C,2026-09-18,32,776.3400268554688,2026-08-17T11:55:45+00:00
SPY260918C00815000,2026-08-14 20:11:59+00:00,815.0,0.94,0.0,0.0,0.0,0.0,120.0,12559.0,0.0312596875,False,REGULAR,USD,C,2026-09-18,32,776.3400268554688,2026-08-17T11:55:45+00:00
SPY260918C00816000,2026-08-14 19:55:52+00:00,816.0,0.86,0.0,0.0,0.0,0.0,77.0,887.0,0.0312596875,False,REGULAR,USD,C,2026-09-18,32,776.3400268554688,2026-08-17T11:55:45+00:00
SPY260918C00817000,2026-08-14 20:05:42+00:00,817.0,0.8,0.0,0.0,0.0,0.0,107.0,331.0,0.0312596875,False,REGULAR,USD,C,2026-09-18,32,776.3400268554688,2026-08-17T11:55:45+00:00
SPY260918C00818000,2026-08-14 19:09:17+00:00,818.0,0.76,0.0,0.0,0.0,0.0,101.0,3169.0,0.0312596875,False,REGULAR,USD,C,2026-09-18,32,776.3400268554688,2026-08-17T11:55:45+00:00
SPY260918C00819000,2026-08-14 20:00:09+00:00,819.0,0.69,0.0,0.0,0.0,0.0,484.0,354.0,0.0312596875,False,REGULAR,USD,C,2026-09-18,32,776.3400268554688,2026-08-17T11:55:45+00:00
SPY260918C00820000,2026-08-14 20:13:22+00:00,820.0,0.63,0.0,0.0,0.0,0.0,6192.0,31131.0,0.0312596875,False,REGULAR,USD,C,2026-09-18,32,776.3400268554688,2026-08-17T11:55:45+00:00
SPY260918C00821000,2026-08-14 19:16:02+00:00,821.0,0.58,0.0,0.0,0.0,0.0,29.0,606.0,0.0312596875,False,REGULAR,USD,C,2026-09-18,32,776.3400268554688,2026-08-17T11:55:45+00:00
SPY260918C00822000,2026-08-14 19:51:54+00:00,822.0,0.54,0.0,0.0,0.0,0.0,7.0,1409.0,0.0312596875,False,REGULAR,USD,C,2026-09-18,32,776.3400268554688,2026-08-17T11:55:45+00:00
SPY260918C00823000,2026-08-14 19:52:32+00:00,823.0,0.49,0.0,0.0,0.0,0.0,13.0,596.0,0.0312596875,False,REGULAR,USD,C,2026-09-18,32,776.3400268554688,2026-08-17T11:55:45+00:00
SPY260918C00824000,2026-08-14 19:56:20+00:00,824.0,0.44,0.0,0.0,0.0,0.0,5.0,1040.0,0.0312596875,False,REGULAR,USD,C,2026-09-18,32,776.3400268554688,2026-08-17T11:55:45+00:00
SPY260918C00825000,2026-08-14 19:56:20+00:00,825.0,0.41,0.0,0.0,0.0,0.0,78.0,9337.0,0.0312596875,False,REGULAR,USD,C,2026-09-18,32,776.3400268554688,2026-08-17T11:55:45+00:00
SPY260918C00830000,2026-08-14 19:51:55+00:00,830.0,0.3,0.0,0.0,0.0,0.0,354.0,7967.0,0.062509375,False,REGULAR,USD,C,2026-09-18,32,776.3400268554688,2026-08-17T11:55:45+00:00
SPY260918C00835000,2026-08-14 19:27:01+00:00,835.0,0.21,0.0,0.0,0.0,0.0,9.0,4929.0,0.062509375,False,REGULAR,USD,C,2026-09-18,32,776.3400268554688,2026-08-17T11:55:45+00:00
SPY260918C00840000,2026-08-14 17:37:31+00:00,840.0,0.15,0.0,0.0,0.0,0.0,30.0,5723.0,0.062509375,False,REGULAR,USD,C,2026-09-18,32,776.3400268554688,2026-08-17T11:55:45+00:00
SPY260918C00845000,2026-08-14 19:27:17+00:00,845.0,0.13,0.0,0.0,0.0,0.0,6.0,10459.0,0.062509375,False,REGULAR,USD,C,2026-09-18,32,776.3400268554688,2026-08-17T11:55:45+00:00
SPY260918C00850000,2026-08-14 19:59:18+00:00,850.0,0.09,0.0,0.0,0.0,0.0,73.0,9792.0,0.062509375,False,REGULAR,USD,C,2026-09-18,32,776.3400268554688,2026-08-17T11:55:45+00:00
SPY260918C00855000,2026-08-14 16:34:33+00:00,855.0,0.08,0.0,0.0,0.0,0.0,1.0,3426.0,0.062509375,False,REGULAR,USD,C,2026-09-18,32,776.3400268554688,2026-08-17T11:55:45+00:00
SPY260918C00860000,2026-08-14 19:27:56+00:00,860.0,0.06,0.0,0.0,0.0,0.0,454.0,4793.0,0.062509375,False,REGULAR,USD,C,2026-09-18,32,776.3400268554688,2026-08-17T11:55:45+00:00
SPY260918C00865000,2026-08-12 17:46:59+00:00,865.0,0.08,0.0,0.0,0.0,0.0,5.0,3429.0,0.062509375,False,REGULAR,USD,C,2026-09-18,32,776.3400268554688,2026-08-17T11:55:45+00:00
SPY260918C00870000,2026-08-14 18:55:22+00:00,870.0,0.05,0.0,0.0,0.0,0.0,1.0,1217.0,0.062509375,False,REGULAR,USD,C,2026-09-18,32,776.3400268554688,2026-08-17T11:55:45+00:00
SPY260918C00875000,2026-08-14 16:58:34+00:00,875.0,0.04,0.0,0.0,0.0,0.0,10.0,4377.0,0.062509375,False,REGULAR,USD,C,2026-09-18,32,776.3400268554688,2026-08-17T11:55:45+00:00
SPY260918C00880000,2026-08-14 19:48:31+00:00,880.0,0.03,0.0,0.0,0.0,0.0,1045.0,6099.0,0.062509375,False,REGULAR,USD,C,2026-09-18,32,776.3400268554688,2026-08-17T11:55:45+00:00
SPY260918C00885000,2026-08-14 19:11:26+00:00,885.0,0.02,0.0,0.0,0.0,0.0,8.0,4953.0,0.062509375,False,REGULAR,USD,C,2026-09-18,32,776.3400268554688,2026-08-17T11:55:45+00:00
SPY260918C00890000,2026-08-12 15:34:36+00:00,890.0,0.04,0.0,0.0,0.0,0.0,1.0,1559.0,0.062509375,False,REGULAR,USD,C,2026-09-18,32,776.3400268554688,2026-08-17T11:55:45+00:00
SPY260918C00895000,2026-08-14 19:54:02+00:00,895.0,0.02,0.0,0.0,0.0,0.0,10.0,8578.0,0.12500875,False,REGULAR,USD,C,2026-09-18,32,776.3400268554688,2026-08-17T11:55:45+00:00
SPY260918C00900000,2026-08-14 19:29:51+00:00,900.0,0.03,0.0,0.0,0.0,0.0,36.0,15001.0,0.12500875,False,REGULAR,USD,C,2026-09-18,32,776.3400268554688,2026-08-17T11:55:45+00:00
SPY260918C00905000,2026-08-13 15:31:41+00:00,905.0,0.03,0.0,0.0,0.0,0.0,1392.0,4049.0,0.12500875,False,REGULAR,USD,C,2026-09-18,32,776.3400268554688,2026-08-17T11:55:45+00:00
SPY260918C00910000,2026-08-14 13:33:45+00:00,910.0,0.02,0.0,0.0,0.0,0.0,1.0,3059.0,0.12500875,False,REGULAR,USD,C,2026-09-18,32,776.3400268554688,2026-08-17T11:55:45+00:00
SPY260918C00915000,2026-08-07 14:25:56+00:00,915.0,0.03,0.0,0.0,0.0,0.0,1.0,1413.0,0.12500875,False,REGULAR,USD,C,2026-09-18,32,776.3400268554688,2026-08-17T11:55:45+00:00
SPY260918C00920000,2026-08-12 20:02:44+00:00,920.0,0.02,0.0,0.0,0.0,0.0,101.0,1192.0,0.12500875,False,REGULAR,USD,C,2026-09-18,32,776.3400268554688,2026-08-17T11:55:45+00:00
SPY260918C00925000,2026-08-13 16:04:23+00:00,925.0,0.02,0.0,0.0,0.0,0.0,2800.0,3241.0,0.12500875,False,REGULAR,USD,C,2026-09-18,32,776.3400268554688,2026-08-17T11:55:45+00:00
SPY260918C00930000,2026-08-13 16:04:25+00:00,930.0,0.02,0.0,0.0,0.0,0.0,2800.0,4123.0,0.12500875,False,REGULAR,USD,C,2026-09-18,32,776.3400268554688,2026-08-17T11:55:45+00:00
SPY260918C00935000,2026-08-14 18:36:18+00:00,935.0,0.01,0.0,0.0,0.0,0.0,5.0,1144.0,0.12500875,False,REGULAR,USD,C,2026-09-18,32,776.3400268554688,2026-08-17T11:55:45+00:00
SPY260918C00940000,2026-08-10 19:59:15+00:00,940.0,0.02,0.0,0.0,0.0,0.0,1.0,2704.0,0.12500875,False,REGULAR,USD,C,2026-09-18,32,776.3400268554688,2026-08-17T11:55:45+00:00
SPY260918C00945000,2026-08-13 14:59:56+00:00,945.0,0.01,0.0,0.0,0.0,0.0,1.0,2459.0,0.12500875,False,REGULAR,USD,C,2026-09-18,32,776.3400268554688,2026-08-17T11:55:45+00:00
SPY260918C00950000,2026-08-14 19:47:01+00:00,950.0,0.01,0.0,0.0,0.0,0.0,4.0,3013.0,0.12500875,False,REGULAR,USD,C,2026-09-18,32,776.3400268554688,2026-08-17T11:55:45+00:00
SPY260918C00955000,2026-08-04 17:44:44+00:00,955.0,0.03,0.0,0.0,0.0,0.0,277.0,3253.0,0.12500875,False,REGULAR,USD,C,2026-09-18,32,776.3400268554688,2026-08-17T11:55:45+00:00
SPY260918C00960000,2026-08-14 18:56:54+00:00,960.0,0.01,0.0,0.0,0.0,0.0,500.0,2177.0,0.12500875,False,REGULAR,USD,C,2026-09-18,32,776.3400268554688,2026-08-17T11:55:45+00:00
SPY260918C00965000,2026-08-14 18:15:10+00:00,965.0,0.01,0.0,0.0,0.0,0.0,1.0,3222.0,0.12500875,False,REGULAR,USD,C,2026-09-18,32,776.3400268554688,2026-08-17T11:55:45+00:00
SPY260918C00970000,2026-08-14 13:40:23+00:00,970.0,0.01,0.0,0.0,0.0,0.0,10.0,3688.0,0.12500875,False,REGULAR,USD,C,2026-09-18,32,776.3400268554688,2026-08-17T11:55:45+00:00
SPY260918C00975000,2026-08-04 16:05:08+00:00,975.0,0.02,0.0,0.0,0.0,0.0,7034.0,8632.0,0.12500875,False,REGULAR,USD,C,2026-09-18,32,776.3400268554688,2026-08-17T11:55:45+00:00
SPY260918C00980000,2026-08-06 16:41:20+00:00,980.0,0.01,0.0,0.0,0.0,0.0,1.0,4173.0,0.12500875,False,REGULAR,USD,C,2026-09-18,32,776.3400268554688,2026-08-17T11:55:45+00:00
SPY260918C00985000,2026-08-06 13:31:31+00:00,985.0,0.02,0.0,0.0,0.0,0.0,1.0,2927.0,0.12500875,False,REGULAR,USD,C,2026-09-18,32,776.3400268554688,2026-08-17T11:55:45+00:00
SPY260918C00990000,2026-08-13 15:30:23+00:00,990.0,0.01,0.0,0.0,0.0,0.0,12.0,17224.0,0.12500875,False,REGULAR,USD,C,2026-09-18,32,776.3400268554688,2026-08-17T11:55:45+00:00
SPY260918C00995000,2026-08-13 14:30:39+00:00,995.0,0.02,0.0,0.0,0.0,0.0,1.0,3865.0,0.12500875,False,REGULAR,USD,C,2026-09-18,32,776.3400268554688,2026-08-17T11:55:45+00:00
SPY260918C01000000,2026-08-12 13:34:58+00:00,1000.0,0.01,0.0,0.0,0.0,0.0,1.0,8564.0,0.12500875,False,REGULAR,USD,C,2026-09-18,32,776.3400268554688,2026-08-17T11:55:45+00:00
SPY260918P00300000,2026-08-14 16:47:12+00:00,300.0,0.01,0.0,0.0,0.0,0.0,210.0,28043.0,0.500005,False,REGULAR,USD,P,2026-09-18,32,776.3400268554688,2026-08-17T11:55:45+00:00
SPY260918P00305000,2026-08-11 14:38:45+00:00,305.0,0.01,0.0,0.0,0.0,0.0,205.0,8387.0,0.500005,False,REGULAR,USD,P,2026-09-18,32,776.3400268554688,2026-08-17T11:55:45+00:00
SPY260918P00310000,2026-08-13 19:42:03+00:00,310.0,0.01,0.0,0.0,0.0,0.0,25.0,14915.0,0.500005,False,REGULAR,USD,P,2026-09-18,32,776.3400268554688,2026-08-17T11:55:45+00:00
SPY260918P00315000,2026-08-11 20:07:11+00:00,315.0,0.01,0.0,0.0,0.0,0.0,1400.0,5753.0,0.500005,False,REGULAR,USD,P,2026-09-18,32,776.3400268554688,2026-08-17T11:55:45+00:00
SPY260918P00320000,2026-08-12 17:27:35+00:00,320.0,0.01,0.0,0.0,0.0,0.0,156.0,4860.0,0.500005,False,REGULAR,USD,P,2026-09-18,32,776.3400268554688,2026-08-17T11:55:45+00:00
SPY260918P00325000,2026-08-14 14:58:21+00:00,325.0,0.01,0.0,0.0,0.0,0.0,1.0,5193.0,0.500005,False,REGULAR,USD,P,2026-09-18,32,776.3400268554688,2026-08-17T11:55:45+00:00
SPY260918P00330000,2026-08-13 14:42:26+00:00,330.0,0.01,0.0,0.0,0.0,0.0,10.0,8652.0,0.500005,False,REGULAR,USD,P,2026-09-18,32,776.3400268554688,2026-08-17T11:55:45+00:00
SPY260918P00335000,2026-08-14 15:04:45+00:00,335.0,0.01,0.0,0.0,0.0,0.0,6.0,4534.0,0.500005,False,REGULAR,USD,P,2026-09-18,32,776.3400268554688,2026-08-17T11:55:45+00:00
SPY260918P00340000,2026-08-13 14:41:35+00:00,340.0,0.01,0.0,0.0,0.0,0.0,10.0,1832.0,0.500005,False,REGULAR,USD,P,2026-09-18,32,776.3400268554688,2026-08-17T11:55:45+00:00
SPY260918P00345000,2026-08-13 19:55:08+00:00,345.0,0.01,0.0,0.0,0.0,0.0,474.0,2717.0,0.500005,False,REGULAR,USD,P,2026-09-18,32,776.3400268554688,2026-08-17T11:55:45+00:00
SPY260918P00350000,2026-08-14 19:58:53+00:00,350.0,0.01,0.0,0.0,0.0,0.0,449.0,19661.0,0.500005,False,REGULAR,USD,P,2026-09-18,32,776.3400268554688,2026-08-17T11:55:45+00:00
SPY260918P00355000,2026-08-10 16:36:17+00:00,355.0,0.02,0.0,0.0,0.0,0.0,2564.0,12970.0,0.500005,False,REGULAR,USD,P,2026-09-18,32,776.3400268554688,2026-08-17T11:55:45+00:00
SPY260918P00360000,2026-08-11 19:34:05+00:00,360.0,0.02,0.0,0.0,0.0,0.0,13152.0,27620.0,0.500005,False,REGULAR,USD,P,2026-09-18,32,776.3400268554688,2026-08-17T11:55:45+00:00
SPY260918P00365000,2026-08-11 19:33:53+00:00,365.0,0.02,0.0,0.0,0.0,0.0,33555.0,16732.0,0.500005,False,REGULAR,USD,P,2026-09-18,32,776.3400268554688,2026-08-17T11:55:45+00:00
SPY260918P00370000,2026-08-12 19:35:41+00:00,370.0,0.03,0.0,0.0,0.0,0.0,70.0,21353.0,0.500005,False,REGULAR,USD,P,2026-09-18,32,776.3400268554688,2026-08-17T11:55:45+00:00
SPY260918P00375000,2026-08-13 14:18:53+00:00,375.0,0.02,0.0,0.0,0.0,0.0,1.0,2497.0,0.500005,False,REGULAR,USD,P,2026-09-18,32,776.3400268554688,2026-08-17T11:55:45+00:00
SPY260918P00380000,2026-08-12 14:32:13+00:00,380.0,0.02,0.0,0.0,0.0,0.0,1459.0,2864.0,0.500005,False,REGULAR,USD,P,2026-09-18,32,776.3400268554688,2026-08-17T11:55:45+00:00
SPY260918P00385000,2026-08-12 14:01:19+00:00,385.0,0.02,0.0,0.0,0.0,0.0,5.0,912.0,0.500005,False,REGULAR,USD,P,2026-09-18,32,776.3400268554688,2026-08-17T11:55:45+00:00
SPY260918P00390000,2026-08-14 16:01:31+00:00,390.0,0.02,0.0,0.0,0.0,0.0,1.0,1191.0,0.500005,False,REGULAR,USD,P,2026-09-18,32,776.3400268554688,2026-08-17T11:55:45+00:00
SPY260918P00395000,2026-08-11 18:43:12+00:00,395.0,0.03,0.0,0.0,0.0,0.0,4.0,2292.0,0.500005,False,REGULAR,USD,P,2026-09-18,32,776.3400268554688,2026-08-17T11:55:45+00:00
SPY260918P00400000,2026-08-14 19:45:24+00:00,400.0,0.01,0.0,0.0,0.0,0.0,7.0,23989.0,0.500005,False,REGULAR,USD,P,2026-09-18,32,776.3400268554688,2026-08-17T11:55:45+00:00
SPY260918P00405000,2026-08-14 18:18:49+00:00,405.0,0.02,0.0,0.0,0.0,0.0,1.0,2939.0,0.500005,False,REGULAR,USD,P,2026-09-18,32,776.3400268554688,2026-08-17T11:55:45+00:00
SPY260918P00410000,2026-08-11 15:29:38+00:00,410.0,0.04,0.0,0.0,0.0,0.0,5.0,637.0,0.500005,False,REGULAR,USD,P,2026-09-18,32,776.3400268554688,2026-08-17T11:55:45+00:00
SPY260918P00415000,2026-08-14 14:05:25+00:00,415.0,0.03,0.0,0.0,0.0,0.0,3000.0,105332.0,0.500005,False,REGULAR,USD,P,2026-09-18,32,776.3400268554688,2026-08-17T11:55:45+00:00
SPY260918P00420000,2026-08-14 15:14:32+00:00,420.0,0.03,0.0,0.0,0.0,0.0,1.0,105867.0,0.500005,False,REGULAR,USD,P,2026-09-18,32,776.3400268554688,2026-08-17T11:55:45+00:00
SPY260918P00425000,2026-08-13 17:48:13+00:00,425.0,0.03,0.0,0.0,0.0,0.0,3.0,100547.0,0.500005,False,REGULAR,USD,P,2026-09-18,32,776.3400268554688,2026-08-17T11:55:45+00:00
SPY260918P00430000,2026-08-14 15:13:11+00:00,430.0,0.02,0.0,0.0,0.0,0.0,1.0,1618.0,0.500005,False,REGULAR,USD,P,2026-09-18,32,776.3400268554688,2026-08-17T11:55:45+00:00
SPY260918P00435000,2026-08-13 19:02:42+00:00,435.0,0.03,0.0,0.0,0.0,0.0,1000.0,1845.0,0.2500075,False,REGULAR,USD,P,2026-09-18,32,776.3400268554688,2026-08-17T11:55:45+00:00
SPY260918P00440000,2026-08-14 18:23:28+00:00,440.0,0.03,0.0,0.0,0.0,0.0,2.0,4689.0,0.2500075,False,REGULAR,USD,P,2026-09-18,32,776.3400268554688,2026-08-17T11:55:45+00:00
SPY260918P00445000,2026-08-12 17:14:23+00:00,445.0,0.05,0.0,0.0,0.0,0.0,35.0,824.0,0.2500075,False,REGULAR,USD,P,2026-09-18,32,776.3400268554688,2026-08-17T11:55:45+00:00
SPY260918P00450000,2026-08-14 18:23:25+00:00,450.0,0.03,0.0,0.0,0.0,0.0,7.0,12701.0,0.2500075,False,REGULAR,USD,P,2026-09-18,32,776.3400268554688,2026-08-17T11:55:45+00:00
SPY260918P00455000,2026-08-14 19:06:02+00:00,455.0,0.04,0.0,0.0,0.0,0.0,2507.0,4304.0,0.2500075,False,REGULAR,USD,P,2026-09-18,32,776.3400268554688,2026-08-17T11:55:45+00:00
SPY260918P00460000,2026-08-14 18:45:48+00:00,460.0,0.04,0.0,0.0,0.0,0.0,3.0,572.0,0.2500075,False,REGULAR,USD,P,2026-09-18,32,776.3400268554688,2026-08-17T11:55:45+00:00
SPY260918P00465000,2026-08-14 19:47:01+00:00,465.0,0.04,0.0,0.0,0.0,0.0,8.0,559.0,0.2500075,False,REGULAR,USD,P,2026-09-18,32,776.3400268554688,2026-08-17T11:55:45+00:00
SPY260918P00470000,2026-08-14 18:23:19+00:00,470.0,0.04,0.0,0.0,0.0,0.0,9.0,9402.0,0.2500075,False,REGULAR,USD,P,2026-09-18,32,776.3400268554688,2026-08-17T11:55:45+00:00
SPY260918P00475000,2026-08-13 13:54:54+00:00,475.0,0.05,0.0,0.0,0.0,0.0,2.0,1813.0,0.2500075,False,REGULAR,USD,P,2026-09-18,32,776.3400268554688,2026-08-17T11:55:45+00:00
SPY260918P00480000,2026-08-14 19:50:49+00:00,480.0,0.05,0.0,0.0,0.0,0.0,15.0,10935.0,0.2500075,False,REGULAR,USD,P,2026-09-18,32,776.3400268554688,2026-08-17T11:55:45+00:00
SPY260918P00485000,2026-08-12 15:48:59+00:00,485.0,0.07,0.0,0.0,0.0,0.0,3.0,803.0,0.2500075,False,REGULAR,USD,P,2026-09-18,32,776.3400268554688,2026-08-17T11:55:45+00:00
SPY260918P00490000,2026-08-14 19:51:21+00:00,490.0,0.06,0.0,0.0,0.0,0.0,5.0,1237.0,0.2500075,False,REGULAR,USD,P,2026-09-18,32,776.3400268554688,2026-08-17T11:55:45+00:00
SPY260918P00495000,2026-08-14 16:33:51+00:00,495.0,0.06,0.0,0.0,0.0,0.0,1.0,2871.0,0.2500075,False,REGULAR,USD,P,2026-09-18,32,776.3400268554688,2026-08-17T11:55:45+00:00
SPY260918P00500000,2026-08-14 19:34:00+00:00,500.0,0.08,0.0,0.0,0.0,0.0,44.0,10065.0,0.2500075,False,REGULAR,USD,P,2026-09-18,32,776.3400268554688,2026-08-17T11:55:45+00:00
SPY260918P00505000,2026-08-14 19:51:08+00:00,505.0,0.07,0.0,0.0,0.0,0.0,80.0,5885.0,0.2500075,False,REGULAR,USD,P,2026-09-18,32,776.3400268554688,2026-08-17T11:55:45+00:00
SPY260918P00510000,2026-08-14 19:55:59+00:00,510.0,0.07,0.0,0.0,0.0,0.0,6.0,2542.0,0.2500075,False,REGULAR,USD,P,2026-09-18,32,776.3400268554688,2026-08-17T11:55:45+00:00
SPY260918P00515000,2026-08-14 20:11:46+00:00,515.0,0.09,0.0,0.0,0.0,0.0,34.0,201847.0,0.2500075,False,REGULAR,USD,P,2026-09-18,32,776.3400268554688,2026-08-17T11:55:45+00:00
SPY260918P00520000,2026-08-14 19:33:18+00:00,520.0,0.09,0.0,0.0,0.0,0.0,11.0,210134.0,0.2500075,False,REGULAR,USD,P,2026-09-18,32,776.3400268554688,2026-08-17T11:55:45+00:00
SPY260918P00525000,2026-08-14 18:21:43+00:00,525.0,0.1,0.0,0.0,0.0,0.0,154.0,209066.0,0.2500075,False,REGULAR,USD,P,2026-09-18,32,776.3400268554688,2026-08-17T11:55:45+00:00
SPY260918P00530000,2026-08-14 19:33:18+00:00,530.0,0.11,0.0,0.0,0.0,0.0,56.0,3720.0,0.2500075,False,REGULAR,USD,P,2026-09-18,32,776.3400268554688,2026-08-17T11:55:45+00:00
SPY260918P00535000,2026-08-14 16:11:00+00:00,535.0,0.1,0.0,0.0,0.0,0.0,9.0,1878.0,0.2500075,False,REGULAR,USD,P,2026-09-18,32,776.3400268554688,2026-08-17T11:55:45+00:00
SPY260918P00540000,2026-08-13 19:32:05+00:00,540.0,0.12,0.0,0.0,0.0,0.0,4.0,3218.0,0.2500075,False,REGULAR,USD,P,2026-09-18,32,776.3400268554688,2026-08-17T11:55:45+00:00
SPY260918P00545000,2026-08-13 16:20:23+00:00,545.0,0.15,0.0,0.0,0.0,0.0,5.0,5008.0,0.2500075,False,REGULAR,USD,P,2026-09-18,32,776.3400268554688,2026-08-17T11:55:45+00:00
SPY260918P00550000,2026-08-14 19:57:50+00:00,550.0,0.13,0.0,0.0,0.0,0.0,258.0,15222.0,0.2500075,False,REGULAR,USD,P,2026-09-18,32,776.3400268554688,2026-08-17T11:55:45+00:00
SPY260918P00555000,2026-08-14 17:15:12+00:00,555.0,0.15,0.0,0.0,0.0,0.0,6.0,1139.0,0.2500075,False,REGULAR,USD,P,2026-09-18,32,776.3400268554688,2026-08-17T11:55:45+00:00
SPY260918P00560000,2026-08-14 19:55:08+00:00,560.0,0.16,0.0,0.0,0.0,0.0,3.0,4020.0,0.2500075,False,REGULAR,USD,P,2026-09-18,32,776.3400268554688,2026-08-17T11:55:45+00:00
SPY260918P00565000,2026-08-14 15:11:15+00:00,565.0,0.18,0.0,0.0,0.0,0.0,1.0,10871.0,0.2500075,False,REGULAR,USD,P,2026-09-18,32,776.3400268554688,2026-08-17T11:55:45+00:00
SPY260918P00570000,2026-08-14 17:51:33+00:00,570.0,0.17,0.0,0.0,0.0,0.0,200.0,21789.0,0.2500075,False,REGULAR,USD,P,2026-09-18,32,776.3400268554688,2026-08-17T11:55:45+00:00
SPY260918P00575000,2026-08-14 19:29:37+00:00,575.0,0.19,0.0,0.0,0.0,0.0,4.0,13380.0,0.2500075,False,REGULAR,USD,P,2026-09-18,32,776.3400268554688,2026-08-17T11:55:45+00:00
SPY260918P00580000,2026-08-14 15:23:06+00:00,580.0,0.22,0.0,0.0,0.0,0.0,40.0,11220.0,0.2500075,False,REGULAR,USD,P,2026-09-18,32,776.3400268554688,2026-08-17T11:55:45+00:00
SPY260918P00585000,2026-08-14 19:36:51+00:00,585.0,0.22,0.0,0.0,0.0,0.0,1207.0,8957.0,0.2500075,False,REGULAR,USD,P,2026-09-18,32,776.3400268554688,2026-08-17T11:55:45+00:00
SPY260918P00590000,2026-08-14 16:55:52+00:00,590.0,0.24,0.0,0.0,0.0,0.0,49.0,20234.0,0.12500875,False,REGULAR,USD,P,2026-09-18,32,776.3400268554688,2026-08-17T11:55:45+00:00
SPY260918P00595000,2026-08-14 13:30:01+00:00,595.0,0.26,0.0,0.0,0.0,0.0,2.0,8131.0,0.12500875,False,REGULAR,USD,P,2026-09-18,32,776.3400268554688,2026-08-17T11:55:45+00:00
SPY260918P00600000,2026-08-14 19:52:11+00:00,600.0,0.27,0.0,0.0,0.0,0.0,362.0,62217.0,0.12500875,False,REGULAR,USD,P,2026-09-18,32,776.3400268554688,2026-08-17T11:55:45+00:00
SPY260918P00601000,2026-08-14 13:30:00+00:00,601.0,0.25,0.0,0.0,0.0,0.0,1.0,1637.0,0.12500875,False,REGULAR,USD,P,2026-09-18,32,776.3400268554688,2026-08-17T11:55:45+00:00
SPY260918P00602000,2026-08-05 15:33:32+00:00,602.0,0.5,0.0,0.0,0.0,0.0,1.0,84.0,0.12500875,False,REGULAR,USD,P,2026-09-18,32,776.3400268554688,2026-08-17T11:55:45+00:00
SPY260918P00603000,2026-08-07 14:50:28+00:00,603.0,0.42,0.0,0.0,0.0,0.0,10.0,1536.0,0.12500875,False,REGULAR,USD,P,2026-09-18,32,776.3400268554688,2026-08-17T11:55:45+00:00
SPY260918P00604000,2026-08-07 15:55:02+00:00,604.0,0.42,0.0,0.0,0.0,0.0,10.0,1028.0,0.12500875,False,REGULAR,USD,P,2026-09-18,32,776.3400268554688,2026-08-17T11:55:45+00:00
SPY260918P00605000,2026-08-14 19:55:59+00:00,605.0,0.29,0.0,0.0,0.0,0.0,35.0,51797.0,0.12500875,False,REGULAR,USD,P,2026-09-18,32,776.3400268554688,2026-08-17T11:55:45+00:00
SPY260918P00606000,2026-08-12 13:30:00+00:00,606.0,0.37,0.0,0.0,0.0,0.0,1.0,517.0,0.12500875,False,REGULAR,USD,P,2026-09-18,32,776.3400268554688,2026-08-17T11:55:45+00:00
SPY260918P00607000,2026-08-14 17:15:45+00:00,607.0,0.3,0.0,0.0,0.0,0.0,15.0,86.0,0.12500875,False,REGULAR,USD,P,2026-09-18,32,776.3400268554688,2026-08-17T11:55:45+00:00
SPY260918P00608000,2026-08-03 17:42:19+00:00,608.0,0.73,0.0,0.0,0.0,0.0,2.0,88.0,0.12500875,False,REGULAR,USD,P,2026-09-18,32,776.3400268554688,2026-08-17T11:55:45+00:00
SPY260918P00609000,2026-08-14 16:39:28+00:00,609.0,0.31,0.0,0.0,0.0,0.0,10.0,135.0,0.12500875,False,REGULAR,USD,P,2026-09-18,32,776.3400268554688,2026-08-17T11:55:45+00:00
SPY260918P00610000,2026-08-14 17:49:26+00:00,610.0,0.31,0.0,0.0,0.0,0.0,4.0,51576.0,0.12500875,False,REGULAR,USD,P,2026-09-18,32,776.3400268554688,2026-08-17T11:55:45+00:00
SPY260918P00611000,2026-08-14 17:28:52+00:00,611.0,0.32,0.0,0.0,0.0,0.0,100.0,453.0,0.12500875,False,REGULAR,USD,P,2026-09-18,32,776.3400268554688,2026-08-17T11:55:45+00:00
SPY260918P00612000,2026-08-14 15:52:17+00:00,612.0,0.35,0.0,0.0,0.0,0.0,3.0,257.0,0.12500875,False,REGULAR,USD,P,2026-09-18,32,776.3400268554688,2026-08-17T11:55:45+00:00
SPY260918P00613000,2026-08-14 18:04:48+00:00,613.0,0.33,0.0,0.0,0.0,0.0,1.0,315.0,0.12500875,False,REGULAR,USD,P,2026-09-18,32,776.3400268554688,2026-08-17T11:55:45+00:00
SPY260918P00614000,2026-08-13 15:52:43+00:00,614.0,0.36,0.0,0.0,0.0,0.0,61.0,1151.0,0.12500875,False,REGULAR,USD,P,2026-09-18,32,776.3400268554688,2026-08-17T11:55:45+00:00
SPY260918P00615000,2026-08-14 19:33:18+00:00,615.0,0.34,0.0,0.0,0.0,0.0,9.0,104607.0,0.12500875,False,REGULAR,USD,P,2026-09-18,32,776.3400268554688,2026-08-17T11:55:45+00:00
SPY260918P00616000,2026-08-13 15:03:34+00:00,616.0,0.35,0.0,0.0,0.0,0.0,7.0,308.0,0.12500875,False,REGULAR,USD,P,2026-09-18,32,776.3400268554688,2026-08-17T11:55:45+00:00
SPY260918P00617000,2026-08-11 16:23:23+00:00,617.0,0.48,0.0,0.0,0.0,0.0,6.0,193.0,0.12500875,False,REGULAR,USD,P,2026-09-18,32,776.3400268554688,2026-08-17T11:55:45+00:00
SPY260918P00618000,2026-08-12 14:06:52+00:00,618.0,0.44,0.0,0.0,0.0,0.0,22.0,679.0,0.12500875,False,REGULAR,USD,P,2026-09-18,32,776.3400268554688,2026-08-17T11:55:45+00:00
SPY260918P00619000,2026-08-12 14:00:20+00:00,619.0,0.44,0.0,0.0,0.0,0.0,3.0,302.0,0.12500875,False,REGULAR,USD,P,2026-09-18,32,776.3400268554688,2026-08-17T11:55:45+00:00
SPY260918P00620000,2026-08-14 19:56:01+00:00,620.0,0.36,0.0,0.0,0.0,0.0,45.0,158037.0,0.12500875,False,REGULAR,USD,P,2026-09-18,32,776.3400268554688,2026-08-17T11:55:45+00:00
SPY260918P00621000,2026-08-13 19:52:31+00:00,621.0,0.39,0.0,0.0,0.0,0.0,1.0,655.0,0.12500875,False,REGULAR,USD,P,2026-09-18,32,776.3400268554688,2026-08-17T11:55:45+00:00
SPY260918P00622000,2026-08-14 13:58:45+00:00,622.0,0.39,0.0,0.0,0.0,0.0,1.0,823.0,0.12500875,False,REGULAR,USD,P,2026-09-18,32,776.3400268554688,2026-08-17T11:55:45+00:00
SPY260918P00623000,2026-08-10 14:02:18+00:00,623.0,0.5,0.0,0.0,0.0,0.0,3.0,239.0,0.12500875,False,REGULAR,USD,P,2026-09-18,32,776.3400268554688,2026-08-17T11:55:45+00:00
SPY260918P00624000,2026-08-13 18:59:31+00:00,624.0,0.4,0.0,0.0,0.0,0.0,8.0,486.0,0.12500875,False,REGULAR,USD,P,2026-09-18,32,776.3400268554688,2026-08-17T11:55:45+00:00
SPY260918P00625000,2026-08-14 19:55:59+00:00,625.0,0.39,0.0,0.0,0.0,0.0,127.0,132815.0,0.12500875,False,REGULAR,USD,P,2026-09-18,32,776.3400268554688,2026-08-17T11:55:45+00:00
SPY260918P00626000,2026-08-13 16:22:14+00:00,626.0,0.42,0.0,0.0,0.0,0.0,4.0,339.0,0.12500875,False,REGULAR,USD,P,2026-09-18,32,776.3400268554688,2026-08-17T11:55:45+00:00
SPY260918P00627000,2026-08-13 16:29:38+00:00,627.0,0.44,0.0,0.0,0.0,0.0,1.0,397.0,0.12500875,False,REGULAR,USD,P,2026-09-18,32,776.3400268554688,2026-08-17T11:55:45+00:00
SPY260918P00628000,2026-08-12 15:54:00+00:00,628.0,0.5,0.0,0.0,0.0,0.0,100.0,364.0,0.12500875,False,REGULAR,USD,P,2026-09-18,32,776.3400268554688,2026-08-17T11:55:45+00:00
SPY260918P00629000,2026-08-14 17:04:29+00:00,629.0,0.42,0.0,0.0,0.0,0.0,15.0,213.0,0.12500875,False,REGULAR,USD,P,2026-09-18,32,776.3400268554688,2026-08-17T11:55:45+00:00
SPY260918P00630000,2026-08-14 20:05:01+00:00,630.0,0.41,0.0,0.0,0.0,0.0,10.0,11543.0,0.12500875,False,REGULAR,USD,P,2026-09-18,32,776.3400268554688,2026-08-17T11:55:45+00:00
SPY260918P00631000,2026-08-13 14:00:48+00:00,631.0,0.44,0.0,0.0,0.0,0.0,1.0,375.0,0.12500875,False,REGULAR,USD,P,2026-09-18,32,776.3400268554688,2026-08-17T11:55:45+00:00
SPY260918P00632000,2026-08-14 18:51:55+00:00,632.0,0.43,0.0,0.0,0.0,0.0,10.0,487.0,0.12500875,False,REGULAR,USD,P,2026-09-18,32,776.3400268554688,2026-08-17T11:55:45+00:00
SPY260918P00633000,2026-08-13 19:47:46+00:00,633.0,0.46,0.0,0.0,0.0,0.0,21.0,589.0,0.12500875,False,REGULAR,USD,P,2026-09-18,32,776.3400268554688,2026-08-17T11:55:45+00:00
SPY260918P00634000,2026-08-06 19:37:01+00:00,634.0,0.74,0.0,0.0,0.0,0.0,4.0,715.0,0.12500875,False,REGULAR,USD,P,2026-09-18,32,776.3400268554688,2026-08-17T11:55:45+00:00
SPY260918P00635000,2026-08-14 19:05:28+00:00,635.0,0.46,0.0,0.0,0.0,0.0,9.0,8585.0,0.12500875,False,REGULAR,USD,P,2026-09-18,32,776.3400268554688,2026-08-17T11:55:45+00:00
SPY260918P00636000,2026-08-10 16:06:05+00:00,636.0,0.58,0.0,0.0,0.0,0.0,10.0,263.0,0.12500875,False,REGULAR,USD,P,2026-09-18,32,776.3400268554688,2026-08-17T11:55:45+00:00
SPY260918P00637000,2026-08-14 18:13:49+00:00,637.0,0.46,0.0,0.0,0.0,0.0,8.0,448.0,0.12500875,False,REGULAR,USD,P,2026-09-18,32,776.3400268554688,2026-08-17T11:55:45+00:00
SPY260918P00638000,2026-08-13 18:59:31+00:00,638.0,0.49,0.0,0.0,0.0,0.0,11.0,581.0,0.12500875,False,REGULAR,USD,P,2026-09-18,32,776.3400268554688,2026-08-17T11:55:45+00:00
SPY260918P00639000,2026-08-13 17:28:32+00:00,639.0,0.5,0.0,0.0,0.0,0.0,2.0,669.0,0.12500875,False,REGULAR,USD,P,2026-09-18,32,776.3400268554688,2026-08-17T11:55:45+00:00
SPY260918P00640000,2026-08-14 19:15:42+00:00,640.0,0.49,0.0,0.0,0.0,0.0,16.0,12482.0,0.12500875,False,REGULAR,USD,P,2026-09-18,32,776.3400268554688,2026-08-17T11:55:45+00:00
SPY260918P00641000,2026-08-11 19:00:36+00:00,641.0,0.69,0.0,0.0,0.0,0.0,5.0,399.0,0.12500875,False,REGULAR,USD,P,2026-09-18,32,776.3400268554688,2026-08-17T11:55:45+00:00
SPY260918P00642000,2026-08-10 13:50:52+00:00,642.0,0.66,0.0,0.0,0.0,0.0,21.0,548.0,0.12500875,False,REGULAR,USD,P,2026-09-18,32,776.3400268554688,2026-08-17T11:55:45+00:00
SPY260918P00643000,2026-08-13 17:27:16+00:00,643.0,0.53,0.0,0.0,0.0,0.0,10.0,281.0,0.12500875,False,REGULAR,USD,P,2026-09-18,32,776.3400268554688,2026-08-17T11:55:45+00:00
SPY260918P00644000,2026-08-14 15:52:56+00:00,644.0,0.55,0.0,0.0,0.0,0.0,1.0,209.0,0.12500875,False,REGULAR,USD,P,2026-09-18,32,776.3400268554688,2026-08-17T11:55:45+00:00
SPY260918P00645000,2026-08-14 19:35:01+00:00,645.0,0.52,0.0,0.0,0.0,0.0,11.0,6331.0,0.12500875,False,REGULAR,USD,P,2026-09-18,32,776.3400268554688,2026-08-17T11:55:45+00:00
SPY260918P00646000,2026-08-13 18:59:31+00:00,646.0,0.55,0.0,0.0,0.0,0.0,1.0,476.0,0.12500875,False,REGULAR,USD,P,2026-09-18,32,776.3400268554688,2026-08-17T11:55:45+00:00
SPY260918P00647000,2026-08-12 13:30:16+00:00,647.0,0.64,0.0,0.0,0.0,0.0,10.0,246.0,0.12500875,False,REGULAR,USD,P,2026-09-18,32,776.3400268554688,2026-08-17T11:55:45+00:00
SPY260918P00648000,2026-08-11 13:30:37+00:00,648.0,0.73,0.0,0.0,0.0,0.0,21.0,267.0,0.12500875,False,REGULAR,USD,P,2026-09-18,32,776.3400268554688,2026-08-17T11:55:45+00:00
SPY260918P00649000,2026-08-12 14:31:22+00:00,649.0,0.68,0.0,0.0,0.0,0.0,20.0,784.0,0.12500875,False,REGULAR,USD,P,2026-09-18,32,776.3400268554688,2026-08-17T11:55:45+00:00
SPY260918P00650000,2026-08-14 20:11:46+00:00,650.0,0.55,0.0,0.0,0.0,0.0,2794.0,73368.0,0.12500875,False,REGULAR,USD,P,2026-09-18,32,776.3400268554688,2026-08-17T11:55:45+00:00
SPY260918P00651000,2026-08-11 15:03:45+00:00,651.0,0.76,0.0,0.0,0.0,0.0,10.0,1093.0,0.12500875,False,REGULAR,USD,P,2026-09-18,32,776.3400268554688,2026-08-17T11:55:45+00:00
SPY260918P00652000,2026-08-13 16:45:51+00:00,652.0,0.62,0.0,0.0,0.0,0.0,4.0,420.0,0.12500875,False,REGULAR,USD,P,2026-09-18,32,776.3400268554688,2026-08-17T11:55:45+00:00
SPY260918P00653000,2026-08-13 17:12:58+00:00,653.0,0.61,0.0,0.0,0.0,0.0,2.0,467.0,0.12500875,False,REGULAR,USD,P,2026-09-18,32,776.3400268554688,2026-08-17T11:55:45+00:00
SPY260918P00654000,2026-08-13 17:44:31+00:00,654.0,0.63,0.0,0.0,0.0,0.0,5.0,486.0,0.12500875,False,REGULAR,USD,P,2026-09-18,32,776.3400268554688,2026-08-17T11:55:45+00:00
SPY260918P00655000,2026-08-14 19:48:21+00:00,655.0,0.6,0.0,0.0,0.0,0.0,54.0,31169.0,0.12500875,False,REGULAR,USD,P,2026-09-18,32,776.3400268554688,2026-08-17T11:55:45+00:00
SPY260918P00656000,2026-08-13 17:44:31+00:00,656.0,0.65,0.0,0.0,0.0,0.0,6.0,380.0,0.12500875,False,REGULAR,USD,P,2026-09-18,32,776.3400268554688,2026-08-17T11:55:45+00:00
SPY260918P00657000,2026-08-12 13:30:16+00:00,657.0,0.75,0.0,0.0,0.0,0.0,10.0,729.0,0.12500875,False,REGULAR,USD,P,2026-09-18,32,776.3400268554688,2026-08-17T11:55:45+00:00
SPY260918P00658000,2026-08-14 17:24:04+00:00,658.0,0.64,0.0,0.0,0.0,0.0,1.0,475.0,0.12500875,False,REGULAR,USD,P,2026-09-18,32,776.3400268554688,2026-08-17T11:55:45+00:00
SPY260918P00659000,2026-08-12 14:31:22+00:00,659.0,0.79,0.0,0.0,0.0,0.0,20.0,664.0,0.12500875,False,REGULAR,USD,P,2026-09-18,32,776.3400268554688,2026-08-17T11:55:45+00:00
SPY260918P00660000,2026-08-14 19:29:49+00:00,660.0,0.65,0.0,0.0,0.0,0.0,184.0,84492.0,0.12500875,False,REGULAR,USD,P,2026-09-18,32,776.3400268554688,2026-08-17T11:55:45+00:00
SPY260918P00661000,2026-08-14 14:29:08+00:00,661.0,0.68,0.0,0.0,0.0,0.0,2.0,634.0,0.12500875,False,REGULAR,USD,P,2026-09-18,32,776.3400268554688,2026-08-17T11:55:45+00:00
SPY260918P00662000,2026-08-11 19:27:20+00:00,662.0,0.93,0.0,0.0,0.0,0.0,60.0,1260.0,0.12500875,False,REGULAR,USD,P,2026-09-18,32,776.3400268554688,2026-08-17T11:55:45+00:00
SPY260918P00663000,2026-08-14 19:43:46+00:00,663.0,0.67,0.0,0.0,0.0,0.0,3.0,634.0,0.12500875,False,REGULAR,USD,P,2026-09-18,32,776.3400268554688,2026-08-17T11:55:45+00:00
SPY260918P00664000,2026-08-14 18:28:02+00:00,664.0,0.69,0.0,0.0,0.0,0.0,11.0,593.0,0.12500875,False,REGULAR,USD,P,2026-09-18,32,776.3400268554688,2026-08-17T11:55:45+00:00
SPY260918P00665000,2026-08-14 18:52:31+00:00,665.0,0.69,0.0,0.0,0.0,0.0,35.0,110264.0,0.12500875,False,REGULAR,USD,P,2026-09-18,32,776.3400268554688,2026-08-17T11:55:45+00:00
SPY260918P00666000,2026-08-14 17:04:49+00:00,666.0,0.72,0.0,0.0,0.0,0.0,12.0,587.0,0.12500875,False,REGULAR,USD,P,2026-09-18,32,776.3400268554688,2026-08-17T11:55:45+00:00
SPY260918P00667000,2026-08-14 14:30:08+00:00,667.0,0.74,0.0,0.0,0.0,0.0,1.0,910.0,0.12500875,False,REGULAR,USD,P,2026-09-18,32,776.3400268554688,2026-08-17T11:55:45+00:00
SPY260918P00668000,2026-08-13 17:20:05+00:00,668.0,0.78,0.0,0.0,0.0,0.0,1.0,1073.0,0.12500875,False,REGULAR,USD,P,2026-09-18,32,776.3400268554688,2026-08-17T11:55:45+00:00
SPY260918P00669000,2026-08-14 15:04:47+00:00,669.0,0.75,0.0,0.0,0.0,0.0,123.0,433.0,0.12500875,False,REGULAR,USD,P,2026-09-18,32,776.3400268554688,2026-08-17T11:55:45+00:00
SPY260918P00670000,2026-08-14 19:59:19+00:00,670.0,0.75,0.0,0.0,0.0,0.0,562.0,72666.0,0.12500875,False,REGULAR,USD,P,2026-09-18,32,776.3400268554688,2026-08-17T11:55:45+00:00
SPY260918P00671000,2026-08-13 17:47:08+00:00,671.0,0.81,0.0,0.0,0.0,0.0,8.0,1595.0,0.12500875,False,REGULAR,USD,P,2026-09-18,32,776.3400268554688,2026-08-17T11:55:45+00:00
SPY260918P00672000,2026-08-14 16:16:58+00:00,672.0,0.79,0.0,0.0,0.0,0.0,3.0,1039.0,0.12500875,False,REGULAR,USD,P,2026-09-18,32,776.3400268554688,2026-08-17T11:55:45+00:00
SPY260918P00673000,2026-08-14 19:51:04+00:00,673.0,0.77,0.0,0.0,0.0,0.0,174.0,814.0,0.12500875,False,REGULAR,USD,P,2026-09-18,32,776.3400268554688,2026-08-17T11:55:45+00:00
SPY260918P00674000,2026-08-14 14:30:08+00:00,674.0,0.82,0.0,0.0,0.0,0.0,69.0,3280.0,0.12500875,False,REGULAR,USD,P,2026-09-18,32,776.3400268554688,2026-08-17T11:55:45+00:00
SPY260918P00675000,2026-08-14 19:44:42+00:00,675.0,0.82,0.0,0.0,0.0,0.0,4147.0,21502.0,0.12500875,False,REGULAR,USD,P,2026-09-18,32,776.3400268554688,2026-08-17T11:55:45+00:00
SPY260918P00676000,2026-08-13 17:47:08+00:00,676.0,0.88,0.0,0.0,0.0,0.0,3.0,695.0,0.12500875,False,REGULAR,USD,P,2026-09-18,32,776.3400268554688,2026-08-17T11:55:45+00:00
SPY260918P00677000,2026-08-14 14:30:08+00:00,677.0,0.86,0.0,0.0,0.0,0.0,288.0,927.0,0.12500875,False,REGULAR,USD,P,2026-09-18,32,776.3400268554688,2026-08-17T11:55:45+00:00
SPY260918P00678000,2026-08-14 14:00:01+00:00,678.0,0.85,0.0,0.0,0.0,0.0,5.0,1093.0,0.062509375,False,REGULAR,USD,P,2026-09-18,32,776.3400268554688,2026-08-17T11:55:45+00:00
SPY260918P00679000,2026-08-14 15:40:51+00:00,679.0,0.92,0.0,0.0,0.0,0.0,32.0,1156.0,0.062509375,False,REGULAR,USD,P,2026-09-18,32,776.3400268554688,2026-08-17T11:55:45+00:00
SPY260918P00680000,2026-08-14 20:04:48+00:00,680.0,0.86,0.0,0.0,0.0,0.0,80.0,23469.0,0.062509375,False,REGULAR,USD,P,2026-09-18,32,776.3400268554688,2026-08-17T11:55:45+00:00
SPY260918P00681000,2026-08-14 18:31:48+00:00,681.0,0.9,0.0,0.0,0.0,0.0,2.0,563.0,0.062509375,False,REGULAR,USD,P,2026-09-18,32,776.3400268554688,2026-08-17T11:55:45+00:00
SPY260918P00682000,2026-08-14 13:51:24+00:00,682.0,0.92,0.0,0.0,0.0,0.0,1.0,627.0,0.062509375,False,REGULAR,USD,P,2026-09-18,32,776.3400268554688,2026-08-17T11:55:45+00:00
SPY260918P00683000,2026-08-14 14:00:01+00:00,683.0,0.92,0.0,0.0,0.0,0.0,5.0,612.0,0.062509375,False,REGULAR,USD,P,2026-09-18,32,776.3400268554688,2026-08-17T11:55:45+00:00
SPY260918P00684000,2026-08-14 16:45:26+00:00,684.0,0.97,0.0,0.0,0.0,0.0,19.0,692.0,0.062509375,False,REGULAR,USD,P,2026-09-18,32,776.3400268554688,2026-08-17T11:55:45+00:00
SPY260918P00685000,2026-08-14 19:59:33+00:00,685.0,0.96,0.0,0.0,0.0,0.0,243.0,14283.0,0.062509375,False,REGULAR,USD,P,2026-09-18,32,776.3400268554688,2026-08-17T11:55:45+00:00
SPY260918P00686000,2026-08-14 15:26:18+00:00,686.0,1.02,0.0,0.0,0.0,0.0,1.0,871.0,0.062509375,False,REGULAR,USD,P,2026-09-18,32,776.3400268554688,2026-08-17T11:55:45+00:00
SPY260918P00687000,2026-08-14 19:05:07+00:00,687.0,1.01,0.0,0.0,0.0,0.0,50.0,569.0,0.062509375,False,REGULAR,USD,P,2026-09-18,32,776.3400268554688,2026-08-17T11:55:45+00:00
SPY260918P00688000,2026-08-14 19:27:04+00:00,688.0,1.02,0.0,0.0,0.0,0.0,117.0,2472.0,0.062509375,False,REGULAR,USD,P,2026-09-18,32,776.3400268554688,2026-08-17T11:55:45+00:00
SPY260918P00689000,2026-08-14 20:06:38+00:00,689.0,1.01,0.0,0.0,0.0,0.0,513.0,719.0,0.062509375,False,REGULAR,USD,P,2026-09-18,32,776.3400268554688,2026-08-17T11:55:45+00:00
SPY260918P00690000,2026-08-14 19:59:19+00:00,690.0,1.05,0.0,0.0,0.0,0.0,5133.0,20270.0,0.062509375,False,REGULAR,USD,P,2026-09-18,32,776.3400268554688,2026-08-17T11:55:45+00:00
SPY260918P00691000,2026-08-14 16:17:48+00:00,691.0,1.08,0.0,0.0,0.0,0.0,1.0,483.0,0.062509375,False,REGULAR,USD,P,2026-09-18,32,776.3400268554688,2026-08-17T11:55:45+00:00
SPY260918P00692000,2026-08-14 19:05:05+00:00,692.0,1.11,0.0,0.0,0.0,0.0,22.0,2356.0,0.062509375,False,REGULAR,USD,P,2026-09-18,32,776.3400268554688,2026-08-17T11:55:45+00:00
SPY260918P00693000,2026-08-14 14:48:10+00:00,693.0,1.1,0.0,0.0,0.0,0.0,2.0,1180.0,0.062509375,False,REGULAR,USD,P,2026-09-18,32,776.3400268554688,2026-08-17T11:55:45+00:00
SPY260918P00694000,2026-08-14 19:59:46+00:00,694.0,1.11,0.0,0.0,0.0,0.0,154.0,904.0,0.062509375,False,REGULAR,USD,P,2026-09-18,32,776.3400268554688,2026-08-17T11:55:45+00:00
SPY260918P00695000,2026-08-14 19:56:32+00:00,695.0,1.16,0.0,0.0,0.0,0.0,343.0,6417.0,0.062509375,False,REGULAR,USD,P,2026-09-18,32,776.3400268554688,2026-08-17T11:55:45+00:00
SPY260918P00696000,2026-08-14 16:41:10+00:00,696.0,1.19,0.0,0.0,0.0,0.0,13.0,1017.0,0.062509375,False,REGULAR,USD,P,2026-09-18,32,776.3400268554688,2026-08-17T11:55:45+00:00
SPY260918P00697000,2026-08-14 19:05:05+00:00,697.0,1.21,0.0,0.0,0.0,0.0,100.0,818.0,0.062509375,False,REGULAR,USD,P,2026-09-18,32,776.3400268554688,2026-08-17T11:55:45+00:00
SPY260918P00698000,2026-08-14 19:56:23+00:00,698.0,1.21,0.0,0.0,0.0,0.0,47.0,2082.0,0.062509375,False,REGULAR,USD,P,2026-09-18,32,776.3400268554688,2026-08-17T11:55:45+00:00
SPY260918P00699000,2026-08-14 19:37:47+00:00,699.0,1.24,0.0,0.0,0.0,0.0,39.0,1159.0,0.062509375,False,REGULAR,USD,P,2026-09-18,32,776.3400268554688,2026-08-17T11:55:45+00:00
SPY260918P00700000,2026-08-14 20:13:19+00:00,700.0,1.25,0.0,0.0,0.0,0.0,5654.0,57955.0,0.062509375,False,REGULAR,USD,P,2026-09-18,32,776.3400268554688,2026-08-17T11:55:45+00:00
SPY260918P00701000,2026-08-14 19:27:03+00:00,701.0,1.29,0.0,0.0,0.0,0.0,22.0,1526.0,0.062509375,False,REGULAR,USD,P,2026-09-18,32,776.3400268554688,2026-08-17T11:55:45+00:00
SPY260918P00702000,2026-08-14 19:30:15+00:00,702.0,1.32,0.0,0.0,0.0,0.0,380.0,867.0,0.062509375,False,REGULAR,USD,P,2026-09-18,32,776.3400268554688,2026-08-17T11:55:45+00:00
SPY260918P00703000,2026-08-14 15:08:54+00:00,703.0,1.36,0.0,0.0,0.0,0.0,3.0,511.0,0.062509375,False,REGULAR,USD,P,2026-09-18,32,776.3400268554688,2026-08-17T11:55:45+00:00
SPY260918P00704000,2026-08-14 18:42:59+00:00,704.0,1.37,0.0,0.0,0.0,0.0,69.0,1268.0,0.062509375,False,REGULAR,USD,P,2026-09-18,32,776.3400268554688,2026-08-17T11:55:45+00:00
SPY260918P00705000,2026-08-14 20:05:18+00:00,705.0,1.37,0.0,0.0,0.0,0.0,173.0,9020.0,0.062509375,False,REGULAR,USD,P,2026-09-18,32,776.3400268554688,2026-08-17T11:55:45+00:00
SPY260918P00706000,2026-08-14 19:05:06+00:00,706.0,1.45,0.0,0.0,0.0,0.0,68.0,925.0,0.062509375,False,REGULAR,USD,P,2026-09-18,32,776.3400268554688,2026-08-17T11:55:45+00:00
SPY260918P00707000,2026-08-14 19:56:23+00:00,707.0,1.45,0.0,0.0,0.0,0.0,27.0,1813.0,0.062509375,False,REGULAR,USD,P,2026-09-18,32,776.3400268554688,2026-08-17T11:55:45+00:00
SPY260918P00708000,2026-08-14 17:49:12+00:00,708.0,1.5,0.0,0.0,0.0,0.0,33.0,972.0,0.062509375,False,REGULAR,USD,P,2026-09-18,32,776.3400268554688,2026-08-17T11:55:45+00:00
SPY260918P00709000,2026-08-14 16:25:25+00:00,709.0,1.55,0.0,0.0,0.0,0.0,13.0,5454.0,0.062509375,False,REGULAR,USD,P,2026-09-18,32,776.3400268554688,2026-08-17T11:55:45+00:00
SPY260918P00710000,2026-08-14 19:58:47+00:00,710.0,1.54,0.0,0.0,0.0,0.0,1627.0,50938.0,0.062509375,False,REGULAR,USD,P,2026-09-18,32,776.3400268554688,2026-08-17T11:55:45+00:00
SPY260918P00711000,2026-08-14 17:15:48+00:00,711.0,1.6,0.0,0.0,0.0,0.0,209.0,2571.0,0.062509375,False,REGULAR,USD,P,2026-09-18,32,776.3400268554688,2026-08-17T11:55:45+00:00
SPY260918P00712000,2026-08-14 19:58:47+00:00,712.0,1.61,0.0,0.0,0.0,0.0,520.0,1622.0,0.062509375,False,REGULAR,USD,P,2026-09-18,32,776.3400268554688,2026-08-17T11:55:45+00:00
SPY260918P00713000,2026-08-14 19:50:54+00:00,713.0,1.62,0.0,0.0,0.0,0.0,51.0,1053.0,0.062509375,False,REGULAR,USD,P,2026-09-18,32,776.3400268554688,2026-08-17T11:55:45+00:00
SPY260918P00714000,2026-08-14 19:10:39+00:00,714.0,1.71,0.0,0.0,0.0,0.0,194.0,2035.0,0.062509375,False,REGULAR,USD,P,2026-09-18,32,776.3400268554688,2026-08-17T11:55:45+00:00
SPY260918P00715000,2026-08-14 20:02:22+00:00,715.0,1.69,0.0,0.0,0.0,0.0,983.0,32242.0,0.062509375,False,REGULAR,USD,P,2026-09-18,32,776.3400268554688,2026-08-17T11:55:45+00:00
SPY260918P00716000,2026-08-14 17:54:11+00:00,716.0,1.78,0.0,0.0,0.0,0.0,121.0,1728.0,0.062509375,False,REGULAR,USD,P,2026-09-18,32,776.3400268554688,2026-08-17T11:55:45+00:00
SPY260918P00717000,2026-08-14 19:43:39+00:00,717.0,1.79,0.0,0.0,0.0,0.0,638.0,2094.0,0.062509375,False,REGULAR,USD,P,2026-09-18,32,776.3400268554688,2026-08-17T11:55:45+00:00
SPY260918P00718000,2026-08-14 19:58:47+00:00,718.0,1.84,0.0,0.0,0.0,0.0,496.0,2206.0,0.062509375,False,REGULAR,USD,P,2026-09-18,32,776.3400268554688,2026-08-17T11:55:45+00:00
SPY260918P00719000,2026-08-14 17:18:53+00:00,719.0,1.93,0.0,0.0,0.0,0.0,676.0,3391.0,0.062509375,False,REGULAR,USD,P,2026-09-18,32,776.3400268554688,2026-08-17T11:55:45+00:00
SPY260918P00720000,2026-08-14 20:13:35+00:00,720.0,1.92,0.0,0.0,0.0,0.0,8330.0,34965.0,0.062509375,False,REGULAR,USD,P,2026-09-18,32,776.3400268554688,2026-08-17T11:55:45+00:00
SPY260918P00721000,2026-08-14 19:56:23+00:00,721.0,1.98,0.0,0.0,0.0,0.0,199.0,1879.0,0.062509375,False,REGULAR,USD,P,2026-09-18,32,776.3400268554688,2026-08-17T11:55:45+00:00
SPY260918P00722000,2026-08-14 19:51:20+00:00,722.0,1.99,0.0,0.0,0.0,0.0,1495.0,2042.0,0.062509375,False,REGULAR,USD,P,2026-09-18,32,776.3400268554688,2026-08-17T11:55:45+00:00
SPY260918P00723000,2026-08-14 20:09:55+00:00,723.0,2.06,0.0,0.0,0.0,0.0,83.0,2462.0,0.062509375,False,REGULAR,USD,P,2026-09-18,32,776.3400268554688,2026-08-17T11:55:45+00:00
SPY260918P00724000,2026-08-14 19:25:02+00:00,724.0,2.14,0.0,0.0,0.0,0.0,241.0,1320.0,0.062509375,False,REGULAR,USD,P,2026-09-18,32,776.3400268554688,2026-08-17T11:55:45+00:00
SPY260918P00725000,2026-08-14 20:14:23+00:00,725.0,2.16,0.0,0.0,0.0,0.0,1593.0,23750.0,0.062509375,False,REGULAR,USD,P,2026-09-18,32,776.3400268554688,2026-08-17T11:55:45+00:00
SPY260918P00726000,2026-08-14 20:12:16+00:00,726.0,2.24,0.0,0.0,0.0,0.0,890.0,4822.0,0.062509375,False,REGULAR,USD,P,2026-09-18,32,776.3400268554688,2026-08-17T11:55:45+00:00
SPY260918P00727000,2026-08-14 20:14:20+00:00,727.0,2.28,0.0,0.0,0.0,0.0,108.0,1095.0,0.062509375,False,REGULAR,USD,P,2026-09-18,32,776.3400268554688,2026-08-17T11:55:45+00:00
SPY260918P00728000,2026-08-14 19:51:06+00:00,728.0,2.3,0.0,0.0,0.0,0.0,430.0,1491.0,0.0312596875,False,REGULAR,USD,P,2026-09-18,32,776.3400268554688,2026-08-17T11:55:45+00:00
SPY260918P00729000,2026-08-14 20:09:15+00:00,729.0,2.4,0.0,0.0,0.0,0.0,129.0,9290.0,0.0312596875,False,REGULAR,USD,P,2026-09-18,32,776.3400268554688,2026-08-17T11:55:45+00:00
SPY260918P00730000,2026-08-14 20:14:23+00:00,730.0,2.47,0.0,0.0,0.0,0.0,5699.0,38554.0,0.0312596875,False,REGULAR,USD,P,2026-09-18,32,776.3400268554688,2026-08-17T11:55:45+00:00
SPY260918P00731000,2026-08-14 19:56:23+00:00,731.0,2.55,0.0,0.0,0.0,0.0,301.0,2839.0,0.0312596875,False,REGULAR,USD,P,2026-09-18,32,776.3400268554688,2026-08-17T11:55:45+00:00
SPY260918P00732000,2026-08-14 19:56:23+00:00,732.0,2.62,0.0,0.0,0.0,0.0,464.0,12321.0,0.0312596875,False,REGULAR,USD,P,2026-09-18,32,776.3400268554688,2026-08-17T11:55:45+00:00
SPY260918P00733000,2026-08-14 19:56:23+00:00,733.0,2.69,0.0,0.0,0.0,0.0,1221.0,2299.0,0.0312596875,False,REGULAR,USD,P,2026-09-18,32,776.3400268554688,2026-08-17T11:55:45+00:00
SPY260918P00734000,2026-08-14 19:59:18+00:00,734.0,2.74,0.0,0.0,0.0,0.0,669.0,7342.0,0.0312596875,False,REGULAR,USD,P,2026-09-18,32,776.3400268554688,2026-08-17T11:55:45+00:00
SPY260918P00735000,2026-08-14 20:13:44+00:00,735.0,2.83,0.0,0.0,0.0,0.0,832.0,31774.0,0.0312596875,False,REGULAR,USD,P,2026-09-18,32,776.3400268554688,2026-08-17T11:55:45+00:00
SPY260918P00736000,2026-08-14 20:12:16+00:00,736.0,2.92,0.0,0.0,0.0,0.0,145.0,2049.0,0.0312596875,False,REGULAR,USD,P,2026-09-18,32,776.3400268554688,2026-08-17T11:55:45+00:00
SPY260918P00737000,2026-08-14 20:14:20+00:00,737.0,2.98,0.0,0.0,0.0,0.0,1198.0,2471.0,0.0312596875,False,REGULAR,USD,P,2026-09-18,32,776.3400268554688,2026-08-17T11:55:45+00:00
SPY260918P00738000,2026-08-14 20:09:55+00:00,738.0,3.09,0.0,0.0,0.0,0.0,227.0,2782.0,0.0312596875,False,REGULAR,USD,P,2026-09-18,32,776.3400268554688,2026-08-17T11:55:45+00:00
SPY260918P00739000,2026-08-14 20:09:22+00:00,739.0,3.17,0.0,0.0,0.0,0.0,3877.0,21209.0,0.0312596875,False,REGULAR,USD,P,2026-09-18,32,776.3400268554688,2026-08-17T11:55:45+00:00
SPY260918P00740000,2026-08-14 20:14:48+00:00,740.0,3.25,0.0,0.0,0.0,0.0,2029.0,21094.0,0.0312596875,False,REGULAR,USD,P,2026-09-18,32,776.3400268554688,2026-08-17T11:55:45+00:00
SPY260918P00741000,2026-08-14 19:50:29+00:00,741.0,3.3,0.0,0.0,0.0,0.0,150.0,1575.0,0.0312596875,False,REGULAR,USD,P,2026-09-18,32,776.3400268554688,2026-08-17T11:55:45+00:00
SPY260918P00742000,2026-08-14 19:50:29+00:00,742.0,3.4,0.0,0.0,0.0,0.0,156.0,2743.0,0.0312596875,False,REGULAR,USD,P,2026-09-18,32,776.3400268554688,2026-08-17T11:55:45+00:00
SPY260918P00743000,2026-08-14 19:50:29+00:00,743.0,3.5,0.0,0.0,0.0,0.0,535.0,2322.0,0.0312596875,False,REGULAR,USD,P,2026-09-18,32,776.3400268554688,2026-08-17T11:55:45+00:00
SPY260918P00744000,2026-08-14 19:50:29+00:00,744.0,3.61,0.0,0.0,0.0,0.0,967.0,2529.0,0.0312596875,False,REGULAR,USD,P,2026-09-18,32,776.3400268554688,2026-08-17T11:55:45+00:00
SPY260918P00745000,2026-08-14 20:11:39+00:00,745.0,3.81,0.0,0.0,0.0,0.0,2699.0,15861.0,0.0312596875,False,REGULAR,USD,P,2026-09-18,32,776.3400268554688,2026-08-17T11:55:45+00:00
SPY260918P00746000,2026-08-14 19:50:52+00:00,746.0,3.84,0.0,0.0,0.0,0.0,930.0,3164.0,0.0312596875,False,REGULAR,USD,P,2026-09-18,32,776.3400268554688,2026-08-17T11:55:45+00:00
SPY260918P00747000,2026-08-14 19:58:47+00:00,747.0,4.03,0.0,0.0,0.0,0.0,369.0,2406.0,0.0312596875,False,REGULAR,USD,P,2026-09-18,32,776.3400268554688,2026-08-17T11:55:45+00:00
SPY260918P00748000,2026-08-14 20:00:59+00:00,748.0,4.14,0.0,0.0,0.0,0.0,563.0,2128.0,0.0312596875,False,REGULAR,USD,P,2026-09-18,32,776.3400268554688,2026-08-17T11:55:45+00:00
SPY260918P00749000,2026-08-14 19:51:45+00:00,749.0,4.21,0.0,0.0,0.0,0.0,225.0,2624.0,0.0312596875,False,REGULAR,USD,P,2026-09-18,32,776.3400268554688,2026-08-17T11:55:45+00:00
SPY260918P00750000,2026-08-14 20:14:46+00:00,750.0,4.44,0.0,0.0,0.0,0.0,7250.0,28053.0,0.0312596875,False,REGULAR,USD,P,2026-09-18,32,776.3400268554688,2026-08-17T11:55:45+00:00
SPY260918P00751000,2026-08-14 19:56:25+00:00,751.0,4.6,0.0,0.0,0.0,0.0,335.0,1216.0,0.0312596875,False,REGULAR,USD,P,2026-09-18,32,776.3400268554688,2026-08-17T11:55:45+00:00
SPY260918P00752000,2026-08-14 19:49:01+00:00,752.0,4.68,0.0,0.0,0.0,0.0,101.0,2123.0,0.0312596875,False,REGULAR,USD,P,2026-09-18,32,776.3400268554688,2026-08-17T11:55:45+00:00
SPY260918P00753000,2026-08-14 19:51:04+00:00,753.0,4.79,0.0,0.0,0.0,0.0,55.0,2725.0,0.015634843750000002,False,REGULAR,USD,P,2026-09-18,32,776.3400268554688,2026-08-17T11:55:45+00:00
SPY260918P00754000,2026-08-14 19:58:47+00:00,754.0,5.05,0.0,0.0,0.0,0.0,426.0,2178.0,0.015634843750000002,False,REGULAR,USD,P,2026-09-18,32,776.3400268554688,2026-08-17T11:55:45+00:00
SPY260918P00755000,2026-08-14 20:13:44+00:00,755.0,5.23,0.0,0.0,0.0,0.0,5421.0,13429.0,0.015634843750000002,False,REGULAR,USD,P,2026-09-18,32,776.3400268554688,2026-08-17T11:55:45+00:00
SPY260918P00756000,2026-08-14 20:05:02+00:00,756.0,5.38,0.0,0.0,0.0,0.0,820.0,2164.0,0.015634843750000002,False,REGULAR,USD,P,2026-09-18,32,776.3400268554688,2026-08-17T11:55:45+00:00
SPY260918P00757000,2026-08-14 20:05:04+00:00,757.0,5.57,0.0,0.0,0.0,0.0,596.0,2975.0,0.015634843750000002,False,REGULAR,USD,P,2026-09-18,32,776.3400268554688,2026-08-17T11:55:45+00:00
SPY260918P00758000,2026-08-14 19:58:15+00:00,758.0,5.79,0.0,0.0,0.0,0.0,179.0,1477.0,0.015634843750000002,False,REGULAR,USD,P,2026-09-18,32,776.3400268554688,2026-08-17T11:55:45+00:00
SPY260918P00759000,2026-08-14 20:08:19+00:00,759.0,6.04,0.0,0.0,0.0,0.0,237.0,1591.0,0.015634843750000002,False,REGULAR,USD,P,2026-09-18,32,776.3400268554688,2026-08-17T11:55:45+00:00
SPY260918P00760000,2026-08-14 20:14:03+00:00,760.0,6.21,0.0,0.0,0.0,0.0,5953.0,32187.0,0.015634843750000002,False,REGULAR,USD,P,2026-09-18,32,776.3400268554688,2026-08-17T11:55:45+00:00
SPY260918P00761000,2026-08-14 19:58:15+00:00,761.0,6.43,0.0,0.0,0.0,0.0,206.0,1310.0,0.015634843750000002,False,REGULAR,USD,P,2026-09-18,32,776.3400268554688,2026-08-17T11:55:45+00:00
SPY260918P00762000,2026-08-14 20:05:18+00:00,762.0,6.66,0.0,0.0,0.0,0.0,108.0,1372.0,0.015634843750000002,False,REGULAR,USD,P,2026-09-18,32,776.3400268554688,2026-08-17T11:55:45+00:00
SPY260918P00763000,2026-08-14 19:55:00+00:00,763.0,6.85,0.0,0.0,0.0,0.0,566.0,700.0,0.015634843750000002,False,REGULAR,USD,P,2026-09-18,32,776.3400268554688,2026-08-17T11:55:45+00:00
SPY260918P00764000,2026-08-14 19:51:45+00:00,764.0,7.01,0.0,0.0,0.0,0.0,75.0,1058.0,0.015634843750000002,False,REGULAR,USD,P,2026-09-18,32,776.3400268554688,2026-08-17T11:55:45+00:00
SPY260918P00765000,2026-08-14 20:08:28+00:00,765.0,7.46,0.0,0.0,0.0,0.0,1459.0,13516.0,0.015634843750000002,False,REGULAR,USD,P,2026-09-18,32,776.3400268554688,2026-08-17T11:55:45+00:00
SPY260918P00766000,2026-08-14 19:56:24+00:00,766.0,7.7,0.0,0.0,0.0,0.0,68.0,1034.0,0.007822421875,False,REGULAR,USD,P,2026-09-18,32,776.3400268554688,2026-08-17T11:55:45+00:00
SPY260918P00767000,2026-08-14 20:08:50+00:00,767.0,8.03,0.0,0.0,0.0,0.0,168.0,1838.0,0.007822421875,False,REGULAR,USD,P,2026-09-18,32,776.3400268554688,2026-08-17T11:55:45+00:00
SPY260918P00768000,2026-08-14 19:47:34+00:00,768.0,8.25,0.0,0.0,0.0,0.0,100.0,971.0,0.007822421875,False,REGULAR,USD,P,2026-09-18,32,776.3400268554688,2026-08-17T11:55:45+00:00
SPY260918P00769000,2026-08-14 19:49:29+00:00,769.0,8.48,0.0,0.0,0.0,0.0,359.0,1332.0,0.007822421875,False,REGULAR,USD,P,2026-09-18,32,776.3400268554688,2026-08-17T11:55:45+00:00
SPY260918P00770000,2026-08-14 20:14:13+00:00,770.0,8.91,0.0,0.0,0.0,0.0,4580.0,20799.0,0.007822421875,False,REGULAR,USD,P,2026-09-18,32,776.3400268554688,2026-08-17T11:55:45+00:00
SPY260918P00771000,2026-08-14 20:12:07+00:00,771.0,9.29,0.0,0.0,0.0,0.0,181.0,1839.0,0.007822421875,False,REGULAR,USD,P,2026-09-18,32,776.3400268554688,2026-08-17T11:55:45+00:00
SPY260918P00772000,2026-08-14 20:05:42+00:00,772.0,9.59,0.0,0.0,0.0,0.0,174.0,1827.0,0.0039162109375,False,REGULAR,USD,P,2026-09-18,32,776.3400268554688,2026-08-17T11:55:45+00:00
SPY260918P00773000,2026-08-14 20:07:03+00:00,773.0,9.97,0.0,0.0,0.0,0.0,2145.0,3174.0,0.0039162109375,False,REGULAR,USD,P,2026-09-18,32,776.3400268554688,2026-08-17T11:55:45+00:00
SPY260918P00774000,2026-08-14 20:14:44+00:00,774.0,10.32,0.0,0.0,0.0,0.0,918.0,4166.0,0.00196310546875,False,REGULAR,USD,P,2026-09-18,32,776.3400268554688,2026-08-17T11:55:45+00:00
SPY260918P00775000,2026-08-14 20:14:48+00:00,775.0,10.7,0.0,0.0,0.0,0.0,1648.0,25575.0,0.00196310546875,False,REGULAR,USD,P,2026-09-18,32,776.3400268554688,2026-08-17T11:55:45+00:00
SPY260918P00776000,2026-08-14 20:11:59+00:00,776.0,11.15,0.0,0.0,0.0,0.0,293.0,1770.0,0.0004982763671875,False,REGULAR,USD,P,2026-09-18,32,776.3400268554688,2026-08-17T11:55:45+00:00
SPY260918P00777000,2026-08-14 20:10:54+00:00,777.0,11.6,0.0,0.0,0.0,0.0,1608.0,1677.0,1.0000000000000003e-05,True,REGULAR,USD,P,2026-09-18,32,776.3400268554688,2026-08-17T11:55:45+00:00
SPY260918P00778000,2026-08-14 19:56:08+00:00,778.0,11.93,0.0,0.0,0.0,0.0,1521.0,1195.0,1.0000000000000003e-05,True,REGULAR,USD,P,2026-09-18,32,776.3400268554688,2026-08-17T11:55:45+00:00
SPY260918P00779000,2026-08-14 19:32:48+00:00,779.0,12.37,0.0,0.0,0.0,0.0,499.0,1208.0,1.0000000000000003e-05,True,REGULAR,USD,P,2026-09-18,32,776.3400268554688,2026-08-17T11:55:45+00:00
SPY260918P00780000,2026-08-14 20:09:28+00:00,780.0,13.0,0.0,0.0,0.0,0.0,973.0,2480.0,1.0000000000000003e-05,True,REGULAR,USD,P,2026-09-18,32,776.3400268554688,2026-08-17T11:55:45+00:00
SPY260918P00781000,2026-08-14 20:14:03+00:00,781.0,13.41,0.0,0.0,0.0,0.0,83.0,463.0,1.0000000000000003e-05,True,REGULAR,USD,P,2026-09-18,32,776.3400268554688,2026-08-17T11:55:45+00:00
SPY260918P00782000,2026-08-14 19:40:54+00:00,782.0,13.72,0.0,0.0,0.0,0.0,110.0,446.0,1.0000000000000003e-05,True,REGULAR,USD,P,2026-09-18,32,776.3400268554688,2026-08-17T11:55:45+00:00
SPY260918P00783000,2026-08-14 19:30:09+00:00,783.0,14.39,0.0,0.0,0.0,0.0,103.0,677.0,1.0000000000000003e-05,True,REGULAR,USD,P,2026-09-18,32,776.3400268554688,2026-08-17T11:55:45+00:00
SPY260918P00784000,2026-08-14 19:32:42+00:00,784.0,14.88,0.0,0.0,0.0,0.0,5.0,116.0,1.0000000000000003e-05,True,REGULAR,USD,P,2026-09-18,32,776.3400268554688,2026-08-17T11:55:45+00:00
SPY260918P00785000,2026-08-14 20:02:23+00:00,785.0,15.46,0.0,0.0,0.0,0.0,113.0,1079.0,1.0000000000000003e-05,True,REGULAR,USD,P,2026-09-18,32,776.3400268554688,2026-08-17T11:55:45+00:00
SPY260918P00786000,2026-08-14 15:19:31+00:00,786.0,15.98,0.0,0.0,0.0,0.0,1.0,49.0,1.0000000000000003e-05,True,REGULAR,USD,P,2026-09-18,32,776.3400268554688,2026-08-17T11:55:45+00:00
SPY260918P00787000,2026-08-13 19:13:30+00:00,787.0,16.08,0.0,0.0,0.0,0.0,9.0,102.0,1.0000000000000003e-05,True,REGULAR,USD,P,2026-09-18,32,776.3400268554688,2026-08-17T11:55:45+00:00
SPY260918P00788000,2026-08-13 19:45:18+00:00,788.0,16.7,0.0,0.0,0.0,0.0,28.0,44.0,1.0000000000000003e-05,True,REGULAR,USD,P,2026-09-18,32,776.3400268554688,2026-08-17T11:55:45+00:00
SPY260918P00789000,2026-08-07 19:22:50+00:00,789.0,21.26,0.0,0.0,0.0,0.0,2.0,143.0,1.0000000000000003e-05,True,REGULAR,USD,P,2026-09-18,32,776.3400268554688,2026-08-17T11:55:45+00:00
SPY260918P00790000,2026-08-14 20:10:50+00:00,790.0,18.6,0.0,0.0,0.0,0.0,271.0,1478.0,1.0000000000000003e-05,True,REGULAR,USD,P,2026-09-18,32,776.3400268554688,2026-08-17T11:55:45+00:00
SPY260918P00791000,2026-08-13 14:46:47+00:00,791.0,18.24,0.0,0.0,0.0,0.0,3.0,406.0,1.0000000000000003e-05,True,REGULAR,USD,P,2026-09-18,32,776.3400268554688,2026-08-17T11:55:45+00:00
SPY260918P00792000,2026-08-14 14:28:24+00:00,792.0,19.35,0.0,0.0,0.0,0.0,5.0,532.0,1.0000000000000003e-05,True,REGULAR,USD,P,2026-09-18,32,776.3400268554688,2026-08-17T11:55:45+00:00
SPY260918P00793000,2026-08-03 19:22:31+00:00,793.0,35.49,0.0,0.0,0.0,0.0,64.0,32.0,1.0000000000000003e-05,True,REGULAR,USD,P,2026-09-18,32,776.3400268554688,2026-08-17T11:55:45+00:00
SPY260918P00794000,2026-08-13 19:54:08+00:00,794.0,20.5,0.0,0.0,0.0,0.0,1.0,5.0,1.0000000000000003e-05,True,REGULAR,USD,P,2026-09-18,32,776.3400268554688,2026-08-17T11:55:45+00:00
SPY260918P00795000,2026-08-14 17:50:09+00:00,795.0,22.33,0.0,0.0,0.0,0.0,356.0,870.0,1.0000000000000003e-05,True,REGULAR,USD,P,2026-09-18,32,776.3400268554688,2026-08-17T11:55:45+00:00
SPY260918P00796000,2026-08-03 19:19:19+00:00,796.0,38.03,0.0,0.0,0.0,0.0,4.0,2.0,1.0000000000000003e-05,True,REGULAR,USD,P,2026-09-18,32,776.3400268554688,2026-08-17T11:55:45+00:00
SPY260918P00797000,2026-08-03 19:20:42+00:00,797.0,39.08,0.0,0.0,0.0,0.0,152.0,76.0,1.0000000000000003e-05,True,REGULAR,USD,P,2026-09-18,32,776.3400268554688,2026-08-17T11:55:45+00:00
SPY260918P00798000,2026-08-14 19:57:10+00:00,798.0,24.21,0.0,0.0,0.0,0.0,1.0,8.0,1.0000000000000003e-05,True,REGULAR,USD,P,2026-09-18,32,776.3400268554688,2026-08-17T11:55:45+00:00
SPY260918P00799000,2026-08-10 16:30:50+00:00,799.0,27.5,0.0,0.0,0.0,0.0,40.0,13.0,1.0000000000000003e-05,True,REGULAR,USD,P,2026-09-18,32,776.3400268554688,2026-08-17T11:55:45+00:00
SPY260918P00800000,2026-08-14 19:59:02+00:00,800.0,25.8,0.0,0.0,0.0,0.0,140.0,1029.0,1.0000000000000003e-05,True,REGULAR,USD,P,2026-09-18,32,776.3400268554688,2026-08-17T11:55:45+00:00
SPY260918P00801000,2026-08-03 19:20:13+00:00,801.0,42.78,0.0,0.0,0.0,0.0,4.0,2.0,1.0000000000000003e-05,True,REGULAR,USD,P,2026-09-18,32,776.3400268554688,2026-08-17T11:55:45+00:00
SPY260918P00802000,2026-08-14 19:32:36+00:00,802.0,27.18,0.0,0.0,0.0,0.0,2.0,8682.0,1.0000000000000003e-05,True,REGULAR,USD,P,2026-09-18,32,776.3400268554688,2026-08-17T11:55:45+00:00
SPY260918P00803000,2026-08-10 18:58:16+00:00,803.0,31.29,0.0,0.0,0.0,0.0,2.0,6.0,1.0000000000000003e-05,True,REGULAR,USD,P,2026-09-18,32,776.3400268554688,2026-08-17T11:55:45+00:00
SPY260918P00804000,2026-08-05 14:53:22+00:00,804.0,32.69,0.0,0.0,0.0,0.0,2.0,2.0,1.0000000000000003e-05,True,REGULAR,USD,P,2026-09-18,32,776.3400268554688,2026-08-17T11:55:45+00:00
SPY260918P00805000,2026-08-14 19:32:27+00:00,805.0,29.61,0.0,0.0,0.0,0.0,2.0,303.0,1.0000000000000003e-05,True,REGULAR,USD,P,2026-09-18,32,776.3400268554688,2026-08-17T11:55:45+00:00
SPY260918P00806000,2026-08-10 13:55:37+00:00,806.0,33.87,0.0,0.0,0.0,0.0,77.0,93.0,1.0000000000000003e-05,True,REGULAR,USD,P,2026-09-18,32,776.3400268554688,2026-08-17T11:55:45+00:00
SPY260918P00807000,2026-08-10 16:32:01+00:00,807.0,35.05,0.0,0.0,0.0,0.0,1.0,133.0,1.0000000000000003e-05,True,REGULAR,USD,P,2026-09-18,32,776.3400268554688,2026-08-17T11:55:45+00:00
SPY260918P00808000,2026-08-05 13:38:23+00:00,808.0,34.91,0.0,0.0,0.0,0.0,45.0,48.0,1.0000000000000003e-05,True,REGULAR,USD,P,2026-09-18,32,776.3400268554688,2026-08-17T11:55:45+00:00
SPY260918P00809000,2026-08-05 13:45:30+00:00,809.0,35.9,0.0,0.0,0.0,0.0,,27.0,1.0000000000000003e-05,True,REGULAR,USD,P,2026-09-18,32,776.3400268554688,2026-08-17T11:55:45+00:00
SPY260918P00810000,2026-08-14 14:20:27+00:00,810.0,33.0,0.0,0.0,0.0,0.0,1.0,10.0,1.0000000000000003e-05,True,REGULAR,USD,P,2026-09-18,32,776.3400268554688,2026-08-17T11:55:45+00:00
SPY260918P00811000,2026-08-10 16:32:01+00:00,811.0,38.71,0.0,0.0,0.0,0.0,1.0,42.0,1.0000000000000003e-05,True,REGULAR,USD,P,2026-09-18,32,776.3400268554688,2026-08-17T11:55:45+00:00
SPY260918P00812000,2026-08-06 14:24:52+00:00,812.0,41.0,0.0,0.0,0.0,0.0,,0.0,1.0000000000000003e-05,True,REGULAR,USD,P,2026-09-18,32,776.3400268554688,2026-08-17T11:55:45+00:00
SPY260918P00813000,2026-08-05 14:53:51+00:00,813.0,40.93,0.0,0.0,0.0,0.0,,0.0,1.0000000000000003e-05,True,REGULAR,USD,P,2026-09-18,32,776.3400268554688,2026-08-17T11:55:45+00:00
SPY260918P00814000,2026-08-04 17:29:40+00:00,814.0,43.39,0.0,0.0,0.0,0.0,,0.0,1.0000000000000003e-05,True,REGULAR,USD,P,2026-09-18,32,776.3400268554688,2026-08-17T11:55:45+00:00
SPY260918P00815000,2026-08-04 18:36:23+00:00,815.0,43.52,0.0,0.0,0.0,0.0,4.0,0.0,1.0000000000000003e-05,True,REGULAR,USD,P,2026-09-18,32,776.3400268554688,2026-08-17T11:55:45+00:00
SPY260918P00816000,2026-08-04 17:29:41+00:00,816.0,45.23,0.0,0.0,0.0,0.0,,0.0,1.0000000000000003e-05,True,REGULAR,USD,P,2026-09-18,32,776.3400268554688,2026-08-17T11:55:45+00:00
SPY260918P00817000,2026-08-04 17:29:42+00:00,817.0,46.16,0.0,0.0,0.0,0.0,,0.0,1.0000000000000003e-05,True,REGULAR,USD,P,2026-09-18,32,776.3400268554688,2026-08-17T11:55:45+00:00
SPY260918P00818000,2026-08-04 17:29:42+00:00,818.0,47.1,0.0,0.0,0.0,0.0,,0.0,1.0000000000000003e-05,True,REGULAR,USD,P,2026-09-18,32,776.3400268554688,2026-08-17T11:55:45+00:00
SPY260918P00819000,2026-08-05 18:12:54+00:00,819.0,47.05,0.0,0.0,0.0,0.0,,0.0,1.0000000000000003e-05,True,REGULAR,USD,P,2026-09-18,32,776.3400268554688,2026-08-17T11:55:45+00:00
SPY260918P00820000,2026-08-13 19:43:41+00:00,820.0,42.17,0.0,0.0,0.0,0.0,5.0,0.0,1.0000000000000003e-05,True,REGULAR,USD,P,2026-09-18,32,776.3400268554688,2026-08-17T11:55:45+00:00
SPY260918P00821000,2026-08-13 14:27:11+00:00,821.0,41.93,0.0,0.0,0.0,0.0,,1.0,1.0000000000000003e-05,True,REGULAR,USD,P,2026-09-18,32,776.3400268554688,2026-08-17T11:55:45+00:00
SPY260918P00825000,2026-08-06 14:31:07+00:00,825.0,54.65,0.0,0.0,0.0,0.0,2.0,0.0,1.0000000000000003e-05,True,REGULAR,USD,P,2026-09-18,32,776.3400268554688,2026-08-17T11:55:45+00:00
SPY260918P00830000,2026-08-05 15:09:05+00:00,830.0,56.61,0.0,0.0,0.0,0.0,2.0,0.0,1.0000000000000003e-05,True,REGULAR,USD,P,2026-09-18,32,776.3400268554688,2026-08-17T11:55:45+00:00
SPY260918P00840000,2025-09-10 17:48:44+00:00,840.0,190.24,184.15,188.03,0.0,0.0,,0.0,1.5851461172485348,True,REGULAR,USD,P,2026-09-18,32,776.3400268554688,2026-08-17T11:55:45+00:00
SPY260918P00850000,2026-08-12 18:24:27+00:00,850.0,76.74,0.0,0.0,0.0,0.0,1.0,0.0,1.0000000000000003e-05,True,REGULAR,USD,P,2026-09-18,32,776.3400268554688,2026-08-17T11:55:45+00:00
SPY260918P00860000,2026-08-07 14:29:25+00:00,860.0,86.9,0.0,0.0,0.0,0.0,1.0,0.0,1.0000000000000003e-05,True,REGULAR,USD,P,2026-09-18,32,776.3400268554688,2026-08-17T11:55:45+00:00
SPY260918P00865000,2026-06-05 13:39:48+00:00,865.0,113.93,0.0,0.0,0.0,0.0,2.0,0.0,1.0000000000000003e-05,True,REGULAR,USD,P,2026-09-18,32,776.3400268554688,2026-08-17T11:55:45+00:00
SPY260918P00870000,2026-06-10 15:47:34+00:00,870.0,139.9,114.14,116.94,0.0,0.0,,0.0,0.5772137005615234,True,REGULAR,USD,P,2026-09-18,32,776.3400268554688,2026-08-17T11:55:45+00:00
SPY260918P00875000,2026-05-18 19:50:02+00:00,875.0,136.7,0.0,0.0,0.0,0.0,,0.0,1.0000000000000003e-05,True,REGULAR,USD,P,2026-09-18,32,776.3400268554688,2026-08-17T11:55:45+00:00
SPY260918P00885000,2026-06-12 13:40:45+00:00,885.0,149.01,129.13,131.93,0.0,0.0,,0.0,0.619388571777344,True,REGULAR,USD,P,2026-09-18,32,776.3400268554688,2026-08-17T11:55:45+00:00
SPY260918P00895000,2026-08-14 19:48:54+00:00,895.0,118.9,0.0,0.0,0.0,0.0,3.0,0.0,1.0000000000000003e-05,True,REGULAR,USD,P,2026-09-18,32,776.3400268554688,2026-08-17T11:55:45+00:00
SPY260918P00900000,2026-08-14 19:48:54+00:00,900.0,123.88,0.0,0.0,0.0,0.0,12.0,5.0,1.0000000000000003e-05,True,REGULAR,USD,P,2026-09-18,32,776.3400268554688,2026-08-17T11:55:45+00:00
SPY260918P00905000,2026-08-06 19:49:45+00:00,905.0,136.59,0.0,0.0,0.0,0.0,3.0,0.0,1.0000000000000003e-05,True,REGULAR,USD,P,2026-09-18,32,776.3400268554688,2026-08-17T11:55:45+00:00
SPY260918P00930000,2026-06-09 16:38:21+00:00,930.0,205.83,174.13,176.93,0.0,0.0,,0.0,0.7357814508056642,True,REGULAR,USD,P,2026-09-18,32,776.3400268554688,2026-08-17T11:55:45+00:00
SPY260918P00940000,2026-05-15 19:50:37+00:00,940.0,201.8,186.45,189.56,0.0,0.0,2.0,0.0,0.7938863385009765,True,REGULAR,USD,P,2026-09-18,32,776.3400268554688,2026-08-17T11:55:45+00:00
SPY260918P00945000,2026-05-28 14:12:58+00:00,945.0,192.34,0.0,0.0,0.0,0.0,1.0,0.0,1.0000000000000003e-05,True,REGULAR,USD,P,2026-09-18,32,776.3400268554688,2026-08-17T11:55:45+00:00
SPY260918P00985000,2026-05-28 14:13:00+00:00,985.0,232.15,0.0,0.0,0.0,0.0,,0.0,1.0000000000000003e-05,True,REGULAR,USD,P,2026-09-18,32,776.3400268554688,2026-08-17T11:55:45+00:00
SPY260918P00990000,2026-05-18 19:50:02+00:00,990.0,251.7,0.0,0.0,0.0,0.0,,0.0,1.0000000000000003e-05,True,REGULAR,USD,P,2026-09-18,32,776.3400268554688,2026-08-17T11:55:45+00:00
SPY261002C00756000,2026-08-14 17:05:43+00:00,756.0,30.0,0.0,0.0,0.0,0.0,,1.0,1.0000000000000003e-05,True,REGULAR,USD,C,2026-10-02,46,776.3400268554688,2026-08-17T11:55:45+00:00
SPY261002C00759000,2026-08-14 14:02:44+00:00,759.0,29.7,0.0,0.0,0.0,0.0,,2.0,1.0000000000000003e-05,True,REGULAR,USD,C,2026-10-02,46,776.3400268554688,2026-08-17T11:55:45+00:00
SPY261002C00760000,2026-08-13 15:18:11+00:00,760.0,28.11,0.0,0.0,0.0,0.0,,1.0,1.0000000000000003e-05,True,REGULAR,USD,C,2026-10-02,46,776.3400268554688,2026-08-17T11:55:45+00:00
SPY261002C00762000,2026-08-14 19:00:40+00:00,762.0,24.87,0.0,0.0,0.0,0.0,,6.0,1.0000000000000003e-05,True,REGULAR,USD,C,2026-10-02,46,776.3400268554688,2026-08-17T11:55:45+00:00
SPY261002C00764000,2026-08-13 18:35:30+00:00,764.0,25.41,0.0,0.0,0.0,0.0,,3.0,1.0000000000000003e-05,True,REGULAR,USD,C,2026-10-02,46,776.3400268554688,2026-08-17T11:55:45+00:00
SPY261002C00765000,2026-08-14 17:36:13+00:00,765.0,23.1,0.0,0.0,0.0,0.0,,10.0,1.0000000000000003e-05,True,REGULAR,USD,C,2026-10-02,46,776.3400268554688,2026-08-17T11:55:45+00:00
SPY261002C00767000,2026-08-13 15:30:10+00:00,767.0,22.83,0.0,0.0,0.0,0.0,,1.0,1.0000000000000003e-05,True,REGULAR,USD,C,2026-10-02,46,776.3400268554688,2026-08-17T11:55:45+00:00
SPY261002C00768000,2026-08-13 15:35:36+00:00,768.0,21.98,0.0,0.0,0.0,0.0,,1.0,1.0000000000000003e-05,True,REGULAR,USD,C,2026-10-02,46,776.3400268554688,2026-08-17T11:55:45+00:00
SPY261002C00770000,2026-08-14 19:58:59+00:00,770.0,19.74,0.0,0.0,0.0,0.0,,9.0,1.0000000000000003e-05,True,REGULAR,USD,C,2026-10-02,46,776.3400268554688,2026-08-17T11:55:45+00:00
SPY261002C00771000,2026-08-14 16:52:10+00:00,771.0,19.07,0.0,0.0,0.0,0.0,,1.0,1.0000000000000003e-05,True,REGULAR,USD,C,2026-10-02,46,776.3400268554688,2026-08-17T11:55:45+00:00
SPY261002C00772000,2026-08-14 13:49:59+00:00,772.0,19.98,0.0,0.0,0.0,0.0,,2.0,1.0000000000000003e-05,True,REGULAR,USD,C,2026-10-02,46,776.3400268554688,2026-08-17T11:55:45+00:00
SPY261002C00773000,2026-08-14 18:21:28+00:00,773.0,17.93,0.0,0.0,0.0,0.0,,1.0,1.0000000000000003e-05,True,REGULAR,USD,C,2026-10-02,46,776.3400268554688,2026-08-17T11:55:45+00:00
SPY261002C00775000,2026-08-14 19:55:22+00:00,775.0,16.5,0.0,0.0,0.0,0.0,,19.0,1.0000000000000003e-05,True,REGULAR,USD,C,2026-10-02,46,776.3400268554688,2026-08-17T11:55:45+00:00
SPY261002C00776000,2026-08-14 19:46:45+00:00,776.0,15.88,0.0,0.0,0.0,0.0,,34.0,1.0000000000000003e-05,True,REGULAR,USD,C,2026-10-02,46,776.3400268554688,2026-08-17T11:55:45+00:00
SPY261002C00777000,2026-08-14 18:46:42+00:00,777.0,15.37,0.0,0.0,0.0,0.0,,24.0,0.000986552734375,False,REGULAR,USD,C,2026-10-02,46,776.3400268554688,2026-08-17T11:55:45+00:00
SPY261002C00778000,2026-08-14 18:54:15+00:00,778.0,14.94,0.0,0.0,0.0,0.0,,28.0,0.00196310546875,False,REGULAR,USD,C,2026-10-02,46,776.3400268554688,2026-08-17T11:55:45+00:00
SPY261002C00779000,2026-08-14 14:13:29+00:00,779.0,15.94,0.0,0.0,0.0,0.0,,24.0,0.00196310546875,False,REGULAR,USD,C,2026-10-02,46,776.3400268554688,2026-08-17T11:55:45+00:00
SPY261002C00780000,2026-08-14 19:58:59+00:00,780.0,13.61,0.0,0.0,0.0,0.0,,49.0,0.0039162109375,False,REGULAR,USD,C,2026-10-02,46,776.3400268554688,2026-08-17T11:55:45+00:00
SPY261002C00781000,2026-08-13 15:13:55+00:00,781.0,14.28,0.0,0.0,0.0,0.0,,1.0,0.0039162109375,False,REGULAR,USD,C,2026-10-02,46,776.3400268554688,2026-08-17T11:55:45+00:00
SPY261002C00782000,2026-08-14 19:43:24+00:00,782.0,12.58,0.0,0.0,0.0,0.0,,19.0,0.0039162109375,False,REGULAR,USD,C,2026-10-02,46,776.3400268554688,2026-08-17T11:55:45+00:00
SPY261002C00783000,2026-08-14 14:37:15+00:00,783.0,12.98,0.0,0.0,0.0,0.0,,10.0,0.007822421875,False,REGULAR,USD,C,2026-10-02,46,776.3400268554688,2026-08-17T11:55:45+00:00
SPY261002C00784000,2026-08-14 15:33:55+00:00,784.0,11.8,0.0,0.0,0.0,0.0,,8.0,0.007822421875,False,REGULAR,USD,C,2026-10-02,46,776.3400268554688,2026-08-17T11:55:45+00:00
SPY261002C00785000,2026-08-14 18:29:27+00:00,785.0,11.03,0.0,0.0,0.0,0.0,,15.0,0.007822421875,False,REGULAR,USD,C,2026-10-02,46,776.3400268554688,2026-08-17T11:55:45+00:00
SPY261002C00786000,2026-08-14 18:29:27+00:00,786.0,10.56,0.0,0.0,0.0,0.0,,16.0,0.007822421875,False,REGULAR,USD,C,2026-10-02,46,776.3400268554688,2026-08-17T11:55:45+00:00
SPY261002C00787000,2026-08-14 18:33:39+00:00,787.0,10.06,0.0,0.0,0.0,0.0,,54.0,0.007822421875,False,REGULAR,USD,C,2026-10-02,46,776.3400268554688,2026-08-17T11:55:45+00:00
SPY261002C00788000,2026-08-14 16:48:04+00:00,788.0,9.78,0.0,0.0,0.0,0.0,,2.0,0.007822421875,False,REGULAR,USD,C,2026-10-02,46,776.3400268554688,2026-08-17T11:55:45+00:00
SPY261002C00789000,2026-08-14 18:42:57+00:00,789.0,9.28,0.0,0.0,0.0,0.0,,4.0,0.007822421875,False,REGULAR,USD,C,2026-10-02,46,776.3400268554688,2026-08-17T11:55:45+00:00
SPY261002C00790000,2026-08-14 19:32:43+00:00,790.0,8.83,0.0,0.0,0.0,0.0,,34.0,0.007822421875,False,REGULAR,USD,C,2026-10-02,46,776.3400268554688,2026-08-17T11:55:45+00:00
SPY261002C00791000,2026-08-14 19:32:43+00:00,791.0,8.42,0.0,0.0,0.0,0.0,,33.0,0.015634843750000002,False,REGULAR,USD,C,2026-10-02,46,776.3400268554688,2026-08-17T11:55:45+00:00
SPY261002C00792000,2026-08-14 18:49:00+00:00,792.0,8.05,0.0,0.0,0.0,0.0,,1.0,0.015634843750000002,False,REGULAR,USD,C,2026-10-02,46,776.3400268554688,2026-08-17T11:55:45+00:00
SPY261002C00794000,2026-08-14 18:42:57+00:00,794.0,7.29,0.0,0.0,0.0,0.0,,4.0,0.015634843750000002,False,REGULAR,USD,C,2026-10-02,46,776.3400268554688,2026-08-17T11:55:45+00:00
SPY261002C00795000,2026-08-14 19:16:59+00:00,795.0,6.87,0.0,0.0,0.0,0.0,,106.0,0.015634843750000002,False,REGULAR,USD,C,2026-10-02,46,776.3400268554688,2026-08-17T11:55:45+00:00
SPY261002C00796000,2026-08-14 15:48:42+00:00,796.0,6.8,0.0,0.0,0.0,0.0,,4.0,0.015634843750000002,False,REGULAR,USD,C,2026-10-02,46,776.3400268554688,2026-08-17T11:55:45+00:00
SPY261002C00797000,2026-08-14 19:38:04+00:00,797.0,6.17,0.0,0.0,0.0,0.0,,224.0,0.015634843750000002,False,REGULAR,USD,C,2026-10-02,46,776.3400268554688,2026-08-17T11:55:45+00:00
SPY261002C00798000,2026-08-14 15:21:47+00:00,798.0,6.16,0.0,0.0,0.0,0.0,,1.0,0.015634843750000002,False,REGULAR,USD,C,2026-10-02,46,776.3400268554688,2026-08-17T11:55:45+00:00
SPY261002C00800000,2026-08-14 19:38:04+00:00,800.0,5.24,0.0,0.0,0.0,0.0,,238.0,0.015634843750000002,False,REGULAR,USD,C,2026-10-02,46,776.3400268554688,2026-08-17T11:55:45+00:00
SPY261002C00805000,2026-08-14 19:23:00+00:00,805.0,3.99,0.0,0.0,0.0,0.0,,263.0,0.015634843750000002,False,REGULAR,USD,C,2026-10-02,46,776.3400268554688,2026-08-17T11:55:45+00:00
SPY261002C00806000,2026-08-14 19:03:33+00:00,806.0,3.8,0.0,0.0,0.0,0.0,,155.0,0.0312596875,False,REGULAR,USD,C,2026-10-02,46,776.3400268554688,2026-08-17T11:55:45+00:00
SPY261002C00809000,2026-08-14 14:28:43+00:00,809.0,3.63,0.0,0.0,0.0,0.0,,1.0,0.0312596875,False,REGULAR,USD,C,2026-10-02,46,776.3400268554688,2026-08-17T11:55:45+00:00
SPY261002C00810000,2026-08-14 15:09:15+00:00,810.0,3.22,0.0,0.0,0.0,0.0,,5.0,0.0312596875,False,REGULAR,USD,C,2026-10-02,46,776.3400268554688,2026-08-17T11:55:45+00:00
SPY261002C00811000,2026-08-14 14:22:30+00:00,811.0,3.34,0.0,0.0,0.0,0.0,,2.0,0.0312596875,False,REGULAR,USD,C,2026-10-02,46,776.3400268554688,2026-08-17T11:55:45+00:00
SPY261002C00812000,2026-08-14 18:02:06+00:00,812.0,2.57,0.0,0.0,0.0,0.0,,1.0,0.0312596875,False,REGULAR,USD,C,2026-10-02,46,776.3400268554688,2026-08-17T11:55:45+00:00
SPY261002C00813000,2026-08-14 19:30:25+00:00,813.0,2.47,0.0,0.0,0.0,0.0,,1.0,0.0312596875,False,REGULAR,USD,C,2026-10-02,46,776.3400268554688,2026-08-17T11:55:45+00:00
SPY261002C00814000,2026-08-14 19:54:16+00:00,814.0,2.3,0.0,0.0,0.0,0.0,,4.0,0.0312596875,False,REGULAR,USD,C,2026-10-02,46,776.3400268554688,2026-08-17T11:55:45+00:00
SPY261002C00816000,2026-08-14 18:34:58+00:00,816.0,1.99,0.0,0.0,0.0,0.0,,,0.0312596875,False,REGULAR,USD,C,2026-10-02,46,776.3400268554688,2026-08-17T11:55:45+00:00
SPY261002C00817000,2026-08-14 14:21:50+00:00,817.0,2.35,0.0,0.0,0.0,0.0,,4.0,0.0312596875,False,REGULAR,USD,C,2026-10-02,46,776.3400268554688,2026-08-17T11:55:45+00:00
SPY261002C00818000,2026-08-14 14:17:27+00:00,818.0,2.31,0.0,0.0,0.0,0.0,,9.0,0.0312596875,False,REGULAR,USD,C,2026-10-02,46,776.3400268554688,2026-08-17T11:55:45+00:00
SPY261002C00820000,2026-08-14 19:09:02+00:00,820.0,1.58,0.0,0.0,0.0,0.0,,3.0,0.0312596875,False,REGULAR,USD,C,2026-10-02,46,776.3400268554688,2026-08-17T11:55:45+00:00
SPY261002C00821000,2026-08-14 18:34:58+00:00,821.0,1.44,0.0,0.0,0.0,0.0,,1.0,0.0312596875,False,REGULAR,USD,C,2026-10-02,46,776.3400268554688,2026-08-17T11:55:45+00:00
SPY261002C00822000,2026-08-14 18:02:06+00:00,822.0,1.35,0.0,0.0,0.0,0.0,,1.0,0.0312596875,False,REGULAR,USD,C,2026-10-02,46,776.3400268554688,2026-08-17T11:55:45+00:00
SPY261002C00823000,2026-08-14 14:42:43+00:00,823.0,1.51,0.0,0.0,0.0,0.0,,1.0,0.0312596875,False,REGULAR,USD,C,2026-10-02,46,776.3400268554688,2026-08-17T11:55:45+00:00
SPY261002C00824000,2026-08-14 19:54:16+00:00,824.0,1.2,0.0,0.0,0.0,0.0,,5.0,0.0312596875,False,REGULAR,USD,C,2026-10-02,46,776.3400268554688,2026-08-17T11:55:45+00:00
SPY261002C00825000,2026-08-14 18:40:53+00:00,825.0,1.11,0.0,0.0,0.0,0.0,,230.0,0.0312596875,False,REGULAR,USD,C,2026-10-02,46,776.3400268554688,2026-08-17T11:55:45+00:00
SPY261002C00830000,2026-08-14 15:24:21+00:00,830.0,0.87,0.0,0.0,0.0,0.0,,,0.0312596875,False,REGULAR,USD,C,2026-10-02,46,776.3400268554688,2026-08-17T11:55:45+00:00
SPY261002C00835000,2026-08-14 15:24:21+00:00,835.0,0.63,0.0,0.0,0.0,0.0,,,0.0312596875,False,REGULAR,USD,C,2026-10-02,46,776.3400268554688,2026-08-17T11:55:45+00:00
SPY261002C00840000,2026-08-14 20:00:35+00:00,840.0,0.42,0.0,0.0,0.0,0.0,,1.0,0.0312596875,False,REGULAR,USD,C,2026-10-02,46,776.3400268554688,2026-08-17T11:55:45+00:00
SPY261002C00845000,2026-08-14 19:55:13+00:00,845.0,0.32,0.0,0.0,0.0,0.0,,2.0,0.062509375,False,REGULAR,USD,C,2026-10-02,46,776.3400268554688,2026-08-17T11:55:45+00:00
SPY261002C00850000,2026-08-14 14:06:10+00:00,850.0,0.36,0.0,0.0,0.0,0.0,,10.0,0.062509375,False,REGULAR,USD,C,2026-10-02,46,776.3400268554688,2026-08-17T11:55:45+00:00
SPY261002C00855000,2026-08-14 19:55:09+00:00,855.0,0.18,0.0,0.0,0.0,0.0,,2.0,0.062509375,False,REGULAR,USD,C,2026-10-02,46,776.3400268554688,2026-08-17T11:55:45+00:00
SPY261002C00865000,2026-08-14 19:55:09+00:00,865.0,0.12,0.0,0.0,0.0,0.0,,2.0,0.062509375,False,REGULAR,USD,C,2026-10-02,46,776.3400268554688,2026-08-17T11:55:45+00:00
SPY261002C00875000,2026-08-14 16:35:53+00:00,875.0,0.09,0.0,0.0,0.0,0.0,,1.0,0.062509375,False,REGULAR,USD,C,2026-10-02,46,776.3400268554688,2026-08-17T11:55:45+00:00
SPY261002C00900000,2026-08-14 20:00:35+00:00,900.0,0.03,0.0,0.0,0.0,0.0,,1.0,0.062509375,False,REGULAR,USD,C,2026-10-02,46,776.3400268554688,2026-08-17T11:55:45+00:00
SPY261002C00920000,2026-08-14 13:55:56+00:00,920.0,0.04,0.0,0.0,0.0,0.0,,1.0,0.12500875,False,REGULAR,USD,C,2026-10-02,46,776.3400268554688,2026-08-17T11:55:45+00:00
SPY261002P00500000,2026-08-14 16:56:14+00:00,500.0,0.15,0.0,0.0,0.0,0.0,,2.0,0.2500075,False,REGULAR,USD,P,2026-10-02,46,776.3400268554688,2026-08-17T11:55:45+00:00
SPY261002P00530000,2026-08-14 13:52:25+00:00,530.0,0.24,0.0,0.0,0.0,0.0,,20.0,0.2500075,False,REGULAR,USD,P,2026-10-02,46,776.3400268554688,2026-08-17T11:55:45+00:00
SPY261002P00535000,2026-08-14 13:55:06+00:00,535.0,0.25,0.0,0.0,0.0,0.0,,10.0,0.2500075,False,REGULAR,USD,P,2026-10-02,46,776.3400268554688,2026-08-17T11:55:45+00:00
SPY261002P00540000,2026-08-14 17:25:44+00:00,540.0,0.25,0.0,0.0,0.0,0.0,,,0.2500075,False,REGULAR,USD,P,2026-10-02,46,776.3400268554688,2026-08-17T11:55:45+00:00
SPY261002P00555000,2026-08-14 16:11:17+00:00,555.0,0.31,0.0,0.0,0.0,0.0,,2.0,0.12500875,False,REGULAR,USD,P,2026-10-02,46,776.3400268554688,2026-08-17T11:55:45+00:00
SPY261002P00560000,2026-08-14 18:50:21+00:00,560.0,0.32,0.0,0.0,0.0,0.0,,1.0,0.12500875,False,REGULAR,USD,P,2026-10-02,46,776.3400268554688,2026-08-17T11:55:45+00:00
SPY261002P00590000,2026-08-14 14:00:11+00:00,590.0,0.46,0.0,0.0,0.0,0.0,,2.0,0.12500875,False,REGULAR,USD,P,2026-10-02,46,776.3400268554688,2026-08-17T11:55:45+00:00
SPY261002P00600000,2026-08-14 13:40:11+00:00,600.0,0.53,0.0,0.0,0.0,0.0,,1.0,0.12500875,False,REGULAR,USD,P,2026-10-02,46,776.3400268554688,2026-08-17T11:55:45+00:00
SPY261002P00610000,2026-08-14 18:48:45+00:00,610.0,0.59,0.0,0.0,0.0,0.0,,20.0,0.12500875,False,REGULAR,USD,P,2026-10-02,46,776.3400268554688,2026-08-17T11:55:45+00:00
SPY261002P00620000,2026-08-14 15:08:02+00:00,620.0,0.68,0.0,0.0,0.0,0.0,,8.0,0.12500875,False,REGULAR,USD,P,2026-10-02,46,776.3400268554688,2026-08-17T11:55:45+00:00
SPY261002P00625000,2026-08-14 20:00:35+00:00,625.0,0.72,0.0,0.0,0.0,0.0,,2.0,0.12500875,False,REGULAR,USD,P,2026-10-02,46,776.3400268554688,2026-08-17T11:55:45+00:00
SPY261002P00630000,2026-08-14 18:06:03+00:00,630.0,0.76,0.0,0.0,0.0,0.0,,4.0,0.12500875,False,REGULAR,USD,P,2026-10-02,46,776.3400268554688,2026-08-17T11:55:45+00:00
SPY261002P00635000,2026-08-14 19:08:11+00:00,635.0,0.85,0.0,0.0,0.0,0.0,,26.0,0.12500875,False,REGULAR,USD,P,2026-10-02,46,776.3400268554688,2026-08-17T11:55:45+00:00
SPY261002P00645000,2026-08-14 14:52:24+00:00,645.0,0.95,0.0,0.0,0.0,0.0,,2.0,0.12500875,False,REGULAR,USD,P,2026-10-02,46,776.3400268554688,2026-08-17T11:55:45+00:00
SPY261002P00650000,2026-08-14 20:08:38+00:00,650.0,1.0,0.0,0.0,0.0,0.0,,22.0,0.12500875,False,REGULAR,USD,P,2026-10-02,46,776.3400268554688,2026-08-17T11:55:45+00:00
SPY261002P00655000,2026-08-14 19:55:10+00:00,655.0,1.08,0.0,0.0,0.0,0.0,,6.0,0.12500875,False,REGULAR,USD,P,2026-10-02,46,776.3400268554688,2026-08-17T11:55:45+00:00
SPY261002P00660000,2026-08-14 18:28:05+00:00,660.0,1.17,0.0,0.0,0.0,0.0,,6.0,0.062509375,False,REGULAR,USD,P,2026-10-02,46,776.3400268554688,2026-08-17T11:55:45+00:00
SPY261002P00665000,2026-08-14 19:55:10+00:00,665.0,1.23,0.0,0.0,0.0,0.0,,5.0,0.062509375,False,REGULAR,USD,P,2026-10-02,46,776.3400268554688,2026-08-17T11:55:45+00:00
SPY261002P00670000,2026-08-14 19:59:24+00:00,670.0,1.34,0.0,0.0,0.0,0.0,,7.0,0.062509375,False,REGULAR,USD,P,2026-10-02,46,776.3400268554688,2026-08-17T11:55:45+00:00
SPY261002P00675000,2026-08-14 14:20:26+00:00,675.0,1.48,0.0,0.0,0.0,0.0,,2.0,0.062509375,False,REGULAR,USD,P,2026-10-02,46,776.3400268554688,2026-08-17T11:55:45+00:00
SPY261002P00680000,2026-08-14 14:09:52+00:00,680.0,1.55,0.0,0.0,0.0,0.0,,1.0,0.062509375,False,REGULAR,USD,P,2026-10-02,46,776.3400268554688,2026-08-17T11:55:45+00:00
SPY261002P00685000,2026-08-14 20:00:35+00:00,685.0,1.68,0.0,0.0,0.0,0.0,,1.0,0.062509375,False,REGULAR,USD,P,2026-10-02,46,776.3400268554688,2026-08-17T11:55:45+00:00
SPY261002P00690000,2026-08-14 18:06:03+00:00,690.0,1.86,0.0,0.0,0.0,0.0,,15.0,0.062509375,False,REGULAR,USD,P,2026-10-02,46,776.3400268554688,2026-08-17T11:55:45+00:00
SPY261002P00700000,2026-08-14 19:46:09+00:00,700.0,2.19,0.0,0.0,0.0,0.0,,56.0,0.062509375,False,REGULAR,USD,P,2026-10-02,46,776.3400268554688,2026-08-17T11:55:45+00:00
SPY261002P00705000,2026-08-14 19:25:35+00:00,705.0,2.42,0.0,0.0,0.0,0.0,,18.0,0.062509375,False,REGULAR,USD,P,2026-10-02,46,776.3400268554688,2026-08-17T11:55:45+00:00
SPY261002P00710000,2026-08-14 17:18:43+00:00,710.0,2.69,0.0,0.0,0.0,0.0,,17.0,0.062509375,False,REGULAR,USD,P,2026-10-02,46,776.3400268554688,2026-08-17T11:55:45+00:00
SPY261002P00715000,2026-08-14 17:45:39+00:00,715.0,2.98,0.0,0.0,0.0,0.0,,3.0,0.062509375,False,REGULAR,USD,P,2026-10-02,46,776.3400268554688,2026-08-17T11:55:45+00:00
SPY261002P00720000,2026-08-14 19:43:41+00:00,720.0,3.21,0.0,0.0,0.0,0.0,,19.0,0.0312596875,False,REGULAR,USD,P,2026-10-02,46,776.3400268554688,2026-08-17T11:55:45+00:00
SPY261002P00721000,2026-08-14 19:20:11+00:00,721.0,3.35,0.0,0.0,0.0,0.0,,5.0,0.0312596875,False,REGULAR,USD,P,2026-10-02,46,776.3400268554688,2026-08-17T11:55:45+00:00
SPY261002P00722000,2026-08-14 16:55:32+00:00,722.0,3.46,0.0,0.0,0.0,0.0,,6.0,0.0312596875,False,REGULAR,USD,P,2026-10-02,46,776.3400268554688,2026-08-17T11:55:45+00:00
SPY261002P00723000,2026-08-14 15:17:35+00:00,723.0,3.53,0.0,0.0,0.0,0.0,,1.0,0.0312596875,False,REGULAR,USD,P,2026-10-02,46,776.3400268554688,2026-08-17T11:55:45+00:00
SPY261002P00724000,2026-08-14 16:41:02+00:00,724.0,3.59,0.0,0.0,0.0,0.0,,3.0,0.0312596875,False,REGULAR,USD,P,2026-10-02,46,776.3400268554688,2026-08-17T11:55:45+00:00
SPY261002P00725000,2026-08-14 17:14:53+00:00,725.0,3.67,0.0,0.0,0.0,0.0,,8.0,0.0312596875,False,REGULAR,USD,P,2026-10-02,46,776.3400268554688,2026-08-17T11:55:45+00:00
SPY261002P00726000,2026-08-14 17:02:33+00:00,726.0,3.8,0.0,0.0,0.0,0.0,,1.0,0.0312596875,False,REGULAR,USD,P,2026-10-02,46,776.3400268554688,2026-08-17T11:55:45+00:00
SPY261002P00727000,2026-08-14 19:09:02+00:00,727.0,3.81,0.0,0.0,0.0,0.0,,1.0,0.0312596875,False,REGULAR,USD,P,2026-10-02,46,776.3400268554688,2026-08-17T11:55:45+00:00
SPY261002P00730000,2026-08-14 19:35:56+00:00,730.0,4.0,0.0,0.0,0.0,0.0,,5.0,0.0312596875,False,REGULAR,USD,P,2026-10-02,46,776.3400268554688,2026-08-17T11:55:45+00:00
SPY261002P00731000,2026-08-14 19:09:02+00:00,731.0,4.16,0.0,0.0,0.0,0.0,,1.0,0.0312596875,False,REGULAR,USD,P,2026-10-02,46,776.3400268554688,2026-08-17T11:55:45+00:00
SPY261002P00732000,2026-08-14 18:58:02+00:00,732.0,4.22,0.0,0.0,0.0,0.0,,1.0,0.0312596875,False,REGULAR,USD,P,2026-10-02,46,776.3400268554688,2026-08-17T11:55:45+00:00
SPY261002P00733000,2026-08-14 13:33:37+00:00,733.0,4.17,0.0,0.0,0.0,0.0,,1.0,0.0312596875,False,REGULAR,USD,P,2026-10-02,46,776.3400268554688,2026-08-17T11:55:45+00:00
SPY261002P00734000,2026-08-14 19:30:25+00:00,734.0,4.38,0.0,0.0,0.0,0.0,,3.0,0.0312596875,False,REGULAR,USD,P,2026-10-02,46,776.3400268554688,2026-08-17T11:55:45+00:00
SPY261002P00735000,2026-08-14 19:58:59+00:00,735.0,4.48,0.0,0.0,0.0,0.0,,21.0,0.0312596875,False,REGULAR,USD,P,2026-10-02,46,776.3400268554688,2026-08-17T11:55:45+00:00
SPY261002P00736000,2026-08-14 16:25:27+00:00,736.0,4.66,0.0,0.0,0.0,0.0,,11.0,0.0312596875,False,REGULAR,USD,P,2026-10-02,46,776.3400268554688,2026-08-17T11:55:45+00:00
SPY261002P00738000,2026-08-14 15:48:34+00:00,738.0,5.09,0.0,0.0,0.0,0.0,,2.0,0.0312596875,False,REGULAR,USD,P,2026-10-02,46,776.3400268554688,2026-08-17T11:55:45+00:00
SPY261002P00739000,2026-08-14 14:18:15+00:00,739.0,4.9,0.0,0.0,0.0,0.0,,1.0,0.0312596875,False,REGULAR,USD,P,2026-10-02,46,776.3400268554688,2026-08-17T11:55:45+00:00
SPY261002P00740000,2026-08-14 19:58:59+00:00,740.0,5.05,0.0,0.0,0.0,0.0,,32.0,0.0312596875,False,REGULAR,USD,P,2026-10-02,46,776.3400268554688,2026-08-17T11:55:45+00:00
SPY261002P00741000,2026-08-14 17:02:33+00:00,741.0,5.36,0.0,0.0,0.0,0.0,,2.0,0.0312596875,False,REGULAR,USD,P,2026-10-02,46,776.3400268554688,2026-08-17T11:55:45+00:00
SPY261002P00742000,2026-08-14 18:58:02+00:00,742.0,5.33,0.0,0.0,0.0,0.0,,2.0,0.0312596875,False,REGULAR,USD,P,2026-10-02,46,776.3400268554688,2026-08-17T11:55:45+00:00
SPY261002P00744000,2026-08-14 16:10:23+00:00,744.0,5.78,0.0,0.0,0.0,0.0,,1.0,0.0312596875,False,REGULAR,USD,P,2026-10-02,46,776.3400268554688,2026-08-17T11:55:45+00:00
SPY261002P00745000,2026-08-14 19:59:37+00:00,745.0,5.7,0.0,0.0,0.0,0.0,,9.0,0.0312596875,False,REGULAR,USD,P,2026-10-02,46,776.3400268554688,2026-08-17T11:55:45+00:00
SPY261002P00746000,2026-08-14 19:25:35+00:00,746.0,5.88,0.0,0.0,0.0,0.0,,5.0,0.0312596875,False,REGULAR,USD,P,2026-10-02,46,776.3400268554688,2026-08-17T11:55:45+00:00
SPY261002P00749000,2026-08-14 20:05:29+00:00,749.0,6.38,0.0,0.0,0.0,0.0,,195.0,0.015634843750000002,False,REGULAR,USD,P,2026-10-02,46,776.3400268554688,2026-08-17T11:55:45+00:00
SPY261002P00750000,2026-08-14 20:05:29+00:00,750.0,6.54,0.0,0.0,0.0,0.0,,257.0,0.015634843750000002,False,REGULAR,USD,P,2026-10-02,46,776.3400268554688,2026-08-17T11:55:45+00:00
SPY261002P00751000,2026-08-14 19:25:35+00:00,751.0,6.71,0.0,0.0,0.0,0.0,,5.0,0.015634843750000002,False,REGULAR,USD,P,2026-10-02,46,776.3400268554688,2026-08-17T11:55:45+00:00
SPY261002P00753000,2026-08-14 17:02:52+00:00,753.0,7.29,0.0,0.0,0.0,0.0,,3.0,0.015634843750000002,False,REGULAR,USD,P,2026-10-02,46,776.3400268554688,2026-08-17T11:55:45+00:00
SPY261002P00755000,2026-08-14 19:22:24+00:00,755.0,7.53,0.0,0.0,0.0,0.0,,9.0,0.015634843750000002,False,REGULAR,USD,P,2026-10-02,46,776.3400268554688,2026-08-17T11:55:45+00:00
SPY261002P00756000,2026-08-14 20:05:57+00:00,756.0,7.68,0.0,0.0,0.0,0.0,,2.0,0.015634843750000002,False,REGULAR,USD,P,2026-10-02,46,776.3400268554688,2026-08-17T11:55:45+00:00
SPY261002P00757000,2026-08-14 14:52:59+00:00,757.0,7.78,0.0,0.0,0.0,0.0,,11.0,0.015634843750000002,False,REGULAR,USD,P,2026-10-02,46,776.3400268554688,2026-08-17T11:55:45+00:00
SPY261002P00758000,2026-08-14 18:45:40+00:00,758.0,8.12,0.0,0.0,0.0,0.0,,4.0,0.015634843750000002,False,REGULAR,USD,P,2026-10-02,46,776.3400268554688,2026-08-17T11:55:45+00:00
SPY261002P00759000,2026-08-14 15:36:00+00:00,759.0,8.52,0.0,0.0,0.0,0.0,,47.0,0.015634843750000002,False,REGULAR,USD,P,2026-10-02,46,776.3400268554688,2026-08-17T11:55:45+00:00
SPY261002P00760000,2026-08-14 19:37:36+00:00,760.0,8.55,0.0,0.0,0.0,0.0,,4.0,0.015634843750000002,False,REGULAR,USD,P,2026-10-02,46,776.3400268554688,2026-08-17T11:55:45+00:00
SPY261002P00761000,2026-08-14 17:37:15+00:00,761.0,9.01,0.0,0.0,0.0,0.0,,6.0,0.015634843750000002,False,REGULAR,USD,P,2026-10-02,46,776.3400268554688,2026-08-17T11:55:45+00:00
SPY261002P00762000,2026-08-14 13:33:02+00:00,762.0,8.69,0.0,0.0,0.0,0.0,,2.0,0.015634843750000002,False,REGULAR,USD,P,2026-10-02,46,776.3400268554688,2026-08-17T11:55:45+00:00
SPY261002P00763000,2026-08-14 14:11:11+00:00,763.0,8.98,0.0,0.0,0.0,0.0,,3.0,0.007822421875,False,REGULAR,USD,P,2026-10-02,46,776.3400268554688,2026-08-17T11:55:45+00:00
SPY261002P00764000,2026-08-13 14:51:52+00:00,764.0,9.41,0.0,0.0,0.0,0.0,,5.0,0.007822421875,False,REGULAR,USD,P,2026-10-02,46,776.3400268554688,2026-08-17T11:55:45+00:00
SPY261002P00765000,2026-08-14 20:14:26+00:00,765.0,9.91,0.0,0.0,0.0,0.0,,7.0,0.007822421875,False,REGULAR,USD,P,2026-10-02,46,776.3400268554688,2026-08-17T11:55:45+00:00
SPY261002P00767000,2026-08-14 17:12:11+00:00,767.0,10.64,0.0,0.0,0.0,0.0,,5.0,0.007822421875,False,REGULAR,USD,P,2026-10-02,46,776.3400268554688,2026-08-17T11:55:45+00:00
SPY261002P00768000,2026-08-14 19:17:58+00:00,768.0,10.89,0.0,0.0,0.0,0.0,,9.0,0.007822421875,False,REGULAR,USD,P,2026-10-02,46,776.3400268554688,2026-08-17T11:55:45+00:00
SPY261002P00769000,2026-08-14 18:42:58+00:00,769.0,11.1,0.0,0.0,0.0,0.0,,2.0,0.007822421875,False,REGULAR,USD,P,2026-10-02,46,776.3400268554688,2026-08-17T11:55:45+00:00
SPY261002P00770000,2026-08-14 19:49:22+00:00,770.0,11.34,0.0,0.0,0.0,0.0,,42.0,0.0039162109375,False,REGULAR,USD,P,2026-10-02,46,776.3400268554688,2026-08-17T11:55:45+00:00
SPY261002P00771000,2026-08-14 17:37:15+00:00,771.0,12.01,0.0,0.0,0.0,0.0,,3.0,0.0039162109375,False,REGULAR,USD,P,2026-10-02,46,776.3400268554688,2026-08-17T11:55:45+00:00
SPY261002P00772000,2026-08-13 14:13:04+00:00,772.0,11.96,0.0,0.0,0.0,0.0,,1.0,0.0039162109375,False,REGULAR,USD,P,2026-10-02,46,776.3400268554688,2026-08-17T11:55:45+00:00
SPY261002P00773000,2026-08-14 18:55:16+00:00,773.0,12.44,0.0,0.0,0.0,0.0,,2.0,0.0039162109375,False,REGULAR,USD,P,2026-10-02,46,776.3400268554688,2026-08-17T11:55:45+00:00
SPY261002P00774000,2026-08-13 15:12:27+00:00,774.0,12.84,0.0,0.0,0.0,0.0,,1.0,0.00196310546875,False,REGULAR,USD,P,2026-10-02,46,776.3400268554688,2026-08-17T11:55:45+00:00
SPY261002P00775000,2026-08-14 19:17:14+00:00,775.0,13.33,0.0,0.0,0.0,0.0,,32.0,0.000986552734375,False,REGULAR,USD,P,2026-10-02,46,776.3400268554688,2026-08-17T11:55:45+00:00
SPY261002P00776000,2026-08-14 19:58:06+00:00,776.0,13.66,0.0,0.0,0.0,0.0,,12.0,0.0004982763671875,False,REGULAR,USD,P,2026-10-02,46,776.3400268554688,2026-08-17T11:55:45+00:00
SPY261002P00777000,2026-08-14 17:39:19+00:00,777.0,14.4,0.0,0.0,0.0,0.0,,12.0,1.0000000000000003e-05,True,REGULAR,USD,P,2026-10-02,46,776.3400268554688,2026-08-17T11:55:45+00:00
SPY261002P00778000,2026-08-14 15:26:46+00:00,778.0,14.78,0.0,0.0,0.0,0.0,,26.0,1.0000000000000003e-05,True,REGULAR,USD,P,2026-10-02,46,776.3400268554688,2026-08-17T11:55:45+00:00
SPY261002P00779000,2026-08-14 16:04:49+00:00,779.0,15.02,0.0,0.0,0.0,0.0,,10.0,1.0000000000000003e-05,True,REGULAR,USD,P,2026-10-02,46,776.3400268554688,2026-08-17T11:55:45+00:00
SPY261002P00780000,2026-08-14 18:50:32+00:00,780.0,15.29,0.0,0.0,0.0,0.0,,19.0,1.0000000000000003e-05,True,REGULAR,USD,P,2026-10-02,46,776.3400268554688,2026-08-17T11:55:45+00:00
SPY261002P00782000,2026-08-14 15:12:48+00:00,782.0,16.27,0.0,0.0,0.0,0.0,,16.0,1.0000000000000003e-05,True,REGULAR,USD,P,2026-10-02,46,776.3400268554688,2026-08-17T11:55:45+00:00
SPY261002P00785000,2026-08-13 17:07:20+00:00,785.0,17.91,0.0,0.0,0.0,0.0,,2.0,1.0000000000000003e-05,True,REGULAR,USD,P,2026-10-02,46,776.3400268554688,2026-08-17T11:55:45+00:00
SPY261002P00787000,2026-08-14 15:20:35+00:00,787.0,18.9,0.0,0.0,0.0,0.0,,13.0,1.0000000000000003e-05,True,REGULAR,USD,P,2026-10-02,46,776.3400268554688,2026-08-17T11:55:45+00:00
SPY261002P00800000,2026-08-14 15:24:44+00:00,800.0,27.54,0.0,0.0,0.0,0.0,,500.0,1.0000000000000003e-05,True,REGULAR,USD,P,2026-10-02,46,776.3400268554688,2026-08-17T11:55:45+00:00
SPY261030C00470000,2026-05-19 15:24:46+00:00,470.0,269.45,0.0,0.0,0.0,0.0,,0.0,1.0000000000000003e-05,True,REGULAR,USD,C,2026-10-30,74,776.3400268554688,2026-08-17T11:55:45+00:00
SPY261030C00475000,2026-07-13 14:16:47+00:00,475.0,280.94,0.0,0.0,0.0,0.0,,15.0,1.0000000000000003e-05,True,REGULAR,USD,C,2026-10-30,74,776.3400268554688,2026-08-17T11:55:45+00:00
SPY261030C00480000,2026-07-13 14:16:47+00:00,480.0,276.16,0.0,0.0,0.0,0.0,,1.0,1.0000000000000003e-05,True,REGULAR,USD,C,2026-10-30,74,776.3400268554688,2026-08-17T11:55:45+00:00
SPY261030C00490000,2026-08-03 15:42:01+00:00,490.0,269.8,0.0,0.0,0.0,0.0,20.0,60.0,1.0000000000000003e-05,True,REGULAR,USD,C,2026-10-30,74,776.3400268554688,2026-08-17T11:55:45+00:00
SPY261030C00500000,2026-07-06 16:03:02+00:00,500.0,257.14,0.0,0.0,0.0,0.0,15.0,0.0,1.0000000000000003e-05,True,REGULAR,USD,C,2026-10-30,74,776.3400268554688,2026-08-17T11:55:45+00:00
SPY261030C00520000,2026-07-28 15:49:46+00:00,520.0,227.68,0.0,0.0,0.0,0.0,2.0,8.0,1.0000000000000003e-05,True,REGULAR,USD,C,2026-10-30,74,776.3400268554688,2026-08-17T11:55:45+00:00
SPY261030C00530000,2026-06-10 14:52:40+00:00,530.0,212.98,229.04,232.46,0.0,0.0,,2.0,1.0000000000000003e-05,True,REGULAR,USD,C,2026-10-30,74,776.3400268554688,2026-08-17T11:55:45+00:00
SPY261030C00550000,2026-08-07 17:04:35+00:00,550.0,226.54,0.0,0.0,0.0,0.0,6.0,6.0,1.0000000000000003e-05,True,REGULAR,USD,C,2026-10-30,74,776.3400268554688,2026-08-17T11:55:45+00:00
SPY261030C00555000,2026-07-17 19:04:01+00:00,555.0,195.88,0.0,0.0,0.0,0.0,1.0,2.0,1.0000000000000003e-05,True,REGULAR,USD,C,2026-10-30,74,776.3400268554688,2026-08-17T11:55:45+00:00
SPY261030C00560000,2026-08-10 18:26:07+00:00,560.0,217.1,0.0,0.0,0.0,0.0,4.0,4.0,1.0000000000000003e-05,True,REGULAR,USD,C,2026-10-30,74,776.3400268554688,2026-08-17T11:55:45+00:00
SPY261030C00565000,2026-07-31 16:18:57+00:00,565.0,183.92,0.0,0.0,0.0,0.0,3.0,6.0,1.0000000000000003e-05,True,REGULAR,USD,C,2026-10-30,74,776.3400268554688,2026-08-17T11:55:45+00:00
SPY261030C00570000,2026-08-10 18:29:00+00:00,570.0,207.33,0.0,0.0,0.0,0.0,2.0,3.0,1.0000000000000003e-05,True,REGULAR,USD,C,2026-10-30,74,776.3400268554688,2026-08-17T11:55:45+00:00
SPY261030C00575000,2026-06-23 19:47:53+00:00,575.0,171.19,170.15,173.5,0.0,0.0,1.0,2.0,1.0000000000000003e-05,True,REGULAR,USD,C,2026-10-30,74,776.3400268554688,2026-08-17T11:55:45+00:00
SPY261030C00585000,2026-07-29 20:10:03+00:00,585.0,151.08,0.0,0.0,0.0,0.0,1.0,3.0,1.0000000000000003e-05,True,REGULAR,USD,C,2026-10-30,74,776.3400268554688,2026-08-17T11:55:45+00:00
SPY261030C00590000,2026-07-30 17:52:21+00:00,590.0,157.18,0.0,0.0,0.0,0.0,27.0,31.0,1.0000000000000003e-05,True,REGULAR,USD,C,2026-10-30,74,776.3400268554688,2026-08-17T11:55:45+00:00
SPY261030C00595000,2026-08-04 17:33:09+00:00,595.0,182.4,0.0,0.0,0.0,0.0,47.0,45.0,1.0000000000000003e-05,True,REGULAR,USD,C,2026-10-30,74,776.3400268554688,2026-08-17T11:55:45+00:00
SPY261030C00600000,2026-08-14 20:05:24+00:00,600.0,180.65,0.0,0.0,0.0,0.0,2.0,21.0,1.0000000000000003e-05,True,REGULAR,USD,C,2026-10-30,74,776.3400268554688,2026-08-17T11:55:45+00:00
SPY261030C00605000,2026-07-30 17:44:34+00:00,605.0,143.04,0.0,0.0,0.0,0.0,5.0,9.0,1.0000000000000003e-05,True,REGULAR,USD,C,2026-10-30,74,776.3400268554688,2026-08-17T11:55:45+00:00
SPY261030C00610000,2026-08-10 19:56:52+00:00,610.0,166.44,0.0,0.0,0.0,0.0,7.0,37.0,1.0000000000000003e-05,True,REGULAR,USD,C,2026-10-30,74,776.3400268554688,2026-08-17T11:55:45+00:00
SPY261030C00615000,2026-08-13 15:16:01+00:00,615.0,167.37,0.0,0.0,0.0,0.0,1.0,2.0,1.0000000000000003e-05,True,REGULAR,USD,C,2026-10-30,74,776.3400268554688,2026-08-17T11:55:45+00:00
SPY261030C00620000,2026-07-16 19:30:03+00:00,620.0,139.17,0.0,0.0,0.0,0.0,1.0,4.0,1.0000000000000003e-05,True,REGULAR,USD,C,2026-10-30,74,776.3400268554688,2026-08-17T11:55:45+00:00
SPY261030C00625000,2026-07-15 13:53:22+00:00,625.0,138.49,0.0,0.0,0.0,0.0,2.0,0.0,1.0000000000000003e-05,True,REGULAR,USD,C,2026-10-30,74,776.3400268554688,2026-08-17T11:55:45+00:00
SPY261030C00630000,2026-08-06 17:37:08+00:00,630.0,144.78,0.0,0.0,0.0,0.0,1.0,7.0,1.0000000000000003e-05,True,REGULAR,USD,C,2026-10-30,74,776.3400268554688,2026-08-17T11:55:45+00:00
SPY261030C00635000,2026-08-05 13:44:12+00:00,635.0,148.27,0.0,0.0,0.0,0.0,2.0,5.0,1.0000000000000003e-05,True,REGULAR,USD,C,2026-10-30,74,776.3400268554688,2026-08-17T11:55:45+00:00
SPY261030C00640000,2026-08-05 13:44:12+00:00,640.0,143.46,0.0,0.0,0.0,0.0,2.0,86.0,1.0000000000000003e-05,True,REGULAR,USD,C,2026-10-30,74,776.3400268554688,2026-08-17T11:55:45+00:00
SPY261030C00641000,2026-07-07 15:02:09+00:00,641.0,117.69,0.0,0.0,0.0,0.0,3.0,3238.0,1.0000000000000003e-05,True,REGULAR,USD,C,2026-10-30,74,776.3400268554688,2026-08-17T11:55:45+00:00
SPY261030C00642000,2026-07-27 17:09:41+00:00,642.0,105.71,0.0,0.0,0.0,0.0,3.0,3.0,1.0000000000000003e-05,True,REGULAR,USD,C,2026-10-30,74,776.3400268554688,2026-08-17T11:55:45+00:00
SPY261030C00645000,2026-08-14 13:56:37+00:00,645.0,139.04,0.0,0.0,0.0,0.0,,1.0,1.0000000000000003e-05,True,REGULAR,USD,C,2026-10-30,74,776.3400268554688,2026-08-17T11:55:45+00:00
SPY261030C00646000,2026-07-10 15:31:15+00:00,646.0,118.61,0.0,0.0,0.0,0.0,8.0,9.0,1.0000000000000003e-05,True,REGULAR,USD,C,2026-10-30,74,776.3400268554688,2026-08-17T11:55:45+00:00
SPY261030C00649000,2026-08-04 14:38:21+00:00,649.0,124.55,0.0,0.0,0.0,0.0,1.0,0.0,1.0000000000000003e-05,True,REGULAR,USD,C,2026-10-30,74,776.3400268554688,2026-08-17T11:55:45+00:00
SPY261030C00650000,2026-08-13 17:34:52+00:00,650.0,133.22,0.0,0.0,0.0,0.0,1.0,127.0,1.0000000000000003e-05,True,REGULAR,USD,C,2026-10-30,74,776.3400268554688,2026-08-17T11:55:45+00:00
SPY261030C00651000,2026-05-29 18:01:09+00:00,651.0,120.1,0.0,0.0,0.0,0.0,1.0,0.0,1.0000000000000003e-05,True,REGULAR,USD,C,2026-10-30,74,776.3400268554688,2026-08-17T11:55:45+00:00
SPY261030C00652000,2026-05-05 13:37:13+00:00,652.0,91.89,102.54,106.06,0.0,0.0,,2.0,1.0000000000000003e-05,True,REGULAR,USD,C,2026-10-30,74,776.3400268554688,2026-08-17T11:55:45+00:00
SPY261030C00654000,2026-08-06 16:01:13+00:00,654.0,121.7,0.0,0.0,0.0,0.0,,4.0,1.0000000000000003e-05,True,REGULAR,USD,C,2026-10-30,74,776.3400268554688,2026-08-17T11:55:45+00:00
SPY261030C00655000,2026-08-10 18:51:58+00:00,655.0,124.89,0.0,0.0,0.0,0.0,4.0,15.0,1.0000000000000003e-05,True,REGULAR,USD,C,2026-10-30,74,776.3400268554688,2026-08-17T11:55:45+00:00
SPY261030C00658000,2026-05-18 19:04:25+00:00,658.0,99.65,0.0,0.0,0.0,0.0,2.0,0.0,1.0000000000000003e-05,True,REGULAR,USD,C,2026-10-30,74,776.3400268554688,2026-08-17T11:55:45+00:00
SPY261030C00659000,2026-05-28 14:12:54+00:00,659.0,109.99,0.0,0.0,0.0,0.0,,0.0,1.0000000000000003e-05,True,REGULAR,USD,C,2026-10-30,74,776.3400268554688,2026-08-17T11:55:45+00:00
SPY261030C00660000,2026-08-06 19:25:57+00:00,660.0,116.91,0.0,0.0,0.0,0.0,1.0,26.0,1.0000000000000003e-05,True,REGULAR,USD,C,2026-10-30,74,776.3400268554688,2026-08-17T11:55:45+00:00
SPY261030C00661000,2026-05-06 15:07:18+00:00,661.0,94.52,94.72,98.24,0.0,0.0,,1.0,1.0000000000000003e-05,True,REGULAR,USD,C,2026-10-30,74,776.3400268554688,2026-08-17T11:55:45+00:00
SPY261030C00662000,2026-05-13 15:28:25+00:00,662.0,99.34,104.82,106.83,0.0,0.0,6.0,7.0,1.0000000000000003e-05,True,REGULAR,USD,C,2026-10-30,74,776.3400268554688,2026-08-17T11:55:45+00:00
SPY261030C00664000,2026-06-11 13:50:25+00:00,664.0,86.5,101.09,104.53,0.0,0.0,,1.0,1.0000000000000003e-05,True,REGULAR,USD,C,2026-10-30,74,776.3400268554688,2026-08-17T11:55:45+00:00
SPY261030C00665000,2026-08-11 14:33:49+00:00,665.0,116.23,0.0,0.0,0.0,0.0,4.0,5.0,1.0000000000000003e-05,True,REGULAR,USD,C,2026-10-30,74,776.3400268554688,2026-08-17T11:55:45+00:00
SPY261030C00666000,2026-06-12 16:13:16+00:00,666.0,93.89,99.26,102.74,0.0,0.0,1.0,2.0,1.0000000000000003e-05,True,REGULAR,USD,C,2026-10-30,74,776.3400268554688,2026-08-17T11:55:45+00:00
SPY261030C00668000,2026-08-12 15:00:25+00:00,668.0,111.57,0.0,0.0,0.0,0.0,3.0,4.0,1.0000000000000003e-05,True,REGULAR,USD,C,2026-10-30,74,776.3400268554688,2026-08-17T11:55:45+00:00
SPY261030C00669000,2026-06-09 16:38:15+00:00,669.0,78.44,96.53,99.9,0.0,0.0,,1.0,1.0000000000000003e-05,True,REGULAR,USD,C,2026-10-30,74,776.3400268554688,2026-08-17T11:55:45+00:00
SPY261030C00670000,2026-08-04 17:32:05+00:00,670.0,110.22,0.0,0.0,0.0,0.0,4.0,21.0,1.0000000000000003e-05,True,REGULAR,USD,C,2026-10-30,74,776.3400268554688,2026-08-17T11:55:45+00:00
SPY261030C00671000,2026-07-24 18:40:53+00:00,671.0,81.23,0.0,0.0,0.0,0.0,1.0,0.0,1.0000000000000003e-05,True,REGULAR,USD,C,2026-10-30,74,776.3400268554688,2026-08-17T11:55:45+00:00
SPY261030C00672000,2026-08-11 15:10:47+00:00,672.0,108.72,0.0,0.0,0.0,0.0,1.0,4.0,1.0000000000000003e-05,True,REGULAR,USD,C,2026-10-30,74,776.3400268554688,2026-08-17T11:55:45+00:00
SPY261030C00673000,2026-06-26 19:59:57+00:00,673.0,77.92,0.0,0.0,0.0,0.0,29.0,29.0,1.0000000000000003e-05,True,REGULAR,USD,C,2026-10-30,74,776.3400268554688,2026-08-17T11:55:45+00:00
SPY261030C00674000,2026-08-04 13:51:44+00:00,674.0,98.38,0.0,0.0,0.0,0.0,1.0,3.0,1.0000000000000003e-05,True,REGULAR,USD,C,2026-10-30,74,776.3400268554688,2026-08-17T11:55:45+00:00
SPY261030C00675000,2026-08-10 17:25:02+00:00,675.0,106.12,0.0,0.0,0.0,0.0,1.0,13.0,1.0000000000000003e-05,True,REGULAR,USD,C,2026-10-30,74,776.3400268554688,2026-08-17T11:55:45+00:00
SPY261030C00677000,2026-08-11 15:11:03+00:00,677.0,104.03,0.0,0.0,0.0,0.0,1.0,3.0,1.0000000000000003e-05,True,REGULAR,USD,C,2026-10-30,74,776.3400268554688,2026-08-17T11:55:45+00:00
SPY261030C00678000,2026-05-22 13:48:27+00:00,678.0,90.57,0.0,0.0,0.0,0.0,1.0,0.0,1.0000000000000003e-05,True,REGULAR,USD,C,2026-10-30,74,776.3400268554688,2026-08-17T11:55:45+00:00
SPY261030C00679000,2026-08-12 17:12:04+00:00,679.0,101.75,0.0,0.0,0.0,0.0,,,1.0000000000000003e-05,True,REGULAR,USD,C,2026-10-30,74,776.3400268554688,2026-08-17T11:55:45+00:00
SPY261030C00680000,2026-08-13 14:51:55+00:00,680.0,105.43,0.0,0.0,0.0,0.0,1.0,33.0,1.0000000000000003e-05,True,REGULAR,USD,C,2026-10-30,74,776.3400268554688,2026-08-17T11:55:45+00:00
SPY261030C00681000,2026-08-04 18:02:24+00:00,681.0,100.65,0.0,0.0,0.0,0.0,32.0,16.0,1.0000000000000003e-05,True,REGULAR,USD,C,2026-10-30,74,776.3400268554688,2026-08-17T11:55:45+00:00
SPY261030C00682000,2026-06-05 19:08:57+00:00,682.0,78.91,0.0,0.0,0.0,0.0,1.0,0.0,1.0000000000000003e-05,True,REGULAR,USD,C,2026-10-30,74,776.3400268554688,2026-08-17T11:55:45+00:00
SPY261030C00683000,2026-06-23 19:47:18+00:00,683.0,74.02,70.37,73.76,0.0,0.0,3.0,0.0,1.0000000000000003e-05,True,REGULAR,USD,C,2026-10-30,74,776.3400268554688,2026-08-17T11:55:45+00:00
SPY261030C00684000,2026-05-14 18:45:55+00:00,684.0,87.19,85.46,87.5,0.0,0.0,,1.0,1.0000000000000003e-05,True,REGULAR,USD,C,2026-10-30,74,776.3400268554688,2026-08-17T11:55:45+00:00
SPY261030C00685000,2026-08-05 18:06:00+00:00,685.0,97.0,0.0,0.0,0.0,0.0,2.0,11.0,1.0000000000000003e-05,True,REGULAR,USD,C,2026-10-30,74,776.3400268554688,2026-08-17T11:55:45+00:00
SPY261030C00686000,2026-07-24 18:29:39+00:00,686.0,69.87,0.0,0.0,0.0,0.0,1.0,17.0,1.0000000000000003e-05,True,REGULAR,USD,C,2026-10-30,74,776.3400268554688,2026-08-17T11:55:45+00:00
SPY261030C00687000,2026-08-04 19:29:29+00:00,687.0,95.62,0.0,0.0,0.0,0.0,1.0,0.0,1.0000000000000003e-05,True,REGULAR,USD,C,2026-10-30,74,776.3400268554688,2026-08-17T11:55:45+00:00
SPY261030C00688000,2026-08-13 15:27:42+00:00,688.0,96.52,0.0,0.0,0.0,0.0,1.0,884.0,1.0000000000000003e-05,True,REGULAR,USD,C,2026-10-30,74,776.3400268554688,2026-08-17T11:55:45+00:00
SPY261030C00689000,2026-08-12 17:08:46+00:00,689.0,92.73,0.0,0.0,0.0,0.0,77.0,1275.0,1.0000000000000003e-05,True,REGULAR,USD,C,2026-10-30,74,776.3400268554688,2026-08-17T11:55:45+00:00
SPY261030C00690000,2026-08-13 13:56:33+00:00,690.0,95.33,0.0,0.0,0.0,0.0,2.0,654.0,1.0000000000000003e-05,True,REGULAR,USD,C,2026-10-30,74,776.3400268554688,2026-08-17T11:55:45+00:00
SPY261030C00691000,2026-08-06 16:18:54+00:00,691.0,87.19,0.0,0.0,0.0,0.0,1.0,1.0,1.0000000000000003e-05,True,REGULAR,USD,C,2026-10-30,74,776.3400268554688,2026-08-17T11:55:45+00:00
SPY261030C00692000,2026-08-04 19:01:25+00:00,692.0,89.47,0.0,0.0,0.0,0.0,2.0,141.0,1.0000000000000003e-05,True,REGULAR,USD,C,2026-10-30,74,776.3400268554688,2026-08-17T11:55:45+00:00
SPY261030C00693000,2026-08-12 17:08:46+00:00,693.0,89.01,0.0,0.0,0.0,0.0,63.0,695.0,1.0000000000000003e-05,True,REGULAR,USD,C,2026-10-30,74,776.3400268554688,2026-08-17T11:55:45+00:00
SPY261030C00694000,2026-05-13 17:28:00+00:00,694.0,76.0,77.0,80.21,0.0,0.0,1.0,26.0,1.0000000000000003e-05,True,REGULAR,USD,C,2026-10-30,74,776.3400268554688,2026-08-17T11:55:45+00:00
SPY261030C00695000,2026-08-12 17:48:49+00:00,695.0,86.81,0.0,0.0,0.0,0.0,65.0,797.0,1.0000000000000003e-05,True,REGULAR,USD,C,2026-10-30,74,776.3400268554688,2026-08-17T11:55:45+00:00
SPY261030C00696000,2026-08-06 18:23:51+00:00,696.0,83.79,0.0,0.0,0.0,0.0,3.0,25.0,1.0000000000000003e-05,True,REGULAR,USD,C,2026-10-30,74,776.3400268554688,2026-08-17T11:55:45+00:00
SPY261030C00697000,2026-07-08 16:09:45+00:00,697.0,63.91,0.0,0.0,0.0,0.0,1.0,4.0,1.0000000000000003e-05,True,REGULAR,USD,C,2026-10-30,74,776.3400268554688,2026-08-17T11:55:45+00:00
SPY261030C00698000,2026-08-12 17:08:42+00:00,698.0,84.39,0.0,0.0,0.0,0.0,73.0,501.0,1.0000000000000003e-05,True,REGULAR,USD,C,2026-10-30,74,776.3400268554688,2026-08-17T11:55:45+00:00
SPY261030C00699000,2026-08-13 14:15:20+00:00,699.0,88.14,0.0,0.0,0.0,0.0,5.0,45.0,1.0000000000000003e-05,True,REGULAR,USD,C,2026-10-30,74,776.3400268554688,2026-08-17T11:55:45+00:00
SPY261030C00700000,2026-08-12 17:08:38+00:00,700.0,82.58,0.0,0.0,0.0,0.0,52.0,1023.0,1.0000000000000003e-05,True,REGULAR,USD,C,2026-10-30,74,776.3400268554688,2026-08-17T11:55:45+00:00
SPY261030C00701000,2026-08-07 17:44:09+00:00,701.0,81.56,0.0,0.0,0.0,0.0,1.0,0.0,1.0000000000000003e-05,True,REGULAR,USD,C,2026-10-30,74,776.3400268554688,2026-08-17T11:55:45+00:00
SPY261030C00702000,2026-05-19 15:32:48+00:00,702.0,60.07,0.0,0.0,0.0,0.0,1.0,0.0,1.0000000000000003e-05,True,REGULAR,USD,C,2026-10-30,74,776.3400268554688,2026-08-17T11:55:45+00:00
SPY261030C00703000,2026-08-03 15:45:41+00:00,703.0,65.99,0.0,0.0,0.0,0.0,3.0,4.0,1.0000000000000003e-05,True,REGULAR,USD,C,2026-10-30,74,776.3400268554688,2026-08-17T11:55:45+00:00
SPY261030C00704000,2026-07-21 18:39:07+00:00,704.0,61.5,0.0,0.0,0.0,0.0,24.0,30.0,1.0000000000000003e-05,True,REGULAR,USD,C,2026-10-30,74,776.3400268554688,2026-08-17T11:55:45+00:00
SPY261030C00705000,2026-08-07 17:45:09+00:00,705.0,77.87,0.0,0.0,0.0,0.0,2.0,46.0,1.0000000000000003e-05,True,REGULAR,USD,C,2026-10-30,74,776.3400268554688,2026-08-17T11:55:45+00:00
SPY261030C00706000,2026-06-01 20:03:23+00:00,706.0,73.77,0.0,0.0,0.0,0.0,,0.0,1.0000000000000003e-05,True,REGULAR,USD,C,2026-10-30,74,776.3400268554688,2026-08-17T11:55:45+00:00
SPY261030C00707000,2026-06-05 15:42:42+00:00,707.0,65.13,0.0,0.0,0.0,0.0,5.0,0.0,1.0000000000000003e-05,True,REGULAR,USD,C,2026-10-30,74,776.3400268554688,2026-08-17T11:55:45+00:00
SPY261030C00708000,2026-08-10 16:33:40+00:00,708.0,75.43,0.0,0.0,0.0,0.0,2.0,15.0,1.0000000000000003e-05,True,REGULAR,USD,C,2026-10-30,74,776.3400268554688,2026-08-17T11:55:45+00:00
SPY261030C00709000,2026-08-03 16:55:17+00:00,709.0,60.9,0.0,0.0,0.0,0.0,2.0,2.0,1.0000000000000003e-05,True,REGULAR,USD,C,2026-10-30,74,776.3400268554688,2026-08-17T11:55:45+00:00
SPY261030C00710000,2026-08-14 19:43:41+00:00,710.0,74.09,0.0,0.0,0.0,0.0,4.0,805.0,1.0000000000000003e-05,True,REGULAR,USD,C,2026-10-30,74,776.3400268554688,2026-08-17T11:55:45+00:00
SPY261030C00711000,2026-08-10 16:48:06+00:00,711.0,73.16,0.0,0.0,0.0,0.0,2.0,96.0,1.0000000000000003e-05,True,REGULAR,USD,C,2026-10-30,74,776.3400268554688,2026-08-17T11:55:45+00:00
SPY261030C00712000,2026-08-06 18:52:51+00:00,712.0,68.38,0.0,0.0,0.0,0.0,10.0,33.0,1.0000000000000003e-05,True,REGULAR,USD,C,2026-10-30,74,776.3400268554688,2026-08-17T11:55:45+00:00
SPY261030C00713000,2026-08-06 18:52:51+00:00,713.0,67.52,0.0,0.0,0.0,0.0,10.0,20.0,1.0000000000000003e-05,True,REGULAR,USD,C,2026-10-30,74,776.3400268554688,2026-08-17T11:55:45+00:00
SPY261030C00714000,2026-06-22 15:25:56+00:00,714.0,56.7,44.88,48.39,0.0,0.0,28.0,24.0,1.0000000000000003e-05,True,REGULAR,USD,C,2026-10-30,74,776.3400268554688,2026-08-17T11:55:45+00:00
SPY261030C00715000,2026-08-07 18:30:13+00:00,715.0,68.34,0.0,0.0,0.0,0.0,2.0,987.0,1.0000000000000003e-05,True,REGULAR,USD,C,2026-10-30,74,776.3400268554688,2026-08-17T11:55:45+00:00
SPY261030C00716000,2026-07-30 15:28:29+00:00,716.0,40.36,0.0,0.0,0.0,0.0,36.0,13.0,1.0000000000000003e-05,True,REGULAR,USD,C,2026-10-30,74,776.3400268554688,2026-08-17T11:55:45+00:00
SPY261030C00717000,2026-07-02 19:46:53+00:00,717.0,49.93,0.0,0.0,0.0,0.0,13.0,21.0,1.0000000000000003e-05,True,REGULAR,USD,C,2026-10-30,74,776.3400268554688,2026-08-17T11:55:45+00:00
SPY261030C00718000,2026-08-14 13:36:06+00:00,718.0,70.21,0.0,0.0,0.0,0.0,1.0,19.0,1.0000000000000003e-05,True,REGULAR,USD,C,2026-10-30,74,776.3400268554688,2026-08-17T11:55:45+00:00
SPY261030C00719000,2026-07-28 14:11:11+00:00,719.0,40.39,0.0,0.0,0.0,0.0,1.0,104.0,1.0000000000000003e-05,True,REGULAR,USD,C,2026-10-30,74,776.3400268554688,2026-08-17T11:55:45+00:00
SPY261030C00720000,2026-08-14 19:55:51+00:00,720.0,66.59,0.0,0.0,0.0,0.0,104.0,948.0,1.0000000000000003e-05,True,REGULAR,USD,C,2026-10-30,74,776.3400268554688,2026-08-17T11:55:45+00:00
SPY261030C00721000,2026-07-28 14:11:11+00:00,721.0,38.92,0.0,0.0,0.0,0.0,1.0,3.0,1.0000000000000003e-05,True,REGULAR,USD,C,2026-10-30,74,776.3400268554688,2026-08-17T11:55:45+00:00
SPY261030C00722000,2026-08-13 16:34:00+00:00,722.0,64.98,0.0,0.0,0.0,0.0,2.0,40.0,1.0000000000000003e-05,True,REGULAR,USD,C,2026-10-30,74,776.3400268554688,2026-08-17T11:55:45+00:00
SPY261030C00723000,2026-08-05 14:24:13+00:00,723.0,66.17,0.0,0.0,0.0,0.0,2.0,20.0,1.0000000000000003e-05,True,REGULAR,USD,C,2026-10-30,74,776.3400268554688,2026-08-17T11:55:45+00:00
SPY261030C00724000,2026-08-13 14:05:13+00:00,724.0,63.8,0.0,0.0,0.0,0.0,1.0,46.0,1.0000000000000003e-05,True,REGULAR,USD,C,2026-10-30,74,776.3400268554688,2026-08-17T11:55:45+00:00
SPY261030C00725000,2026-08-13 19:20:32+00:00,725.0,64.91,0.0,0.0,0.0,0.0,1.0,517.0,1.0000000000000003e-05,True,REGULAR,USD,C,2026-10-30,74,776.3400268554688,2026-08-17T11:55:45+00:00
SPY261030C00726000,2026-08-13 13:52:18+00:00,726.0,61.85,0.0,0.0,0.0,0.0,1.0,77.0,1.0000000000000003e-05,True,REGULAR,USD,C,2026-10-30,74,776.3400268554688,2026-08-17T11:55:45+00:00
SPY261030C00727000,2026-07-23 15:00:29+00:00,727.0,36.68,0.0,0.0,0.0,0.0,2.0,51.0,1.0000000000000003e-05,True,REGULAR,USD,C,2026-10-30,74,776.3400268554688,2026-08-17T11:55:45+00:00
SPY261030C00728000,2026-08-05 19:44:43+00:00,728.0,57.55,0.0,0.0,0.0,0.0,3.0,263.0,1.0000000000000003e-05,True,REGULAR,USD,C,2026-10-30,74,776.3400268554688,2026-08-17T11:55:45+00:00
SPY261030C00729000,2026-08-11 16:31:09+00:00,729.0,55.62,0.0,0.0,0.0,0.0,1.0,88.0,1.0000000000000003e-05,True,REGULAR,USD,C,2026-10-30,74,776.3400268554688,2026-08-17T11:55:45+00:00
SPY261030C00730000,2026-08-14 19:20:15+00:00,730.0,57.75,0.0,0.0,0.0,0.0,4.0,891.0,1.0000000000000003e-05,True,REGULAR,USD,C,2026-10-30,74,776.3400268554688,2026-08-17T11:55:45+00:00
SPY261030C00731000,2026-08-03 17:36:33+00:00,731.0,43.02,0.0,0.0,0.0,0.0,42.0,87.0,1.0000000000000003e-05,True,REGULAR,USD,C,2026-10-30,74,776.3400268554688,2026-08-17T11:55:45+00:00
SPY261030C00732000,2026-08-03 18:42:43+00:00,732.0,42.83,0.0,0.0,0.0,0.0,14.0,73.0,1.0000000000000003e-05,True,REGULAR,USD,C,2026-10-30,74,776.3400268554688,2026-08-17T11:55:45+00:00
SPY261030C00733000,2026-08-13 15:27:47+00:00,733.0,55.82,0.0,0.0,0.0,0.0,6.0,69.0,1.0000000000000003e-05,True,REGULAR,USD,C,2026-10-30,74,776.3400268554688,2026-08-17T11:55:45+00:00
SPY261030C00734000,2026-07-30 13:35:37+00:00,734.0,27.85,0.0,0.0,0.0,0.0,3.0,38.0,1.0000000000000003e-05,True,REGULAR,USD,C,2026-10-30,74,776.3400268554688,2026-08-17T11:55:45+00:00
SPY261030C00735000,2026-08-13 19:55:11+00:00,735.0,54.74,0.0,0.0,0.0,0.0,23.0,211.0,1.0000000000000003e-05,True,REGULAR,USD,C,2026-10-30,74,776.3400268554688,2026-08-17T11:55:45+00:00
SPY261030C00736000,2026-08-05 14:25:02+00:00,736.0,55.35,0.0,0.0,0.0,0.0,1.0,50.0,1.0000000000000003e-05,True,REGULAR,USD,C,2026-10-30,74,776.3400268554688,2026-08-17T11:55:45+00:00
SPY261030C00737000,2026-08-03 19:56:33+00:00,737.0,39.1,0.0,0.0,0.0,0.0,2.0,97.0,1.0000000000000003e-05,True,REGULAR,USD,C,2026-10-30,74,776.3400268554688,2026-08-17T11:55:45+00:00
SPY261030C00738000,2026-08-05 13:30:09+00:00,738.0,53.23,0.0,0.0,0.0,0.0,1.0,142.0,1.0000000000000003e-05,True,REGULAR,USD,C,2026-10-30,74,776.3400268554688,2026-08-17T11:55:45+00:00
SPY261030C00739000,2026-08-10 19:45:02+00:00,739.0,48.53,0.0,0.0,0.0,0.0,1.0,197.0,1.0000000000000003e-05,True,REGULAR,USD,C,2026-10-30,74,776.3400268554688,2026-08-17T11:55:45+00:00
SPY261030C00740000,2026-08-14 15:14:25+00:00,740.0,49.75,0.0,0.0,0.0,0.0,2.0,1737.0,1.0000000000000003e-05,True,REGULAR,USD,C,2026-10-30,74,776.3400268554688,2026-08-17T11:55:45+00:00
SPY261030C00741000,2026-08-14 17:22:56+00:00,741.0,49.12,0.0,0.0,0.0,0.0,1.0,162.0,1.0000000000000003e-05,True,REGULAR,USD,C,2026-10-30,74,776.3400268554688,2026-08-17T11:55:45+00:00
SPY261030C00742000,2026-08-13 16:44:39+00:00,742.0,47.95,0.0,0.0,0.0,0.0,4.0,328.0,1.0000000000000003e-05,True,REGULAR,USD,C,2026-10-30,74,776.3400268554688,2026-08-17T11:55:45+00:00
SPY261030C00743000,2026-08-07 19:51:10+00:00,743.0,45.09,0.0,0.0,0.0,0.0,10.0,1064.0,1.0000000000000003e-05,True,REGULAR,USD,C,2026-10-30,74,776.3400268554688,2026-08-17T11:55:45+00:00
SPY261030C00744000,2026-08-13 15:27:47+00:00,744.0,46.64,0.0,0.0,0.0,0.0,36.0,237.0,1.0000000000000003e-05,True,REGULAR,USD,C,2026-10-30,74,776.3400268554688,2026-08-17T11:55:45+00:00
SPY261030C00745000,2026-08-14 18:27:18+00:00,745.0,45.24,0.0,0.0,0.0,0.0,2.0,983.0,1.0000000000000003e-05,True,REGULAR,USD,C,2026-10-30,74,776.3400268554688,2026-08-17T11:55:45+00:00
SPY261030C00746000,2026-08-13 14:27:09+00:00,746.0,46.79,0.0,0.0,0.0,0.0,1.0,275.0,1.0000000000000003e-05,True,REGULAR,USD,C,2026-10-30,74,776.3400268554688,2026-08-17T11:55:45+00:00
SPY261030C00747000,2026-08-14 17:22:05+00:00,747.0,43.59,0.0,0.0,0.0,0.0,1.0,13.0,1.0000000000000003e-05,True,REGULAR,USD,C,2026-10-30,74,776.3400268554688,2026-08-17T11:55:45+00:00
SPY261030C00748000,2026-08-14 15:50:21+00:00,748.0,42.82,0.0,0.0,0.0,0.0,1.0,27.0,1.0000000000000003e-05,True,REGULAR,USD,C,2026-10-30,74,776.3400268554688,2026-08-17T11:55:45+00:00
SPY261030C00749000,2026-08-05 15:02:15+00:00,749.0,43.46,0.0,0.0,0.0,0.0,17.0,362.0,1.0000000000000003e-05,True,REGULAR,USD,C,2026-10-30,74,776.3400268554688,2026-08-17T11:55:45+00:00
SPY261030C00750000,2026-08-14 19:57:02+00:00,750.0,41.02,0.0,0.0,0.0,0.0,2.0,2479.0,1.0000000000000003e-05,True,REGULAR,USD,C,2026-10-30,74,776.3400268554688,2026-08-17T11:55:45+00:00
SPY261030C00751000,2026-08-14 19:47:09+00:00,751.0,40.97,0.0,0.0,0.0,0.0,5.0,67.0,1.0000000000000003e-05,True,REGULAR,USD,C,2026-10-30,74,776.3400268554688,2026-08-17T11:55:45+00:00
SPY261030C00752000,2026-08-06 16:15:14+00:00,752.0,36.0,0.0,0.0,0.0,0.0,1.0,182.0,1.0000000000000003e-05,True,REGULAR,USD,C,2026-10-30,74,776.3400268554688,2026-08-17T11:55:45+00:00
SPY261030C00753000,2026-08-05 16:47:37+00:00,753.0,37.45,0.0,0.0,0.0,0.0,4.0,8.0,1.0000000000000003e-05,True,REGULAR,USD,C,2026-10-30,74,776.3400268554688,2026-08-17T11:55:45+00:00
SPY261030C00754000,2026-08-14 16:58:01+00:00,754.0,37.84,0.0,0.0,0.0,0.0,28.0,147.0,1.0000000000000003e-05,True,REGULAR,USD,C,2026-10-30,74,776.3400268554688,2026-08-17T11:55:45+00:00
SPY261030C00755000,2026-08-14 17:29:58+00:00,755.0,37.8,0.0,0.0,0.0,0.0,1.0,640.0,1.0000000000000003e-05,True,REGULAR,USD,C,2026-10-30,74,776.3400268554688,2026-08-17T11:55:45+00:00
SPY261030C00756000,2026-08-13 18:13:59+00:00,756.0,37.72,0.0,0.0,0.0,0.0,1.0,31.0,1.0000000000000003e-05,True,REGULAR,USD,C,2026-10-30,74,776.3400268554688,2026-08-17T11:55:45+00:00
SPY261030C00757000,2026-08-11 17:05:36+00:00,757.0,33.14,0.0,0.0,0.0,0.0,2.0,167.0,1.0000000000000003e-05,True,REGULAR,USD,C,2026-10-30,74,776.3400268554688,2026-08-17T11:55:45+00:00
SPY261030C00758000,2026-08-06 15:43:17+00:00,758.0,31.41,0.0,0.0,0.0,0.0,4.0,16.0,1.0000000000000003e-05,True,REGULAR,USD,C,2026-10-30,74,776.3400268554688,2026-08-17T11:55:45+00:00
SPY261030C00759000,2026-08-06 14:47:38+00:00,759.0,31.22,0.0,0.0,0.0,0.0,1.0,68.0,1.0000000000000003e-05,True,REGULAR,USD,C,2026-10-30,74,776.3400268554688,2026-08-17T11:55:45+00:00
SPY261030C00760000,2026-08-14 20:14:26+00:00,760.0,33.72,0.0,0.0,0.0,0.0,35.0,3446.0,1.0000000000000003e-05,True,REGULAR,USD,C,2026-10-30,74,776.3400268554688,2026-08-17T11:55:45+00:00
SPY261030C00761000,2026-08-13 18:52:36+00:00,761.0,34.4,0.0,0.0,0.0,0.0,8.0,196.0,1.0000000000000003e-05,True,REGULAR,USD,C,2026-10-30,74,776.3400268554688,2026-08-17T11:55:45+00:00
SPY261030C00762000,2026-08-07 14:58:53+00:00,762.0,31.52,0.0,0.0,0.0,0.0,10.0,142.0,1.0000000000000003e-05,True,REGULAR,USD,C,2026-10-30,74,776.3400268554688,2026-08-17T11:55:45+00:00
SPY261030C00763000,2026-08-10 13:36:14+00:00,763.0,30.53,0.0,0.0,0.0,0.0,2.0,16.0,1.0000000000000003e-05,True,REGULAR,USD,C,2026-10-30,74,776.3400268554688,2026-08-17T11:55:45+00:00
SPY261030C00764000,2026-08-10 13:34:26+00:00,764.0,29.75,0.0,0.0,0.0,0.0,13.0,17.0,1.0000000000000003e-05,True,REGULAR,USD,C,2026-10-30,74,776.3400268554688,2026-08-17T11:55:45+00:00
SPY261030C00765000,2026-08-14 20:14:26+00:00,765.0,30.13,0.0,0.0,0.0,0.0,42.0,839.0,1.0000000000000003e-05,True,REGULAR,USD,C,2026-10-30,74,776.3400268554688,2026-08-17T11:55:45+00:00
SPY261030C00766000,2026-08-14 18:04:27+00:00,766.0,29.11,0.0,0.0,0.0,0.0,25.0,57.0,1.0000000000000003e-05,True,REGULAR,USD,C,2026-10-30,74,776.3400268554688,2026-08-17T11:55:45+00:00
SPY261030C00767000,2026-08-14 19:49:36+00:00,767.0,28.45,0.0,0.0,0.0,0.0,12.0,18.0,1.0000000000000003e-05,True,REGULAR,USD,C,2026-10-30,74,776.3400268554688,2026-08-17T11:55:45+00:00
SPY261030C00768000,2026-08-13 15:52:21+00:00,768.0,28.06,0.0,0.0,0.0,0.0,70.0,127.0,1.0000000000000003e-05,True,REGULAR,USD,C,2026-10-30,74,776.3400268554688,2026-08-17T11:55:45+00:00
SPY261030C00769000,2026-08-14 15:42:27+00:00,769.0,27.3,0.0,0.0,0.0,0.0,12.0,147.0,1.0000000000000003e-05,True,REGULAR,USD,C,2026-10-30,74,776.3400268554688,2026-08-17T11:55:45+00:00
SPY261030C00770000,2026-08-14 19:57:10+00:00,770.0,26.34,0.0,0.0,0.0,0.0,34.0,3335.0,1.0000000000000003e-05,True,REGULAR,USD,C,2026-10-30,74,776.3400268554688,2026-08-17T11:55:45+00:00
SPY261030C00771000,2026-08-14 16:47:20+00:00,771.0,25.86,0.0,0.0,0.0,0.0,5.0,206.0,1.0000000000000003e-05,True,REGULAR,USD,C,2026-10-30,74,776.3400268554688,2026-08-17T11:55:45+00:00
SPY261030C00772000,2026-08-14 15:06:09+00:00,772.0,25.93,0.0,0.0,0.0,0.0,20.0,41.0,1.0000000000000003e-05,True,REGULAR,USD,C,2026-10-30,74,776.3400268554688,2026-08-17T11:55:45+00:00
SPY261030C00773000,2026-08-14 15:11:41+00:00,773.0,25.06,0.0,0.0,0.0,0.0,3.0,72.0,1.0000000000000003e-05,True,REGULAR,USD,C,2026-10-30,74,776.3400268554688,2026-08-17T11:55:45+00:00
SPY261030C00774000,2026-08-14 18:19:15+00:00,774.0,23.91,0.0,0.0,0.0,0.0,4.0,608.0,1.0000000000000003e-05,True,REGULAR,USD,C,2026-10-30,74,776.3400268554688,2026-08-17T11:55:45+00:00
SPY261030C00775000,2026-08-14 20:05:24+00:00,775.0,23.09,0.0,0.0,0.0,0.0,29.0,5059.0,1.0000000000000003e-05,True,REGULAR,USD,C,2026-10-30,74,776.3400268554688,2026-08-17T11:55:45+00:00
SPY261030C00776000,2026-08-14 20:04:43+00:00,776.0,22.51,0.0,0.0,0.0,0.0,51.0,85.0,1.0000000000000003e-05,True,REGULAR,USD,C,2026-10-30,74,776.3400268554688,2026-08-17T11:55:45+00:00
SPY261030C00777000,2026-08-14 19:01:10+00:00,777.0,21.98,0.0,0.0,0.0,0.0,104.0,288.0,0.0004982763671875,False,REGULAR,USD,C,2026-10-30,74,776.3400268554688,2026-08-17T11:55:45+00:00
SPY261030C00778000,2026-08-14 19:09:18+00:00,778.0,21.42,0.0,0.0,0.0,0.0,35.0,821.0,0.000986552734375,False,REGULAR,USD,C,2026-10-30,74,776.3400268554688,2026-08-17T11:55:45+00:00
SPY261030C00779000,2026-08-14 18:09:25+00:00,779.0,20.79,0.0,0.0,0.0,0.0,78.0,120.0,0.00196310546875,False,REGULAR,USD,C,2026-10-30,74,776.3400268554688,2026-08-17T11:55:45+00:00
SPY261030C00780000,2026-08-14 20:14:36+00:00,780.0,20.05,0.0,0.0,0.0,0.0,770.0,5766.0,0.00196310546875,False,REGULAR,USD,C,2026-10-30,74,776.3400268554688,2026-08-17T11:55:45+00:00
SPY261030C00781000,2026-08-14 19:55:02+00:00,781.0,19.57,0.0,0.0,0.0,0.0,27.0,405.0,0.0039162109375,False,REGULAR,USD,C,2026-10-30,74,776.3400268554688,2026-08-17T11:55:45+00:00
SPY261030C00782000,2026-08-14 19:00:58+00:00,782.0,19.04,0.0,0.0,0.0,0.0,37.0,265.0,0.0039162109375,False,REGULAR,USD,C,2026-10-30,74,776.3400268554688,2026-08-17T11:55:45+00:00
SPY261030C00783000,2026-08-14 19:59:48+00:00,783.0,18.51,0.0,0.0,0.0,0.0,172.0,21196.0,0.0039162109375,False,REGULAR,USD,C,2026-10-30,74,776.3400268554688,2026-08-17T11:55:45+00:00
SPY261030C00784000,2026-08-14 19:44:46+00:00,784.0,17.91,0.0,0.0,0.0,0.0,2.0,30.0,0.0039162109375,False,REGULAR,USD,C,2026-10-30,74,776.3400268554688,2026-08-17T11:55:45+00:00
SPY261030C00785000,2026-08-14 19:42:27+00:00,785.0,17.37,0.0,0.0,0.0,0.0,379.0,5214.0,0.007822421875,False,REGULAR,USD,C,2026-10-30,74,776.3400268554688,2026-08-17T11:55:45+00:00
SPY261030C00786000,2026-08-14 20:04:43+00:00,786.0,16.78,0.0,0.0,0.0,0.0,23.0,202.0,0.007822421875,False,REGULAR,USD,C,2026-10-30,74,776.3400268554688,2026-08-17T11:55:45+00:00
SPY261030C00787000,2026-08-13 16:41:52+00:00,787.0,17.0,0.0,0.0,0.0,0.0,43.0,132.0,0.007822421875,False,REGULAR,USD,C,2026-10-30,74,776.3400268554688,2026-08-17T11:55:45+00:00
SPY261030C00788000,2026-08-14 16:58:10+00:00,788.0,15.77,0.0,0.0,0.0,0.0,136.0,105.0,0.007822421875,False,REGULAR,USD,C,2026-10-30,74,776.3400268554688,2026-08-17T11:55:45+00:00
SPY261030C00789000,2026-08-13 15:09:52+00:00,789.0,16.42,0.0,0.0,0.0,0.0,39.0,230.0,0.007822421875,False,REGULAR,USD,C,2026-10-30,74,776.3400268554688,2026-08-17T11:55:45+00:00
SPY261030C00790000,2026-08-14 20:11:27+00:00,790.0,14.65,0.0,0.0,0.0,0.0,44.0,6014.0,0.007822421875,False,REGULAR,USD,C,2026-10-30,74,776.3400268554688,2026-08-17T11:55:45+00:00
SPY261030C00791000,2026-08-14 15:26:36+00:00,791.0,14.47,0.0,0.0,0.0,0.0,4.0,25.0,0.007822421875,False,REGULAR,USD,C,2026-10-30,74,776.3400268554688,2026-08-17T11:55:45+00:00
SPY261030C00792000,2026-08-13 19:37:51+00:00,792.0,15.37,0.0,0.0,0.0,0.0,15.0,26.0,0.007822421875,False,REGULAR,USD,C,2026-10-30,74,776.3400268554688,2026-08-17T11:55:45+00:00
SPY261030C00793000,2026-08-14 15:16:04+00:00,793.0,13.85,0.0,0.0,0.0,0.0,8.0,226.0,0.007822421875,False,REGULAR,USD,C,2026-10-30,74,776.3400268554688,2026-08-17T11:55:45+00:00
SPY261030C00794000,2026-08-13 14:38:25+00:00,794.0,15.19,0.0,0.0,0.0,0.0,1.0,148.0,0.007822421875,False,REGULAR,USD,C,2026-10-30,74,776.3400268554688,2026-08-17T11:55:45+00:00
SPY261030C00795000,2026-08-14 19:48:49+00:00,795.0,12.46,0.0,0.0,0.0,0.0,12.0,296.0,0.015634843750000002,False,REGULAR,USD,C,2026-10-30,74,776.3400268554688,2026-08-17T11:55:45+00:00
SPY261030C00796000,2026-08-10 16:57:17+00:00,796.0,12.07,0.0,0.0,0.0,0.0,51.0,106.0,0.015634843750000002,False,REGULAR,USD,C,2026-10-30,74,776.3400268554688,2026-08-17T11:55:45+00:00
SPY261030C00797000,2026-08-13 19:37:51+00:00,797.0,13.07,0.0,0.0,0.0,0.0,5.0,1741.0,0.015634843750000002,False,REGULAR,USD,C,2026-10-30,74,776.3400268554688,2026-08-17T11:55:45+00:00
SPY261030C00798000,2026-08-14 18:03:43+00:00,798.0,11.23,0.0,0.0,0.0,0.0,4.0,92.0,0.015634843750000002,False,REGULAR,USD,C,2026-10-30,74,776.3400268554688,2026-08-17T11:55:45+00:00
SPY261030C00799000,2026-08-14 18:58:40+00:00,799.0,10.95,0.0,0.0,0.0,0.0,111.0,485.0,0.015634843750000002,False,REGULAR,USD,C,2026-10-30,74,776.3400268554688,2026-08-17T11:55:45+00:00
SPY261030C00800000,2026-08-14 20:08:31+00:00,800.0,10.31,0.0,0.0,0.0,0.0,148.0,5865.0,0.015634843750000002,False,REGULAR,USD,C,2026-10-30,74,776.3400268554688,2026-08-17T11:55:45+00:00
SPY261030C00801000,2026-08-14 18:02:34+00:00,801.0,10.05,0.0,0.0,0.0,0.0,16.0,783.0,0.015634843750000002,False,REGULAR,USD,C,2026-10-30,74,776.3400268554688,2026-08-17T11:55:45+00:00
SPY261030C00802000,2026-08-13 14:44:49+00:00,802.0,11.39,0.0,0.0,0.0,0.0,2.0,389.0,0.015634843750000002,False,REGULAR,USD,C,2026-10-30,74,776.3400268554688,2026-08-17T11:55:45+00:00
SPY261030C00803000,2026-08-14 14:06:07+00:00,803.0,10.73,0.0,0.0,0.0,0.0,1.0,2246.0,0.015634843750000002,False,REGULAR,USD,C,2026-10-30,74,776.3400268554688,2026-08-17T11:55:45+00:00
SPY261030C00804000,2026-08-14 13:51:26+00:00,804.0,10.1,0.0,0.0,0.0,0.0,77.0,798.0,0.015634843750000002,False,REGULAR,USD,C,2026-10-30,74,776.3400268554688,2026-08-17T11:55:45+00:00
SPY261030C00805000,2026-08-14 14:09:40+00:00,805.0,9.95,0.0,0.0,0.0,0.0,3.0,874.0,0.015634843750000002,False,REGULAR,USD,C,2026-10-30,74,776.3400268554688,2026-08-17T11:55:45+00:00
SPY261030C00806000,2026-08-12 14:47:26+00:00,806.0,7.92,0.0,0.0,0.0,0.0,4.0,276.0,0.015634843750000002,False,REGULAR,USD,C,2026-10-30,74,776.3400268554688,2026-08-17T11:55:45+00:00
SPY261030C00807000,2026-08-13 14:38:37+00:00,807.0,9.77,0.0,0.0,0.0,0.0,1.0,680.0,0.015634843750000002,False,REGULAR,USD,C,2026-10-30,74,776.3400268554688,2026-08-17T11:55:45+00:00
SPY261030C00808000,2026-08-14 14:39:13+00:00,808.0,8.31,0.0,0.0,0.0,0.0,2.0,1039.0,0.015634843750000002,False,REGULAR,USD,C,2026-10-30,74,776.3400268554688,2026-08-17T11:55:45+00:00
SPY261030C00809000,2026-08-13 14:44:50+00:00,809.0,8.86,0.0,0.0,0.0,0.0,11.0,267.0,0.015634843750000002,False,REGULAR,USD,C,2026-10-30,74,776.3400268554688,2026-08-17T11:55:45+00:00
SPY261030C00810000,2026-08-14 18:42:45+00:00,810.0,7.1,0.0,0.0,0.0,0.0,27.0,2553.0,0.015634843750000002,False,REGULAR,USD,C,2026-10-30,74,776.3400268554688,2026-08-17T11:55:45+00:00
SPY261030C00811000,2026-08-14 15:35:48+00:00,811.0,7.08,0.0,0.0,0.0,0.0,2.0,368.0,0.015634843750000002,False,REGULAR,USD,C,2026-10-30,74,776.3400268554688,2026-08-17T11:55:45+00:00
SPY261030C00812000,2026-08-13 14:46:16+00:00,812.0,7.75,0.0,0.0,0.0,0.0,87.0,97.0,0.015634843750000002,False,REGULAR,USD,C,2026-10-30,74,776.3400268554688,2026-08-17T11:55:45+00:00
SPY261030C00813000,2026-08-13 14:18:15+00:00,813.0,7.72,0.0,0.0,0.0,0.0,2.0,48.0,0.015634843750000002,False,REGULAR,USD,C,2026-10-30,74,776.3400268554688,2026-08-17T11:55:45+00:00
SPY261030C00814000,2026-08-14 14:31:02+00:00,814.0,6.53,0.0,0.0,0.0,0.0,2.0,171.0,0.015634843750000002,False,REGULAR,USD,C,2026-10-30,74,776.3400268554688,2026-08-17T11:55:45+00:00
SPY261030C00815000,2026-08-14 19:09:18+00:00,815.0,5.8,0.0,0.0,0.0,0.0,3.0,442.0,0.0312596875,False,REGULAR,USD,C,2026-10-30,74,776.3400268554688,2026-08-17T11:55:45+00:00
SPY261030C00816000,2026-08-14 19:25:52+00:00,816.0,5.55,0.0,0.0,0.0,0.0,1.0,59.0,0.0312596875,False,REGULAR,USD,C,2026-10-30,74,776.3400268554688,2026-08-17T11:55:45+00:00
SPY261030C00817000,2026-08-13 14:38:37+00:00,817.0,6.72,0.0,0.0,0.0,0.0,4.0,8.0,0.0312596875,False,REGULAR,USD,C,2026-10-30,74,776.3400268554688,2026-08-17T11:55:45+00:00
SPY261030C00818000,2026-08-14 15:14:26+00:00,818.0,5.34,0.0,0.0,0.0,0.0,12.0,63.0,0.0312596875,False,REGULAR,USD,C,2026-10-30,74,776.3400268554688,2026-08-17T11:55:45+00:00
SPY261030C00819000,2026-08-12 18:14:45+00:00,819.0,4.52,0.0,0.0,0.0,0.0,24.0,150.0,0.0312596875,False,REGULAR,USD,C,2026-10-30,74,776.3400268554688,2026-08-17T11:55:45+00:00
SPY261030C00820000,2026-08-14 19:53:53+00:00,820.0,4.61,0.0,0.0,0.0,0.0,5.0,783.0,0.0312596875,False,REGULAR,USD,C,2026-10-30,74,776.3400268554688,2026-08-17T11:55:45+00:00
SPY261030C00821000,2026-08-14 13:54:23+00:00,821.0,5.25,0.0,0.0,0.0,0.0,1.0,49.0,0.0312596875,False,REGULAR,USD,C,2026-10-30,74,776.3400268554688,2026-08-17T11:55:45+00:00
SPY261030C00822000,2026-08-14 13:54:23+00:00,822.0,5.03,0.0,0.0,0.0,0.0,1.0,37.0,0.0312596875,False,REGULAR,USD,C,2026-10-30,74,776.3400268554688,2026-08-17T11:55:45+00:00
SPY261030C00823000,2026-08-14 13:54:23+00:00,823.0,4.82,0.0,0.0,0.0,0.0,1.0,30.0,0.0312596875,False,REGULAR,USD,C,2026-10-30,74,776.3400268554688,2026-08-17T11:55:45+00:00
SPY261030C00824000,2026-08-14 19:26:36+00:00,824.0,3.88,0.0,0.0,0.0,0.0,3.0,224.0,0.0312596875,False,REGULAR,USD,C,2026-10-30,74,776.3400268554688,2026-08-17T11:55:45+00:00
SPY261030C00825000,2026-08-14 19:53:53+00:00,825.0,3.67,0.0,0.0,0.0,0.0,3.0,335.0,0.0312596875,False,REGULAR,USD,C,2026-10-30,74,776.3400268554688,2026-08-17T11:55:45+00:00
SPY261030C00826000,2026-08-14 18:28:51+00:00,826.0,3.48,0.0,0.0,0.0,0.0,4.0,106.0,0.0312596875,False,REGULAR,USD,C,2026-10-30,74,776.3400268554688,2026-08-17T11:55:45+00:00
SPY261030C00827000,2026-08-14 15:41:04+00:00,827.0,3.48,0.0,0.0,0.0,0.0,93.0,41.0,0.0312596875,False,REGULAR,USD,C,2026-10-30,74,776.3400268554688,2026-08-17T11:55:45+00:00
SPY261030C00828000,2026-08-13 14:44:53+00:00,828.0,4.09,0.0,0.0,0.0,0.0,3.0,28.0,0.0312596875,False,REGULAR,USD,C,2026-10-30,74,776.3400268554688,2026-08-17T11:55:45+00:00
SPY261030C00829000,2026-08-14 17:37:02+00:00,829.0,2.98,0.0,0.0,0.0,0.0,2.0,40.0,0.0312596875,False,REGULAR,USD,C,2026-10-30,74,776.3400268554688,2026-08-17T11:55:45+00:00
SPY261030C00830000,2026-08-14 20:04:27+00:00,830.0,2.87,0.0,0.0,0.0,0.0,125.0,9936.0,0.0312596875,False,REGULAR,USD,C,2026-10-30,74,776.3400268554688,2026-08-17T11:55:45+00:00
SPY261030C00831000,2026-08-05 16:01:36+00:00,831.0,3.23,0.0,0.0,0.0,0.0,,2.0,0.0312596875,False,REGULAR,USD,C,2026-10-30,74,776.3400268554688,2026-08-17T11:55:45+00:00
SPY261030C00832000,2026-08-13 14:28:41+00:00,832.0,3.75,0.0,0.0,0.0,0.0,2.0,19.0,0.0312596875,False,REGULAR,USD,C,2026-10-30,74,776.3400268554688,2026-08-17T11:55:45+00:00
SPY261030C00833000,2026-08-14 20:00:00+00:00,833.0,2.53,0.0,0.0,0.0,0.0,5.0,98.0,0.0312596875,False,REGULAR,USD,C,2026-10-30,74,776.3400268554688,2026-08-17T11:55:45+00:00
SPY261030C00834000,2026-08-14 13:54:23+00:00,834.0,2.95,0.0,0.0,0.0,0.0,2.0,108.0,0.0312596875,False,REGULAR,USD,C,2026-10-30,74,776.3400268554688,2026-08-17T11:55:45+00:00
SPY261030C00835000,2026-08-14 13:54:24+00:00,835.0,2.82,0.0,0.0,0.0,0.0,3.0,381.0,0.0312596875,False,REGULAR,USD,C,2026-10-30,74,776.3400268554688,2026-08-17T11:55:45+00:00
SPY261030C00840000,2026-08-14 19:26:25+00:00,840.0,1.79,0.0,0.0,0.0,0.0,30.0,268.0,0.0312596875,False,REGULAR,USD,C,2026-10-30,74,776.3400268554688,2026-08-17T11:55:45+00:00
SPY261030C00845000,2026-08-14 17:38:33+00:00,845.0,1.35,0.0,0.0,0.0,0.0,4.0,485.0,0.0312596875,False,REGULAR,USD,C,2026-10-30,74,776.3400268554688,2026-08-17T11:55:45+00:00
SPY261030C00850000,2026-08-14 20:12:46+00:00,850.0,1.07,0.0,0.0,0.0,0.0,33.0,1792.0,0.0312596875,False,REGULAR,USD,C,2026-10-30,74,776.3400268554688,2026-08-17T11:55:45+00:00
SPY261030C00855000,2026-08-14 14:34:25+00:00,855.0,0.98,0.0,0.0,0.0,0.0,4.0,262.0,0.0312596875,False,REGULAR,USD,C,2026-10-30,74,776.3400268554688,2026-08-17T11:55:45+00:00
SPY261030C00860000,2026-08-14 16:27:37+00:00,860.0,0.73,0.0,0.0,0.0,0.0,65.0,1392.0,0.062509375,False,REGULAR,USD,C,2026-10-30,74,776.3400268554688,2026-08-17T11:55:45+00:00
SPY261030C00865000,2026-08-14 16:40:16+00:00,865.0,0.56,0.0,0.0,0.0,0.0,4.0,883.0,0.062509375,False,REGULAR,USD,C,2026-10-30,74,776.3400268554688,2026-08-17T11:55:45+00:00
SPY261030C00870000,2026-08-14 13:34:27+00:00,870.0,0.53,0.0,0.0,0.0,0.0,5.0,486.0,0.062509375,False,REGULAR,USD,C,2026-10-30,74,776.3400268554688,2026-08-17T11:55:45+00:00
SPY261030C00875000,2026-08-13 13:41:11+00:00,875.0,0.42,0.0,0.0,0.0,0.0,8.0,324.0,0.062509375,False,REGULAR,USD,C,2026-10-30,74,776.3400268554688,2026-08-17T11:55:45+00:00
SPY261030C00880000,2026-08-13 17:19:50+00:00,880.0,0.36,0.0,0.0,0.0,0.0,290.0,520.0,0.062509375,False,REGULAR,USD,C,2026-10-30,74,776.3400268554688,2026-08-17T11:55:45+00:00
SPY261030C00885000,2026-08-13 20:13:43+00:00,885.0,0.3,0.0,0.0,0.0,0.0,2.0,272.0,0.062509375,False,REGULAR,USD,C,2026-10-30,74,776.3400268554688,2026-08-17T11:55:45+00:00
SPY261030C00890000,2026-08-14 14:55:12+00:00,890.0,0.22,0.0,0.0,0.0,0.0,1.0,216.0,0.062509375,False,REGULAR,USD,C,2026-10-30,74,776.3400268554688,2026-08-17T11:55:45+00:00
SPY261030C00895000,2026-08-07 14:28:31+00:00,895.0,0.27,0.0,0.0,0.0,0.0,2.0,63.0,0.062509375,False,REGULAR,USD,C,2026-10-30,74,776.3400268554688,2026-08-17T11:55:45+00:00
SPY261030C00900000,2026-08-14 19:51:26+00:00,900.0,0.13,0.0,0.0,0.0,0.0,16.0,1445.0,0.062509375,False,REGULAR,USD,C,2026-10-30,74,776.3400268554688,2026-08-17T11:55:45+00:00
SPY261030P00470000,2026-08-14 19:43:39+00:00,470.0,0.32,0.0,0.0,0.0,0.0,23.0,75707.0,0.2500075,False,REGULAR,USD,P,2026-10-30,74,776.3400268554688,2026-08-17T11:55:45+00:00
SPY261030P00475000,2026-08-14 16:44:50+00:00,475.0,0.36,0.0,0.0,0.0,0.0,34.0,119.0,0.2500075,False,REGULAR,USD,P,2026-10-30,74,776.3400268554688,2026-08-17T11:55:45+00:00
SPY261030P00480000,2026-08-13 15:20:57+00:00,480.0,0.38,0.0,0.0,0.0,0.0,150.0,429.0,0.2500075,False,REGULAR,USD,P,2026-10-30,74,776.3400268554688,2026-08-17T11:55:45+00:00
SPY261030P00485000,2026-08-07 14:55:33+00:00,485.0,0.5,0.0,0.0,0.0,0.0,9.0,39.0,0.2500075,False,REGULAR,USD,P,2026-10-30,74,776.3400268554688,2026-08-17T11:55:45+00:00
SPY261030P00490000,2026-08-12 17:19:46+00:00,490.0,0.44,0.0,0.0,0.0,0.0,38.0,259.0,0.2500075,False,REGULAR,USD,P,2026-10-30,74,776.3400268554688,2026-08-17T11:55:45+00:00
SPY261030P00495000,2026-08-13 17:49:48+00:00,495.0,0.43,0.0,0.0,0.0,0.0,4.0,155.0,0.2500075,False,REGULAR,USD,P,2026-10-30,74,776.3400268554688,2026-08-17T11:55:45+00:00
SPY261030P00500000,2026-08-14 19:59:33+00:00,500.0,0.44,0.0,0.0,0.0,0.0,41.0,1043.0,0.2500075,False,REGULAR,USD,P,2026-10-30,74,776.3400268554688,2026-08-17T11:55:45+00:00
SPY261030P00505000,2026-08-13 16:41:01+00:00,505.0,0.48,0.0,0.0,0.0,0.0,6.0,100.0,0.12500875,False,REGULAR,USD,P,2026-10-30,74,776.3400268554688,2026-08-17T11:55:45+00:00
SPY261030P00510000,2026-08-14 14:45:52+00:00,510.0,0.5,0.0,0.0,0.0,0.0,16.0,738.0,0.12500875,False,REGULAR,USD,P,2026-10-30,74,776.3400268554688,2026-08-17T11:55:45+00:00
SPY261030P00515000,2026-08-14 18:57:09+00:00,515.0,0.51,0.0,0.0,0.0,0.0,3.0,214.0,0.12500875,False,REGULAR,USD,P,2026-10-30,74,776.3400268554688,2026-08-17T11:55:45+00:00
SPY261030P00520000,2026-08-14 19:41:55+00:00,520.0,0.53,0.0,0.0,0.0,0.0,3.0,419.0,0.12500875,False,REGULAR,USD,P,2026-10-30,74,776.3400268554688,2026-08-17T11:55:45+00:00
SPY261030P00525000,2026-08-14 13:45:55+00:00,525.0,0.58,0.0,0.0,0.0,0.0,1.0,465.0,0.12500875,False,REGULAR,USD,P,2026-10-30,74,776.3400268554688,2026-08-17T11:55:45+00:00
SPY261030P00530000,2026-08-12 14:20:54+00:00,530.0,0.69,0.0,0.0,0.0,0.0,3.0,392.0,0.12500875,False,REGULAR,USD,P,2026-10-30,74,776.3400268554688,2026-08-17T11:55:45+00:00
SPY261030P00535000,2026-08-13 14:59:27+00:00,535.0,0.63,0.0,0.0,0.0,0.0,3.0,131.0,0.12500875,False,REGULAR,USD,P,2026-10-30,74,776.3400268554688,2026-08-17T11:55:45+00:00
SPY261030P00540000,2026-08-13 14:41:24+00:00,540.0,0.67,0.0,0.0,0.0,0.0,1.0,573.0,0.12500875,False,REGULAR,USD,P,2026-10-30,74,776.3400268554688,2026-08-17T11:55:45+00:00
SPY261030P00545000,2026-08-14 15:48:15+00:00,545.0,0.73,0.0,0.0,0.0,0.0,1.0,184.0,0.12500875,False,REGULAR,USD,P,2026-10-30,74,776.3400268554688,2026-08-17T11:55:45+00:00
SPY261030P00550000,2026-08-14 18:41:10+00:00,550.0,0.74,0.0,0.0,0.0,0.0,13.0,612.0,0.12500875,False,REGULAR,USD,P,2026-10-30,74,776.3400268554688,2026-08-17T11:55:45+00:00
SPY261030P00555000,2026-08-14 13:30:05+00:00,555.0,0.79,0.0,0.0,0.0,0.0,10.0,435.0,0.12500875,False,REGULAR,USD,P,2026-10-30,74,776.3400268554688,2026-08-17T11:55:45+00:00
SPY261030P00560000,2026-08-14 17:22:30+00:00,560.0,0.83,0.0,0.0,0.0,0.0,10.0,304.0,0.12500875,False,REGULAR,USD,P,2026-10-30,74,776.3400268554688,2026-08-17T11:55:45+00:00
SPY261030P00565000,2026-08-14 19:14:47+00:00,565.0,0.87,0.0,0.0,0.0,0.0,3.0,191.0,0.12500875,False,REGULAR,USD,P,2026-10-30,74,776.3400268554688,2026-08-17T11:55:45+00:00
SPY261030P00570000,2026-08-13 18:41:32+00:00,570.0,0.92,0.0,0.0,0.0,0.0,94.0,150540.0,0.12500875,False,REGULAR,USD,P,2026-10-30,74,776.3400268554688,2026-08-17T11:55:45+00:00
SPY261030P00575000,2026-08-14 19:10:49+00:00,575.0,0.96,0.0,0.0,0.0,0.0,8.0,921.0,0.12500875,False,REGULAR,USD,P,2026-10-30,74,776.3400268554688,2026-08-17T11:55:45+00:00
SPY261030P00580000,2026-08-14 18:11:17+00:00,580.0,1.01,0.0,0.0,0.0,0.0,27.0,516.0,0.12500875,False,REGULAR,USD,P,2026-10-30,74,776.3400268554688,2026-08-17T11:55:45+00:00
SPY261030P00585000,2026-08-14 19:14:58+00:00,585.0,1.08,0.0,0.0,0.0,0.0,16.0,291.0,0.12500875,False,REGULAR,USD,P,2026-10-30,74,776.3400268554688,2026-08-17T11:55:45+00:00
SPY261030P00590000,2026-08-14 19:10:49+00:00,590.0,1.12,0.0,0.0,0.0,0.0,5.0,516.0,0.12500875,False,REGULAR,USD,P,2026-10-30,74,776.3400268554688,2026-08-17T11:55:45+00:00
SPY261030P00595000,2026-08-14 19:59:44+00:00,595.0,1.19,0.0,0.0,0.0,0.0,168.0,21046.0,0.12500875,False,REGULAR,USD,P,2026-10-30,74,776.3400268554688,2026-08-17T11:55:45+00:00
SPY261030P00600000,2026-08-14 19:59:33+00:00,600.0,1.25,0.0,0.0,0.0,0.0,58.0,20506.0,0.12500875,False,REGULAR,USD,P,2026-10-30,74,776.3400268554688,2026-08-17T11:55:45+00:00
SPY261030P00605000,2026-08-13 14:11:04+00:00,605.0,1.36,0.0,0.0,0.0,0.0,2.0,540.0,0.12500875,False,REGULAR,USD,P,2026-10-30,74,776.3400268554688,2026-08-17T11:55:45+00:00
SPY261030P00610000,2026-08-14 13:32:12+00:00,610.0,1.39,0.0,0.0,0.0,0.0,1.0,524.0,0.12500875,False,REGULAR,USD,P,2026-10-30,74,776.3400268554688,2026-08-17T11:55:45+00:00
SPY261030P00615000,2026-08-14 16:36:36+00:00,615.0,1.5,0.0,0.0,0.0,0.0,1.0,293.0,0.12500875,False,REGULAR,USD,P,2026-10-30,74,776.3400268554688,2026-08-17T11:55:45+00:00
SPY261030P00620000,2026-08-14 17:05:28+00:00,620.0,1.58,0.0,0.0,0.0,0.0,20.0,1652.0,0.12500875,False,REGULAR,USD,P,2026-10-30,74,776.3400268554688,2026-08-17T11:55:45+00:00
SPY261030P00625000,2026-08-14 14:19:54+00:00,625.0,1.67,0.0,0.0,0.0,0.0,1.0,805.0,0.12500875,False,REGULAR,USD,P,2026-10-30,74,776.3400268554688,2026-08-17T11:55:45+00:00
SPY261030P00630000,2026-08-14 17:48:09+00:00,630.0,1.77,0.0,0.0,0.0,0.0,259.0,885.0,0.062509375,False,REGULAR,USD,P,2026-10-30,74,776.3400268554688,2026-08-17T11:55:45+00:00
SPY261030P00635000,2026-08-14 19:54:13+00:00,635.0,1.85,0.0,0.0,0.0,0.0,117.0,913.0,0.062509375,False,REGULAR,USD,P,2026-10-30,74,776.3400268554688,2026-08-17T11:55:45+00:00
SPY261030P00640000,2026-08-13 16:40:30+00:00,640.0,2.07,0.0,0.0,0.0,0.0,13.0,369.0,0.062509375,False,REGULAR,USD,P,2026-10-30,74,776.3400268554688,2026-08-17T11:55:45+00:00
SPY261030P00641000,2026-08-10 16:32:04+00:00,641.0,2.38,0.0,0.0,0.0,0.0,2.0,224.0,0.062509375,False,REGULAR,USD,P,2026-10-30,74,776.3400268554688,2026-08-17T11:55:45+00:00
SPY261030P00642000,2026-08-14 18:00:51+00:00,642.0,2.04,0.0,0.0,0.0,0.0,8.0,123.0,0.062509375,False,REGULAR,USD,P,2026-10-30,74,776.3400268554688,2026-08-17T11:55:45+00:00
SPY261030P00643000,2026-08-11 19:53:03+00:00,643.0,2.49,0.0,0.0,0.0,0.0,1.0,352.0,0.062509375,False,REGULAR,USD,P,2026-10-30,74,776.3400268554688,2026-08-17T11:55:45+00:00
SPY261030P00644000,2026-08-11 16:20:16+00:00,644.0,2.49,0.0,0.0,0.0,0.0,3.0,388.0,0.062509375,False,REGULAR,USD,P,2026-10-30,74,776.3400268554688,2026-08-17T11:55:45+00:00
SPY261030P00645000,2026-08-13 19:28:40+00:00,645.0,2.17,0.0,0.0,0.0,0.0,55.0,310.0,0.062509375,False,REGULAR,USD,P,2026-10-30,74,776.3400268554688,2026-08-17T11:55:45+00:00
SPY261030P00646000,2026-08-14 18:00:51+00:00,646.0,2.14,0.0,0.0,0.0,0.0,8.0,147.0,0.062509375,False,REGULAR,USD,P,2026-10-30,74,776.3400268554688,2026-08-17T11:55:45+00:00
SPY261030P00647000,2026-08-13 13:43:19+00:00,647.0,2.2,0.0,0.0,0.0,0.0,1.0,43.0,0.062509375,False,REGULAR,USD,P,2026-10-30,74,776.3400268554688,2026-08-17T11:55:45+00:00
SPY261030P00648000,2026-08-13 20:00:48+00:00,648.0,2.21,0.0,0.0,0.0,0.0,1.0,402.0,0.062509375,False,REGULAR,USD,P,2026-10-30,74,776.3400268554688,2026-08-17T11:55:45+00:00
SPY261030P00649000,2026-08-10 16:32:04+00:00,649.0,2.62,0.0,0.0,0.0,0.0,1.0,33.0,0.062509375,False,REGULAR,USD,P,2026-10-30,74,776.3400268554688,2026-08-17T11:55:45+00:00
SPY261030P00650000,2026-08-14 19:41:36+00:00,650.0,2.23,0.0,0.0,0.0,0.0,79.0,1585.0,0.062509375,False,REGULAR,USD,P,2026-10-30,74,776.3400268554688,2026-08-17T11:55:45+00:00
SPY261030P00651000,2026-08-10 18:21:51+00:00,651.0,2.73,0.0,0.0,0.0,0.0,6.0,55.0,0.062509375,False,REGULAR,USD,P,2026-10-30,74,776.3400268554688,2026-08-17T11:55:45+00:00
SPY261030P00652000,2026-08-10 16:32:04+00:00,652.0,2.72,0.0,0.0,0.0,0.0,2.0,324.0,0.062509375,False,REGULAR,USD,P,2026-10-30,74,776.3400268554688,2026-08-17T11:55:45+00:00
SPY261030P00653000,2026-08-10 16:32:04+00:00,653.0,2.76,0.0,0.0,0.0,0.0,1.0,263.0,0.062509375,False,REGULAR,USD,P,2026-10-30,74,776.3400268554688,2026-08-17T11:55:45+00:00
SPY261030P00654000,2026-08-13 14:33:39+00:00,654.0,2.38,0.0,0.0,0.0,0.0,2.0,61.0,0.062509375,False,REGULAR,USD,P,2026-10-30,74,776.3400268554688,2026-08-17T11:55:45+00:00
SPY261030P00655000,2026-08-14 16:06:26+00:00,655.0,2.45,0.0,0.0,0.0,0.0,3.0,169.0,0.062509375,False,REGULAR,USD,P,2026-10-30,74,776.3400268554688,2026-08-17T11:55:45+00:00
SPY261030P00656000,2026-08-13 17:04:31+00:00,656.0,2.51,0.0,0.0,0.0,0.0,7.0,26.0,0.062509375,False,REGULAR,USD,P,2026-10-30,74,776.3400268554688,2026-08-17T11:55:45+00:00
SPY261030P00657000,2026-08-12 18:45:05+00:00,657.0,2.61,0.0,0.0,0.0,0.0,2.0,65.0,0.062509375,False,REGULAR,USD,P,2026-10-30,74,776.3400268554688,2026-08-17T11:55:45+00:00
SPY261030P00658000,2026-08-13 13:30:02+00:00,658.0,2.57,0.0,0.0,0.0,0.0,6.0,62.0,0.062509375,False,REGULAR,USD,P,2026-10-30,74,776.3400268554688,2026-08-17T11:55:45+00:00
SPY261030P00659000,2026-08-10 16:32:04+00:00,659.0,2.98,0.0,0.0,0.0,0.0,1.0,64.0,0.062509375,False,REGULAR,USD,P,2026-10-30,74,776.3400268554688,2026-08-17T11:55:45+00:00
SPY261030P00660000,2026-08-14 19:32:02+00:00,660.0,2.55,0.0,0.0,0.0,0.0,9.0,515.0,0.062509375,False,REGULAR,USD,P,2026-10-30,74,776.3400268554688,2026-08-17T11:55:45+00:00
SPY261030P00661000,2026-08-13 13:30:02+00:00,661.0,2.68,0.0,0.0,0.0,0.0,1.0,54.0,0.062509375,False,REGULAR,USD,P,2026-10-30,74,776.3400268554688,2026-08-17T11:55:45+00:00
SPY261030P00662000,2026-08-14 17:58:51+00:00,662.0,2.62,0.0,0.0,0.0,0.0,1.0,96.0,0.062509375,False,REGULAR,USD,P,2026-10-30,74,776.3400268554688,2026-08-17T11:55:45+00:00
SPY261030P00663000,2026-08-13 18:05:55+00:00,663.0,2.73,0.0,0.0,0.0,0.0,2.0,43.0,0.062509375,False,REGULAR,USD,P,2026-10-30,74,776.3400268554688,2026-08-17T11:55:45+00:00
SPY261030P00664000,2026-08-13 14:09:12+00:00,664.0,2.73,0.0,0.0,0.0,0.0,10.0,66.0,0.062509375,False,REGULAR,USD,P,2026-10-30,74,776.3400268554688,2026-08-17T11:55:45+00:00
SPY261030P00665000,2026-08-13 16:37:04+00:00,665.0,2.83,0.0,0.0,0.0,0.0,4.0,322.0,0.062509375,False,REGULAR,USD,P,2026-10-30,74,776.3400268554688,2026-08-17T11:55:45+00:00
SPY261030P00666000,2026-08-13 19:57:17+00:00,666.0,2.8,0.0,0.0,0.0,0.0,1.0,43.0,0.062509375,False,REGULAR,USD,P,2026-10-30,74,776.3400268554688,2026-08-17T11:55:45+00:00
SPY261030P00667000,2026-08-13 18:45:32+00:00,667.0,2.83,0.0,0.0,0.0,0.0,10.0,46.0,0.062509375,False,REGULAR,USD,P,2026-10-30,74,776.3400268554688,2026-08-17T11:55:45+00:00
SPY261030P00668000,2026-08-14 14:47:44+00:00,668.0,2.84,0.0,0.0,0.0,0.0,1.0,51.0,0.062509375,False,REGULAR,USD,P,2026-10-30,74,776.3400268554688,2026-08-17T11:55:45+00:00
SPY261030P00669000,2026-08-14 14:47:16+00:00,669.0,2.87,0.0,0.0,0.0,0.0,1.0,50.0,0.062509375,False,REGULAR,USD,P,2026-10-30,74,776.3400268554688,2026-08-17T11:55:45+00:00
SPY261030P00670000,2026-08-14 13:30:01+00:00,670.0,2.83,0.0,0.0,0.0,0.0,1.0,75402.0,0.062509375,False,REGULAR,USD,P,2026-10-30,74,776.3400268554688,2026-08-17T11:55:45+00:00
SPY261030P00671000,2026-08-13 19:12:46+00:00,671.0,3.02,0.0,0.0,0.0,0.0,5.0,71.0,0.062509375,False,REGULAR,USD,P,2026-10-30,74,776.3400268554688,2026-08-17T11:55:45+00:00
SPY261030P00672000,2026-08-14 14:14:00+00:00,672.0,2.97,0.0,0.0,0.0,0.0,1.0,28.0,0.062509375,False,REGULAR,USD,P,2026-10-30,74,776.3400268554688,2026-08-17T11:55:45+00:00
SPY261030P00673000,2026-08-12 17:51:58+00:00,673.0,3.27,0.0,0.0,0.0,0.0,2.0,212.0,0.062509375,False,REGULAR,USD,P,2026-10-30,74,776.3400268554688,2026-08-17T11:55:45+00:00
SPY261030P00674000,2026-08-12 17:47:02+00:00,674.0,3.33,0.0,0.0,0.0,0.0,1.0,182.0,0.062509375,False,REGULAR,USD,P,2026-10-30,74,776.3400268554688,2026-08-17T11:55:45+00:00
SPY261030P00675000,2026-08-14 13:44:22+00:00,675.0,3.08,0.0,0.0,0.0,0.0,1.0,386.0,0.062509375,False,REGULAR,USD,P,2026-10-30,74,776.3400268554688,2026-08-17T11:55:45+00:00
SPY261030P00676000,2026-08-14 13:54:44+00:00,676.0,3.13,0.0,0.0,0.0,0.0,1.0,70.0,0.062509375,False,REGULAR,USD,P,2026-10-30,74,776.3400268554688,2026-08-17T11:55:45+00:00
SPY261030P00677000,2026-08-12 17:51:54+00:00,677.0,3.46,0.0,0.0,0.0,0.0,46.0,164.0,0.062509375,False,REGULAR,USD,P,2026-10-30,74,776.3400268554688,2026-08-17T11:55:45+00:00
SPY261030P00678000,2026-08-14 14:38:38+00:00,678.0,3.28,0.0,0.0,0.0,0.0,1.0,284.0,0.062509375,False,REGULAR,USD,P,2026-10-30,74,776.3400268554688,2026-08-17T11:55:45+00:00
SPY261030P00679000,2026-08-12 18:45:38+00:00,679.0,3.51,0.0,0.0,0.0,0.0,49.0,271.0,0.062509375,False,REGULAR,USD,P,2026-10-30,74,776.3400268554688,2026-08-17T11:55:45+00:00
SPY261030P00680000,2026-08-14 19:54:05+00:00,680.0,3.31,0.0,0.0,0.0,0.0,61.0,1126.0,0.062509375,False,REGULAR,USD,P,2026-10-30,74,776.3400268554688,2026-08-17T11:55:45+00:00
SPY261030P00681000,2026-08-14 13:54:44+00:00,681.0,3.35,0.0,0.0,0.0,0.0,1.0,269.0,0.062509375,False,REGULAR,USD,P,2026-10-30,74,776.3400268554688,2026-08-17T11:55:45+00:00
SPY261030P00682000,2026-08-11 14:18:38+00:00,682.0,4.05,0.0,0.0,0.0,0.0,2.0,129.0,0.062509375,False,REGULAR,USD,P,2026-10-30,74,776.3400268554688,2026-08-17T11:55:45+00:00
SPY261030P00683000,2026-08-14 18:12:23+00:00,683.0,3.49,0.0,0.0,0.0,0.0,41.0,1670.0,0.062509375,False,REGULAR,USD,P,2026-10-30,74,776.3400268554688,2026-08-17T11:55:45+00:00
SPY261030P00684000,2026-08-12 17:51:47+00:00,684.0,3.82,0.0,0.0,0.0,0.0,2.0,481.0,0.062509375,False,REGULAR,USD,P,2026-10-30,74,776.3400268554688,2026-08-17T11:55:45+00:00
SPY261030P00685000,2026-08-14 14:58:33+00:00,685.0,3.6,0.0,0.0,0.0,0.0,2.0,1324.0,0.062509375,False,REGULAR,USD,P,2026-10-30,74,776.3400268554688,2026-08-17T11:55:45+00:00
SPY261030P00686000,2026-08-04 15:58:19+00:00,686.0,4.99,0.0,0.0,0.0,0.0,2.0,299.0,0.062509375,False,REGULAR,USD,P,2026-10-30,74,776.3400268554688,2026-08-17T11:55:45+00:00
SPY261030P00687000,2026-08-11 13:32:17+00:00,687.0,4.34,0.0,0.0,0.0,0.0,1.0,153.0,0.062509375,False,REGULAR,USD,P,2026-10-30,74,776.3400268554688,2026-08-17T11:55:45+00:00
SPY261030P00688000,2026-08-14 14:47:44+00:00,688.0,3.72,0.0,0.0,0.0,0.0,1.0,1173.0,0.062509375,False,REGULAR,USD,P,2026-10-30,74,776.3400268554688,2026-08-17T11:55:45+00:00
SPY261030P00689000,2026-08-12 17:08:46+00:00,689.0,4.11,0.0,0.0,0.0,0.0,62.0,1284.0,0.062509375,False,REGULAR,USD,P,2026-10-30,74,776.3400268554688,2026-08-17T11:55:45+00:00
SPY261030P00690000,2026-08-14 19:54:05+00:00,690.0,3.82,0.0,0.0,0.0,0.0,8.0,1203.0,0.062509375,False,REGULAR,USD,P,2026-10-30,74,776.3400268554688,2026-08-17T11:55:45+00:00
SPY261030P00691000,2026-08-07 15:28:16+00:00,691.0,4.68,0.0,0.0,0.0,0.0,1.0,153.0,0.062509375,False,REGULAR,USD,P,2026-10-30,74,776.3400268554688,2026-08-17T11:55:45+00:00
SPY261030P00692000,2026-08-13 20:04:51+00:00,692.0,3.96,0.0,0.0,0.0,0.0,1.0,62.0,0.062509375,False,REGULAR,USD,P,2026-10-30,74,776.3400268554688,2026-08-17T11:55:45+00:00
SPY261030P00693000,2026-08-12 17:53:48+00:00,693.0,4.34,0.0,0.0,0.0,0.0,56.0,634.0,0.062509375,False,REGULAR,USD,P,2026-10-30,74,776.3400268554688,2026-08-17T11:55:45+00:00
SPY261030P00694000,2026-08-10 14:20:31+00:00,694.0,4.65,0.0,0.0,0.0,0.0,1.0,46.0,0.062509375,False,REGULAR,USD,P,2026-10-30,74,776.3400268554688,2026-08-17T11:55:45+00:00
SPY261030P00695000,2026-08-14 13:33:34+00:00,695.0,4.04,0.0,0.0,0.0,0.0,3.0,954.0,0.062509375,False,REGULAR,USD,P,2026-10-30,74,776.3400268554688,2026-08-17T11:55:45+00:00
SPY261030P00696000,2026-08-13 16:27:30+00:00,696.0,4.35,0.0,0.0,0.0,0.0,2.0,242.0,0.062509375,False,REGULAR,USD,P,2026-10-30,74,776.3400268554688,2026-08-17T11:55:45+00:00
SPY261030P00697000,2026-08-14 14:24:26+00:00,697.0,4.29,0.0,0.0,0.0,0.0,40.0,311.0,0.062509375,False,REGULAR,USD,P,2026-10-30,74,776.3400268554688,2026-08-17T11:55:45+00:00
SPY261030P00698000,2026-08-14 17:12:30+00:00,698.0,4.37,0.0,0.0,0.0,0.0,41.0,495.0,0.062509375,False,REGULAR,USD,P,2026-10-30,74,776.3400268554688,2026-08-17T11:55:45+00:00
SPY261030P00699000,2026-08-14 19:59:38+00:00,699.0,4.35,0.0,0.0,0.0,0.0,4.0,311.0,0.062509375,False,REGULAR,USD,P,2026-10-30,74,776.3400268554688,2026-08-17T11:55:45+00:00
SPY261030P00700000,2026-08-14 20:12:56+00:00,700.0,4.44,0.0,0.0,0.0,0.0,191.0,2693.0,0.062509375,False,REGULAR,USD,P,2026-10-30,74,776.3400268554688,2026-08-17T11:55:45+00:00
SPY261030P00701000,2026-08-13 13:46:38+00:00,701.0,4.55,0.0,0.0,0.0,0.0,1.0,159.0,0.062509375,False,REGULAR,USD,P,2026-10-30,74,776.3400268554688,2026-08-17T11:55:45+00:00
SPY261030P00702000,2026-08-14 15:55:58+00:00,702.0,4.74,0.0,0.0,0.0,0.0,207.0,271.0,0.062509375,False,REGULAR,USD,P,2026-10-30,74,776.3400268554688,2026-08-17T11:55:45+00:00
SPY261030P00703000,2026-08-14 14:20:26+00:00,703.0,4.7,0.0,0.0,0.0,0.0,1.0,84.0,0.0312596875,False,REGULAR,USD,P,2026-10-30,74,776.3400268554688,2026-08-17T11:55:45+00:00
SPY261030P00704000,2026-08-12 17:55:57+00:00,704.0,5.15,0.0,0.0,0.0,0.0,2.0,60.0,0.0312596875,False,REGULAR,USD,P,2026-10-30,74,776.3400268554688,2026-08-17T11:55:45+00:00
SPY261030P00705000,2026-08-14 19:02:19+00:00,705.0,4.83,0.0,0.0,0.0,0.0,7.0,229.0,0.0312596875,False,REGULAR,USD,P,2026-10-30,74,776.3400268554688,2026-08-17T11:55:45+00:00
SPY261030P00706000,2026-08-11 16:11:36+00:00,706.0,5.83,0.0,0.0,0.0,0.0,1.0,176.0,0.0312596875,False,REGULAR,USD,P,2026-10-30,74,776.3400268554688,2026-08-17T11:55:45+00:00
SPY261030P00707000,2026-08-14 19:59:42+00:00,707.0,4.93,0.0,0.0,0.0,0.0,169.0,20850.0,0.0312596875,False,REGULAR,USD,P,2026-10-30,74,776.3400268554688,2026-08-17T11:55:45+00:00
SPY261030P00708000,2026-08-14 15:35:25+00:00,708.0,5.18,0.0,0.0,0.0,0.0,1.0,109.0,0.0312596875,False,REGULAR,USD,P,2026-10-30,74,776.3400268554688,2026-08-17T11:55:45+00:00
SPY261030P00709000,2026-08-12 14:31:23+00:00,709.0,5.76,0.0,0.0,0.0,0.0,2.0,353.0,0.0312596875,False,REGULAR,USD,P,2026-10-30,74,776.3400268554688,2026-08-17T11:55:45+00:00
SPY261030P00710000,2026-08-14 19:24:10+00:00,710.0,5.2,0.0,0.0,0.0,0.0,70.0,1674.0,0.0312596875,False,REGULAR,USD,P,2026-10-30,74,776.3400268554688,2026-08-17T11:55:45+00:00
SPY261030P00711000,2026-08-12 14:31:14+00:00,711.0,5.99,0.0,0.0,0.0,0.0,1.0,100.0,0.0312596875,False,REGULAR,USD,P,2026-10-30,74,776.3400268554688,2026-08-17T11:55:45+00:00
SPY261030P00712000,2026-08-14 14:38:41+00:00,712.0,5.38,0.0,0.0,0.0,0.0,7.0,276.0,0.0312596875,False,REGULAR,USD,P,2026-10-30,74,776.3400268554688,2026-08-17T11:55:45+00:00
SPY261030P00713000,2026-08-12 18:26:14+00:00,713.0,5.88,0.0,0.0,0.0,0.0,1.0,745.0,0.0312596875,False,REGULAR,USD,P,2026-10-30,74,776.3400268554688,2026-08-17T11:55:45+00:00
SPY261030P00714000,2026-08-14 14:57:02+00:00,714.0,5.59,0.0,0.0,0.0,0.0,1.0,115.0,0.0312596875,False,REGULAR,USD,P,2026-10-30,74,776.3400268554688,2026-08-17T11:55:45+00:00
SPY261030P00715000,2026-08-14 15:23:23+00:00,715.0,5.75,0.0,0.0,0.0,0.0,1.0,850.0,0.0312596875,False,REGULAR,USD,P,2026-10-30,74,776.3400268554688,2026-08-17T11:55:45+00:00
SPY261030P00716000,2026-08-14 20:09:31+00:00,716.0,5.71,0.0,0.0,0.0,0.0,111.0,189.0,0.0312596875,False,REGULAR,USD,P,2026-10-30,74,776.3400268554688,2026-08-17T11:55:45+00:00
SPY261030P00717000,2026-08-14 14:39:17+00:00,717.0,5.82,0.0,0.0,0.0,0.0,52.0,227.0,0.0312596875,False,REGULAR,USD,P,2026-10-30,74,776.3400268554688,2026-08-17T11:55:45+00:00
SPY261030P00718000,2026-08-12 18:24:50+00:00,718.0,6.38,0.0,0.0,0.0,0.0,1.0,88.0,0.0312596875,False,REGULAR,USD,P,2026-10-30,74,776.3400268554688,2026-08-17T11:55:45+00:00
SPY261030P00719000,2026-08-14 18:42:25+00:00,719.0,6.01,0.0,0.0,0.0,0.0,75.0,238.0,0.0312596875,False,REGULAR,USD,P,2026-10-30,74,776.3400268554688,2026-08-17T11:55:45+00:00
SPY261030P00720000,2026-08-14 19:09:33+00:00,720.0,6.14,0.0,0.0,0.0,0.0,64.0,1036.0,0.0312596875,False,REGULAR,USD,P,2026-10-30,74,776.3400268554688,2026-08-17T11:55:45+00:00
SPY261030P00721000,2026-08-12 15:21:33+00:00,721.0,7.02,0.0,0.0,0.0,0.0,1.0,131.0,0.0312596875,False,REGULAR,USD,P,2026-10-30,74,776.3400268554688,2026-08-17T11:55:45+00:00
SPY261030P00722000,2026-08-14 16:23:46+00:00,722.0,6.4,0.0,0.0,0.0,0.0,2.0,98.0,0.0312596875,False,REGULAR,USD,P,2026-10-30,74,776.3400268554688,2026-08-17T11:55:45+00:00
SPY261030P00723000,2026-08-11 17:00:04+00:00,723.0,7.75,0.0,0.0,0.0,0.0,1.0,51.0,0.0312596875,False,REGULAR,USD,P,2026-10-30,74,776.3400268554688,2026-08-17T11:55:45+00:00
SPY261030P00724000,2026-08-13 13:56:55+00:00,724.0,6.57,0.0,0.0,0.0,0.0,5.0,121.0,0.0312596875,False,REGULAR,USD,P,2026-10-30,74,776.3400268554688,2026-08-17T11:55:45+00:00
SPY261030P00725000,2026-08-14 18:37:41+00:00,725.0,6.66,0.0,0.0,0.0,0.0,152.0,1430.0,0.0312596875,False,REGULAR,USD,P,2026-10-30,74,776.3400268554688,2026-08-17T11:55:45+00:00
SPY261030P00726000,2026-08-14 15:26:34+00:00,726.0,6.94,0.0,0.0,0.0,0.0,1.0,85.0,0.0312596875,False,REGULAR,USD,P,2026-10-30,74,776.3400268554688,2026-08-17T11:55:45+00:00
SPY261030P00727000,2026-08-14 18:37:41+00:00,727.0,6.9,0.0,0.0,0.0,0.0,12.0,218.0,0.0312596875,False,REGULAR,USD,P,2026-10-30,74,776.3400268554688,2026-08-17T11:55:45+00:00
SPY261030P00728000,2026-08-14 17:19:06+00:00,728.0,7.06,0.0,0.0,0.0,0.0,1.0,95.0,0.0312596875,False,REGULAR,USD,P,2026-10-30,74,776.3400268554688,2026-08-17T11:55:45+00:00
SPY261030P00729000,2026-08-14 16:15:07+00:00,729.0,7.2,0.0,0.0,0.0,0.0,1.0,91.0,0.0312596875,False,REGULAR,USD,P,2026-10-30,74,776.3400268554688,2026-08-17T11:55:45+00:00
SPY261030P00730000,2026-08-14 19:49:47+00:00,730.0,7.16,0.0,0.0,0.0,0.0,38.0,1579.0,0.0312596875,False,REGULAR,USD,P,2026-10-30,74,776.3400268554688,2026-08-17T11:55:45+00:00
SPY261030P00731000,2026-08-13 14:21:35+00:00,731.0,7.31,0.0,0.0,0.0,0.0,3.0,55.0,0.0312596875,False,REGULAR,USD,P,2026-10-30,74,776.3400268554688,2026-08-17T11:55:45+00:00
SPY261030P00732000,2026-08-14 17:17:36+00:00,732.0,7.59,0.0,0.0,0.0,0.0,11.0,370.0,0.0312596875,False,REGULAR,USD,P,2026-10-30,74,776.3400268554688,2026-08-17T11:55:45+00:00
SPY261030P00733000,2026-08-13 18:59:33+00:00,733.0,7.69,0.0,0.0,0.0,0.0,7.0,163.0,0.0312596875,False,REGULAR,USD,P,2026-10-30,74,776.3400268554688,2026-08-17T11:55:45+00:00
SPY261030P00734000,2026-08-14 18:13:31+00:00,734.0,7.72,0.0,0.0,0.0,0.0,30.0,295.0,0.0312596875,False,REGULAR,USD,P,2026-10-30,74,776.3400268554688,2026-08-17T11:55:45+00:00
SPY261030P00735000,2026-08-14 18:46:19+00:00,735.0,7.93,0.0,0.0,0.0,0.0,90.0,1907.0,0.0312596875,False,REGULAR,USD,P,2026-10-30,74,776.3400268554688,2026-08-17T11:55:45+00:00
SPY261030P00736000,2026-08-14 18:03:39+00:00,736.0,8.07,0.0,0.0,0.0,0.0,1.0,124.0,0.0312596875,False,REGULAR,USD,P,2026-10-30,74,776.3400268554688,2026-08-17T11:55:45+00:00
SPY261030P00737000,2026-08-14 17:15:33+00:00,737.0,8.28,0.0,0.0,0.0,0.0,5.0,155.0,0.0312596875,False,REGULAR,USD,P,2026-10-30,74,776.3400268554688,2026-08-17T11:55:45+00:00
SPY261030P00738000,2026-08-14 19:20:55+00:00,738.0,8.37,0.0,0.0,0.0,0.0,19.0,1148.0,0.0312596875,False,REGULAR,USD,P,2026-10-30,74,776.3400268554688,2026-08-17T11:55:45+00:00
SPY261030P00739000,2026-08-14 20:04:49+00:00,739.0,8.47,0.0,0.0,0.0,0.0,1.0,226.0,0.0312596875,False,REGULAR,USD,P,2026-10-30,74,776.3400268554688,2026-08-17T11:55:45+00:00
SPY261030P00740000,2026-08-14 19:09:33+00:00,740.0,8.71,0.0,0.0,0.0,0.0,55.0,1764.0,0.0312596875,False,REGULAR,USD,P,2026-10-30,74,776.3400268554688,2026-08-17T11:55:45+00:00
SPY261030P00741000,2026-08-14 19:47:12+00:00,741.0,8.8,0.0,0.0,0.0,0.0,1.0,128.0,0.015634843750000002,False,REGULAR,USD,P,2026-10-30,74,776.3400268554688,2026-08-17T11:55:45+00:00
SPY261030P00742000,2026-08-13 18:48:59+00:00,742.0,8.99,0.0,0.0,0.0,0.0,8.0,334.0,0.015634843750000002,False,REGULAR,USD,P,2026-10-30,74,776.3400268554688,2026-08-17T11:55:45+00:00
SPY261030P00743000,2026-08-12 19:07:55+00:00,743.0,9.86,0.0,0.0,0.0,0.0,4.0,408.0,0.015634843750000002,False,REGULAR,USD,P,2026-10-30,74,776.3400268554688,2026-08-17T11:55:45+00:00
SPY261030P00744000,2026-08-14 13:29:59+00:00,744.0,8.96,0.0,0.0,0.0,0.0,3.0,110.0,0.015634843750000002,False,REGULAR,USD,P,2026-10-30,74,776.3400268554688,2026-08-17T11:55:45+00:00
SPY261030P00745000,2026-08-14 14:41:03+00:00,745.0,9.5,0.0,0.0,0.0,0.0,2.0,1287.0,0.015634843750000002,False,REGULAR,USD,P,2026-10-30,74,776.3400268554688,2026-08-17T11:55:45+00:00
SPY261030P00746000,2026-08-13 14:51:54+00:00,746.0,9.52,0.0,0.0,0.0,0.0,4.0,563.0,0.015634843750000002,False,REGULAR,USD,P,2026-10-30,74,776.3400268554688,2026-08-17T11:55:45+00:00
SPY261030P00747000,2026-08-14 20:13:52+00:00,747.0,9.88,0.0,0.0,0.0,0.0,5.0,17.0,0.015634843750000002,False,REGULAR,USD,P,2026-10-30,74,776.3400268554688,2026-08-17T11:55:45+00:00
SPY261030P00748000,2026-08-13 14:48:45+00:00,748.0,9.96,0.0,0.0,0.0,0.0,5.0,201.0,0.015634843750000002,False,REGULAR,USD,P,2026-10-30,74,776.3400268554688,2026-08-17T11:55:45+00:00
SPY261030P00749000,2026-08-13 18:41:45+00:00,749.0,10.25,0.0,0.0,0.0,0.0,16.0,215.0,0.015634843750000002,False,REGULAR,USD,P,2026-10-30,74,776.3400268554688,2026-08-17T11:55:45+00:00
SPY261030P00750000,2026-08-14 19:45:15+00:00,750.0,10.42,0.0,0.0,0.0,0.0,131.0,3369.0,0.015634843750000002,False,REGULAR,USD,P,2026-10-30,74,776.3400268554688,2026-08-17T11:55:45+00:00
SPY261030P00751000,2026-08-14 16:41:40+00:00,751.0,10.81,0.0,0.0,0.0,0.0,9.0,297.0,0.015634843750000002,False,REGULAR,USD,P,2026-10-30,74,776.3400268554688,2026-08-17T11:55:45+00:00
SPY261030P00752000,2026-08-14 16:29:19+00:00,752.0,10.93,0.0,0.0,0.0,0.0,7.0,267.0,0.015634843750000002,False,REGULAR,USD,P,2026-10-30,74,776.3400268554688,2026-08-17T11:55:45+00:00
SPY261030P00753000,2026-08-14 14:54:57+00:00,753.0,11.08,0.0,0.0,0.0,0.0,2.0,9.0,0.015634843750000002,False,REGULAR,USD,P,2026-10-30,74,776.3400268554688,2026-08-17T11:55:45+00:00
SPY261030P00754000,2026-08-14 19:30:04+00:00,754.0,11.32,0.0,0.0,0.0,0.0,2.0,106.0,0.015634843750000002,False,REGULAR,USD,P,2026-10-30,74,776.3400268554688,2026-08-17T11:55:45+00:00
SPY261030P00755000,2026-08-14 19:56:37+00:00,755.0,11.54,0.0,0.0,0.0,0.0,55.0,966.0,0.015634843750000002,False,REGULAR,USD,P,2026-10-30,74,776.3400268554688,2026-08-17T11:55:45+00:00
SPY261030P00756000,2026-08-14 18:12:51+00:00,756.0,11.79,0.0,0.0,0.0,0.0,405.0,502.0,0.015634843750000002,False,REGULAR,USD,P,2026-10-30,74,776.3400268554688,2026-08-17T11:55:45+00:00
SPY261030P00757000,2026-08-14 15:32:16+00:00,757.0,12.3,0.0,0.0,0.0,0.0,4.0,214.0,0.015634843750000002,False,REGULAR,USD,P,2026-10-30,74,776.3400268554688,2026-08-17T11:55:45+00:00
SPY261030P00758000,2026-08-14 18:28:33+00:00,758.0,12.29,0.0,0.0,0.0,0.0,4.0,77.0,0.015634843750000002,False,REGULAR,USD,P,2026-10-30,74,776.3400268554688,2026-08-17T11:55:45+00:00
SPY261030P00759000,2026-08-14 19:30:04+00:00,759.0,12.52,0.0,0.0,0.0,0.0,3.0,9.0,0.007822421875,False,REGULAR,USD,P,2026-10-30,74,776.3400268554688,2026-08-17T11:55:45+00:00
SPY261030P00760000,2026-08-14 20:11:42+00:00,760.0,12.81,0.0,0.0,0.0,0.0,97.0,957.0,0.007822421875,False,REGULAR,USD,P,2026-10-30,74,776.3400268554688,2026-08-17T11:55:45+00:00
SPY261030P00761000,2026-08-11 18:29:20+00:00,761.0,15.77,0.0,0.0,0.0,0.0,4.0,31.0,0.007822421875,False,REGULAR,USD,P,2026-10-30,74,776.3400268554688,2026-08-17T11:55:45+00:00
SPY261030P00762000,2026-08-14 17:17:36+00:00,762.0,13.51,0.0,0.0,0.0,0.0,1.0,18.0,0.007822421875,False,REGULAR,USD,P,2026-10-30,74,776.3400268554688,2026-08-17T11:55:45+00:00
SPY261030P00763000,2026-08-14 18:03:42+00:00,763.0,13.66,0.0,0.0,0.0,0.0,1.0,27.0,0.007822421875,False,REGULAR,USD,P,2026-10-30,74,776.3400268554688,2026-08-17T11:55:45+00:00
SPY261030P00764000,2026-08-13 13:35:29+00:00,764.0,14.17,0.0,0.0,0.0,0.0,1.0,31.0,0.007822421875,False,REGULAR,USD,P,2026-10-30,74,776.3400268554688,2026-08-17T11:55:45+00:00
SPY261030P00765000,2026-08-14 18:57:40+00:00,765.0,14.15,0.0,0.0,0.0,0.0,19.0,798.0,0.007822421875,False,REGULAR,USD,P,2026-10-30,74,776.3400268554688,2026-08-17T11:55:45+00:00
SPY261030P00766000,2026-08-12 15:01:39+00:00,766.0,16.36,0.0,0.0,0.0,0.0,128.0,22.0,0.007822421875,False,REGULAR,USD,P,2026-10-30,74,776.3400268554688,2026-08-17T11:55:45+00:00
SPY261030P00767000,2026-08-14 15:12:20+00:00,767.0,14.86,0.0,0.0,0.0,0.0,1.0,65.0,0.007822421875,False,REGULAR,USD,P,2026-10-30,74,776.3400268554688,2026-08-17T11:55:45+00:00
SPY261030P00768000,2026-08-14 15:16:19+00:00,768.0,15.25,0.0,0.0,0.0,0.0,1.0,72.0,0.007822421875,False,REGULAR,USD,P,2026-10-30,74,776.3400268554688,2026-08-17T11:55:45+00:00
SPY261030P00769000,2026-08-14 15:59:27+00:00,769.0,15.68,0.0,0.0,0.0,0.0,100.0,139.0,0.0039162109375,False,REGULAR,USD,P,2026-10-30,74,776.3400268554688,2026-08-17T11:55:45+00:00
SPY261030P00770000,2026-08-14 19:57:42+00:00,770.0,15.81,0.0,0.0,0.0,0.0,363.0,2775.0,0.0039162109375,False,REGULAR,USD,P,2026-10-30,74,776.3400268554688,2026-08-17T11:55:45+00:00
SPY261030P00771000,2026-08-14 13:34:38+00:00,771.0,15.63,0.0,0.0,0.0,0.0,1.0,27.0,0.0039162109375,False,REGULAR,USD,P,2026-10-30,74,776.3400268554688,2026-08-17T11:55:45+00:00
SPY261030P00772000,2026-08-14 14:22:20+00:00,772.0,16.33,0.0,0.0,0.0,0.0,24.0,209.0,0.0039162109375,False,REGULAR,USD,P,2026-10-30,74,776.3400268554688,2026-08-17T11:55:45+00:00
SPY261030P00773000,2026-08-14 19:58:44+00:00,773.0,16.86,0.0,0.0,0.0,0.0,112.0,194.0,0.00196310546875,False,REGULAR,USD,P,2026-10-30,74,776.3400268554688,2026-08-17T11:55:45+00:00
SPY261030P00774000,2026-08-14 18:28:33+00:00,774.0,17.25,0.0,0.0,0.0,0.0,13.0,190.0,0.00196310546875,False,REGULAR,USD,P,2026-10-30,74,776.3400268554688,2026-08-17T11:55:45+00:00
SPY261030P00775000,2026-08-14 19:57:14+00:00,775.0,17.63,0.0,0.0,0.0,0.0,110.0,281.0,0.000986552734375,False,REGULAR,USD,P,2026-10-30,74,776.3400268554688,2026-08-17T11:55:45+00:00
SPY261030P00776000,2026-08-14 20:14:30+00:00,776.0,18.02,0.0,0.0,0.0,0.0,112.0,244.0,0.00025413818359375,False,REGULAR,USD,P,2026-10-30,74,776.3400268554688,2026-08-17T11:55:45+00:00
SPY261030P00777000,2026-08-14 20:14:36+00:00,777.0,18.4,0.0,0.0,0.0,0.0,172.0,655.0,1.0000000000000003e-05,True,REGULAR,USD,P,2026-10-30,74,776.3400268554688,2026-08-17T11:55:45+00:00
SPY261030P00778000,2026-08-14 16:33:25+00:00,778.0,18.9,0.0,0.0,0.0,0.0,47.0,59.0,1.0000000000000003e-05,True,REGULAR,USD,P,2026-10-30,74,776.3400268554688,2026-08-17T11:55:45+00:00
SPY261030P00779000,2026-08-14 19:59:19+00:00,779.0,19.17,0.0,0.0,0.0,0.0,41.0,39.0,1.0000000000000003e-05,True,REGULAR,USD,P,2026-10-30,74,776.3400268554688,2026-08-17T11:55:45+00:00
SPY261030P00780000,2026-08-14 20:01:24+00:00,780.0,19.59,0.0,0.0,0.0,0.0,78.0,151.0,1.0000000000000003e-05,True,REGULAR,USD,P,2026-10-30,74,776.3400268554688,2026-08-17T11:55:45+00:00
SPY261030P00781000,2026-08-14 15:21:59+00:00,781.0,20.2,0.0,0.0,0.0,0.0,2.0,3.0,1.0000000000000003e-05,True,REGULAR,USD,P,2026-10-30,74,776.3400268554688,2026-08-17T11:55:45+00:00
SPY261030P00782000,2026-08-14 16:00:39+00:00,782.0,20.6,0.0,0.0,0.0,0.0,2.0,307.0,1.0000000000000003e-05,True,REGULAR,USD,P,2026-10-30,74,776.3400268554688,2026-08-17T11:55:45+00:00
SPY261030P00783000,2026-08-14 19:40:14+00:00,783.0,20.87,0.0,0.0,0.0,0.0,21.0,9.0,1.0000000000000003e-05,True,REGULAR,USD,P,2026-10-30,74,776.3400268554688,2026-08-17T11:55:45+00:00
SPY261030P00784000,2026-08-14 19:40:14+00:00,784.0,21.33,0.0,0.0,0.0,0.0,,163.0,1.0000000000000003e-05,True,REGULAR,USD,P,2026-10-30,74,776.3400268554688,2026-08-17T11:55:45+00:00
SPY261030P00785000,2026-08-14 19:35:30+00:00,785.0,21.78,0.0,0.0,0.0,0.0,3.0,186.0,1.0000000000000003e-05,True,REGULAR,USD,P,2026-10-30,74,776.3400268554688,2026-08-17T11:55:45+00:00
SPY261030P00786000,2026-08-13 16:33:59+00:00,786.0,22.53,0.0,0.0,0.0,0.0,,1.0,1.0000000000000003e-05,True,REGULAR,USD,P,2026-10-30,74,776.3400268554688,2026-08-17T11:55:45+00:00
SPY261030P00787000,2026-08-14 16:05:13+00:00,787.0,22.97,0.0,0.0,0.0,0.0,3.0,7.0,1.0000000000000003e-05,True,REGULAR,USD,P,2026-10-30,74,776.3400268554688,2026-08-17T11:55:45+00:00
SPY261030P00788000,2026-08-14 13:56:23+00:00,788.0,22.68,0.0,0.0,0.0,0.0,6.0,66.0,1.0000000000000003e-05,True,REGULAR,USD,P,2026-10-30,74,776.3400268554688,2026-08-17T11:55:45+00:00
SPY261030P00789000,2026-08-13 15:12:20+00:00,789.0,23.68,0.0,0.0,0.0,0.0,115.0,105.0,1.0000000000000003e-05,True,REGULAR,USD,P,2026-10-30,74,776.3400268554688,2026-08-17T11:55:45+00:00
SPY261030P00790000,2026-08-14 19:56:16+00:00,790.0,24.43,0.0,0.0,0.0,0.0,64.0,203.0,1.0000000000000003e-05,True,REGULAR,USD,P,2026-10-30,74,776.3400268554688,2026-08-17T11:55:45+00:00
SPY261030P00791000,2026-08-04 15:17:25+00:00,791.0,31.9,0.0,0.0,0.0,0.0,35.0,31.0,1.0000000000000003e-05,True,REGULAR,USD,P,2026-10-30,74,776.3400268554688,2026-08-17T11:55:45+00:00
SPY261030P00793000,2026-08-13 16:31:20+00:00,793.0,26.23,0.0,0.0,0.0,0.0,,85.0,1.0000000000000003e-05,True,REGULAR,USD,P,2026-10-30,74,776.3400268554688,2026-08-17T11:55:45+00:00
SPY261030P00794000,2026-08-14 16:18:03+00:00,794.0,26.55,0.0,0.0,0.0,0.0,,1.0,1.0000000000000003e-05,True,REGULAR,USD,P,2026-10-30,74,776.3400268554688,2026-08-17T11:55:45+00:00
SPY261030P00795000,2026-08-14 14:05:41+00:00,795.0,26.2,0.0,0.0,0.0,0.0,1.0,2.0,1.0000000000000003e-05,True,REGULAR,USD,P,2026-10-30,74,776.3400268554688,2026-08-17T11:55:45+00:00
SPY261030P00797000,2026-08-13 14:08:18+00:00,797.0,27.91,0.0,0.0,0.0,0.0,1.0,1.0,1.0000000000000003e-05,True,REGULAR,USD,P,2026-10-30,74,776.3400268554688,2026-08-17T11:55:45+00:00
SPY261030P00798000,2026-08-07 13:47:25+00:00,798.0,33.3,0.0,0.0,0.0,0.0,2.0,3.0,1.0000000000000003e-05,True,REGULAR,USD,P,2026-10-30,74,776.3400268554688,2026-08-17T11:55:45+00:00
SPY261030P00799000,2026-08-14 19:54:07+00:00,799.0,29.73,0.0,0.0,0.0,0.0,1.0,2.0,1.0000000000000003e-05,True,REGULAR,USD,P,2026-10-30,74,776.3400268554688,2026-08-17T11:55:45+00:00
SPY261030P00800000,2026-08-14 19:34:19+00:00,800.0,30.23,0.0,0.0,0.0,0.0,11.0,63.0,1.0000000000000003e-05,True,REGULAR,USD,P,2026-10-30,74,776.3400268554688,2026-08-17T11:55:45+00:00
SPY261030P00802000,2026-08-11 19:30:16+00:00,802.0,35.92,0.0,0.0,0.0,0.0,7.0,8.0,1.0000000000000003e-05,True,REGULAR,USD,P,2026-10-30,74,776.3400268554688,2026-08-17T11:55:45+00:00
SPY261030P00805000,2026-07-07 17:07:00+00:00,805.0,55.85,0.0,0.0,0.0,0.0,,0.0,1.0000000000000003e-05,True,REGULAR,USD,P,2026-10-30,74,776.3400268554688,2026-08-17T11:55:45+00:00
SPY261030P00810000,2026-08-14 19:50:24+00:00,810.0,37.29,0.0,0.0,0.0,0.0,3.0,2.0,1.0000000000000003e-05,True,REGULAR,USD,P,2026-10-30,74,776.3400268554688,2026-08-17T11:55:45+00:00
SPY261030P00815000,2026-08-07 19:01:27+00:00,815.0,44.9,0.0,0.0,0.0,0.0,1.0,1.0,1.0000000000000003e-05,True,REGULAR,USD,P,2026-10-30,74,776.3400268554688,2026-08-17T11:55:45+00:00
SPY261030P00818000,2026-08-14 13:51:13+00:00,818.0,42.45,0.0,0.0,0.0,0.0,,10.0,1.0000000000000003e-05,True,REGULAR,USD,P,2026-10-30,74,776.3400268554688,2026-08-17T11:55:45+00:00
SPY261030P00820000,2026-08-12 19:07:35+00:00,820.0,47.7,0.0,0.0,0.0,0.0,28.0,5.0,1.0000000000000003e-05,True,REGULAR,USD,P,2026-10-30,74,776.3400268554688,2026-08-17T11:55:45+00:00
SPY261030P00825000,2026-06-09 16:43:02+00:00,825.0,102.0,68.79,72.3,0.0,0.0,,0.0,0.3024361749267578,True,REGULAR,USD,P,2026-10-30,74,776.3400268554688,2026-08-17T11:55:45+00:00
SPY261030P00835000,2026-08-13 19:57:23+00:00,835.0,57.51,0.0,0.0,0.0,0.0,1.0,2.0,1.0000000000000003e-05,True,REGULAR,USD,P,2026-10-30,74,776.3400268554688,2026-08-17T11:55:45+00:00
SPY261030P00840000,2026-08-12 18:41:34+00:00,840.0,66.3,0.0,0.0,0.0,0.0,5.0,17.0,1.0000000000000003e-05,True,REGULAR,USD,P,2026-10-30,74,776.3400268554688,2026-08-17T11:55:45+00:00
SPY261030P00845000,2026-07-23 20:14:36+00:00,845.0,105.93,0.0,0.0,0.0,0.0,1.0,0.0,1.0000000000000003e-05,True,REGULAR,USD,P,2026-10-30,74,776.3400268554688,2026-08-17T11:55:45+00:00
SPY261030P00855000,2026-05-01 15:24:25+00:00,855.0,131.84,114.71,118.08,0.0,0.0,1.0,0.0,0.4897206790161134,True,REGULAR,USD,P,2026-10-30,74,776.3400268554688,2026-08-17T11:55:45+00:00
SPY261030P00860000,2026-05-01 15:24:25+00:00,860.0,136.74,119.7,123.07,0.0,0.0,1.0,0.0,0.5005390522766113,True,REGULAR,USD,P,2026-10-30,74,776.3400268554688,2026-08-17T11:55:45+00:00
SPY261030P00865000,2026-05-21 15:43:01+00:00,865.0,124.27,0.0,0.0,0.0,0.0,,0.0,1.0000000000000003e-05,True,REGULAR,USD,P,2026-10-30,74,776.3400268554688,2026-08-17T11:55:45+00:00
SPY261030P00875000,2026-06-26 19:59:59+00:00,875.0,145.54,0.0,0.0,0.0,0.0,1.0,0.0,1.0000000000000003e-05,True,REGULAR,USD,P,2026-10-30,74,776.3400268554688,2026-08-17T11:55:45+00:00
SPY261030P00900000,2026-06-15 16:32:04+00:00,900.0,145.02,143.85,147.3,0.0,0.0,,0.0,0.4531152101135254,True,REGULAR,USD,P,2026-10-30,74,776.3400268554688,2026-08-17T11:55:45+00:00
SPY261130C00475000,2026-07-15 16:59:33+00:00,475.0,283.91,0.0,0.0,0.0,0.0,1.0,1.0,1.0000000000000003e-05,True,REGULAR,USD,C,2026-11-30,105,776.3400268554688,2026-08-17T11:55:45+00:00
SPY261130C00500000,2026-07-15 18:10:28+00:00,500.0,262.32,0.0,0.0,0.0,0.0,1.0,1.0,1.0000000000000003e-05,True,REGULAR,USD,C,2026-11-30,105,776.3400268554688,2026-08-17T11:55:45+00:00
SPY261130C00545000,2026-08-14 16:47:33+00:00,545.0,237.06,0.0,0.0,0.0,0.0,1.0,4.0,1.0000000000000003e-05,True,REGULAR,USD,C,2026-11-30,105,776.3400268554688,2026-08-17T11:55:45+00:00
SPY261130C00550000,2026-06-08 13:40:00+00:00,550.0,203.64,212.33,215.76,0.0,0.0,1.0,0.0,1.0000000000000003e-05,True,REGULAR,USD,C,2026-11-30,105,776.3400268554688,2026-08-17T11:55:45+00:00
SPY261130C00555000,2026-07-29 19:21:23+00:00,555.0,190.19,0.0,0.0,0.0,0.0,1.0,1.0,1.0000000000000003e-05,True,REGULAR,USD,C,2026-11-30,105,776.3400268554688,2026-08-17T11:55:45+00:00
SPY261130C00560000,2026-07-31 16:14:31+00:00,560.0,192.07,0.0,0.0,0.0,0.0,1.0,3.0,1.0000000000000003e-05,True,REGULAR,USD,C,2026-11-30,105,776.3400268554688,2026-08-17T11:55:45+00:00
SPY261130C00570000,2026-07-22 19:44:51+00:00,570.0,187.96,0.0,0.0,0.0,0.0,2.0,1.0,1.0000000000000003e-05,True,REGULAR,USD,C,2026-11-30,105,776.3400268554688,2026-08-17T11:55:45+00:00
SPY261130C00575000,2026-08-04 19:52:43+00:00,575.0,205.76,0.0,0.0,0.0,0.0,1.0,2.0,1.0000000000000003e-05,True,REGULAR,USD,C,2026-11-30,105,776.3400268554688,2026-08-17T11:55:45+00:00
SPY261130C00580000,2026-07-29 18:04:47+00:00,580.0,168.5,0.0,0.0,0.0,0.0,1.0,10.0,1.0000000000000003e-05,True,REGULAR,USD,C,2026-11-30,105,776.3400268554688,2026-08-17T11:55:45+00:00
SPY261130C00585000,2026-06-11 17:29:22+00:00,585.0,161.26,178.81,182.22,0.0,0.0,,1.0,1.0000000000000003e-05,True,REGULAR,USD,C,2026-11-30,105,776.3400268554688,2026-08-17T11:55:45+00:00
SPY261130C00590000,2026-06-03 16:31:23+00:00,590.0,178.49,0.0,0.0,0.0,0.0,,0.0,1.0000000000000003e-05,True,REGULAR,USD,C,2026-11-30,105,776.3400268554688,2026-08-17T11:55:45+00:00
SPY261130C00595000,2026-07-07 13:40:38+00:00,595.0,165.59,0.0,0.0,0.0,0.0,1.0,2.0,1.0000000000000003e-05,True,REGULAR,USD,C,2026-11-30,105,776.3400268554688,2026-08-17T11:55:45+00:00
SPY261130C00600000,2026-08-10 18:32:52+00:00,600.0,181.24,0.0,0.0,0.0,0.0,10.0,20.0,1.0000000000000003e-05,True,REGULAR,USD,C,2026-11-30,105,776.3400268554688,2026-08-17T11:55:45+00:00
SPY261130C00605000,2026-08-03 18:52:45+00:00,605.0,162.67,0.0,0.0,0.0,0.0,6.0,7.0,1.0000000000000003e-05,True,REGULAR,USD,C,2026-11-30,105,776.3400268554688,2026-08-17T11:55:45+00:00
SPY261130C00620000,2026-07-30 13:59:41+00:00,620.0,130.95,0.0,0.0,0.0,0.0,1.0,11.0,1.0000000000000003e-05,True,REGULAR,USD,C,2026-11-30,105,776.3400268554688,2026-08-17T11:55:45+00:00
SPY261130C00625000,2026-07-31 19:20:45+00:00,625.0,133.89,0.0,0.0,0.0,0.0,2.0,0.0,1.0000000000000003e-05,True,REGULAR,USD,C,2026-11-30,105,776.3400268554688,2026-08-17T11:55:45+00:00
SPY261130C00630000,2026-08-05 15:54:29+00:00,630.0,151.99,0.0,0.0,0.0,0.0,1.0,4.0,1.0000000000000003e-05,True,REGULAR,USD,C,2026-11-30,105,776.3400268554688,2026-08-17T11:55:45+00:00
SPY261130C00635000,2026-08-07 18:15:09+00:00,635.0,146.63,0.0,0.0,0.0,0.0,2.0,2.0,1.0000000000000003e-05,True,REGULAR,USD,C,2026-11-30,105,776.3400268554688,2026-08-17T11:55:45+00:00
SPY261130C00640000,2026-08-06 13:53:03+00:00,640.0,142.0,0.0,0.0,0.0,0.0,1.0,163.0,1.0000000000000003e-05,True,REGULAR,USD,C,2026-11-30,105,776.3400268554688,2026-08-17T11:55:45+00:00
SPY261130C00645000,2026-07-31 19:16:15+00:00,645.0,114.62,0.0,0.0,0.0,0.0,1.0,16.0,1.0000000000000003e-05,True,REGULAR,USD,C,2026-11-30,105,776.3400268554688,2026-08-17T11:55:45+00:00
SPY261130C00650000,2026-08-04 14:12:21+00:00,650.0,126.37,0.0,0.0,0.0,0.0,4000.0,14.0,1.0000000000000003e-05,True,REGULAR,USD,C,2026-11-30,105,776.3400268554688,2026-08-17T11:55:45+00:00
SPY261130C00655000,2026-08-04 19:33:28+00:00,655.0,129.57,0.0,0.0,0.0,0.0,211.0,744.0,1.0000000000000003e-05,True,REGULAR,USD,C,2026-11-30,105,776.3400268554688,2026-08-17T11:55:45+00:00
SPY261130C00660000,2026-08-10 18:03:13+00:00,660.0,123.99,0.0,0.0,0.0,0.0,1.0,592.0,1.0000000000000003e-05,True,REGULAR,USD,C,2026-11-30,105,776.3400268554688,2026-08-17T11:55:45+00:00
SPY261130C00665000,2026-08-06 17:09:11+00:00,665.0,115.77,0.0,0.0,0.0,0.0,1.0,1270.0,1.0000000000000003e-05,True,REGULAR,USD,C,2026-11-30,105,776.3400268554688,2026-08-17T11:55:45+00:00
SPY261130C00670000,2026-08-14 19:14:55+00:00,670.0,117.04,0.0,0.0,0.0,0.0,1.0,1241.0,1.0000000000000003e-05,True,REGULAR,USD,C,2026-11-30,105,776.3400268554688,2026-08-17T11:55:45+00:00
SPY261130C00672000,2026-07-07 18:46:31+00:00,672.0,95.99,0.0,0.0,0.0,0.0,2.0,1.0,1.0000000000000003e-05,True,REGULAR,USD,C,2026-11-30,105,776.3400268554688,2026-08-17T11:55:45+00:00
SPY261130C00673000,2026-08-04 19:39:46+00:00,673.0,113.17,0.0,0.0,0.0,0.0,5.0,244.0,1.0000000000000003e-05,True,REGULAR,USD,C,2026-11-30,105,776.3400268554688,2026-08-17T11:55:45+00:00
SPY261130C00674000,2026-08-14 13:50:33+00:00,674.0,115.09,0.0,0.0,0.0,0.0,1.0,100.0,1.0000000000000003e-05,True,REGULAR,USD,C,2026-11-30,105,776.3400268554688,2026-08-17T11:55:45+00:00
SPY261130C00675000,2026-08-07 18:04:21+00:00,675.0,109.73,0.0,0.0,0.0,0.0,3.0,146.0,1.0000000000000003e-05,True,REGULAR,USD,C,2026-11-30,105,776.3400268554688,2026-08-17T11:55:45+00:00
SPY261130C00676000,2026-08-14 13:31:48+00:00,676.0,113.3,0.0,0.0,0.0,0.0,1.0,10.0,1.0000000000000003e-05,True,REGULAR,USD,C,2026-11-30,105,776.3400268554688,2026-08-17T11:55:45+00:00
SPY261130C00677000,2026-06-09 16:38:16+00:00,677.0,76.73,93.89,97.25,0.0,0.0,,1.0,1.0000000000000003e-05,True,REGULAR,USD,C,2026-11-30,105,776.3400268554688,2026-08-17T11:55:45+00:00
SPY261130C00678000,2026-08-06 15:23:14+00:00,678.0,104.19,0.0,0.0,0.0,0.0,30.0,61.0,1.0000000000000003e-05,True,REGULAR,USD,C,2026-11-30,105,776.3400268554688,2026-08-17T11:55:45+00:00
SPY261130C00679000,2026-08-04 19:50:00+00:00,679.0,107.69,0.0,0.0,0.0,0.0,5.0,70.0,1.0000000000000003e-05,True,REGULAR,USD,C,2026-11-30,105,776.3400268554688,2026-08-17T11:55:45+00:00
SPY261130C00680000,2026-08-07 18:04:21+00:00,680.0,105.19,0.0,0.0,0.0,0.0,3.0,86.0,1.0000000000000003e-05,True,REGULAR,USD,C,2026-11-30,105,776.3400268554688,2026-08-17T11:55:45+00:00
SPY261130C00681000,2026-08-04 14:22:56+00:00,681.0,97.84,0.0,0.0,0.0,0.0,10.0,13.0,1.0000000000000003e-05,True,REGULAR,USD,C,2026-11-30,105,776.3400268554688,2026-08-17T11:55:45+00:00
SPY261130C00682000,2026-08-06 16:16:05+00:00,682.0,99.52,0.0,0.0,0.0,0.0,20.0,41.0,1.0000000000000003e-05,True,REGULAR,USD,C,2026-11-30,105,776.3400268554688,2026-08-17T11:55:45+00:00
SPY261130C00683000,2026-08-06 15:17:34+00:00,683.0,100.46,0.0,0.0,0.0,0.0,14.0,32.0,1.0000000000000003e-05,True,REGULAR,USD,C,2026-11-30,105,776.3400268554688,2026-08-17T11:55:45+00:00
SPY261130C00684000,2026-08-06 14:26:31+00:00,684.0,100.39,0.0,0.0,0.0,0.0,10.0,22.0,1.0000000000000003e-05,True,REGULAR,USD,C,2026-11-30,105,776.3400268554688,2026-08-17T11:55:45+00:00
SPY261130C00685000,2026-06-18 19:49:00+00:00,685.0,87.06,73.77,77.14,0.0,0.0,2.0,6.0,1.0000000000000003e-05,True,REGULAR,USD,C,2026-11-30,105,776.3400268554688,2026-08-17T11:55:45+00:00
SPY261130C00686000,2026-08-07 14:15:05+00:00,686.0,97.7,0.0,0.0,0.0,0.0,20.0,35.0,1.0000000000000003e-05,True,REGULAR,USD,C,2026-11-30,105,776.3400268554688,2026-08-17T11:55:45+00:00
SPY261130C00687000,2026-08-06 14:27:17+00:00,687.0,97.58,0.0,0.0,0.0,0.0,10.0,23.0,1.0000000000000003e-05,True,REGULAR,USD,C,2026-11-30,105,776.3400268554688,2026-08-17T11:55:45+00:00
SPY261130C00688000,2026-08-07 14:14:33+00:00,688.0,95.91,0.0,0.0,0.0,0.0,12.0,21.0,1.0000000000000003e-05,True,REGULAR,USD,C,2026-11-30,105,776.3400268554688,2026-08-17T11:55:45+00:00
SPY261130C00689000,2026-08-06 15:26:57+00:00,689.0,94.43,0.0,0.0,0.0,0.0,10.0,11.0,1.0000000000000003e-05,True,REGULAR,USD,C,2026-11-30,105,776.3400268554688,2026-08-17T11:55:45+00:00
SPY261130C00690000,2026-08-12 19:52:44+00:00,690.0,95.64,0.0,0.0,0.0,0.0,8.0,57.0,1.0000000000000003e-05,True,REGULAR,USD,C,2026-11-30,105,776.3400268554688,2026-08-17T11:55:45+00:00
SPY261130C00691000,2026-08-06 14:45:28+00:00,691.0,93.55,0.0,0.0,0.0,0.0,10.0,11.0,1.0000000000000003e-05,True,REGULAR,USD,C,2026-11-30,105,776.3400268554688,2026-08-17T11:55:45+00:00
SPY261130C00692000,2026-08-14 13:42:38+00:00,692.0,98.68,0.0,0.0,0.0,0.0,1.0,4.0,1.0000000000000003e-05,True,REGULAR,USD,C,2026-11-30,105,776.3400268554688,2026-08-17T11:55:45+00:00
SPY261130C00693000,2026-08-06 14:29:31+00:00,693.0,92.08,0.0,0.0,0.0,0.0,70.0,72.0,1.0000000000000003e-05,True,REGULAR,USD,C,2026-11-30,105,776.3400268554688,2026-08-17T11:55:45+00:00
SPY261130C00695000,2026-08-07 14:09:53+00:00,695.0,90.19,0.0,0.0,0.0,0.0,10.0,11.0,1.0000000000000003e-05,True,REGULAR,USD,C,2026-11-30,105,776.3400268554688,2026-08-17T11:55:45+00:00
SPY261130C00696000,2026-08-06 15:14:13+00:00,696.0,88.83,0.0,0.0,0.0,0.0,2.0,4.0,1.0000000000000003e-05,True,REGULAR,USD,C,2026-11-30,105,776.3400268554688,2026-08-17T11:55:45+00:00
SPY261130C00697000,2026-08-07 19:35:15+00:00,697.0,90.26,0.0,0.0,0.0,0.0,10.0,20.0,1.0000000000000003e-05,True,REGULAR,USD,C,2026-11-30,105,776.3400268554688,2026-08-17T11:55:45+00:00
SPY261130C00698000,2026-07-27 14:42:44+00:00,698.0,62.3,0.0,0.0,0.0,0.0,2.0,1.0,1.0000000000000003e-05,True,REGULAR,USD,C,2026-11-30,105,776.3400268554688,2026-08-17T11:55:45+00:00
SPY261130C00699000,2026-06-01 18:54:42+00:00,699.0,86.0,0.0,0.0,0.0,0.0,,0.0,1.0000000000000003e-05,True,REGULAR,USD,C,2026-11-30,105,776.3400268554688,2026-08-17T11:55:45+00:00
SPY261130C00700000,2026-08-13 19:36:16+00:00,700.0,91.57,0.0,0.0,0.0,0.0,11.0,21.0,1.0000000000000003e-05,True,REGULAR,USD,C,2026-11-30,105,776.3400268554688,2026-08-17T11:55:45+00:00
SPY261130C00701000,2026-08-06 15:17:44+00:00,701.0,84.31,0.0,0.0,0.0,0.0,10.0,16.0,1.0000000000000003e-05,True,REGULAR,USD,C,2026-11-30,105,776.3400268554688,2026-08-17T11:55:45+00:00
SPY261130C00702000,2026-08-07 16:30:45+00:00,702.0,84.69,0.0,0.0,0.0,0.0,24.0,24.0,1.0000000000000003e-05,True,REGULAR,USD,C,2026-11-30,105,776.3400268554688,2026-08-17T11:55:45+00:00
SPY261130C00703000,2026-08-07 19:44:56+00:00,703.0,84.84,0.0,0.0,0.0,0.0,10.0,10.0,1.0000000000000003e-05,True,REGULAR,USD,C,2026-11-30,105,776.3400268554688,2026-08-17T11:55:45+00:00
SPY261130C00704000,2026-08-06 15:23:12+00:00,704.0,80.91,0.0,0.0,0.0,0.0,,10.0,1.0000000000000003e-05,True,REGULAR,USD,C,2026-11-30,105,776.3400268554688,2026-08-17T11:55:45+00:00
SPY261130C00705000,2026-08-07 19:10:15+00:00,705.0,83.28,0.0,0.0,0.0,0.0,16.0,25.0,1.0000000000000003e-05,True,REGULAR,USD,C,2026-11-30,105,776.3400268554688,2026-08-17T11:55:45+00:00
SPY261130C00706000,2026-08-07 19:24:55+00:00,706.0,82.53,0.0,0.0,0.0,0.0,34.0,40.0,1.0000000000000003e-05,True,REGULAR,USD,C,2026-11-30,105,776.3400268554688,2026-08-17T11:55:45+00:00
SPY261130C00707000,2026-07-06 17:15:17+00:00,707.0,70.0,0.0,0.0,0.0,0.0,1.0,3.0,1.0000000000000003e-05,True,REGULAR,USD,C,2026-11-30,105,776.3400268554688,2026-08-17T11:55:45+00:00
SPY261130C00708000,2026-06-10 13:46:33+00:00,708.0,60.97,67.31,70.71,0.0,0.0,4.0,2.0,0.13094435958862305,True,REGULAR,USD,C,2026-11-30,105,776.3400268554688,2026-08-17T11:55:45+00:00
SPY261130C00709000,2026-08-06 14:39:04+00:00,709.0,77.78,0.0,0.0,0.0,0.0,20.0,21.0,1.0000000000000003e-05,True,REGULAR,USD,C,2026-11-30,105,776.3400268554688,2026-08-17T11:55:45+00:00
SPY261130C00710000,2026-08-14 19:14:55+00:00,710.0,80.55,0.0,0.0,0.0,0.0,2.0,155.0,1.0000000000000003e-05,True,REGULAR,USD,C,2026-11-30,105,776.3400268554688,2026-08-17T11:55:45+00:00
SPY261130C00711000,2026-07-29 16:11:16+00:00,711.0,48.64,0.0,0.0,0.0,0.0,1.0,7.0,1.0000000000000003e-05,True,REGULAR,USD,C,2026-11-30,105,776.3400268554688,2026-08-17T11:55:45+00:00
SPY261130C00712000,2026-08-06 16:11:33+00:00,712.0,73.44,0.0,0.0,0.0,0.0,25.0,26.0,1.0000000000000003e-05,True,REGULAR,USD,C,2026-11-30,105,776.3400268554688,2026-08-17T11:55:45+00:00
SPY261130C00713000,2026-08-06 14:26:32+00:00,713.0,74.68,0.0,0.0,0.0,0.0,22.0,21.0,1.0000000000000003e-05,True,REGULAR,USD,C,2026-11-30,105,776.3400268554688,2026-08-17T11:55:45+00:00
SPY261130C00714000,2026-08-06 13:40:04+00:00,714.0,73.26,0.0,0.0,0.0,0.0,10.0,10.0,1.0000000000000003e-05,True,REGULAR,USD,C,2026-11-30,105,776.3400268554688,2026-08-17T11:55:45+00:00
SPY261130C00715000,2026-08-12 13:59:30+00:00,715.0,73.6,0.0,0.0,0.0,0.0,1.0,59.0,1.0000000000000003e-05,True,REGULAR,USD,C,2026-11-30,105,776.3400268554688,2026-08-17T11:55:45+00:00
SPY261130C00716000,2026-08-14 17:23:35+00:00,716.0,75.41,0.0,0.0,0.0,0.0,1.0,62.0,1.0000000000000003e-05,True,REGULAR,USD,C,2026-11-30,105,776.3400268554688,2026-08-17T11:55:45+00:00
SPY261130C00717000,2026-06-10 13:46:31+00:00,717.0,54.58,59.96,63.35,0.0,0.0,,2.0,0.13742928009033206,True,REGULAR,USD,C,2026-11-30,105,776.3400268554688,2026-08-17T11:55:45+00:00
SPY261130C00718000,2026-08-06 15:34:47+00:00,718.0,68.89,0.0,0.0,0.0,0.0,14.0,75.0,1.0000000000000003e-05,True,REGULAR,USD,C,2026-11-30,105,776.3400268554688,2026-08-17T11:55:45+00:00
SPY261130C00719000,2026-08-05 15:10:07+00:00,719.0,72.72,0.0,0.0,0.0,0.0,10.0,11.0,1.0000000000000003e-05,True,REGULAR,USD,C,2026-11-30,105,776.3400268554688,2026-08-17T11:55:45+00:00
SPY261130C00720000,2026-08-14 19:21:54+00:00,720.0,71.53,0.0,0.0,0.0,0.0,18.0,400.0,1.0000000000000003e-05,True,REGULAR,USD,C,2026-11-30,105,776.3400268554688,2026-08-17T11:55:45+00:00
SPY261130C00721000,2026-08-05 14:36:36+00:00,721.0,71.78,0.0,0.0,0.0,0.0,10.0,15.0,1.0000000000000003e-05,True,REGULAR,USD,C,2026-11-30,105,776.3400268554688,2026-08-17T11:55:45+00:00
SPY261130C00722000,2026-08-04 14:00:15+00:00,722.0,60.95,0.0,0.0,0.0,0.0,2.0,24.0,1.0000000000000003e-05,True,REGULAR,USD,C,2026-11-30,105,776.3400268554688,2026-08-17T11:55:45+00:00
SPY261130C00723000,2026-06-18 17:43:35+00:00,723.0,57.07,43.77,46.49,0.0,0.0,2.0,1.0,1.0000000000000003e-05,True,REGULAR,USD,C,2026-11-30,105,776.3400268554688,2026-08-17T11:55:45+00:00
SPY261130C00724000,2026-08-05 14:23:30+00:00,724.0,69.98,0.0,0.0,0.0,0.0,12.0,170.0,1.0000000000000003e-05,True,REGULAR,USD,C,2026-11-30,105,776.3400268554688,2026-08-17T11:55:45+00:00
SPY261130C00725000,2026-08-14 13:57:29+00:00,725.0,69.5,0.0,0.0,0.0,0.0,5.0,237.0,1.0000000000000003e-05,True,REGULAR,USD,C,2026-11-30,105,776.3400268554688,2026-08-17T11:55:45+00:00
SPY261130C00726000,2026-07-27 18:49:25+00:00,726.0,40.98,0.0,0.0,0.0,0.0,2.0,211.0,1.0000000000000003e-05,True,REGULAR,USD,C,2026-11-30,105,776.3400268554688,2026-08-17T11:55:45+00:00
SPY261130C00727000,2026-08-06 15:20:59+00:00,727.0,61.85,0.0,0.0,0.0,0.0,2.0,11.0,1.0000000000000003e-05,True,REGULAR,USD,C,2026-11-30,105,776.3400268554688,2026-08-17T11:55:45+00:00
SPY261130C00728000,2026-07-20 16:50:58+00:00,728.0,46.16,0.0,0.0,0.0,0.0,10.0,212.0,1.0000000000000003e-05,True,REGULAR,USD,C,2026-11-30,105,776.3400268554688,2026-08-17T11:55:45+00:00
SPY261130C00729000,2026-08-04 17:40:44+00:00,729.0,62.87,0.0,0.0,0.0,0.0,1.0,29.0,1.0000000000000003e-05,True,REGULAR,USD,C,2026-11-30,105,776.3400268554688,2026-08-17T11:55:45+00:00
SPY261130C00730000,2026-08-11 13:35:45+00:00,730.0,61.97,0.0,0.0,0.0,0.0,1.0,97.0,1.0000000000000003e-05,True,REGULAR,USD,C,2026-11-30,105,776.3400268554688,2026-08-17T11:55:45+00:00
SPY261130C00731000,2026-08-10 13:45:57+00:00,731.0,60.74,0.0,0.0,0.0,0.0,10.0,11.0,1.0000000000000003e-05,True,REGULAR,USD,C,2026-11-30,105,776.3400268554688,2026-08-17T11:55:45+00:00
SPY261130C00732000,2026-07-30 15:52:49+00:00,732.0,35.06,0.0,0.0,0.0,0.0,3.0,380.0,1.0000000000000003e-05,True,REGULAR,USD,C,2026-11-30,105,776.3400268554688,2026-08-17T11:55:45+00:00
SPY261130C00733000,2026-07-31 18:29:38+00:00,733.0,39.96,0.0,0.0,0.0,0.0,2.0,65.0,1.0000000000000003e-05,True,REGULAR,USD,C,2026-11-30,105,776.3400268554688,2026-08-17T11:55:45+00:00
SPY261130C00734000,2026-08-03 13:43:04+00:00,734.0,42.23,0.0,0.0,0.0,0.0,7.0,12.0,1.0000000000000003e-05,True,REGULAR,USD,C,2026-11-30,105,776.3400268554688,2026-08-17T11:55:45+00:00
SPY261130C00735000,2026-08-11 15:56:38+00:00,735.0,57.99,0.0,0.0,0.0,0.0,4.0,815.0,1.0000000000000003e-05,True,REGULAR,USD,C,2026-11-30,105,776.3400268554688,2026-08-17T11:55:45+00:00
SPY261130C00736000,2026-08-10 19:43:26+00:00,736.0,56.94,0.0,0.0,0.0,0.0,2.0,274.0,1.0000000000000003e-05,True,REGULAR,USD,C,2026-11-30,105,776.3400268554688,2026-08-17T11:55:45+00:00
SPY261130C00737000,2026-08-06 16:01:38+00:00,737.0,53.49,0.0,0.0,0.0,0.0,1.0,48.0,1.0000000000000003e-05,True,REGULAR,USD,C,2026-11-30,105,776.3400268554688,2026-08-17T11:55:45+00:00
SPY261130C00738000,2026-08-13 14:52:49+00:00,738.0,58.66,0.0,0.0,0.0,0.0,1.0,86.0,1.0000000000000003e-05,True,REGULAR,USD,C,2026-11-30,105,776.3400268554688,2026-08-17T11:55:45+00:00
SPY261130C00739000,2026-08-04 13:32:42+00:00,739.0,44.98,0.0,0.0,0.0,0.0,1.0,42.0,1.0000000000000003e-05,True,REGULAR,USD,C,2026-11-30,105,776.3400268554688,2026-08-17T11:55:45+00:00
SPY261130C00740000,2026-08-12 18:48:27+00:00,740.0,53.02,0.0,0.0,0.0,0.0,7.0,440.0,1.0000000000000003e-05,True,REGULAR,USD,C,2026-11-30,105,776.3400268554688,2026-08-17T11:55:45+00:00
SPY261130C00741000,2026-08-06 19:38:17+00:00,741.0,50.19,0.0,0.0,0.0,0.0,76.0,143.0,1.0000000000000003e-05,True,REGULAR,USD,C,2026-11-30,105,776.3400268554688,2026-08-17T11:55:45+00:00
SPY261130C00742000,2026-07-31 15:58:13+00:00,742.0,32.0,0.0,0.0,0.0,0.0,3.0,10.0,1.0000000000000003e-05,True,REGULAR,USD,C,2026-11-30,105,776.3400268554688,2026-08-17T11:55:45+00:00
SPY261130C00743000,2026-07-31 14:54:31+00:00,743.0,30.92,0.0,0.0,0.0,0.0,2.0,156.0,1.0000000000000003e-05,True,REGULAR,USD,C,2026-11-30,105,776.3400268554688,2026-08-17T11:55:45+00:00
SPY261130C00744000,2026-08-04 17:22:11+00:00,744.0,51.81,0.0,0.0,0.0,0.0,1.0,464.0,1.0000000000000003e-05,True,REGULAR,USD,C,2026-11-30,105,776.3400268554688,2026-08-17T11:55:45+00:00
SPY261130C00745000,2026-08-13 14:25:45+00:00,745.0,53.35,0.0,0.0,0.0,0.0,18.0,483.0,1.0000000000000003e-05,True,REGULAR,USD,C,2026-11-30,105,776.3400268554688,2026-08-17T11:55:45+00:00
SPY261130C00746000,2026-08-04 17:47:07+00:00,746.0,50.0,0.0,0.0,0.0,0.0,3.0,506.0,1.0000000000000003e-05,True,REGULAR,USD,C,2026-11-30,105,776.3400268554688,2026-08-17T11:55:45+00:00
SPY261130C00747000,2026-08-11 18:29:54+00:00,747.0,45.29,0.0,0.0,0.0,0.0,13.0,632.0,1.0000000000000003e-05,True,REGULAR,USD,C,2026-11-30,105,776.3400268554688,2026-08-17T11:55:45+00:00
SPY261130C00748000,2026-07-31 19:46:26+00:00,748.0,30.81,0.0,0.0,0.0,0.0,7.0,91.0,1.0000000000000003e-05,True,REGULAR,USD,C,2026-11-30,105,776.3400268554688,2026-08-17T11:55:45+00:00
SPY261130C00749000,2026-08-04 13:30:12+00:00,749.0,37.93,0.0,0.0,0.0,0.0,8.0,51.0,1.0000000000000003e-05,True,REGULAR,USD,C,2026-11-30,105,776.3400268554688,2026-08-17T11:55:45+00:00
SPY261130C00750000,2026-08-14 18:16:00+00:00,750.0,47.06,0.0,0.0,0.0,0.0,4.0,742.0,1.0000000000000003e-05,True,REGULAR,USD,C,2026-11-30,105,776.3400268554688,2026-08-17T11:55:45+00:00
SPY261130C00751000,2026-08-10 13:44:58+00:00,751.0,44.86,0.0,0.0,0.0,0.0,10.0,135.0,1.0000000000000003e-05,True,REGULAR,USD,C,2026-11-30,105,776.3400268554688,2026-08-17T11:55:45+00:00
SPY261130C00752000,2026-08-13 14:49:21+00:00,752.0,47.0,0.0,0.0,0.0,0.0,2.0,109.0,1.0000000000000003e-05,True,REGULAR,USD,C,2026-11-30,105,776.3400268554688,2026-08-17T11:55:45+00:00
SPY261130C00753000,2026-08-07 14:13:35+00:00,753.0,41.64,0.0,0.0,0.0,0.0,49.0,214.0,1.0000000000000003e-05,True,REGULAR,USD,C,2026-11-30,105,776.3400268554688,2026-08-17T11:55:45+00:00
SPY261130C00754000,2026-08-07 14:15:01+00:00,754.0,40.64,0.0,0.0,0.0,0.0,47.0,83.0,1.0000000000000003e-05,True,REGULAR,USD,C,2026-11-30,105,776.3400268554688,2026-08-17T11:55:45+00:00
SPY261130C00755000,2026-08-12 18:37:14+00:00,755.0,41.73,0.0,0.0,0.0,0.0,2.0,225.0,1.0000000000000003e-05,True,REGULAR,USD,C,2026-11-30,105,776.3400268554688,2026-08-17T11:55:45+00:00
SPY261130C00756000,2026-08-13 17:34:55+00:00,756.0,43.54,0.0,0.0,0.0,0.0,1.0,296.0,1.0000000000000003e-05,True,REGULAR,USD,C,2026-11-30,105,776.3400268554688,2026-08-17T11:55:45+00:00
SPY261130C00757000,2026-08-07 14:45:08+00:00,757.0,40.32,0.0,0.0,0.0,0.0,46.0,181.0,1.0000000000000003e-05,True,REGULAR,USD,C,2026-11-30,105,776.3400268554688,2026-08-17T11:55:45+00:00
SPY261130C00758000,2026-08-07 14:18:36+00:00,758.0,38.75,0.0,0.0,0.0,0.0,33.0,592.0,1.0000000000000003e-05,True,REGULAR,USD,C,2026-11-30,105,776.3400268554688,2026-08-17T11:55:45+00:00
SPY261130C00759000,2026-08-07 14:11:33+00:00,759.0,37.57,0.0,0.0,0.0,0.0,100.0,111.0,1.0000000000000003e-05,True,REGULAR,USD,C,2026-11-30,105,776.3400268554688,2026-08-17T11:55:45+00:00
SPY261130C00760000,2026-08-14 16:30:07+00:00,760.0,40.0,0.0,0.0,0.0,0.0,1.0,518.0,1.0000000000000003e-05,True,REGULAR,USD,C,2026-11-30,105,776.3400268554688,2026-08-17T11:55:45+00:00
SPY261130C00761000,2026-08-07 14:25:08+00:00,761.0,37.58,0.0,0.0,0.0,0.0,34.0,122.0,1.0000000000000003e-05,True,REGULAR,USD,C,2026-11-30,105,776.3400268554688,2026-08-17T11:55:45+00:00
SPY261130C00762000,2026-08-14 13:37:06+00:00,762.0,39.29,0.0,0.0,0.0,0.0,1.0,574.0,1.0000000000000003e-05,True,REGULAR,USD,C,2026-11-30,105,776.3400268554688,2026-08-17T11:55:45+00:00
SPY261130C00763000,2026-08-07 19:44:43+00:00,763.0,36.43,0.0,0.0,0.0,0.0,44.0,672.0,1.0000000000000003e-05,True,REGULAR,USD,C,2026-11-30,105,776.3400268554688,2026-08-17T11:55:45+00:00
SPY261130C00764000,2026-08-07 19:42:18+00:00,764.0,35.73,0.0,0.0,0.0,0.0,38.0,33.0,1.0000000000000003e-05,True,REGULAR,USD,C,2026-11-30,105,776.3400268554688,2026-08-17T11:55:45+00:00
SPY261130C00765000,2026-08-14 14:05:38+00:00,765.0,37.79,0.0,0.0,0.0,0.0,1.0,100.0,1.0000000000000003e-05,True,REGULAR,USD,C,2026-11-30,105,776.3400268554688,2026-08-17T11:55:45+00:00
SPY261130C00766000,2026-08-07 14:52:33+00:00,766.0,34.01,0.0,0.0,0.0,0.0,21.0,17.0,1.0000000000000003e-05,True,REGULAR,USD,C,2026-11-30,105,776.3400268554688,2026-08-17T11:55:45+00:00
SPY261130C00767000,2026-08-07 19:42:18+00:00,767.0,33.7,0.0,0.0,0.0,0.0,26.0,68.0,1.0000000000000003e-05,True,REGULAR,USD,C,2026-11-30,105,776.3400268554688,2026-08-17T11:55:45+00:00
SPY261130C00768000,2026-08-14 19:46:51+00:00,768.0,33.7,0.0,0.0,0.0,0.0,3.0,102.0,1.0000000000000003e-05,True,REGULAR,USD,C,2026-11-30,105,776.3400268554688,2026-08-17T11:55:45+00:00
SPY261130C00769000,2026-08-14 19:46:51+00:00,769.0,33.02,0.0,0.0,0.0,0.0,1.0,26.0,1.0000000000000003e-05,True,REGULAR,USD,C,2026-11-30,105,776.3400268554688,2026-08-17T11:55:45+00:00
SPY261130C00770000,2026-08-14 19:59:03+00:00,770.0,32.31,0.0,0.0,0.0,0.0,2.0,215.0,1.0000000000000003e-05,True,REGULAR,USD,C,2026-11-30,105,776.3400268554688,2026-08-17T11:55:45+00:00
SPY261130C00771000,2026-08-13 19:08:20+00:00,771.0,33.83,0.0,0.0,0.0,0.0,242.0,649.0,1.0000000000000003e-05,True,REGULAR,USD,C,2026-11-30,105,776.3400268554688,2026-08-17T11:55:45+00:00
SPY261130C00772000,2026-08-13 19:03:14+00:00,772.0,32.87,0.0,0.0,0.0,0.0,7.0,491.0,1.0000000000000003e-05,True,REGULAR,USD,C,2026-11-30,105,776.3400268554688,2026-08-17T11:55:45+00:00
SPY261130C00773000,2026-08-13 19:14:58+00:00,773.0,32.33,0.0,0.0,0.0,0.0,16.0,497.0,1.0000000000000003e-05,True,REGULAR,USD,C,2026-11-30,105,776.3400268554688,2026-08-17T11:55:45+00:00
SPY261130C00774000,2026-08-14 18:28:21+00:00,774.0,29.73,0.0,0.0,0.0,0.0,4.0,217.0,1.0000000000000003e-05,True,REGULAR,USD,C,2026-11-30,105,776.3400268554688,2026-08-17T11:55:45+00:00
SPY261130C00775000,2026-08-14 18:53:55+00:00,775.0,29.34,0.0,0.0,0.0,0.0,6.0,304.0,1.0000000000000003e-05,True,REGULAR,USD,C,2026-11-30,105,776.3400268554688,2026-08-17T11:55:45+00:00
SPY261130C00776000,2026-08-14 19:32:01+00:00,776.0,28.56,0.0,0.0,0.0,0.0,35.0,83.0,1.0000000000000003e-05,True,REGULAR,USD,C,2026-11-30,105,776.3400268554688,2026-08-17T11:55:45+00:00
SPY261130C00777000,2026-08-14 18:52:48+00:00,777.0,28.12,0.0,0.0,0.0,0.0,79.0,96.0,0.0004982763671875,False,REGULAR,USD,C,2026-11-30,105,776.3400268554688,2026-08-17T11:55:45+00:00
SPY261130C00778000,2026-08-14 19:05:17+00:00,778.0,27.31,0.0,0.0,0.0,0.0,34.0,129.0,0.000986552734375,False,REGULAR,USD,C,2026-11-30,105,776.3400268554688,2026-08-17T11:55:45+00:00
SPY261130C00779000,2026-08-14 16:17:01+00:00,779.0,27.22,0.0,0.0,0.0,0.0,10.0,181.0,0.00196310546875,False,REGULAR,USD,C,2026-11-30,105,776.3400268554688,2026-08-17T11:55:45+00:00
SPY261130C00780000,2026-08-14 19:19:03+00:00,780.0,26.06,0.0,0.0,0.0,0.0,148.0,2809.0,0.00196310546875,False,REGULAR,USD,C,2026-11-30,105,776.3400268554688,2026-08-17T11:55:45+00:00
SPY261130C00781000,2026-08-14 14:37:35+00:00,781.0,26.41,0.0,0.0,0.0,0.0,10.0,125.0,0.00196310546875,False,REGULAR,USD,C,2026-11-30,105,776.3400268554688,2026-08-17T11:55:45+00:00
SPY261130C00782000,2026-08-14 19:06:15+00:00,782.0,24.88,0.0,0.0,0.0,0.0,48.0,99.0,0.0039162109375,False,REGULAR,USD,C,2026-11-30,105,776.3400268554688,2026-08-17T11:55:45+00:00
SPY261130C00783000,2026-08-14 19:08:17+00:00,783.0,24.29,0.0,0.0,0.0,0.0,52.0,135.0,0.0039162109375,False,REGULAR,USD,C,2026-11-30,105,776.3400268554688,2026-08-17T11:55:45+00:00
SPY261130C00785000,2026-08-14 19:18:40+00:00,785.0,23.17,0.0,0.0,0.0,0.0,158.0,733.0,0.0039162109375,False,REGULAR,USD,C,2026-11-30,105,776.3400268554688,2026-08-17T11:55:45+00:00
SPY261130C00790000,2026-08-14 18:28:21+00:00,790.0,20.38,0.0,0.0,0.0,0.0,158.0,1361.0,0.007822421875,False,REGULAR,USD,C,2026-11-30,105,776.3400268554688,2026-08-17T11:55:45+00:00
SPY261130C00795000,2026-08-14 15:43:30+00:00,795.0,18.16,0.0,0.0,0.0,0.0,3.0,379.0,0.007822421875,False,REGULAR,USD,C,2026-11-30,105,776.3400268554688,2026-08-17T11:55:45+00:00
SPY261130C00800000,2026-08-14 20:04:21+00:00,800.0,15.6,0.0,0.0,0.0,0.0,18.0,1510.0,0.015634843750000002,False,REGULAR,USD,C,2026-11-30,105,776.3400268554688,2026-08-17T11:55:45+00:00
SPY261130C00805000,2026-08-13 18:38:54+00:00,805.0,14.58,0.0,0.0,0.0,0.0,51.0,129.0,0.015634843750000002,False,REGULAR,USD,C,2026-11-30,105,776.3400268554688,2026-08-17T11:55:45+00:00
SPY261130C00810000,2026-08-14 16:03:36+00:00,810.0,11.97,0.0,0.0,0.0,0.0,3.0,487.0,0.015634843750000002,False,REGULAR,USD,C,2026-11-30,105,776.3400268554688,2026-08-17T11:55:45+00:00
SPY261130C00815000,2026-08-13 19:51:51+00:00,815.0,10.89,0.0,0.0,0.0,0.0,112.0,306.0,0.015634843750000002,False,REGULAR,USD,C,2026-11-30,105,776.3400268554688,2026-08-17T11:55:45+00:00
SPY261130C00820000,2026-08-14 14:34:28+00:00,820.0,8.95,0.0,0.0,0.0,0.0,2.0,1368.0,0.015634843750000002,False,REGULAR,USD,C,2026-11-30,105,776.3400268554688,2026-08-17T11:55:45+00:00
SPY261130C00825000,2026-08-14 19:47:59+00:00,825.0,7.04,0.0,0.0,0.0,0.0,8.0,163.0,0.0312596875,False,REGULAR,USD,C,2026-11-30,105,776.3400268554688,2026-08-17T11:55:45+00:00
SPY261130C00830000,2026-08-13 19:10:26+00:00,830.0,7.01,0.0,0.0,0.0,0.0,17.0,881.0,0.0312596875,False,REGULAR,USD,C,2026-11-30,105,776.3400268554688,2026-08-17T11:55:45+00:00
SPY261130C00835000,2026-08-14 15:30:09+00:00,835.0,5.15,0.0,0.0,0.0,0.0,1.0,461.0,0.0312596875,False,REGULAR,USD,C,2026-11-30,105,776.3400268554688,2026-08-17T11:55:45+00:00
SPY261130C00840000,2026-08-14 18:53:40+00:00,840.0,4.12,0.0,0.0,0.0,0.0,1.0,42.0,0.0312596875,False,REGULAR,USD,C,2026-11-30,105,776.3400268554688,2026-08-17T11:55:45+00:00
SPY261130C00845000,2026-08-14 17:45:28+00:00,845.0,3.31,0.0,0.0,0.0,0.0,2.0,281.0,0.0312596875,False,REGULAR,USD,C,2026-11-30,105,776.3400268554688,2026-08-17T11:55:45+00:00
SPY261130C00850000,2026-08-14 14:41:51+00:00,850.0,3.03,0.0,0.0,0.0,0.0,1.0,4374.0,0.0312596875,False,REGULAR,USD,C,2026-11-30,105,776.3400268554688,2026-08-17T11:55:45+00:00
SPY261130C00855000,2026-08-12 16:12:27+00:00,855.0,2.08,0.0,0.0,0.0,0.0,3.0,157.0,0.0312596875,False,REGULAR,USD,C,2026-11-30,105,776.3400268554688,2026-08-17T11:55:45+00:00
SPY261130C00860000,2026-08-13 16:06:11+00:00,860.0,2.04,0.0,0.0,0.0,0.0,16.0,393.0,0.0312596875,False,REGULAR,USD,C,2026-11-30,105,776.3400268554688,2026-08-17T11:55:45+00:00
SPY261130C00865000,2026-08-13 16:06:11+00:00,865.0,1.66,0.0,0.0,0.0,0.0,15.0,87.0,0.0312596875,False,REGULAR,USD,C,2026-11-30,105,776.3400268554688,2026-08-17T11:55:45+00:00
SPY261130C00870000,2026-08-12 14:45:35+00:00,870.0,1.2,0.0,0.0,0.0,0.0,264.0,301.0,0.0312596875,False,REGULAR,USD,C,2026-11-30,105,776.3400268554688,2026-08-17T11:55:45+00:00
SPY261130C00875000,2026-08-14 17:48:51+00:00,875.0,0.98,0.0,0.0,0.0,0.0,9.0,42.0,0.0312596875,False,REGULAR,USD,C,2026-11-30,105,776.3400268554688,2026-08-17T11:55:45+00:00
SPY261130C00880000,2026-08-13 16:59:31+00:00,880.0,0.97,0.0,0.0,0.0,0.0,1.0,945.0,0.062509375,False,REGULAR,USD,C,2026-11-30,105,776.3400268554688,2026-08-17T11:55:45+00:00
SPY261130C00885000,2026-08-13 14:18:37+00:00,885.0,0.96,0.0,0.0,0.0,0.0,1.0,235.0,0.062509375,False,REGULAR,USD,C,2026-11-30,105,776.3400268554688,2026-08-17T11:55:45+00:00
SPY261130C00890000,2026-08-14 13:44:40+00:00,890.0,0.68,0.0,0.0,0.0,0.0,2.0,247.0,0.062509375,False,REGULAR,USD,C,2026-11-30,105,776.3400268554688,2026-08-17T11:55:45+00:00
SPY261130C00895000,2026-08-12 13:35:14+00:00,895.0,0.52,0.0,0.0,0.0,0.0,1.0,3528.0,0.062509375,False,REGULAR,USD,C,2026-11-30,105,776.3400268554688,2026-08-17T11:55:45+00:00
SPY261130C00900000,2026-08-14 19:57:21+00:00,900.0,0.39,0.0,0.0,0.0,0.0,44.0,9106.0,0.062509375,False,REGULAR,USD,C,2026-11-30,105,776.3400268554688,2026-08-17T11:55:45+00:00
SPY261130C00905000,2026-08-10 13:48:22+00:00,905.0,0.43,0.0,0.0,0.0,0.0,1.0,32.0,0.062509375,False,REGULAR,USD,C,2026-11-30,105,776.3400268554688,2026-08-17T11:55:45+00:00
SPY261130C00910000,2026-08-05 18:58:02+00:00,910.0,0.4,0.0,0.0,0.0,0.0,4.0,27.0,0.062509375,False,REGULAR,USD,C,2026-11-30,105,776.3400268554688,2026-08-17T11:55:45+00:00
SPY261130C00915000,2026-08-12 19:56:46+00:00,915.0,0.2,0.0,0.0,0.0,0.0,3.0,39.0,0.062509375,False,REGULAR,USD,C,2026-11-30,105,776.3400268554688,2026-08-17T11:55:45+00:00
SPY261130C00920000,2026-08-13 18:19:47+00:00,920.0,0.26,0.0,0.0,0.0,0.0,3.0,249.0,0.062509375,False,REGULAR,USD,C,2026-11-30,105,776.3400268554688,2026-08-17T11:55:45+00:00
SPY261130P00475000,2026-08-13 16:10:27+00:00,475.0,0.68,0.0,0.0,0.0,0.0,12.0,461.0,0.12500875,False,REGULAR,USD,P,2026-11-30,105,776.3400268554688,2026-08-17T11:55:45+00:00
SPY261130P00480000,2026-08-14 14:58:34+00:00,480.0,0.71,0.0,0.0,0.0,0.0,4.0,51.0,0.12500875,False,REGULAR,USD,P,2026-11-30,105,776.3400268554688,2026-08-17T11:55:45+00:00
SPY261130P00485000,2026-08-04 16:37:24+00:00,485.0,0.96,0.0,0.0,0.0,0.0,3.0,32.0,0.12500875,False,REGULAR,USD,P,2026-11-30,105,776.3400268554688,2026-08-17T11:55:45+00:00
SPY261130P00490000,2026-08-13 15:18:42+00:00,490.0,0.78,0.0,0.0,0.0,0.0,2.0,68.0,0.12500875,False,REGULAR,USD,P,2026-11-30,105,776.3400268554688,2026-08-17T11:55:45+00:00
SPY261130P00495000,2026-08-05 14:43:56+00:00,495.0,1.0,0.0,0.0,0.0,0.0,2.0,3.0,0.12500875,False,REGULAR,USD,P,2026-11-30,105,776.3400268554688,2026-08-17T11:55:45+00:00
SPY261130P00500000,2026-08-13 15:28:23+00:00,500.0,0.86,0.0,0.0,0.0,0.0,8.0,278.0,0.12500875,False,REGULAR,USD,P,2026-11-30,105,776.3400268554688,2026-08-17T11:55:45+00:00
SPY261130P00505000,2026-08-12 19:50:45+00:00,505.0,0.91,0.0,0.0,0.0,0.0,100.0,110.0,0.12500875,False,REGULAR,USD,P,2026-11-30,105,776.3400268554688,2026-08-17T11:55:45+00:00
SPY261130P00510000,2026-08-12 13:33:06+00:00,510.0,0.99,0.0,0.0,0.0,0.0,10.0,44.0,0.12500875,False,REGULAR,USD,P,2026-11-30,105,776.3400268554688,2026-08-17T11:55:45+00:00
SPY261130P00515000,2026-08-14 15:42:05+00:00,515.0,0.98,0.0,0.0,0.0,0.0,2.0,27.0,0.12500875,False,REGULAR,USD,P,2026-11-30,105,776.3400268554688,2026-08-17T11:55:45+00:00
SPY261130P00520000,2026-08-06 14:40:04+00:00,520.0,1.23,0.0,0.0,0.0,0.0,3.0,36.0,0.12500875,False,REGULAR,USD,P,2026-11-30,105,776.3400268554688,2026-08-17T11:55:45+00:00
SPY261130P00525000,2026-08-13 19:26:59+00:00,525.0,1.07,0.0,0.0,0.0,0.0,1.0,158.0,0.12500875,False,REGULAR,USD,P,2026-11-30,105,776.3400268554688,2026-08-17T11:55:45+00:00
SPY261130P00530000,2026-08-14 14:58:14+00:00,530.0,1.11,0.0,0.0,0.0,0.0,5.0,507.0,0.12500875,False,REGULAR,USD,P,2026-11-30,105,776.3400268554688,2026-08-17T11:55:45+00:00
SPY261130P00535000,2026-08-14 17:00:31+00:00,535.0,1.16,0.0,0.0,0.0,0.0,1.0,79.0,0.12500875,False,REGULAR,USD,P,2026-11-30,105,776.3400268554688,2026-08-17T11:55:45+00:00
SPY261130P00540000,2026-08-12 16:24:00+00:00,540.0,1.28,0.0,0.0,0.0,0.0,3.0,181.0,0.12500875,False,REGULAR,USD,P,2026-11-30,105,776.3400268554688,2026-08-17T11:55:45+00:00
SPY261130P00545000,2026-08-14 19:34:45+00:00,545.0,1.25,0.0,0.0,0.0,0.0,19.0,53.0,0.12500875,False,REGULAR,USD,P,2026-11-30,105,776.3400268554688,2026-08-17T11:55:45+00:00
SPY261130P00550000,2026-08-14 14:49:29+00:00,550.0,1.32,0.0,0.0,0.0,0.0,70.0,381.0,0.12500875,False,REGULAR,USD,P,2026-11-30,105,776.3400268554688,2026-08-17T11:55:45+00:00
SPY261130P00555000,2026-08-14 14:52:04+00:00,555.0,1.38,0.0,0.0,0.0,0.0,10.0,94.0,0.12500875,False,REGULAR,USD,P,2026-11-30,105,776.3400268554688,2026-08-17T11:55:45+00:00
SPY261130P00560000,2026-08-13 16:22:16+00:00,560.0,1.49,0.0,0.0,0.0,0.0,3.0,947.0,0.12500875,False,REGULAR,USD,P,2026-11-30,105,776.3400268554688,2026-08-17T11:55:45+00:00
SPY261130P00565000,2026-08-14 18:26:42+00:00,565.0,1.51,0.0,0.0,0.0,0.0,5.0,581.0,0.12500875,False,REGULAR,USD,P,2026-11-30,105,776.3400268554688,2026-08-17T11:55:45+00:00
SPY261130P00570000,2026-08-14 13:30:13+00:00,570.0,1.58,0.0,0.0,0.0,0.0,13.0,658.0,0.12500875,False,REGULAR,USD,P,2026-11-30,105,776.3400268554688,2026-08-17T11:55:45+00:00
SPY261130P00575000,2026-08-13 17:18:47+00:00,575.0,1.72,0.0,0.0,0.0,0.0,1.0,722.0,0.12500875,False,REGULAR,USD,P,2026-11-30,105,776.3400268554688,2026-08-17T11:55:45+00:00
SPY261130P00580000,2026-08-13 16:10:23+00:00,580.0,1.82,0.0,0.0,0.0,0.0,2.0,439.0,0.12500875,False,REGULAR,USD,P,2026-11-30,105,776.3400268554688,2026-08-17T11:55:45+00:00
SPY261130P00585000,2026-08-13 14:25:50+00:00,585.0,1.85,0.0,0.0,0.0,0.0,1.0,1088.0,0.12500875,False,REGULAR,USD,P,2026-11-30,105,776.3400268554688,2026-08-17T11:55:45+00:00
SPY261130P00590000,2026-08-13 14:08:12+00:00,590.0,1.97,0.0,0.0,0.0,0.0,1.0,479.0,0.12500875,False,REGULAR,USD,P,2026-11-30,105,776.3400268554688,2026-08-17T11:55:45+00:00
SPY261130P00595000,2026-08-13 15:20:06+00:00,595.0,2.06,0.0,0.0,0.0,0.0,1.0,217.0,0.12500875,False,REGULAR,USD,P,2026-11-30,105,776.3400268554688,2026-08-17T11:55:45+00:00
SPY261130P00600000,2026-08-14 17:48:17+00:00,600.0,2.14,0.0,0.0,0.0,0.0,11.0,293.0,0.12500875,False,REGULAR,USD,P,2026-11-30,105,776.3400268554688,2026-08-17T11:55:45+00:00
SPY261130P00605000,2026-08-06 13:40:40+00:00,605.0,2.84,0.0,0.0,0.0,0.0,6.0,757.0,0.062509375,False,REGULAR,USD,P,2026-11-30,105,776.3400268554688,2026-08-17T11:55:45+00:00
SPY261130P00610000,2026-08-14 14:58:02+00:00,610.0,2.41,0.0,0.0,0.0,0.0,5.0,416.0,0.062509375,False,REGULAR,USD,P,2026-11-30,105,776.3400268554688,2026-08-17T11:55:45+00:00
SPY261130P00615000,2026-08-13 19:42:31+00:00,615.0,2.54,0.0,0.0,0.0,0.0,14.0,622.0,0.062509375,False,REGULAR,USD,P,2026-11-30,105,776.3400268554688,2026-08-17T11:55:45+00:00
SPY261130P00620000,2026-08-13 19:42:31+00:00,620.0,2.68,0.0,0.0,0.0,0.0,3.0,453.0,0.062509375,False,REGULAR,USD,P,2026-11-30,105,776.3400268554688,2026-08-17T11:55:45+00:00
SPY261130P00625000,2026-08-12 16:49:10+00:00,625.0,2.95,0.0,0.0,0.0,0.0,15.0,382.0,0.062509375,False,REGULAR,USD,P,2026-11-30,105,776.3400268554688,2026-08-17T11:55:45+00:00
SPY261130P00630000,2026-08-13 16:58:32+00:00,630.0,3.03,0.0,0.0,0.0,0.0,2.0,172.0,0.062509375,False,REGULAR,USD,P,2026-11-30,105,776.3400268554688,2026-08-17T11:55:45+00:00
SPY261130P00635000,2026-08-14 14:04:17+00:00,635.0,3.1,0.0,0.0,0.0,0.0,3.0,48.0,0.062509375,False,REGULAR,USD,P,2026-11-30,105,776.3400268554688,2026-08-17T11:55:45+00:00
SPY261130P00640000,2026-08-14 19:58:17+00:00,640.0,3.29,0.0,0.0,0.0,0.0,105.0,261.0,0.062509375,False,REGULAR,USD,P,2026-11-30,105,776.3400268554688,2026-08-17T11:55:45+00:00
SPY261130P00645000,2026-08-13 19:41:25+00:00,645.0,3.53,0.0,0.0,0.0,0.0,8.0,41.0,0.062509375,False,REGULAR,USD,P,2026-11-30,105,776.3400268554688,2026-08-17T11:55:45+00:00
SPY261130P00650000,2026-08-14 19:43:47+00:00,650.0,3.65,0.0,0.0,0.0,0.0,16.0,373.0,0.062509375,False,REGULAR,USD,P,2026-11-30,105,776.3400268554688,2026-08-17T11:55:45+00:00
SPY261130P00655000,2026-08-13 16:23:12+00:00,655.0,4.03,0.0,0.0,0.0,0.0,16.0,738.0,0.062509375,False,REGULAR,USD,P,2026-11-30,105,776.3400268554688,2026-08-17T11:55:45+00:00
SPY261130P00660000,2026-08-13 16:06:11+00:00,660.0,4.26,0.0,0.0,0.0,0.0,15.0,520.0,0.062509375,False,REGULAR,USD,P,2026-11-30,105,776.3400268554688,2026-08-17T11:55:45+00:00
SPY261130P00665000,2026-08-13 17:23:44+00:00,665.0,4.5,0.0,0.0,0.0,0.0,2.0,215.0,0.062509375,False,REGULAR,USD,P,2026-11-30,105,776.3400268554688,2026-08-17T11:55:45+00:00
SPY261130P00670000,2026-08-14 14:49:29+00:00,670.0,4.68,0.0,0.0,0.0,0.0,71.0,480.0,0.062509375,False,REGULAR,USD,P,2026-11-30,105,776.3400268554688,2026-08-17T11:55:45+00:00
SPY261130P00672000,2026-08-12 17:29:51+00:00,672.0,5.09,0.0,0.0,0.0,0.0,1.0,5.0,0.062509375,False,REGULAR,USD,P,2026-11-30,105,776.3400268554688,2026-08-17T11:55:45+00:00
SPY261130P00673000,2026-08-14 13:45:52+00:00,673.0,4.75,0.0,0.0,0.0,0.0,1.0,141.0,0.062509375,False,REGULAR,USD,P,2026-11-30,105,776.3400268554688,2026-08-17T11:55:45+00:00
SPY261130P00674000,2026-08-04 19:39:46+00:00,674.0,6.06,0.0,0.0,0.0,0.0,5.0,90.0,0.062509375,False,REGULAR,USD,P,2026-11-30,105,776.3400268554688,2026-08-17T11:55:45+00:00
SPY261130P00675000,2026-08-10 18:36:38+00:00,675.0,5.61,0.0,0.0,0.0,0.0,31.0,256.0,0.062509375,False,REGULAR,USD,P,2026-11-30,105,776.3400268554688,2026-08-17T11:55:45+00:00
SPY261130P00676000,2026-08-04 19:30:22+00:00,676.0,6.25,0.0,0.0,0.0,0.0,4.0,114.0,0.062509375,False,REGULAR,USD,P,2026-11-30,105,776.3400268554688,2026-08-17T11:55:45+00:00
SPY261130P00677000,2026-08-07 15:24:14+00:00,677.0,5.84,0.0,0.0,0.0,0.0,1.0,29.0,0.062509375,False,REGULAR,USD,P,2026-11-30,105,776.3400268554688,2026-08-17T11:55:45+00:00
SPY261130P00678000,2026-08-04 14:27:29+00:00,678.0,6.65,0.0,0.0,0.0,0.0,13.0,18.0,0.062509375,False,REGULAR,USD,P,2026-11-30,105,776.3400268554688,2026-08-17T11:55:45+00:00
SPY261130P00679000,2026-08-11 18:38:51+00:00,679.0,6.06,0.0,0.0,0.0,0.0,1.0,386.0,0.062509375,False,REGULAR,USD,P,2026-11-30,105,776.3400268554688,2026-08-17T11:55:45+00:00
SPY261130P00680000,2026-08-13 19:42:31+00:00,680.0,5.3,0.0,0.0,0.0,0.0,3.0,165.0,0.062509375,False,REGULAR,USD,P,2026-11-30,105,776.3400268554688,2026-08-17T11:55:45+00:00
SPY261130P00681000,2026-08-04 19:21:29+00:00,681.0,6.56,0.0,0.0,0.0,0.0,14.0,35.0,0.062509375,False,REGULAR,USD,P,2026-11-30,105,776.3400268554688,2026-08-17T11:55:45+00:00
SPY261130P00682000,2026-08-13 18:11:30+00:00,682.0,5.49,0.0,0.0,0.0,0.0,2.0,15.0,0.062509375,False,REGULAR,USD,P,2026-11-30,105,776.3400268554688,2026-08-17T11:55:45+00:00
SPY261130P00683000,2026-08-04 15:13:08+00:00,683.0,7.0,0.0,0.0,0.0,0.0,1.0,4.0,0.062509375,False,REGULAR,USD,P,2026-11-30,105,776.3400268554688,2026-08-17T11:55:45+00:00
SPY261130P00684000,2026-08-04 16:25:50+00:00,684.0,6.84,0.0,0.0,0.0,0.0,3.0,7.0,0.062509375,False,REGULAR,USD,P,2026-11-30,105,776.3400268554688,2026-08-17T11:55:45+00:00
SPY261130P00685000,2026-08-14 13:30:01+00:00,685.0,5.41,0.0,0.0,0.0,0.0,1.0,65.0,0.062509375,False,REGULAR,USD,P,2026-11-30,105,776.3400268554688,2026-08-17T11:55:45+00:00
SPY261130P00686000,2026-08-04 13:53:01+00:00,686.0,7.62,0.0,0.0,0.0,0.0,3.0,28.0,0.062509375,False,REGULAR,USD,P,2026-11-30,105,776.3400268554688,2026-08-17T11:55:45+00:00
SPY261130P00687000,2026-08-04 16:19:40+00:00,687.0,7.12,0.0,0.0,0.0,0.0,1.0,2.0,0.062509375,False,REGULAR,USD,P,2026-11-30,105,776.3400268554688,2026-08-17T11:55:45+00:00
SPY261130P00688000,2026-08-06 16:33:03+00:00,688.0,7.13,0.0,0.0,0.0,0.0,2.0,127.0,0.0312596875,False,REGULAR,USD,P,2026-11-30,105,776.3400268554688,2026-08-17T11:55:45+00:00
SPY261130P00689000,2026-08-11 15:25:14+00:00,689.0,6.65,0.0,0.0,0.0,0.0,1.0,14.0,0.0312596875,False,REGULAR,USD,P,2026-11-30,105,776.3400268554688,2026-08-17T11:55:45+00:00
SPY261130P00690000,2026-08-14 14:54:35+00:00,690.0,5.97,0.0,0.0,0.0,0.0,1.0,110.0,0.0312596875,False,REGULAR,USD,P,2026-11-30,105,776.3400268554688,2026-08-17T11:55:45+00:00
SPY261130P00691000,2026-08-14 17:45:28+00:00,691.0,6.11,0.0,0.0,0.0,0.0,1.0,30.0,0.0312596875,False,REGULAR,USD,P,2026-11-30,105,776.3400268554688,2026-08-17T11:55:45+00:00
SPY261130P00692000,2026-08-10 15:42:07+00:00,692.0,6.77,0.0,0.0,0.0,0.0,1.0,726.0,0.0312596875,False,REGULAR,USD,P,2026-11-30,105,776.3400268554688,2026-08-17T11:55:45+00:00
SPY261130P00693000,2026-08-14 13:31:49+00:00,693.0,6.06,0.0,0.0,0.0,0.0,1.0,30.0,0.0312596875,False,REGULAR,USD,P,2026-11-30,105,776.3400268554688,2026-08-17T11:55:45+00:00
SPY261130P00694000,2026-08-14 13:31:49+00:00,694.0,6.11,0.0,0.0,0.0,0.0,1.0,69.0,0.0312596875,False,REGULAR,USD,P,2026-11-30,105,776.3400268554688,2026-08-17T11:55:45+00:00
SPY261130P00695000,2026-08-14 13:31:28+00:00,695.0,6.24,0.0,0.0,0.0,0.0,1.0,255.0,0.0312596875,False,REGULAR,USD,P,2026-11-30,105,776.3400268554688,2026-08-17T11:55:45+00:00
SPY261130P00696000,2026-08-14 13:31:28+00:00,696.0,6.29,0.0,0.0,0.0,0.0,1.0,8.0,0.0312596875,False,REGULAR,USD,P,2026-11-30,105,776.3400268554688,2026-08-17T11:55:45+00:00
SPY261130P00697000,2026-08-14 13:48:28+00:00,697.0,6.46,0.0,0.0,0.0,0.0,5.0,204.0,0.0312596875,False,REGULAR,USD,P,2026-11-30,105,776.3400268554688,2026-08-17T11:55:45+00:00
SPY261130P00698000,2026-07-28 14:55:38+00:00,698.0,13.71,0.0,0.0,0.0,0.0,1.0,246.0,0.0312596875,False,REGULAR,USD,P,2026-11-30,105,776.3400268554688,2026-08-17T11:55:45+00:00
SPY261130P00699000,2026-08-06 16:00:53+00:00,699.0,8.29,0.0,0.0,0.0,0.0,1.0,67.0,0.0312596875,False,REGULAR,USD,P,2026-11-30,105,776.3400268554688,2026-08-17T11:55:45+00:00
SPY261130P00700000,2026-08-14 19:43:47+00:00,700.0,6.74,0.0,0.0,0.0,0.0,77.0,581.0,0.0312596875,False,REGULAR,USD,P,2026-11-30,105,776.3400268554688,2026-08-17T11:55:45+00:00
SPY261130P00701000,2026-08-07 15:56:49+00:00,701.0,7.86,0.0,0.0,0.0,0.0,1.0,13.0,0.0312596875,False,REGULAR,USD,P,2026-11-30,105,776.3400268554688,2026-08-17T11:55:45+00:00
SPY261130P00702000,2026-08-13 15:19:44+00:00,702.0,7.0,0.0,0.0,0.0,0.0,3.0,104.0,0.0312596875,False,REGULAR,USD,P,2026-11-30,105,776.3400268554688,2026-08-17T11:55:45+00:00
SPY261130P00703000,2026-08-12 14:31:10+00:00,703.0,7.63,0.0,0.0,0.0,0.0,2.0,4.0,0.0312596875,False,REGULAR,USD,P,2026-11-30,105,776.3400268554688,2026-08-17T11:55:45+00:00
SPY261130P00704000,2026-08-13 14:57:00+00:00,704.0,7.03,0.0,0.0,0.0,0.0,1.0,181.0,0.0312596875,False,REGULAR,USD,P,2026-11-30,105,776.3400268554688,2026-08-17T11:55:45+00:00
SPY261130P00705000,2026-08-14 14:49:14+00:00,705.0,7.22,0.0,0.0,0.0,0.0,14.0,505.0,0.0312596875,False,REGULAR,USD,P,2026-11-30,105,776.3400268554688,2026-08-17T11:55:45+00:00
SPY261130P00706000,2026-07-13 17:15:36+00:00,706.0,14.23,0.0,0.0,0.0,0.0,5.0,248.0,0.0312596875,False,REGULAR,USD,P,2026-11-30,105,776.3400268554688,2026-08-17T11:55:45+00:00
SPY261130P00707000,2026-08-12 18:09:26+00:00,707.0,7.9,0.0,0.0,0.0,0.0,2.0,44.0,0.0312596875,False,REGULAR,USD,P,2026-11-30,105,776.3400268554688,2026-08-17T11:55:45+00:00
SPY261130P00708000,2026-08-06 15:22:32+00:00,708.0,9.15,0.0,0.0,0.0,0.0,3.0,41.0,0.0312596875,False,REGULAR,USD,P,2026-11-30,105,776.3400268554688,2026-08-17T11:55:45+00:00
SPY261130P00709000,2026-08-03 19:48:52+00:00,709.0,10.91,0.0,0.0,0.0,0.0,2.0,436.0,0.0312596875,False,REGULAR,USD,P,2026-11-30,105,776.3400268554688,2026-08-17T11:55:45+00:00
SPY261130P00710000,2026-08-14 18:21:40+00:00,710.0,7.71,0.0,0.0,0.0,0.0,7.0,272.0,0.0312596875,False,REGULAR,USD,P,2026-11-30,105,776.3400268554688,2026-08-17T11:55:45+00:00
SPY261130P00711000,2026-08-06 18:17:43+00:00,711.0,9.32,0.0,0.0,0.0,0.0,30.0,205.0,0.0312596875,False,REGULAR,USD,P,2026-11-30,105,776.3400268554688,2026-08-17T11:55:45+00:00
SPY261130P00712000,2026-08-06 18:14:23+00:00,712.0,9.5,0.0,0.0,0.0,0.0,10.0,1236.0,0.0312596875,False,REGULAR,USD,P,2026-11-30,105,776.3400268554688,2026-08-17T11:55:45+00:00
SPY261130P00713000,2026-08-12 14:31:14+00:00,713.0,8.86,0.0,0.0,0.0,0.0,1.0,8.0,0.0312596875,False,REGULAR,USD,P,2026-11-30,105,776.3400268554688,2026-08-17T11:55:45+00:00
SPY261130P00714000,2026-08-07 19:54:17+00:00,714.0,9.27,0.0,0.0,0.0,0.0,4.0,117.0,0.0312596875,False,REGULAR,USD,P,2026-11-30,105,776.3400268554688,2026-08-17T11:55:45+00:00
SPY261130P00715000,2026-08-14 16:18:03+00:00,715.0,8.34,0.0,0.0,0.0,0.0,4.0,100.0,0.0312596875,False,REGULAR,USD,P,2026-11-30,105,776.3400268554688,2026-08-17T11:55:45+00:00
SPY261130P00716000,2026-08-10 16:32:02+00:00,716.0,9.31,0.0,0.0,0.0,0.0,1.0,84.0,0.0312596875,False,REGULAR,USD,P,2026-11-30,105,776.3400268554688,2026-08-17T11:55:45+00:00
SPY261130P00717000,2026-08-12 19:38:44+00:00,717.0,8.98,0.0,0.0,0.0,0.0,48.0,66.0,0.0312596875,False,REGULAR,USD,P,2026-11-30,105,776.3400268554688,2026-08-17T11:55:45+00:00
SPY261130P00718000,2026-08-14 13:51:26+00:00,718.0,8.49,0.0,0.0,0.0,0.0,1.0,45.0,0.0312596875,False,REGULAR,USD,P,2026-11-30,105,776.3400268554688,2026-08-17T11:55:45+00:00
SPY261130P00719000,2026-08-14 18:51:20+00:00,719.0,8.72,0.0,0.0,0.0,0.0,2.0,20.0,0.0312596875,False,REGULAR,USD,P,2026-11-30,105,776.3400268554688,2026-08-17T11:55:45+00:00
SPY261130P00720000,2026-08-14 14:44:55+00:00,720.0,8.88,0.0,0.0,0.0,0.0,3.0,370.0,0.0312596875,False,REGULAR,USD,P,2026-11-30,105,776.3400268554688,2026-08-17T11:55:45+00:00
SPY261130P00721000,2026-08-12 19:54:14+00:00,721.0,9.62,0.0,0.0,0.0,0.0,1.0,183.0,0.0312596875,False,REGULAR,USD,P,2026-11-30,105,776.3400268554688,2026-08-17T11:55:45+00:00
SPY261130P00722000,2026-08-14 13:51:26+00:00,722.0,8.97,0.0,0.0,0.0,0.0,1.0,44.0,0.0312596875,False,REGULAR,USD,P,2026-11-30,105,776.3400268554688,2026-08-17T11:55:45+00:00
SPY261130P00723000,2026-08-12 14:31:14+00:00,723.0,10.18,0.0,0.0,0.0,0.0,3.0,233.0,0.0312596875,False,REGULAR,USD,P,2026-11-30,105,776.3400268554688,2026-08-17T11:55:45+00:00
SPY261130P00724000,2026-08-12 19:51:07+00:00,724.0,10.01,0.0,0.0,0.0,0.0,10.0,217.0,0.0312596875,False,REGULAR,USD,P,2026-11-30,105,776.3400268554688,2026-08-17T11:55:45+00:00
SPY261130P00725000,2026-08-14 19:40:37+00:00,725.0,9.47,0.0,0.0,0.0,0.0,251.0,563.0,0.0312596875,False,REGULAR,USD,P,2026-11-30,105,776.3400268554688,2026-08-17T11:55:45+00:00
SPY261130P00726000,2026-08-13 19:05:33+00:00,726.0,9.71,0.0,0.0,0.0,0.0,10.0,92.0,0.0312596875,False,REGULAR,USD,P,2026-11-30,105,776.3400268554688,2026-08-17T11:55:45+00:00
SPY261130P00727000,2026-08-12 19:49:44+00:00,727.0,10.36,0.0,0.0,0.0,0.0,63.0,90.0,0.0312596875,False,REGULAR,USD,P,2026-11-30,105,776.3400268554688,2026-08-17T11:55:45+00:00
SPY261130P00728000,2026-08-14 17:20:35+00:00,728.0,10.03,0.0,0.0,0.0,0.0,3.0,298.0,0.0312596875,False,REGULAR,USD,P,2026-11-30,105,776.3400268554688,2026-08-17T11:55:45+00:00
SPY261130P00729000,2026-08-12 15:00:34+00:00,729.0,11.11,0.0,0.0,0.0,0.0,1.0,65.0,0.0312596875,False,REGULAR,USD,P,2026-11-30,105,776.3400268554688,2026-08-17T11:55:45+00:00
SPY261130P00730000,2026-08-14 19:59:11+00:00,730.0,10.21,0.0,0.0,0.0,0.0,16.0,293.0,0.0312596875,False,REGULAR,USD,P,2026-11-30,105,776.3400268554688,2026-08-17T11:55:45+00:00
SPY261130P00731000,2026-08-07 17:39:55+00:00,731.0,11.82,0.0,0.0,0.0,0.0,11.0,78.0,0.0312596875,False,REGULAR,USD,P,2026-11-30,105,776.3400268554688,2026-08-17T11:55:45+00:00
SPY261130P00732000,2026-08-14 17:20:52+00:00,732.0,10.62,0.0,0.0,0.0,0.0,1.0,27.0,0.0312596875,False,REGULAR,USD,P,2026-11-30,105,776.3400268554688,2026-08-17T11:55:45+00:00
SPY261130P00733000,2026-08-12 19:50:00+00:00,733.0,11.36,0.0,0.0,0.0,0.0,17.0,37.0,0.015634843750000002,False,REGULAR,USD,P,2026-11-30,105,776.3400268554688,2026-08-17T11:55:45+00:00
SPY261130P00734000,2026-08-12 16:40:29+00:00,734.0,11.69,0.0,0.0,0.0,0.0,7.0,100.0,0.015634843750000002,False,REGULAR,USD,P,2026-11-30,105,776.3400268554688,2026-08-17T11:55:45+00:00
SPY261130P00735000,2026-08-14 20:11:45+00:00,735.0,11.03,0.0,0.0,0.0,0.0,4.0,458.0,0.015634843750000002,False,REGULAR,USD,P,2026-11-30,105,776.3400268554688,2026-08-17T11:55:45+00:00
SPY261130P00736000,2026-08-12 16:11:37+00:00,736.0,12.2,0.0,0.0,0.0,0.0,2.0,135.0,0.015634843750000002,False,REGULAR,USD,P,2026-11-30,105,776.3400268554688,2026-08-17T11:55:45+00:00
SPY261130P00737000,2026-08-12 19:54:22+00:00,737.0,12.17,0.0,0.0,0.0,0.0,69.0,186.0,0.015634843750000002,False,REGULAR,USD,P,2026-11-30,105,776.3400268554688,2026-08-17T11:55:45+00:00
SPY261130P00738000,2026-08-13 16:13:15+00:00,738.0,11.82,0.0,0.0,0.0,0.0,280.0,385.0,0.015634843750000002,False,REGULAR,USD,P,2026-11-30,105,776.3400268554688,2026-08-17T11:55:45+00:00
SPY261130P00739000,2026-08-07 19:53:20+00:00,739.0,13.18,0.0,0.0,0.0,0.0,23.0,188.0,0.015634843750000002,False,REGULAR,USD,P,2026-11-30,105,776.3400268554688,2026-08-17T11:55:45+00:00
SPY261130P00740000,2026-08-14 19:44:39+00:00,740.0,11.84,0.0,0.0,0.0,0.0,41.0,1065.0,0.015634843750000002,False,REGULAR,USD,P,2026-11-30,105,776.3400268554688,2026-08-17T11:55:45+00:00
SPY261130P00741000,2026-08-12 19:45:49+00:00,741.0,12.82,0.0,0.0,0.0,0.0,92.0,115.0,0.015634843750000002,False,REGULAR,USD,P,2026-11-30,105,776.3400268554688,2026-08-17T11:55:45+00:00
SPY261130P00742000,2026-08-12 17:33:24+00:00,742.0,13.14,0.0,0.0,0.0,0.0,2.0,121.0,0.015634843750000002,False,REGULAR,USD,P,2026-11-30,105,776.3400268554688,2026-08-17T11:55:45+00:00
SPY261130P00743000,2026-08-12 19:54:21+00:00,743.0,13.34,0.0,0.0,0.0,0.0,69.0,94.0,0.015634843750000002,False,REGULAR,USD,P,2026-11-30,105,776.3400268554688,2026-08-17T11:55:45+00:00
SPY261130P00744000,2026-08-11 19:29:17+00:00,744.0,14.46,0.0,0.0,0.0,0.0,1.0,42.0,0.015634843750000002,False,REGULAR,USD,P,2026-11-30,105,776.3400268554688,2026-08-17T11:55:45+00:00
SPY261130P00745000,2026-08-14 14:28:54+00:00,745.0,12.86,0.0,0.0,0.0,0.0,1.0,202.0,0.015634843750000002,False,REGULAR,USD,P,2026-11-30,105,776.3400268554688,2026-08-17T11:55:45+00:00
SPY261130P00746000,2026-08-13 14:31:39+00:00,746.0,12.84,0.0,0.0,0.0,0.0,10.0,495.0,0.015634843750000002,False,REGULAR,USD,P,2026-11-30,105,776.3400268554688,2026-08-17T11:55:45+00:00
SPY261130P00747000,2026-08-14 18:01:22+00:00,747.0,13.29,0.0,0.0,0.0,0.0,1.0,60.0,0.015634843750000002,False,REGULAR,USD,P,2026-11-30,105,776.3400268554688,2026-08-17T11:55:45+00:00
SPY261130P00748000,2026-08-14 15:26:56+00:00,748.0,13.7,0.0,0.0,0.0,0.0,1.0,377.0,0.015634843750000002,False,REGULAR,USD,P,2026-11-30,105,776.3400268554688,2026-08-17T11:55:45+00:00
SPY261130P00749000,2026-08-13 17:39:52+00:00,749.0,13.88,0.0,0.0,0.0,0.0,2.0,447.0,0.015634843750000002,False,REGULAR,USD,P,2026-11-30,105,776.3400268554688,2026-08-17T11:55:45+00:00
SPY261130P00750000,2026-08-14 19:40:10+00:00,750.0,13.82,0.0,0.0,0.0,0.0,399.0,1521.0,0.015634843750000002,False,REGULAR,USD,P,2026-11-30,105,776.3400268554688,2026-08-17T11:55:45+00:00
SPY261130P00751000,2026-08-13 14:31:39+00:00,751.0,13.89,0.0,0.0,0.0,0.0,10.0,59.0,0.015634843750000002,False,REGULAR,USD,P,2026-11-30,105,776.3400268554688,2026-08-17T11:55:45+00:00
SPY261130P00752000,2026-08-14 15:20:49+00:00,752.0,14.45,0.0,0.0,0.0,0.0,1.0,155.0,0.015634843750000002,False,REGULAR,USD,P,2026-11-30,105,776.3400268554688,2026-08-17T11:55:45+00:00
SPY261130P00753000,2026-08-11 19:10:40+00:00,753.0,16.76,0.0,0.0,0.0,0.0,2.0,67.0,0.015634843750000002,False,REGULAR,USD,P,2026-11-30,105,776.3400268554688,2026-08-17T11:55:45+00:00
SPY261130P00754000,2026-08-11 13:57:47+00:00,754.0,16.43,0.0,0.0,0.0,0.0,13.0,92.0,0.015634843750000002,False,REGULAR,USD,P,2026-11-30,105,776.3400268554688,2026-08-17T11:55:45+00:00
SPY261130P00755000,2026-08-14 20:13:24+00:00,755.0,15.09,0.0,0.0,0.0,0.0,12.0,142.0,0.015634843750000002,False,REGULAR,USD,P,2026-11-30,105,776.3400268554688,2026-08-17T11:55:45+00:00
SPY261130P00756000,2026-08-11 20:08:27+00:00,756.0,17.5,0.0,0.0,0.0,0.0,1.0,45.0,0.007822421875,False,REGULAR,USD,P,2026-11-30,105,776.3400268554688,2026-08-17T11:55:45+00:00
SPY261130P00757000,2026-08-13 15:33:50+00:00,757.0,15.92,0.0,0.0,0.0,0.0,2.0,291.0,0.007822421875,False,REGULAR,USD,P,2026-11-30,105,776.3400268554688,2026-08-17T11:55:45+00:00
SPY261130P00758000,2026-08-14 20:00:59+00:00,758.0,15.78,0.0,0.0,0.0,0.0,4.0,179.0,0.007822421875,False,REGULAR,USD,P,2026-11-30,105,776.3400268554688,2026-08-17T11:55:45+00:00
SPY261130P00759000,2026-08-06 15:21:39+00:00,759.0,19.12,0.0,0.0,0.0,0.0,2.0,173.0,0.007822421875,False,REGULAR,USD,P,2026-11-30,105,776.3400268554688,2026-08-17T11:55:45+00:00
SPY261130P00760000,2026-08-14 15:44:00+00:00,760.0,16.75,0.0,0.0,0.0,0.0,54.0,2004.0,0.007822421875,False,REGULAR,USD,P,2026-11-30,105,776.3400268554688,2026-08-17T11:55:45+00:00
SPY261130P00761000,2026-08-12 16:35:10+00:00,761.0,18.11,0.0,0.0,0.0,0.0,1.0,815.0,0.007822421875,False,REGULAR,USD,P,2026-11-30,105,776.3400268554688,2026-08-17T11:55:45+00:00
SPY261130P00762000,2026-08-14 17:20:52+00:00,762.0,17.01,0.0,0.0,0.0,0.0,1.0,31.0,0.007822421875,False,REGULAR,USD,P,2026-11-30,105,776.3400268554688,2026-08-17T11:55:45+00:00
SPY261130P00763000,2026-08-12 18:43:33+00:00,763.0,18.19,0.0,0.0,0.0,0.0,19.0,20.0,0.007822421875,False,REGULAR,USD,P,2026-11-30,105,776.3400268554688,2026-08-17T11:55:45+00:00
SPY261130P00764000,2026-08-10 16:01:22+00:00,764.0,18.84,0.0,0.0,0.0,0.0,1.0,15.0,0.007822421875,False,REGULAR,USD,P,2026-11-30,105,776.3400268554688,2026-08-17T11:55:45+00:00
SPY261130P00765000,2026-08-14 15:10:05+00:00,765.0,17.85,0.0,0.0,0.0,0.0,2.0,146.0,0.007822421875,False,REGULAR,USD,P,2026-11-30,105,776.3400268554688,2026-08-17T11:55:45+00:00
SPY261130P00766000,2026-08-14 13:30:02+00:00,766.0,17.53,0.0,0.0,0.0,0.0,1.0,31.0,0.007822421875,False,REGULAR,USD,P,2026-11-30,105,776.3400268554688,2026-08-17T11:55:45+00:00
SPY261130P00767000,2026-08-14 17:55:47+00:00,767.0,18.54,0.0,0.0,0.0,0.0,1.0,33.0,0.0039162109375,False,REGULAR,USD,P,2026-11-30,105,776.3400268554688,2026-08-17T11:55:45+00:00
SPY261130P00768000,2026-08-14 16:29:40+00:00,768.0,18.75,0.0,0.0,0.0,0.0,4.0,89.0,0.0039162109375,False,REGULAR,USD,P,2026-11-30,105,776.3400268554688,2026-08-17T11:55:45+00:00
SPY261130P00769000,2026-08-13 18:53:32+00:00,769.0,18.89,0.0,0.0,0.0,0.0,48.0,170.0,0.0039162109375,False,REGULAR,USD,P,2026-11-30,105,776.3400268554688,2026-08-17T11:55:45+00:00
SPY261130P00770000,2026-08-14 19:20:38+00:00,770.0,19.44,0.0,0.0,0.0,0.0,4.0,258.0,0.0039162109375,False,REGULAR,USD,P,2026-11-30,105,776.3400268554688,2026-08-17T11:55:45+00:00
SPY261130P00771000,2026-08-14 19:39:28+00:00,771.0,19.67,0.0,0.0,0.0,0.0,2.0,47.0,0.0039162109375,False,REGULAR,USD,P,2026-11-30,105,776.3400268554688,2026-08-17T11:55:45+00:00
SPY261130P00772000,2026-08-13 14:05:58+00:00,772.0,19.85,0.0,0.0,0.0,0.0,26.0,61.0,0.00196310546875,False,REGULAR,USD,P,2026-11-30,105,776.3400268554688,2026-08-17T11:55:45+00:00
SPY261130P00773000,2026-08-14 14:14:53+00:00,773.0,19.97,0.0,0.0,0.0,0.0,2.0,225.0,0.00196310546875,False,REGULAR,USD,P,2026-11-30,105,776.3400268554688,2026-08-17T11:55:45+00:00
SPY261130P00774000,2026-08-14 14:37:23+00:00,774.0,20.59,0.0,0.0,0.0,0.0,4.0,168.0,0.00196310546875,False,REGULAR,USD,P,2026-11-30,105,776.3400268554688,2026-08-17T11:55:45+00:00
SPY261130P00775000,2026-08-14 20:13:24+00:00,775.0,21.24,0.0,0.0,0.0,0.0,105.0,1055.0,0.000986552734375,False,REGULAR,USD,P,2026-11-30,105,776.3400268554688,2026-08-17T11:55:45+00:00
SPY261130P00776000,2026-08-14 20:11:28+00:00,776.0,21.61,0.0,0.0,0.0,0.0,27.0,95.0,0.00025413818359375,False,REGULAR,USD,P,2026-11-30,105,776.3400268554688,2026-08-17T11:55:45+00:00
SPY261130P00777000,2026-08-14 16:09:18+00:00,777.0,22.13,0.0,0.0,0.0,0.0,3.0,53.0,1.0000000000000003e-05,True,REGULAR,USD,P,2026-11-30,105,776.3400268554688,2026-08-17T11:55:45+00:00
SPY261130P00778000,2026-08-14 15:50:45+00:00,778.0,22.76,0.0,0.0,0.0,0.0,5.0,8.0,1.0000000000000003e-05,True,REGULAR,USD,P,2026-11-30,105,776.3400268554688,2026-08-17T11:55:45+00:00
SPY261130P00779000,2026-08-14 19:59:14+00:00,779.0,22.76,0.0,0.0,0.0,0.0,19.0,31.0,1.0000000000000003e-05,True,REGULAR,USD,P,2026-11-30,105,776.3400268554688,2026-08-17T11:55:45+00:00
SPY261130P00780000,2026-08-14 19:59:14+00:00,780.0,23.1,0.0,0.0,0.0,0.0,19.0,113.0,1.0000000000000003e-05,True,REGULAR,USD,P,2026-11-30,105,776.3400268554688,2026-08-17T11:55:45+00:00
SPY261130P00781000,2026-08-05 16:42:04+00:00,781.0,26.77,0.0,0.0,0.0,0.0,,121.0,1.0000000000000003e-05,True,REGULAR,USD,P,2026-11-30,105,776.3400268554688,2026-08-17T11:55:45+00:00
SPY261130P00782000,2026-08-13 16:02:31+00:00,782.0,24.33,0.0,0.0,0.0,0.0,2.0,2.0,1.0000000000000003e-05,True,REGULAR,USD,P,2026-11-30,105,776.3400268554688,2026-08-17T11:55:45+00:00
SPY261130P00783000,2026-08-12 19:41:08+00:00,783.0,26.04,0.0,0.0,0.0,0.0,1.0,3.0,1.0000000000000003e-05,True,REGULAR,USD,P,2026-11-30,105,776.3400268554688,2026-08-17T11:55:45+00:00
SPY261130P00785000,2026-08-14 14:37:43+00:00,785.0,25.13,0.0,0.0,0.0,0.0,48.0,66.0,1.0000000000000003e-05,True,REGULAR,USD,P,2026-11-30,105,776.3400268554688,2026-08-17T11:55:45+00:00
SPY261130P00790000,2026-08-14 19:32:23+00:00,790.0,27.6,0.0,0.0,0.0,0.0,72.0,277.0,1.0000000000000003e-05,True,REGULAR,USD,P,2026-11-30,105,776.3400268554688,2026-08-17T11:55:45+00:00
SPY261130P00795000,2026-08-11 13:54:54+00:00,795.0,33.07,0.0,0.0,0.0,0.0,1.0,4.0,1.0000000000000003e-05,True,REGULAR,USD,P,2026-11-30,105,776.3400268554688,2026-08-17T11:55:45+00:00
SPY261130P00800000,2026-08-14 19:16:41+00:00,800.0,33.2,0.0,0.0,0.0,0.0,3.0,36.0,1.0000000000000003e-05,True,REGULAR,USD,P,2026-11-30,105,776.3400268554688,2026-08-17T11:55:45+00:00
SPY261130P00805000,2026-08-13 19:52:25+00:00,805.0,36.0,0.0,0.0,0.0,0.0,1.0,8.0,1.0000000000000003e-05,True,REGULAR,USD,P,2026-11-30,105,776.3400268554688,2026-08-17T11:55:45+00:00
SPY261130P00810000,2026-08-14 16:09:10+00:00,810.0,39.68,0.0,0.0,0.0,0.0,80.0,83.0,1.0000000000000003e-05,True,REGULAR,USD,P,2026-11-30,105,776.3400268554688,2026-08-17T11:55:45+00:00
SPY261130P00815000,2026-08-14 19:10:26+00:00,815.0,43.85,0.0,0.0,0.0,0.0,11.0,11.0,1.0000000000000003e-05,True,REGULAR,USD,P,2026-11-30,105,776.3400268554688,2026-08-17T11:55:45+00:00
SPY261130P00820000,2026-08-12 19:27:44+00:00,820.0,49.51,0.0,0.0,0.0,0.0,6.0,4.0,1.0000000000000003e-05,True,REGULAR,USD,P,2026-11-30,105,776.3400268554688,2026-08-17T11:55:45+00:00
SPY261130P00825000,2026-06-10 13:48:20+00:00,825.0,90.0,68.83,72.33,0.0,0.0,,0.0,0.2546308668518067,True,REGULAR,USD,P,2026-11-30,105,776.3400268554688,2026-08-17T11:55:45+00:00
SPY261130P00830000,2026-08-06 15:49:56+00:00,830.0,61.0,0.0,0.0,0.0,0.0,7.0,2.0,1.0000000000000003e-05,True,REGULAR,USD,P,2026-11-30,105,776.3400268554688,2026-08-17T11:55:45+00:00
SPY261130P00835000,2026-07-30 15:03:48+00:00,835.0,98.95,0.0,0.0,0.0,0.0,,1.0,1.0000000000000003e-05,True,REGULAR,USD,P,2026-11-30,105,776.3400268554688,2026-08-17T11:55:45+00:00
SPY261130P00840000,2026-08-13 19:09:53+00:00,840.0,61.99,0.0,0.0,0.0,0.0,26.0,1.0,1.0000000000000003e-05,True,REGULAR,USD,P,2026-11-30,105,776.3400268554688,2026-08-17T11:55:45+00:00
SPY261130P00845000,2026-07-29 15:40:59+00:00,845.0,110.81,0.0,0.0,0.0,0.0,1.0,0.0,1.0000000000000003e-05,True,REGULAR,USD,P,2026-11-30,105,776.3400268554688,2026-08-17T11:55:45+00:00
SPY261130P00850000,2026-07-23 20:10:27+00:00,850.0,110.88,0.0,0.0,0.0,0.0,1.0,0.0,1.0000000000000003e-05,True,REGULAR,USD,P,2026-11-30,105,776.3400268554688,2026-08-17T11:55:45+00:00
SPY261130P00870000,2026-08-06 16:02:26+00:00,870.0,100.21,0.0,0.0,0.0,0.0,,0.0,1.0000000000000003e-05,True,REGULAR,USD,P,2026-11-30,105,776.3400268554688,2026-08-17T11:55:45+00:00
SPY261130P00900000,2026-07-07 19:56:38+00:00,900.0,152.11,0.0,0.0,0.0,0.0,,0.0,1.0000000000000003e-05,True,REGULAR,USD,P,2026-11-30,105,776.3400268554688,2026-08-17T11:55:45+00:00
SPY270129C00485000,2026-08-11 19:15:24+00:00,485.0,295.48,0.0,0.0,0.0,0.0,2.0,6.0,1.0000000000000003e-05,True,REGULAR,USD,C,2027-01-29,165,776.3400268554688,2026-08-17T11:55:45+00:00
SPY270129C00495000,2026-08-05 13:30:36+00:00,495.0,290.38,0.0,0.0,0.0,0.0,,1.0,1.0000000000000003e-05,True,REGULAR,USD,C,2027-01-29,165,776.3400268554688,2026-08-17T11:55:45+00:00
SPY270129C00565000,2026-08-14 19:39:00+00:00,565.0,221.87,0.0,0.0,0.0,0.0,,1.0,1.0000000000000003e-05,True,REGULAR,USD,C,2027-01-29,165,776.3400268554688,2026-08-17T11:55:45+00:00
SPY270129C00580000,2026-08-14 15:21:59+00:00,580.0,207.99,0.0,0.0,0.0,0.0,1.0,2.0,1.0000000000000003e-05,True,REGULAR,USD,C,2027-01-29,165,776.3400268554688,2026-08-17T11:55:45+00:00
SPY270129C00595000,2026-07-29 18:15:53+00:00,595.0,159.8,0.0,0.0,0.0,0.0,,1.0,1.0000000000000003e-05,True,REGULAR,USD,C,2027-01-29,165,776.3400268554688,2026-08-17T11:55:45+00:00
SPY270129C00600000,2026-08-13 18:32:23+00:00,600.0,190.02,0.0,0.0,0.0,0.0,1.0,21.0,1.0000000000000003e-05,True,REGULAR,USD,C,2027-01-29,165,776.3400268554688,2026-08-17T11:55:45+00:00
SPY270129C00605000,2026-07-28 19:19:10+00:00,605.0,154.35,0.0,0.0,0.0,0.0,,1.0,1.0000000000000003e-05,True,REGULAR,USD,C,2027-01-29,165,776.3400268554688,2026-08-17T11:55:45+00:00
SPY270129C00630000,2026-08-12 18:30:53+00:00,630.0,158.27,0.0,0.0,0.0,0.0,1.0,1.0,1.0000000000000003e-05,True,REGULAR,USD,C,2027-01-29,165,776.3400268554688,2026-08-17T11:55:45+00:00
SPY270129C00640000,2026-08-03 19:57:14+00:00,640.0,134.84,0.0,0.0,0.0,0.0,1.0,1.0,1.0000000000000003e-05,True,REGULAR,USD,C,2027-01-29,165,776.3400268554688,2026-08-17T11:55:45+00:00
SPY270129C00650000,2026-08-11 19:13:19+00:00,650.0,137.64,0.0,0.0,0.0,0.0,1.0,4.0,1.0000000000000003e-05,True,REGULAR,USD,C,2027-01-29,165,776.3400268554688,2026-08-17T11:55:45+00:00
SPY270129C00655000,2026-08-14 18:02:46+00:00,655.0,137.58,0.0,0.0,0.0,0.0,,1.0,1.0000000000000003e-05,True,REGULAR,USD,C,2027-01-29,165,776.3400268554688,2026-08-17T11:55:45+00:00
SPY270129C00660000,2026-08-14 18:35:21+00:00,660.0,133.0,0.0,0.0,0.0,0.0,,2.0,1.0000000000000003e-05,True,REGULAR,USD,C,2027-01-29,165,776.3400268554688,2026-08-17T11:55:45+00:00
SPY270129C00675000,2026-08-14 16:50:35+00:00,675.0,120.02,0.0,0.0,0.0,0.0,,13.0,1.0000000000000003e-05,True,REGULAR,USD,C,2027-01-29,165,776.3400268554688,2026-08-17T11:55:45+00:00
SPY270129C00679000,2026-08-12 19:16:46+00:00,679.0,113.92,0.0,0.0,0.0,0.0,,2.0,1.0000000000000003e-05,True,REGULAR,USD,C,2027-01-29,165,776.3400268554688,2026-08-17T11:55:45+00:00
SPY270129C00680000,2026-08-12 19:16:34+00:00,680.0,113.05,0.0,0.0,0.0,0.0,,2.0,1.0000000000000003e-05,True,REGULAR,USD,C,2027-01-29,165,776.3400268554688,2026-08-17T11:55:45+00:00
SPY270129C00683000,2026-08-05 14:53:42+00:00,683.0,111.8,0.0,0.0,0.0,0.0,,21.0,1.0000000000000003e-05,True,REGULAR,USD,C,2027-01-29,165,776.3400268554688,2026-08-17T11:55:45+00:00
SPY270129C00690000,2026-08-12 19:15:47+00:00,690.0,104.25,0.0,0.0,0.0,0.0,2.0,1.0,1.0000000000000003e-05,True,REGULAR,USD,C,2027-01-29,165,776.3400268554688,2026-08-17T11:55:45+00:00
SPY270129C00695000,2026-08-13 14:00:59+00:00,695.0,104.16,0.0,0.0,0.0,0.0,4.0,167.0,1.0000000000000003e-05,True,REGULAR,USD,C,2027-01-29,165,776.3400268554688,2026-08-17T11:55:45+00:00
SPY270129C00696000,2026-08-12 19:15:22+00:00,696.0,99.05,0.0,0.0,0.0,0.0,,2.0,1.0000000000000003e-05,True,REGULAR,USD,C,2027-01-29,165,776.3400268554688,2026-08-17T11:55:45+00:00
SPY270129C00697000,2026-08-07 15:42:23+00:00,697.0,99.04,0.0,0.0,0.0,0.0,5.0,5.0,1.0000000000000003e-05,True,REGULAR,USD,C,2027-01-29,165,776.3400268554688,2026-08-17T11:55:45+00:00
SPY270129C00698000,2026-08-10 19:10:45+00:00,698.0,98.2,0.0,0.0,0.0,0.0,,21.0,1.0000000000000003e-05,True,REGULAR,USD,C,2027-01-29,165,776.3400268554688,2026-08-17T11:55:45+00:00
SPY270129C00700000,2026-08-12 19:14:09+00:00,700.0,95.57,0.0,0.0,0.0,0.0,1.0,5.0,1.0000000000000003e-05,True,REGULAR,USD,C,2027-01-29,165,776.3400268554688,2026-08-17T11:55:45+00:00
SPY270129C00702000,2026-08-10 19:10:45+00:00,702.0,94.78,0.0,0.0,0.0,0.0,,31.0,1.0000000000000003e-05,True,REGULAR,USD,C,2027-01-29,165,776.3400268554688,2026-08-17T11:55:45+00:00
SPY270129C00703000,2026-08-13 15:57:48+00:00,703.0,96.11,0.0,0.0,0.0,0.0,,1.0,1.0000000000000003e-05,True,REGULAR,USD,C,2027-01-29,165,776.3400268554688,2026-08-17T11:55:45+00:00
SPY270129C00704000,2026-08-11 18:35:13+00:00,704.0,90.08,0.0,0.0,0.0,0.0,,44.0,1.0000000000000003e-05,True,REGULAR,USD,C,2027-01-29,165,776.3400268554688,2026-08-17T11:55:45+00:00
SPY270129C00705000,2026-08-11 18:34:01+00:00,705.0,89.17,0.0,0.0,0.0,0.0,,41.0,1.0000000000000003e-05,True,REGULAR,USD,C,2027-01-29,165,776.3400268554688,2026-08-17T11:55:45+00:00
SPY270129C00707000,2026-08-10 13:30:19+00:00,707.0,90.27,0.0,0.0,0.0,0.0,,1.0,1.0000000000000003e-05,True,REGULAR,USD,C,2027-01-29,165,776.3400268554688,2026-08-17T11:55:45+00:00
SPY270129C00709000,2026-08-13 15:27:43+00:00,709.0,90.76,0.0,0.0,0.0,0.0,10.0,10.0,1.0000000000000003e-05,True,REGULAR,USD,C,2027-01-29,165,776.3400268554688,2026-08-17T11:55:45+00:00
SPY270129C00710000,2026-08-11 14:53:54+00:00,710.0,87.66,0.0,0.0,0.0,0.0,2.0,4.0,1.0000000000000003e-05,True,REGULAR,USD,C,2027-01-29,165,776.3400268554688,2026-08-17T11:55:45+00:00
SPY270129C00715000,2026-08-07 17:45:49+00:00,715.0,83.01,0.0,0.0,0.0,0.0,2.0,3.0,1.0000000000000003e-05,True,REGULAR,USD,C,2027-01-29,165,776.3400268554688,2026-08-17T11:55:45+00:00
SPY270129C00718000,2026-08-10 14:54:03+00:00,718.0,82.59,0.0,0.0,0.0,0.0,,10.0,1.0000000000000003e-05,True,REGULAR,USD,C,2027-01-29,165,776.3400268554688,2026-08-17T11:55:45+00:00
SPY270129C00723000,2026-08-05 14:31:17+00:00,723.0,79.66,0.0,0.0,0.0,0.0,,2.0,1.0000000000000003e-05,True,REGULAR,USD,C,2027-01-29,165,776.3400268554688,2026-08-17T11:55:45+00:00
SPY270129C00725000,2026-08-10 17:49:51+00:00,725.0,75.03,0.0,0.0,0.0,0.0,2.0,15.0,1.0000000000000003e-05,True,REGULAR,USD,C,2027-01-29,165,776.3400268554688,2026-08-17T11:55:45+00:00
SPY270129C00726000,2026-08-13 14:52:15+00:00,726.0,77.76,0.0,0.0,0.0,0.0,1.0,16.0,1.0000000000000003e-05,True,REGULAR,USD,C,2027-01-29,165,776.3400268554688,2026-08-17T11:55:45+00:00
SPY270129C00727000,2026-08-05 14:30:17+00:00,727.0,76.66,0.0,0.0,0.0,0.0,12.0,16.0,1.0000000000000003e-05,True,REGULAR,USD,C,2027-01-29,165,776.3400268554688,2026-08-17T11:55:45+00:00
SPY270129C00728000,2026-08-10 14:12:16+00:00,728.0,73.63,0.0,0.0,0.0,0.0,2.0,1.0,1.0000000000000003e-05,True,REGULAR,USD,C,2027-01-29,165,776.3400268554688,2026-08-17T11:55:45+00:00
SPY270129C00729000,2026-08-05 14:35:10+00:00,729.0,75.1,0.0,0.0,0.0,0.0,2.0,1.0,1.0000000000000003e-05,True,REGULAR,USD,C,2027-01-29,165,776.3400268554688,2026-08-17T11:55:45+00:00
SPY270129C00730000,2026-08-11 19:20:33+00:00,730.0,69.15,0.0,0.0,0.0,0.0,8.0,43.0,1.0000000000000003e-05,True,REGULAR,USD,C,2027-01-29,165,776.3400268554688,2026-08-17T11:55:45+00:00
SPY270129C00732000,2026-07-31 16:24:07+00:00,732.0,49.17,0.0,0.0,0.0,0.0,1.0,1.0,1.0000000000000003e-05,True,REGULAR,USD,C,2027-01-29,165,776.3400268554688,2026-08-17T11:55:45+00:00
SPY270129C00733000,2026-07-31 19:16:05+00:00,733.0,50.0,0.0,0.0,0.0,0.0,2.0,2.0,1.0000000000000003e-05,True,REGULAR,USD,C,2027-01-29,165,776.3400268554688,2026-08-17T11:55:45+00:00
SPY270129C00734000,2026-08-03 14:36:36+00:00,734.0,54.65,0.0,0.0,0.0,0.0,1.0,0.0,1.0000000000000003e-05,True,REGULAR,USD,C,2027-01-29,165,776.3400268554688,2026-08-17T11:55:45+00:00
SPY270129C00735000,2026-08-07 16:15:10+00:00,735.0,67.8,0.0,0.0,0.0,0.0,1.0,11.0,1.0000000000000003e-05,True,REGULAR,USD,C,2027-01-29,165,776.3400268554688,2026-08-17T11:55:45+00:00
SPY270129C00736000,2026-07-29 16:10:59+00:00,736.0,40.61,0.0,0.0,0.0,0.0,,1.0,1.0000000000000003e-05,True,REGULAR,USD,C,2027-01-29,165,776.3400268554688,2026-08-17T11:55:45+00:00
SPY270129C00737000,2026-08-03 15:49:23+00:00,737.0,53.59,0.0,0.0,0.0,0.0,6.0,12.0,1.0000000000000003e-05,True,REGULAR,USD,C,2027-01-29,165,776.3400268554688,2026-08-17T11:55:45+00:00
SPY270129C00738000,2026-07-30 15:55:44+00:00,738.0,41.39,0.0,0.0,0.0,0.0,,15.0,1.0000000000000003e-05,True,REGULAR,USD,C,2027-01-29,165,776.3400268554688,2026-08-17T11:55:45+00:00
SPY270129C00739000,2026-08-05 15:29:35+00:00,739.0,64.17,0.0,0.0,0.0,0.0,5.0,6.0,1.0000000000000003e-05,True,REGULAR,USD,C,2027-01-29,165,776.3400268554688,2026-08-17T11:55:45+00:00
SPY270129C00740000,2026-08-07 14:53:47+00:00,740.0,62.53,0.0,0.0,0.0,0.0,5.0,14.0,1.0000000000000003e-05,True,REGULAR,USD,C,2027-01-29,165,776.3400268554688,2026-08-17T11:55:45+00:00
SPY270129C00741000,2026-08-06 15:15:58+00:00,741.0,61.7,0.0,0.0,0.0,0.0,1.0,5.0,1.0000000000000003e-05,True,REGULAR,USD,C,2027-01-29,165,776.3400268554688,2026-08-17T11:55:45+00:00
SPY270129C00742000,2026-08-11 15:14:13+00:00,742.0,61.77,0.0,0.0,0.0,0.0,1.0,2.0,1.0000000000000003e-05,True,REGULAR,USD,C,2027-01-29,165,776.3400268554688,2026-08-17T11:55:45+00:00
SPY270129C00743000,2026-07-28 15:50:18+00:00,743.0,41.39,0.0,0.0,0.0,0.0,,0.0,1.0000000000000003e-05,True,REGULAR,USD,C,2027-01-29,165,776.3400268554688,2026-08-17T11:55:45+00:00
SPY270129C00745000,2026-08-03 16:52:37+00:00,745.0,47.8,0.0,0.0,0.0,0.0,1.0,4.0,1.0000000000000003e-05,True,REGULAR,USD,C,2027-01-29,165,776.3400268554688,2026-08-17T11:55:45+00:00
SPY270129C00746000,2026-08-04 16:10:35+00:00,746.0,56.5,0.0,0.0,0.0,0.0,1.0,11.0,1.0000000000000003e-05,True,REGULAR,USD,C,2027-01-29,165,776.3400268554688,2026-08-17T11:55:45+00:00
SPY270129C00747000,2026-07-31 17:52:24+00:00,747.0,39.9,0.0,0.0,0.0,0.0,2.0,16.0,1.0000000000000003e-05,True,REGULAR,USD,C,2027-01-29,165,776.3400268554688,2026-08-17T11:55:45+00:00
SPY270129C00748000,2026-07-28 13:39:42+00:00,748.0,36.18,0.0,0.0,0.0,0.0,,20.0,1.0000000000000003e-05,True,REGULAR,USD,C,2027-01-29,165,776.3400268554688,2026-08-17T11:55:45+00:00
SPY270129C00749000,2026-07-28 13:42:53+00:00,749.0,35.27,0.0,0.0,0.0,0.0,,40.0,1.0000000000000003e-05,True,REGULAR,USD,C,2027-01-29,165,776.3400268554688,2026-08-17T11:55:45+00:00
SPY270129C00750000,2026-08-12 16:54:11+00:00,750.0,54.77,0.0,0.0,0.0,0.0,2.0,121.0,1.0000000000000003e-05,True,REGULAR,USD,C,2027-01-29,165,776.3400268554688,2026-08-17T11:55:45+00:00
SPY270129C00752000,2026-08-14 18:52:21+00:00,752.0,55.3,0.0,0.0,0.0,0.0,1.0,1.0,1.0000000000000003e-05,True,REGULAR,USD,C,2027-01-29,165,776.3400268554688,2026-08-17T11:55:45+00:00
SPY270129C00753000,2026-07-31 19:20:01+00:00,753.0,37.1,0.0,0.0,0.0,0.0,3.0,18.0,1.0000000000000003e-05,True,REGULAR,USD,C,2027-01-29,165,776.3400268554688,2026-08-17T11:55:45+00:00
SPY270129C00754000,2026-08-11 15:05:45+00:00,754.0,54.0,0.0,0.0,0.0,0.0,3.0,5.0,1.0000000000000003e-05,True,REGULAR,USD,C,2027-01-29,165,776.3400268554688,2026-08-17T11:55:45+00:00
SPY270129C00755000,2026-08-12 17:57:21+00:00,755.0,51.51,0.0,0.0,0.0,0.0,1.0,136.0,1.0000000000000003e-05,True,REGULAR,USD,C,2027-01-29,165,776.3400268554688,2026-08-17T11:55:45+00:00
SPY270129C00756000,2026-08-14 18:51:04+00:00,756.0,52.91,0.0,0.0,0.0,0.0,1.0,12.0,1.0000000000000003e-05,True,REGULAR,USD,C,2027-01-29,165,776.3400268554688,2026-08-17T11:55:45+00:00
SPY270129C00758000,2026-08-07 14:58:45+00:00,758.0,50.03,0.0,0.0,0.0,0.0,9.0,63.0,1.0000000000000003e-05,True,REGULAR,USD,C,2027-01-29,165,776.3400268554688,2026-08-17T11:55:45+00:00
SPY270129C00759000,2026-08-06 19:01:54+00:00,759.0,47.25,0.0,0.0,0.0,0.0,1.0,124.0,1.0000000000000003e-05,True,REGULAR,USD,C,2027-01-29,165,776.3400268554688,2026-08-17T11:55:45+00:00
SPY270129C00760000,2026-08-14 13:48:26+00:00,760.0,51.67,0.0,0.0,0.0,0.0,4.0,151.0,1.0000000000000003e-05,True,REGULAR,USD,C,2027-01-29,165,776.3400268554688,2026-08-17T11:55:45+00:00
SPY270129C00761000,2026-07-31 17:37:02+00:00,761.0,31.56,0.0,0.0,0.0,0.0,2.0,2.0,1.0000000000000003e-05,True,REGULAR,USD,C,2027-01-29,165,776.3400268554688,2026-08-17T11:55:45+00:00
SPY270129C00762000,2026-08-10 16:42:07+00:00,762.0,47.0,0.0,0.0,0.0,0.0,1.0,0.0,1.0000000000000003e-05,True,REGULAR,USD,C,2027-01-29,165,776.3400268554688,2026-08-17T11:55:45+00:00
SPY270129C00763000,2026-08-14 13:57:50+00:00,763.0,49.27,0.0,0.0,0.0,0.0,13.0,40.0,1.0000000000000003e-05,True,REGULAR,USD,C,2027-01-29,165,776.3400268554688,2026-08-17T11:55:45+00:00
SPY270129C00764000,2026-08-12 17:57:54+00:00,764.0,45.16,0.0,0.0,0.0,0.0,4.0,300.0,1.0000000000000003e-05,True,REGULAR,USD,C,2027-01-29,165,776.3400268554688,2026-08-17T11:55:45+00:00
SPY270129C00765000,2026-08-14 17:03:36+00:00,765.0,45.99,0.0,0.0,0.0,0.0,46.0,135.0,1.0000000000000003e-05,True,REGULAR,USD,C,2027-01-29,165,776.3400268554688,2026-08-17T11:55:45+00:00
SPY270129C00766000,2026-08-10 17:16:49+00:00,766.0,44.95,0.0,0.0,0.0,0.0,9.0,20.0,1.0000000000000003e-05,True,REGULAR,USD,C,2027-01-29,165,776.3400268554688,2026-08-17T11:55:45+00:00
SPY270129C00767000,2026-08-14 14:15:09+00:00,767.0,46.26,0.0,0.0,0.0,0.0,2.0,20.0,1.0000000000000003e-05,True,REGULAR,USD,C,2027-01-29,165,776.3400268554688,2026-08-17T11:55:45+00:00
SPY270129C00768000,2026-08-13 16:38:11+00:00,768.0,45.35,0.0,0.0,0.0,0.0,4.0,8.0,1.0000000000000003e-05,True,REGULAR,USD,C,2027-01-29,165,776.3400268554688,2026-08-17T11:55:45+00:00
SPY270129C00769000,2026-08-11 14:09:08+00:00,769.0,43.35,0.0,0.0,0.0,0.0,2.0,12.0,1.0000000000000003e-05,True,REGULAR,USD,C,2027-01-29,165,776.3400268554688,2026-08-17T11:55:45+00:00
SPY270129C00770000,2026-08-14 15:26:20+00:00,770.0,42.93,0.0,0.0,0.0,0.0,92.0,178.0,1.0000000000000003e-05,True,REGULAR,USD,C,2027-01-29,165,776.3400268554688,2026-08-17T11:55:45+00:00
SPY270129C00771000,2026-08-14 15:25:41+00:00,771.0,42.6,0.0,0.0,0.0,0.0,22.0,24.0,1.0000000000000003e-05,True,REGULAR,USD,C,2027-01-29,165,776.3400268554688,2026-08-17T11:55:45+00:00
SPY270129C00772000,2026-08-13 14:12:43+00:00,772.0,44.04,0.0,0.0,0.0,0.0,1.0,16.0,1.0000000000000003e-05,True,REGULAR,USD,C,2027-01-29,165,776.3400268554688,2026-08-17T11:55:45+00:00
SPY270129C00773000,2026-08-04 19:47:26+00:00,773.0,41.45,0.0,0.0,0.0,0.0,1.0,2.0,1.0000000000000003e-05,True,REGULAR,USD,C,2027-01-29,165,776.3400268554688,2026-08-17T11:55:45+00:00
SPY270129C00774000,2026-08-14 14:29:21+00:00,774.0,41.57,0.0,0.0,0.0,0.0,1.0,5.0,1.0000000000000003e-05,True,REGULAR,USD,C,2027-01-29,165,776.3400268554688,2026-08-17T11:55:45+00:00
SPY270129C00775000,2026-08-13 20:12:40+00:00,775.0,41.39,0.0,0.0,0.0,0.0,20.0,27.0,1.0000000000000003e-05,True,REGULAR,USD,C,2027-01-29,165,776.3400268554688,2026-08-17T11:55:45+00:00
SPY270129C00776000,2026-08-14 19:40:06+00:00,776.0,39.18,0.0,0.0,0.0,0.0,4.0,115.0,1.0000000000000003e-05,True,REGULAR,USD,C,2027-01-29,165,776.3400268554688,2026-08-17T11:55:45+00:00
SPY270129C00777000,2026-08-14 14:14:40+00:00,777.0,40.16,0.0,0.0,0.0,0.0,1.0,6.0,0.0004982763671875,False,REGULAR,USD,C,2027-01-29,165,776.3400268554688,2026-08-17T11:55:45+00:00
SPY270129C00778000,2026-08-14 16:42:12+00:00,778.0,38.2,0.0,0.0,0.0,0.0,4.0,7.0,0.000986552734375,False,REGULAR,USD,C,2027-01-29,165,776.3400268554688,2026-08-17T11:55:45+00:00
SPY270129C00779000,2026-08-14 14:14:40+00:00,779.0,38.86,0.0,0.0,0.0,0.0,1.0,5.0,0.000986552734375,False,REGULAR,USD,C,2027-01-29,165,776.3400268554688,2026-08-17T11:55:45+00:00
SPY270129C00780000,2026-08-14 16:16:00+00:00,780.0,37.2,0.0,0.0,0.0,0.0,15.0,46.0,0.00196310546875,False,REGULAR,USD,C,2027-01-29,165,776.3400268554688,2026-08-17T11:55:45+00:00
SPY270129C00785000,2026-08-14 18:33:32+00:00,785.0,33.51,0.0,0.0,0.0,0.0,1.0,102.0,0.0039162109375,False,REGULAR,USD,C,2027-01-29,165,776.3400268554688,2026-08-17T11:55:45+00:00
SPY270129C00790000,2026-08-14 18:57:06+00:00,790.0,30.88,0.0,0.0,0.0,0.0,259.0,498.0,0.007822421875,False,REGULAR,USD,C,2027-01-29,165,776.3400268554688,2026-08-17T11:55:45+00:00
SPY270129C00795000,2026-08-14 18:29:37+00:00,795.0,27.95,0.0,0.0,0.0,0.0,1.0,221.0,0.007822421875,False,REGULAR,USD,C,2027-01-29,165,776.3400268554688,2026-08-17T11:55:45+00:00
SPY270129C00800000,2026-08-14 19:59:24+00:00,800.0,25.39,0.0,0.0,0.0,0.0,139.0,419.0,0.007822421875,False,REGULAR,USD,C,2027-01-29,165,776.3400268554688,2026-08-17T11:55:45+00:00
SPY270129C00805000,2026-08-14 20:14:28+00:00,805.0,22.97,0.0,0.0,0.0,0.0,3.0,404.0,0.015634843750000002,False,REGULAR,USD,C,2027-01-29,165,776.3400268554688,2026-08-17T11:55:45+00:00
SPY270129C00810000,2026-08-14 17:47:21+00:00,810.0,20.55,0.0,0.0,0.0,0.0,146.0,366.0,0.015634843750000002,False,REGULAR,USD,C,2027-01-29,165,776.3400268554688,2026-08-17T11:55:45+00:00
SPY270129C00815000,2026-08-13 14:49:19+00:00,815.0,19.75,0.0,0.0,0.0,0.0,1.0,522.0,0.015634843750000002,False,REGULAR,USD,C,2027-01-29,165,776.3400268554688,2026-08-17T11:55:45+00:00
SPY270129C00820000,2026-08-14 17:31:54+00:00,820.0,16.6,0.0,0.0,0.0,0.0,2.0,395.0,0.015634843750000002,False,REGULAR,USD,C,2027-01-29,165,776.3400268554688,2026-08-17T11:55:45+00:00
SPY270129C00825000,2026-08-14 18:00:01+00:00,825.0,14.75,0.0,0.0,0.0,0.0,114.0,147.0,0.015634843750000002,False,REGULAR,USD,C,2027-01-29,165,776.3400268554688,2026-08-17T11:55:45+00:00
SPY270129C00830000,2026-08-14 18:23:41+00:00,830.0,13.24,0.0,0.0,0.0,0.0,7.0,26.0,0.015634843750000002,False,REGULAR,USD,C,2027-01-29,165,776.3400268554688,2026-08-17T11:55:45+00:00
SPY270129C00835000,2026-08-14 17:35:33+00:00,835.0,11.61,0.0,0.0,0.0,0.0,22.0,171.0,0.015634843750000002,False,REGULAR,USD,C,2027-01-29,165,776.3400268554688,2026-08-17T11:55:45+00:00
SPY270129C00840000,2026-08-14 19:10:28+00:00,840.0,10.39,0.0,0.0,0.0,0.0,118.0,160.0,0.0312596875,False,REGULAR,USD,C,2027-01-29,165,776.3400268554688,2026-08-17T11:55:45+00:00
SPY270129C00845000,2026-08-13 14:38:37+00:00,845.0,10.43,0.0,0.0,0.0,0.0,1.0,21.0,0.0312596875,False,REGULAR,USD,C,2027-01-29,165,776.3400268554688,2026-08-17T11:55:45+00:00
SPY270129C00850000,2026-08-14 19:55:42+00:00,850.0,7.91,0.0,0.0,0.0,0.0,10.0,175.0,0.0312596875,False,REGULAR,USD,C,2027-01-29,165,776.3400268554688,2026-08-17T11:55:45+00:00
SPY270129C00855000,2026-08-14 13:30:01+00:00,855.0,7.67,0.0,0.0,0.0,0.0,1.0,63.0,0.0312596875,False,REGULAR,USD,C,2027-01-29,165,776.3400268554688,2026-08-17T11:55:45+00:00
SPY270129C00860000,2026-08-13 19:06:06+00:00,860.0,6.89,0.0,0.0,0.0,0.0,4.0,17.0,0.0312596875,False,REGULAR,USD,C,2027-01-29,165,776.3400268554688,2026-08-17T11:55:45+00:00
SPY270129C00865000,2026-08-14 16:35:50+00:00,865.0,5.46,0.0,0.0,0.0,0.0,5.0,99.0,0.0312596875,False,REGULAR,USD,C,2027-01-29,165,776.3400268554688,2026-08-17T11:55:45+00:00
SPY270129C00870000,2026-08-14 17:15:13+00:00,870.0,4.62,0.0,0.0,0.0,0.0,2.0,10.0,0.0312596875,False,REGULAR,USD,C,2027-01-29,165,776.3400268554688,2026-08-17T11:55:45+00:00
SPY270129C00875000,2026-08-13 19:58:17+00:00,875.0,4.4,0.0,0.0,0.0,0.0,3.0,284.0,0.0312596875,False,REGULAR,USD,C,2027-01-29,165,776.3400268554688,2026-08-17T11:55:45+00:00
SPY270129C00880000,2026-08-14 17:09:50+00:00,880.0,3.42,0.0,0.0,0.0,0.0,2.0,12.0,0.0312596875,False,REGULAR,USD,C,2027-01-29,165,776.3400268554688,2026-08-17T11:55:45+00:00
SPY270129C00885000,2026-08-14 17:12:04+00:00,885.0,2.95,0.0,0.0,0.0,0.0,1.0,14.0,0.0312596875,False,REGULAR,USD,C,2027-01-29,165,776.3400268554688,2026-08-17T11:55:45+00:00
SPY270129C00890000,2026-08-13 15:27:43+00:00,890.0,2.74,0.0,0.0,0.0,0.0,3.0,44.0,0.0312596875,False,REGULAR,USD,C,2027-01-29,165,776.3400268554688,2026-08-17T11:55:45+00:00
SPY270129C00895000,2026-08-11 18:42:58+00:00,895.0,1.89,0.0,0.0,0.0,0.0,8.0,32.0,0.0312596875,False,REGULAR,USD,C,2027-01-29,165,776.3400268554688,2026-08-17T11:55:45+00:00
SPY270129C00900000,2026-08-14 19:55:42+00:00,900.0,1.82,0.0,0.0,0.0,0.0,4.0,7.0,0.0312596875,False,REGULAR,USD,C,2027-01-29,165,776.3400268554688,2026-08-17T11:55:45+00:00
SPY270129C00905000,2026-08-14 19:07:38+00:00,905.0,1.58,0.0,0.0,0.0,0.0,42.0,82.0,0.0312596875,False,REGULAR,USD,C,2027-01-29,165,776.3400268554688,2026-08-17T11:55:45+00:00
SPY270129C00910000,2026-08-14 16:45:19+00:00,910.0,1.4,0.0,0.0,0.0,0.0,5.0,59.0,0.062509375,False,REGULAR,USD,C,2027-01-29,165,776.3400268554688,2026-08-17T11:55:45+00:00
SPY270129C00915000,2026-08-14 19:31:47+00:00,915.0,1.18,0.0,0.0,0.0,0.0,1.0,7.0,0.062509375,False,REGULAR,USD,C,2027-01-29,165,776.3400268554688,2026-08-17T11:55:45+00:00
SPY270129C00920000,2026-08-14 19:32:00+00:00,920.0,1.01,0.0,0.0,0.0,0.0,2.0,116.0,0.062509375,False,REGULAR,USD,C,2027-01-29,165,776.3400268554688,2026-08-17T11:55:45+00:00
SPY270129C00925000,2026-08-14 14:27:40+00:00,925.0,0.98,0.0,0.0,0.0,0.0,,49.0,0.062509375,False,REGULAR,USD,C,2027-01-29,165,776.3400268554688,2026-08-17T11:55:45+00:00
SPY270129C00930000,2026-08-14 14:54:27+00:00,930.0,0.83,0.0,0.0,0.0,0.0,,849.0,0.062509375,False,REGULAR,USD,C,2027-01-29,165,776.3400268554688,2026-08-17T11:55:45+00:00
SPY270129P00485000,2026-08-14 18:57:35+00:00,485.0,1.67,0.0,0.0,0.0,0.0,11.0,98.0,0.12500875,False,REGULAR,USD,P,2027-01-29,165,776.3400268554688,2026-08-17T11:55:45+00:00
SPY270129P00490000,2026-08-13 19:16:30+00:00,490.0,1.77,0.0,0.0,0.0,0.0,4.0,9.0,0.12500875,False,REGULAR,USD,P,2027-01-29,165,776.3400268554688,2026-08-17T11:55:45+00:00
SPY270129P00495000,2026-08-05 17:40:21+00:00,495.0,2.06,0.0,0.0,0.0,0.0,2.0,6.0,0.12500875,False,REGULAR,USD,P,2027-01-29,165,776.3400268554688,2026-08-17T11:55:45+00:00
SPY270129P00500000,2026-08-14 13:33:59+00:00,500.0,1.87,0.0,0.0,0.0,0.0,5.0,96.0,0.12500875,False,REGULAR,USD,P,2027-01-29,165,776.3400268554688,2026-08-17T11:55:45+00:00
SPY270129P00505000,2026-08-13 14:40:38+00:00,505.0,1.95,0.0,0.0,0.0,0.0,2.0,5.0,0.12500875,False,REGULAR,USD,P,2027-01-29,165,776.3400268554688,2026-08-17T11:55:45+00:00
SPY270129P00510000,2026-08-14 15:58:06+00:00,510.0,2.05,0.0,0.0,0.0,0.0,,22.0,0.12500875,False,REGULAR,USD,P,2027-01-29,165,776.3400268554688,2026-08-17T11:55:45+00:00
SPY270129P00520000,2026-08-06 13:30:10+00:00,520.0,2.5,0.0,0.0,0.0,0.0,1.0,4.0,0.12500875,False,REGULAR,USD,P,2027-01-29,165,776.3400268554688,2026-08-17T11:55:45+00:00
SPY270129P00525000,2026-08-03 13:47:48+00:00,525.0,3.01,0.0,0.0,0.0,0.0,,1.0,0.12500875,False,REGULAR,USD,P,2027-01-29,165,776.3400268554688,2026-08-17T11:55:45+00:00
SPY270129P00535000,2026-08-14 15:00:03+00:00,535.0,2.49,0.0,0.0,0.0,0.0,6.0,7.0,0.12500875,False,REGULAR,USD,P,2027-01-29,165,776.3400268554688,2026-08-17T11:55:45+00:00
SPY270129P00540000,2026-08-12 19:59:46+00:00,540.0,2.64,0.0,0.0,0.0,0.0,1.0,59.0,0.12500875,False,REGULAR,USD,P,2027-01-29,165,776.3400268554688,2026-08-17T11:55:45+00:00
SPY270129P00545000,2026-08-06 13:41:05+00:00,545.0,3.08,0.0,0.0,0.0,0.0,1.0,7.0,0.12500875,False,REGULAR,USD,P,2027-01-29,165,776.3400268554688,2026-08-17T11:55:45+00:00
SPY270129P00550000,2026-08-13 15:31:57+00:00,550.0,2.85,0.0,0.0,0.0,0.0,1.0,56.0,0.12500875,False,REGULAR,USD,P,2027-01-29,165,776.3400268554688,2026-08-17T11:55:45+00:00
SPY270129P00555000,2026-07-31 14:07:41+00:00,555.0,4.75,0.0,0.0,0.0,0.0,2.0,1.0,0.12500875,False,REGULAR,USD,P,2027-01-29,165,776.3400268554688,2026-08-17T11:55:45+00:00
SPY270129P00560000,2026-08-05 15:07:50+00:00,560.0,3.42,0.0,0.0,0.0,0.0,,8.0,0.12500875,False,REGULAR,USD,P,2027-01-29,165,776.3400268554688,2026-08-17T11:55:45+00:00
SPY270129P00565000,2026-08-10 13:59:34+00:00,565.0,3.38,0.0,0.0,0.0,0.0,2.0,18.0,0.062509375,False,REGULAR,USD,P,2027-01-29,165,776.3400268554688,2026-08-17T11:55:45+00:00
SPY270129P00570000,2026-08-05 14:10:47+00:00,570.0,3.72,0.0,0.0,0.0,0.0,,53.0,0.062509375,False,REGULAR,USD,P,2027-01-29,165,776.3400268554688,2026-08-17T11:55:45+00:00
SPY270129P00575000,2026-08-13 19:41:20+00:00,575.0,3.5,0.0,0.0,0.0,0.0,1.0,6.0,0.062509375,False,REGULAR,USD,P,2027-01-29,165,776.3400268554688,2026-08-17T11:55:45+00:00
SPY270129P00580000,2026-08-14 15:47:09+00:00,580.0,3.69,0.0,0.0,0.0,0.0,1.0,81.0,0.062509375,False,REGULAR,USD,P,2027-01-29,165,776.3400268554688,2026-08-17T11:55:45+00:00
SPY270129P00585000,2026-08-05 16:44:25+00:00,585.0,4.27,0.0,0.0,0.0,0.0,,17.0,0.062509375,False,REGULAR,USD,P,2027-01-29,165,776.3400268554688,2026-08-17T11:55:45+00:00
SPY270129P00590000,2026-08-10 14:15:12+00:00,590.0,4.18,0.0,0.0,0.0,0.0,5.0,312.0,0.062509375,False,REGULAR,USD,P,2027-01-29,165,776.3400268554688,2026-08-17T11:55:45+00:00
SPY270129P00595000,2026-08-07 18:01:30+00:00,595.0,4.54,0.0,0.0,0.0,0.0,2.0,5.0,0.062509375,False,REGULAR,USD,P,2027-01-29,165,776.3400268554688,2026-08-17T11:55:45+00:00
SPY270129P00600000,2026-08-14 18:13:55+00:00,600.0,4.32,0.0,0.0,0.0,0.0,10.0,30.0,0.062509375,False,REGULAR,USD,P,2027-01-29,165,776.3400268554688,2026-08-17T11:55:45+00:00
SPY270129P00605000,2026-08-13 20:09:02+00:00,605.0,4.54,0.0,0.0,0.0,0.0,2.0,85.0,0.062509375,False,REGULAR,USD,P,2027-01-29,165,776.3400268554688,2026-08-17T11:55:45+00:00
SPY270129P00610000,2026-08-14 19:23:42+00:00,610.0,4.75,0.0,0.0,0.0,0.0,1.0,24.0,0.062509375,False,REGULAR,USD,P,2027-01-29,165,776.3400268554688,2026-08-17T11:55:45+00:00
SPY270129P00615000,2026-08-14 19:47:02+00:00,615.0,4.96,0.0,0.0,0.0,0.0,2.0,13.0,0.062509375,False,REGULAR,USD,P,2027-01-29,165,776.3400268554688,2026-08-17T11:55:45+00:00
SPY270129P00620000,2026-08-14 19:47:02+00:00,620.0,5.19,0.0,0.0,0.0,0.0,1.0,8.0,0.062509375,False,REGULAR,USD,P,2027-01-29,165,776.3400268554688,2026-08-17T11:55:45+00:00
SPY270129P00625000,2026-08-14 19:54:04+00:00,625.0,5.43,0.0,0.0,0.0,0.0,6.0,89.0,0.062509375,False,REGULAR,USD,P,2027-01-29,165,776.3400268554688,2026-08-17T11:55:45+00:00
SPY270129P00630000,2026-08-14 16:43:32+00:00,630.0,5.79,0.0,0.0,0.0,0.0,3.0,147.0,0.062509375,False,REGULAR,USD,P,2027-01-29,165,776.3400268554688,2026-08-17T11:55:45+00:00
SPY270129P00635000,2026-08-13 15:01:18+00:00,635.0,5.89,0.0,0.0,0.0,0.0,,10.0,0.062509375,False,REGULAR,USD,P,2027-01-29,165,776.3400268554688,2026-08-17T11:55:45+00:00
SPY270129P00640000,2026-08-10 14:43:07+00:00,640.0,6.7,0.0,0.0,0.0,0.0,14.0,64.0,0.062509375,False,REGULAR,USD,P,2027-01-29,165,776.3400268554688,2026-08-17T11:55:45+00:00
SPY270129P00645000,2026-08-12 19:44:57+00:00,645.0,6.84,0.0,0.0,0.0,0.0,12.0,135.0,0.062509375,False,REGULAR,USD,P,2027-01-29,165,776.3400268554688,2026-08-17T11:55:45+00:00
SPY270129P00650000,2026-08-14 19:22:59+00:00,650.0,6.95,0.0,0.0,0.0,0.0,14.0,36.0,0.062509375,False,REGULAR,USD,P,2027-01-29,165,776.3400268554688,2026-08-17T11:55:45+00:00
SPY270129P00655000,2026-08-14 16:25:43+00:00,655.0,7.38,0.0,0.0,0.0,0.0,1.0,68.0,0.062509375,False,REGULAR,USD,P,2027-01-29,165,776.3400268554688,2026-08-17T11:55:45+00:00
SPY270129P00660000,2026-08-14 19:54:04+00:00,660.0,7.63,0.0,0.0,0.0,0.0,9.0,73.0,0.062509375,False,REGULAR,USD,P,2027-01-29,165,776.3400268554688,2026-08-17T11:55:45+00:00
SPY270129P00665000,2026-08-05 16:42:55+00:00,665.0,9.02,0.0,0.0,0.0,0.0,198.0,214.0,0.062509375,False,REGULAR,USD,P,2027-01-29,165,776.3400268554688,2026-08-17T11:55:45+00:00
SPY270129P00668000,2026-07-31 14:27:30+00:00,668.0,13.8,0.0,0.0,0.0,0.0,2.0,39.0,0.0312596875,False,REGULAR,USD,P,2027-01-29,165,776.3400268554688,2026-08-17T11:55:45+00:00
SPY270129P00669000,2026-08-12 19:39:04+00:00,669.0,8.67,0.0,0.0,0.0,0.0,,11.0,0.0312596875,False,REGULAR,USD,P,2027-01-29,165,776.3400268554688,2026-08-17T11:55:45+00:00
SPY270129P00670000,2026-08-12 18:54:56+00:00,670.0,8.75,0.0,0.0,0.0,0.0,3.0,107.0,0.0312596875,False,REGULAR,USD,P,2027-01-29,165,776.3400268554688,2026-08-17T11:55:45+00:00
SPY270129P00671000,2026-07-31 17:52:14+00:00,671.0,12.83,0.0,0.0,0.0,0.0,1.0,1.0,0.0312596875,False,REGULAR,USD,P,2027-01-29,165,776.3400268554688,2026-08-17T11:55:45+00:00
SPY270129P00674000,2026-08-14 13:52:48+00:00,674.0,8.74,0.0,0.0,0.0,0.0,3.0,10.0,0.0312596875,False,REGULAR,USD,P,2027-01-29,165,776.3400268554688,2026-08-17T11:55:45+00:00
SPY270129P00675000,2026-08-14 19:23:11+00:00,675.0,8.94,0.0,0.0,0.0,0.0,1.0,14.0,0.0312596875,False,REGULAR,USD,P,2027-01-29,165,776.3400268554688,2026-08-17T11:55:45+00:00
SPY270129P00677000,2026-08-13 19:41:20+00:00,677.0,9.15,0.0,0.0,0.0,0.0,,2.0,0.0312596875,False,REGULAR,USD,P,2027-01-29,165,776.3400268554688,2026-08-17T11:55:45+00:00
SPY270129P00678000,2026-08-07 16:28:20+00:00,678.0,10.2,0.0,0.0,0.0,0.0,1.0,1.0,0.0312596875,False,REGULAR,USD,P,2027-01-29,165,776.3400268554688,2026-08-17T11:55:45+00:00
SPY270129P00679000,2026-08-13 14:38:37+00:00,679.0,9.23,0.0,0.0,0.0,0.0,1.0,3.0,0.0312596875,False,REGULAR,USD,P,2027-01-29,165,776.3400268554688,2026-08-17T11:55:45+00:00
SPY270129P00680000,2026-08-14 19:05:49+00:00,680.0,9.42,0.0,0.0,0.0,0.0,4.0,72.0,0.0312596875,False,REGULAR,USD,P,2027-01-29,165,776.3400268554688,2026-08-17T11:55:45+00:00
SPY270129P00682000,2026-08-12 19:34:46+00:00,682.0,9.91,0.0,0.0,0.0,0.0,51.0,52.0,0.0312596875,False,REGULAR,USD,P,2027-01-29,165,776.3400268554688,2026-08-17T11:55:45+00:00
SPY270129P00684000,2026-07-30 19:07:23+00:00,684.0,15.78,0.0,0.0,0.0,0.0,,25.0,0.0312596875,False,REGULAR,USD,P,2027-01-29,165,776.3400268554688,2026-08-17T11:55:45+00:00
SPY270129P00685000,2026-08-07 15:41:13+00:00,685.0,10.68,0.0,0.0,0.0,0.0,1.0,28.0,0.0312596875,False,REGULAR,USD,P,2027-01-29,165,776.3400268554688,2026-08-17T11:55:45+00:00
SPY270129P00686000,2026-08-04 18:00:32+00:00,686.0,11.28,0.0,0.0,0.0,0.0,1.0,24.0,0.0312596875,False,REGULAR,USD,P,2027-01-29,165,776.3400268554688,2026-08-17T11:55:45+00:00
SPY270129P00687000,2026-07-29 19:33:41+00:00,687.0,18.43,0.0,0.0,0.0,0.0,,1.0,0.0312596875,False,REGULAR,USD,P,2027-01-29,165,776.3400268554688,2026-08-17T11:55:45+00:00
SPY270129P00688000,2026-08-12 14:31:11+00:00,688.0,10.88,0.0,0.0,0.0,0.0,1.0,16.0,0.0312596875,False,REGULAR,USD,P,2027-01-29,165,776.3400268554688,2026-08-17T11:55:45+00:00
SPY270129P00689000,2026-08-04 15:00:29+00:00,689.0,12.06,0.0,0.0,0.0,0.0,50.0,76.0,0.0312596875,False,REGULAR,USD,P,2027-01-29,165,776.3400268554688,2026-08-17T11:55:45+00:00
SPY270129P00690000,2026-08-13 16:51:30+00:00,690.0,10.54,0.0,0.0,0.0,0.0,1.0,84.0,0.0312596875,False,REGULAR,USD,P,2027-01-29,165,776.3400268554688,2026-08-17T11:55:45+00:00
SPY270129P00691000,2026-07-29 16:39:01+00:00,691.0,19.3,0.0,0.0,0.0,0.0,,1.0,0.0312596875,False,REGULAR,USD,P,2027-01-29,165,776.3400268554688,2026-08-17T11:55:45+00:00
SPY270129P00692000,2026-07-29 16:42:14+00:00,692.0,19.58,0.0,0.0,0.0,0.0,,1.0,0.0312596875,False,REGULAR,USD,P,2027-01-29,165,776.3400268554688,2026-08-17T11:55:45+00:00
SPY270129P00693000,2026-08-11 18:37:26+00:00,693.0,11.84,0.0,0.0,0.0,0.0,1.0,51.0,0.0312596875,False,REGULAR,USD,P,2027-01-29,165,776.3400268554688,2026-08-17T11:55:45+00:00
SPY270129P00694000,2026-08-04 18:00:45+00:00,694.0,12.26,0.0,0.0,0.0,0.0,1.0,24.0,0.0312596875,False,REGULAR,USD,P,2027-01-29,165,776.3400268554688,2026-08-17T11:55:45+00:00
SPY270129P00695000,2026-08-13 16:51:30+00:00,695.0,11.11,0.0,0.0,0.0,0.0,32.0,24.0,0.0312596875,False,REGULAR,USD,P,2027-01-29,165,776.3400268554688,2026-08-17T11:55:45+00:00
SPY270129P00696000,2026-08-04 15:08:36+00:00,696.0,13.0,0.0,0.0,0.0,0.0,,1.0,0.0312596875,False,REGULAR,USD,P,2027-01-29,165,776.3400268554688,2026-08-17T11:55:45+00:00
SPY270129P00697000,2026-08-04 15:53:34+00:00,697.0,12.93,0.0,0.0,0.0,0.0,,1.0,0.0312596875,False,REGULAR,USD,P,2027-01-29,165,776.3400268554688,2026-08-17T11:55:45+00:00
SPY270129P00698000,2026-08-05 16:02:19+00:00,698.0,12.84,0.0,0.0,0.0,0.0,,1.0,0.0312596875,False,REGULAR,USD,P,2027-01-29,165,776.3400268554688,2026-08-17T11:55:45+00:00
SPY270129P00699000,2026-08-13 15:07:10+00:00,699.0,11.4,0.0,0.0,0.0,0.0,20.0,22.0,0.0312596875,False,REGULAR,USD,P,2027-01-29,165,776.3400268554688,2026-08-17T11:55:45+00:00
SPY270129P00700000,2026-08-14 18:09:04+00:00,700.0,11.56,0.0,0.0,0.0,0.0,52.0,164.0,0.0312596875,False,REGULAR,USD,P,2027-01-29,165,776.3400268554688,2026-08-17T11:55:45+00:00
SPY270129P00701000,2026-08-07 13:56:04+00:00,701.0,12.85,0.0,0.0,0.0,0.0,1.0,10.0,0.0312596875,False,REGULAR,USD,P,2027-01-29,165,776.3400268554688,2026-08-17T11:55:45+00:00
SPY270129P00702000,2026-08-13 15:57:49+00:00,702.0,12.0,0.0,0.0,0.0,0.0,1.0,2.0,0.0312596875,False,REGULAR,USD,P,2027-01-29,165,776.3400268554688,2026-08-17T11:55:45+00:00
SPY270129P00703000,2026-08-11 17:05:01+00:00,703.0,13.16,0.0,0.0,0.0,0.0,1.0,6.0,0.0312596875,False,REGULAR,USD,P,2027-01-29,165,776.3400268554688,2026-08-17T11:55:45+00:00
SPY270129P00704000,2026-08-11 18:44:31+00:00,704.0,13.36,0.0,0.0,0.0,0.0,1.0,113.0,0.0312596875,False,REGULAR,USD,P,2027-01-29,165,776.3400268554688,2026-08-17T11:55:45+00:00
SPY270129P00705000,2026-08-13 13:38:44+00:00,705.0,12.2,0.0,0.0,0.0,0.0,1.0,119.0,0.0312596875,False,REGULAR,USD,P,2027-01-29,165,776.3400268554688,2026-08-17T11:55:45+00:00
SPY270129P00707000,2026-08-10 16:32:01+00:00,707.0,13.3,0.0,0.0,0.0,0.0,,1.0,0.0312596875,False,REGULAR,USD,P,2027-01-29,165,776.3400268554688,2026-08-17T11:55:45+00:00
SPY270129P00708000,2026-08-06 17:37:44+00:00,708.0,14.18,0.0,0.0,0.0,0.0,,8.0,0.0312596875,False,REGULAR,USD,P,2027-01-29,165,776.3400268554688,2026-08-17T11:55:45+00:00
SPY270129P00710000,2026-08-14 17:09:53+00:00,710.0,12.99,0.0,0.0,0.0,0.0,2.0,82.0,0.0312596875,False,REGULAR,USD,P,2027-01-29,165,776.3400268554688,2026-08-17T11:55:45+00:00
SPY270129P00711000,2026-08-11 14:01:35+00:00,711.0,13.86,0.0,0.0,0.0,0.0,,1.0,0.0312596875,False,REGULAR,USD,P,2027-01-29,165,776.3400268554688,2026-08-17T11:55:45+00:00
SPY270129P00714000,2026-08-13 16:59:44+00:00,714.0,13.6,0.0,0.0,0.0,0.0,1.0,48.0,0.0312596875,False,REGULAR,USD,P,2027-01-29,165,776.3400268554688,2026-08-17T11:55:45+00:00
SPY270129P00715000,2026-08-14 14:37:58+00:00,715.0,13.6,0.0,0.0,0.0,0.0,2.0,2.0,0.0312596875,False,REGULAR,USD,P,2027-01-29,165,776.3400268554688,2026-08-17T11:55:45+00:00
SPY270129P00718000,2026-08-05 17:12:43+00:00,718.0,15.53,0.0,0.0,0.0,0.0,19.0,19.0,0.0312596875,False,REGULAR,USD,P,2027-01-29,165,776.3400268554688,2026-08-17T11:55:45+00:00
SPY270129P00719000,2026-08-04 17:05:02+00:00,719.0,15.89,0.0,0.0,0.0,0.0,,1.0,0.0312596875,False,REGULAR,USD,P,2027-01-29,165,776.3400268554688,2026-08-17T11:55:45+00:00
SPY270129P00720000,2026-08-13 19:41:20+00:00,720.0,14.37,0.0,0.0,0.0,0.0,2.0,58.0,0.0312596875,False,REGULAR,USD,P,2027-01-29,165,776.3400268554688,2026-08-17T11:55:45+00:00
SPY270129P00725000,2026-08-12 18:50:34+00:00,725.0,15.7,0.0,0.0,0.0,0.0,2.0,41.0,0.015634843750000002,False,REGULAR,USD,P,2027-01-29,165,776.3400268554688,2026-08-17T11:55:45+00:00
SPY270129P00727000,2026-08-05 19:52:54+00:00,727.0,17.08,0.0,0.0,0.0,0.0,,18.0,0.015634843750000002,False,REGULAR,USD,P,2027-01-29,165,776.3400268554688,2026-08-17T11:55:45+00:00
SPY270129P00729000,2026-08-05 14:47:14+00:00,729.0,17.26,0.0,0.0,0.0,0.0,,26.0,0.015634843750000002,False,REGULAR,USD,P,2027-01-29,165,776.3400268554688,2026-08-17T11:55:45+00:00
SPY270129P00730000,2026-08-14 18:13:55+00:00,730.0,16.05,0.0,0.0,0.0,0.0,5.0,50.0,0.015634843750000002,False,REGULAR,USD,P,2027-01-29,165,776.3400268554688,2026-08-17T11:55:45+00:00
SPY270129P00733000,2026-08-05 14:57:22+00:00,733.0,18.24,0.0,0.0,0.0,0.0,2.0,8.0,0.015634843750000002,False,REGULAR,USD,P,2027-01-29,165,776.3400268554688,2026-08-17T11:55:45+00:00
SPY270129P00735000,2026-08-11 16:30:34+00:00,735.0,18.48,0.0,0.0,0.0,0.0,10.0,158.0,0.015634843750000002,False,REGULAR,USD,P,2027-01-29,165,776.3400268554688,2026-08-17T11:55:45+00:00
SPY270129P00737000,2026-08-12 14:31:13+00:00,737.0,18.48,0.0,0.0,0.0,0.0,1.0,2.0,0.015634843750000002,False,REGULAR,USD,P,2027-01-29,165,776.3400268554688,2026-08-17T11:55:45+00:00
SPY270129P00738000,2026-08-14 14:32:18+00:00,738.0,17.69,0.0,0.0,0.0,0.0,3.0,6.0,0.015634843750000002,False,REGULAR,USD,P,2027-01-29,165,776.3400268554688,2026-08-17T11:55:45+00:00
SPY270129P00739000,2026-08-04 13:36:02+00:00,739.0,21.6,0.0,0.0,0.0,0.0,8.0,32.0,0.015634843750000002,False,REGULAR,USD,P,2027-01-29,165,776.3400268554688,2026-08-17T11:55:45+00:00
SPY270129P00740000,2026-08-13 16:34:21+00:00,740.0,18.19,0.0,0.0,0.0,0.0,2.0,33.0,0.015634843750000002,False,REGULAR,USD,P,2027-01-29,165,776.3400268554688,2026-08-17T11:55:45+00:00
SPY270129P00742000,2026-08-07 15:09:33+00:00,742.0,19.89,0.0,0.0,0.0,0.0,1.0,118.0,0.015634843750000002,False,REGULAR,USD,P,2027-01-29,165,776.3400268554688,2026-08-17T11:55:45+00:00
SPY270129P00744000,2026-07-31 14:09:20+00:00,744.0,32.02,0.0,0.0,0.0,0.0,2.0,1.0,0.015634843750000002,False,REGULAR,USD,P,2027-01-29,165,776.3400268554688,2026-08-17T11:55:45+00:00
SPY270129P00745000,2026-08-12 18:50:34+00:00,745.0,19.84,0.0,0.0,0.0,0.0,2.0,76.0,0.015634843750000002,False,REGULAR,USD,P,2027-01-29,165,776.3400268554688,2026-08-17T11:55:45+00:00
SPY270129P00746000,2026-08-13 18:40:52+00:00,746.0,19.4,0.0,0.0,0.0,0.0,,6.0,0.015634843750000002,False,REGULAR,USD,P,2027-01-29,165,776.3400268554688,2026-08-17T11:55:45+00:00
SPY270129P00747000,2026-08-14 17:53:22+00:00,747.0,19.72,0.0,0.0,0.0,0.0,,6.0,0.015634843750000002,False,REGULAR,USD,P,2027-01-29,165,776.3400268554688,2026-08-17T11:55:45+00:00
SPY270129P00748000,2026-08-06 13:47:57+00:00,748.0,21.79,0.0,0.0,0.0,0.0,1.0,120.0,0.015634843750000002,False,REGULAR,USD,P,2027-01-29,165,776.3400268554688,2026-08-17T11:55:45+00:00
SPY270129P00749000,2026-08-12 19:49:42+00:00,749.0,20.88,0.0,0.0,0.0,0.0,63.0,67.0,0.015634843750000002,False,REGULAR,USD,P,2027-01-29,165,776.3400268554688,2026-08-17T11:55:45+00:00
SPY270129P00750000,2026-08-14 18:12:14+00:00,750.0,20.3,0.0,0.0,0.0,0.0,1.0,74.0,0.007822421875,False,REGULAR,USD,P,2027-01-29,165,776.3400268554688,2026-08-17T11:55:45+00:00
SPY270129P00751000,2026-08-13 18:41:28+00:00,751.0,20.59,0.0,0.0,0.0,0.0,6.0,67.0,0.007822421875,False,REGULAR,USD,P,2027-01-29,165,776.3400268554688,2026-08-17T11:55:45+00:00
SPY270129P00752000,2026-08-13 18:41:38+00:00,752.0,20.8,0.0,0.0,0.0,0.0,6.0,132.0,0.007822421875,False,REGULAR,USD,P,2027-01-29,165,776.3400268554688,2026-08-17T11:55:45+00:00
SPY270129P00753000,2026-08-13 16:59:44+00:00,753.0,21.2,0.0,0.0,0.0,0.0,1.0,124.0,0.007822421875,False,REGULAR,USD,P,2027-01-29,165,776.3400268554688,2026-08-17T11:55:45+00:00
SPY270129P00754000,2026-08-13 18:58:34+00:00,754.0,21.32,0.0,0.0,0.0,0.0,1.0,5.0,0.007822421875,False,REGULAR,USD,P,2027-01-29,165,776.3400268554688,2026-08-17T11:55:45+00:00
SPY270129P00755000,2026-08-12 17:57:21+00:00,755.0,22.64,0.0,0.0,0.0,0.0,1.0,27.0,0.007822421875,False,REGULAR,USD,P,2027-01-29,165,776.3400268554688,2026-08-17T11:55:45+00:00
SPY270129P00756000,2026-08-14 14:41:20+00:00,756.0,21.87,0.0,0.0,0.0,0.0,1.0,2.0,0.007822421875,False,REGULAR,USD,P,2027-01-29,165,776.3400268554688,2026-08-17T11:55:45+00:00
SPY270129P00757000,2026-08-14 13:30:32+00:00,757.0,21.79,0.0,0.0,0.0,0.0,2.0,291.0,0.007822421875,False,REGULAR,USD,P,2027-01-29,165,776.3400268554688,2026-08-17T11:55:45+00:00
SPY270129P00758000,2026-08-04 17:13:56+00:00,758.0,24.93,0.0,0.0,0.0,0.0,3.0,1.0,0.007822421875,False,REGULAR,USD,P,2027-01-29,165,776.3400268554688,2026-08-17T11:55:45+00:00
SPY270129P00759000,2026-08-04 17:17:11+00:00,759.0,25.25,0.0,0.0,0.0,0.0,,4.0,0.007822421875,False,REGULAR,USD,P,2027-01-29,165,776.3400268554688,2026-08-17T11:55:45+00:00
SPY270129P00760000,2026-08-14 19:57:46+00:00,760.0,23.03,0.0,0.0,0.0,0.0,11.0,240.0,0.007822421875,False,REGULAR,USD,P,2027-01-29,165,776.3400268554688,2026-08-17T11:55:45+00:00
SPY270129P00761000,2026-08-05 18:23:43+00:00,761.0,25.32,0.0,0.0,0.0,0.0,,2.0,0.007822421875,False,REGULAR,USD,P,2027-01-29,165,776.3400268554688,2026-08-17T11:55:45+00:00
SPY270129P00762000,2026-08-14 13:30:32+00:00,762.0,23.17,0.0,0.0,0.0,0.0,2.0,7.0,0.007822421875,False,REGULAR,USD,P,2027-01-29,165,776.3400268554688,2026-08-17T11:55:45+00:00
SPY270129P00763000,2026-08-07 18:30:44+00:00,763.0,25.82,0.0,0.0,0.0,0.0,3.0,8.0,0.007822421875,False,REGULAR,USD,P,2027-01-29,165,776.3400268554688,2026-08-17T11:55:45+00:00
SPY270129P00764000,2026-08-05 19:02:27+00:00,764.0,26.3,0.0,0.0,0.0,0.0,5.0,3.0,0.0039162109375,False,REGULAR,USD,P,2027-01-29,165,776.3400268554688,2026-08-17T11:55:45+00:00
SPY270129P00765000,2026-08-14 19:16:40+00:00,765.0,24.54,0.0,0.0,0.0,0.0,2.0,13.0,0.0039162109375,False,REGULAR,USD,P,2027-01-29,165,776.3400268554688,2026-08-17T11:55:45+00:00
SPY270129P00766000,2026-08-07 14:57:50+00:00,766.0,26.59,0.0,0.0,0.0,0.0,2.0,2.0,0.0039162109375,False,REGULAR,USD,P,2027-01-29,165,776.3400268554688,2026-08-17T11:55:45+00:00
SPY270129P00767000,2026-08-10 17:04:50+00:00,767.0,26.79,0.0,0.0,0.0,0.0,3.0,22.0,0.0039162109375,False,REGULAR,USD,P,2027-01-29,165,776.3400268554688,2026-08-17T11:55:45+00:00
SPY270129P00768000,2026-08-13 16:38:11+00:00,768.0,25.68,0.0,0.0,0.0,0.0,4.0,115.0,0.0039162109375,False,REGULAR,USD,P,2027-01-29,165,776.3400268554688,2026-08-17T11:55:45+00:00
SPY270129P00769000,2026-08-12 19:54:54+00:00,769.0,27.04,0.0,0.0,0.0,0.0,52.0,53.0,0.0039162109375,False,REGULAR,USD,P,2027-01-29,165,776.3400268554688,2026-08-17T11:55:45+00:00
SPY270129P00770000,2026-08-14 20:05:12+00:00,770.0,26.15,0.0,0.0,0.0,0.0,34.0,155.0,0.0039162109375,False,REGULAR,USD,P,2027-01-29,165,776.3400268554688,2026-08-17T11:55:45+00:00
SPY270129P00771000,2026-08-13 13:50:35+00:00,771.0,26.32,0.0,0.0,0.0,0.0,4.0,29.0,0.00196310546875,False,REGULAR,USD,P,2027-01-29,165,776.3400268554688,2026-08-17T11:55:45+00:00
SPY270129P00772000,2026-08-13 16:04:27+00:00,772.0,27.09,0.0,0.0,0.0,0.0,5.0,209.0,0.00196310546875,False,REGULAR,USD,P,2027-01-29,165,776.3400268554688,2026-08-17T11:55:45+00:00
SPY270129P00773000,2026-08-14 16:27:02+00:00,773.0,27.13,0.0,0.0,0.0,0.0,4.0,34.0,0.00196310546875,False,REGULAR,USD,P,2027-01-29,165,776.3400268554688,2026-08-17T11:55:45+00:00
SPY270129P00774000,2026-08-12 18:24:55+00:00,774.0,28.6,0.0,0.0,0.0,0.0,7.0,207.0,0.000986552734375,False,REGULAR,USD,P,2027-01-29,165,776.3400268554688,2026-08-17T11:55:45+00:00
SPY270129P00775000,2026-08-14 20:02:30+00:00,775.0,27.85,0.0,0.0,0.0,0.0,3.0,42.0,0.000986552734375,False,REGULAR,USD,P,2027-01-29,165,776.3400268554688,2026-08-17T11:55:45+00:00
SPY270129P00776000,2026-08-14 18:53:48+00:00,776.0,28.14,0.0,0.0,0.0,0.0,24.0,131.0,0.00025413818359375,False,REGULAR,USD,P,2027-01-29,165,776.3400268554688,2026-08-17T11:55:45+00:00
SPY270129P00777000,2026-08-13 14:35:45+00:00,777.0,27.95,0.0,0.0,0.0,0.0,1.0,12.0,1.0000000000000003e-05,True,REGULAR,USD,P,2027-01-29,165,776.3400268554688,2026-08-17T11:55:45+00:00
SPY270129P00778000,2026-08-14 20:14:00+00:00,778.0,29.06,0.0,0.0,0.0,0.0,1.0,10.0,1.0000000000000003e-05,True,REGULAR,USD,P,2027-01-29,165,776.3400268554688,2026-08-17T11:55:45+00:00
SPY270129P00779000,2026-08-04 19:46:35+00:00,779.0,31.71,0.0,0.0,0.0,0.0,,9.0,1.0000000000000003e-05,True,REGULAR,USD,P,2027-01-29,165,776.3400268554688,2026-08-17T11:55:45+00:00
SPY270129P00780000,2026-08-14 15:37:06+00:00,780.0,30.01,0.0,0.0,0.0,0.0,2.0,282.0,1.0000000000000003e-05,True,REGULAR,USD,P,2027-01-29,165,776.3400268554688,2026-08-17T11:55:45+00:00
SPY270129P00785000,2026-08-12 18:41:45+00:00,785.0,32.91,0.0,0.0,0.0,0.0,15.0,251.0,1.0000000000000003e-05,True,REGULAR,USD,P,2027-01-29,165,776.3400268554688,2026-08-17T11:55:45+00:00
SPY270129P00790000,2026-08-12 17:58:19+00:00,790.0,35.51,0.0,0.0,0.0,0.0,1.0,4.0,1.0000000000000003e-05,True,REGULAR,USD,P,2027-01-29,165,776.3400268554688,2026-08-17T11:55:45+00:00
SPY270129P00795000,2026-08-13 13:49:47+00:00,795.0,36.15,0.0,0.0,0.0,0.0,1.0,2.0,1.0000000000000003e-05,True,REGULAR,USD,P,2027-01-29,165,776.3400268554688,2026-08-17T11:55:45+00:00
SPY270129P00800000,2026-08-10 16:40:25+00:00,800.0,41.16,0.0,0.0,0.0,0.0,12.0,14.0,1.0000000000000003e-05,True,REGULAR,USD,P,2027-01-29,165,776.3400268554688,2026-08-17T11:55:45+00:00
SPY270129P00805000,2026-08-10 20:11:02+00:00,805.0,44.19,0.0,0.0,0.0,0.0,1.0,3.0,1.0000000000000003e-05,True,REGULAR,USD,P,2027-01-29,165,776.3400268554688,2026-08-17T11:55:45+00:00
SPY270129P00820000,2026-08-12 19:02:39+00:00,820.0,53.38,0.0,0.0,0.0,0.0,2.0,0.0,1.0000000000000003e-05,True,REGULAR,USD,P,2027-01-29,165,776.3400268554688,2026-08-17T11:55:45+00:00
SPY270129P00825000,2026-08-06 20:01:40+00:00,825.0,59.96,0.0,0.0,0.0,0.0,,0.0,1.0000000000000003e-05,True,REGULAR,USD,P,2027-01-29,165,776.3400268554688,2026-08-17T11:55:45+00:00
SPY270129P00830000,2026-08-03 13:35:59+00:00,830.0,79.0,0.0,0.0,0.0,0.0,,5.0,1.0000000000000003e-05,True,REGULAR,USD,P,2027-01-29,165,776.3400268554688,2026-08-17T11:55:45+00:00
SPY270129P00835000,2026-08-13 14:19:20+00:00,835.0,60.48,0.0,0.0,0.0,0.0,2.0,2.0,1.0000000000000003e-05,True,REGULAR,USD,P,2027-01-29,165,776.3400268554688,2026-08-17T11:55:45+00:00
SPY270129P00850000,2026-08-12 19:02:39+00:00,850.0,77.29,0.0,0.0,0.0,0.0,,,1.0000000000000003e-05,True,REGULAR,USD,P,2027-01-29,165,776.3400268554688,2026-08-17T11:55:45+00:00
SPY270129P00860000,2026-08-03 18:05:10+00:00,860.0,102.0,0.0,0.0,0.0,0.0,,1.0,1.0000000000000003e-05,True,REGULAR,USD,P,2027-01-29,165,776.3400268554688,2026-08-17T11:55:45+00:00
SPY270331C00250000,2026-07-27 15:12:45+00:00,250.0,494.4,0.0,0.0,0.0,0.0,2.0,1.0,1.0000000000000003e-05,True,REGULAR,USD,C,2027-03-31,226,776.3400268554688,2026-08-17T11:55:45+00:00
SPY270331C00350000,2026-04-06 14:14:58+00:00,350.0,320.01,0.0,0.0,0.0,0.0,,0.0,1.0000000000000003e-05,True,REGULAR,USD,C,2027-03-31,226,776.3400268554688,2026-08-17T11:55:45+00:00
SPY270331C00400000,2026-05-06 18:25:30+00:00,400.0,345.19,348.0,353.0,0.0,0.0,2.0,3.0,1.0000000000000003e-05,True,REGULAR,USD,C,2027-03-31,226,776.3400268554688,2026-08-17T11:55:45+00:00
SPY270331C00450000,2026-06-09 17:40:49+00:00,450.0,296.56,315.85,319.33,0.0,0.0,2.0,20.0,1.0000000000000003e-05,True,REGULAR,USD,C,2027-03-31,226,776.3400268554688,2026-08-17T11:55:45+00:00
SPY270331C00455000,2026-06-08 19:14:47+00:00,455.0,297.04,310.91,314.57,0.0,0.0,4.0,11.0,1.0000000000000003e-05,True,REGULAR,USD,C,2027-03-31,226,776.3400268554688,2026-08-17T11:55:45+00:00
SPY270331C00460000,2026-08-12 13:46:19+00:00,460.0,323.47,0.0,0.0,0.0,0.0,,1.0,1.0000000000000003e-05,True,REGULAR,USD,C,2027-03-31,226,776.3400268554688,2026-08-17T11:55:45+00:00
SPY270331C00465000,2026-08-10 16:09:41+00:00,465.0,320.39,0.0,0.0,0.0,0.0,1.0,4.0,1.0000000000000003e-05,True,REGULAR,USD,C,2027-03-31,226,776.3400268554688,2026-08-17T11:55:45+00:00
SPY270331C00470000,2026-05-14 14:45:48+00:00,470.0,293.5,296.31,299.48,0.0,0.0,1.0,2.0,1.0000000000000003e-05,True,REGULAR,USD,C,2027-03-31,226,776.3400268554688,2026-08-17T11:55:45+00:00
SPY270331C00490000,2026-03-30 14:20:19+00:00,490.0,174.0,260.92,264.8,0.0,0.0,,2.0,1.0000000000000003e-05,True,REGULAR,USD,C,2027-03-31,226,776.3400268554688,2026-08-17T11:55:45+00:00
SPY270331C00495000,2026-07-10 17:10:29+00:00,495.0,274.34,0.0,0.0,0.0,0.0,1.0,0.0,1.0000000000000003e-05,True,REGULAR,USD,C,2027-03-31,226,776.3400268554688,2026-08-17T11:55:45+00:00
SPY270331C00500000,2026-07-23 19:24:08+00:00,500.0,253.3,0.0,0.0,0.0,0.0,4.0,2.0,1.0000000000000003e-05,True,REGULAR,USD,C,2027-03-31,226,776.3400268554688,2026-08-17T11:55:45+00:00
SPY270331C00505000,2026-05-08 15:14:03+00:00,505.0,251.02,249.6,253.48,0.0,0.0,1.0,0.0,1.0000000000000003e-05,True,REGULAR,USD,C,2027-03-31,226,776.3400268554688,2026-08-17T11:55:45+00:00
SPY270331C00510000,2026-03-30 16:34:56+00:00,510.0,157.0,242.58,246.46,0.0,0.0,,5.0,1.0000000000000003e-05,True,REGULAR,USD,C,2027-03-31,226,776.3400268554688,2026-08-17T11:55:45+00:00
SPY270331C00515000,2026-08-13 17:47:19+00:00,515.0,274.77,0.0,0.0,0.0,0.0,1.0,17.0,1.0000000000000003e-05,True,REGULAR,USD,C,2027-03-31,226,776.3400268554688,2026-08-17T11:55:45+00:00
SPY270331C00520000,2026-06-02 19:14:54+00:00,520.0,257.24,0.0,0.0,0.0,0.0,3.0,0.0,1.0000000000000003e-05,True,REGULAR,USD,C,2027-03-31,226,776.3400268554688,2026-08-17T11:55:45+00:00
SPY270331C00525000,2026-07-23 15:22:04+00:00,525.0,229.82,0.0,0.0,0.0,0.0,1.0,2.0,1.0000000000000003e-05,True,REGULAR,USD,C,2027-03-31,226,776.3400268554688,2026-08-17T11:55:45+00:00
SPY270331C00530000,2026-06-26 15:46:24+00:00,530.0,227.14,0.0,0.0,0.0,0.0,1.0,2.0,1.0000000000000003e-05,True,REGULAR,USD,C,2027-03-31,226,776.3400268554688,2026-08-17T11:55:45+00:00
SPY270331C00535000,2026-07-27 14:51:55+00:00,535.0,221.68,0.0,0.0,0.0,0.0,1.0,2.0,1.0000000000000003e-05,True,REGULAR,USD,C,2027-03-31,226,776.3400268554688,2026-08-17T11:55:45+00:00
SPY270331C00540000,2026-04-22 15:03:27+00:00,540.0,194.75,217.62,221.5,0.0,0.0,1.0,1.0,1.0000000000000003e-05,True,REGULAR,USD,C,2027-03-31,226,776.3400268554688,2026-08-17T11:55:45+00:00
SPY270331C00545000,2026-06-30 19:38:42+00:00,545.0,222.5,0.0,0.0,0.0,0.0,1.0,1.0,1.0000000000000003e-05,True,REGULAR,USD,C,2027-03-31,226,776.3400268554688,2026-08-17T11:55:45+00:00
SPY270331C00550000,2026-08-04 15:45:15+00:00,550.0,234.88,0.0,0.0,0.0,0.0,1.0,14.0,1.0000000000000003e-05,True,REGULAR,USD,C,2027-03-31,226,776.3400268554688,2026-08-17T11:55:45+00:00
SPY270331C00555000,2026-05-28 15:17:46+00:00,555.0,220.02,0.0,0.0,0.0,0.0,1.0,0.0,1.0000000000000003e-05,True,REGULAR,USD,C,2027-03-31,226,776.3400268554688,2026-08-17T11:55:45+00:00
SPY270331C00560000,2026-08-03 13:31:58+00:00,560.0,207.93,0.0,0.0,0.0,0.0,1.0,13.0,1.0000000000000003e-05,True,REGULAR,USD,C,2027-03-31,226,776.3400268554688,2026-08-17T11:55:45+00:00
SPY270331C00570000,2026-06-12 16:13:04+00:00,570.0,194.03,203.48,206.98,0.0,0.0,3.0,9.0,0.1854329504394531,True,REGULAR,USD,C,2027-03-31,226,776.3400268554688,2026-08-17T11:55:45+00:00
SPY270331C00575000,2026-08-03 16:12:37+00:00,575.0,199.83,0.0,0.0,0.0,0.0,1.0,7.0,1.0000000000000003e-05,True,REGULAR,USD,C,2027-03-31,226,776.3400268554688,2026-08-17T11:55:45+00:00
SPY270331C00578000,2026-06-12 14:52:46+00:00,578.0,185.33,196.25,199.69,0.0,0.0,,1.0,0.20154607055664062,True,REGULAR,USD,C,2027-03-31,226,776.3400268554688,2026-08-17T11:55:45+00:00
SPY270331C00580000,2026-04-14 14:38:53+00:00,580.0,143.61,182.97,186.5,0.0,0.0,7.0,1.0,1.0000000000000003e-05,True,REGULAR,USD,C,2027-03-31,226,776.3400268554688,2026-08-17T11:55:45+00:00
SPY270331C00582000,2026-06-26 19:59:59+00:00,582.0,173.2,0.0,0.0,0.0,0.0,1.0,1.0,1.0000000000000003e-05,True,REGULAR,USD,C,2027-03-31,226,776.3400268554688,2026-08-17T11:55:45+00:00
SPY270331C00585000,2026-08-06 16:18:02+00:00,585.0,201.5,0.0,0.0,0.0,0.0,3.0,2.0,1.0000000000000003e-05,True,REGULAR,USD,C,2027-03-31,226,776.3400268554688,2026-08-17T11:55:45+00:00
SPY270331C00588000,2026-08-05 18:25:59+00:00,588.0,202.85,0.0,0.0,0.0,0.0,,1.0,1.0000000000000003e-05,True,REGULAR,USD,C,2027-03-31,226,776.3400268554688,2026-08-17T11:55:45+00:00
SPY270331C00590000,2026-08-05 18:25:59+00:00,590.0,200.99,0.0,0.0,0.0,0.0,1.0,4.0,1.0000000000000003e-05,True,REGULAR,USD,C,2027-03-31,226,776.3400268554688,2026-08-17T11:55:45+00:00
SPY270331C00592000,2026-04-16 17:01:30+00:00,592.0,142.73,171.42,175.3,0.0,0.0,2.0,1.0,1.0000000000000003e-05,True,REGULAR,USD,C,2027-03-31,226,776.3400268554688,2026-08-17T11:55:45+00:00
SPY270331C00593000,2026-08-07 16:32:16+00:00,593.0,197.31,0.0,0.0,0.0,0.0,1.0,1.0,1.0000000000000003e-05,True,REGULAR,USD,C,2027-03-31,226,776.3400268554688,2026-08-17T11:55:45+00:00
SPY270331C00594000,2026-04-16 15:31:42+00:00,594.0,141.75,169.68,173.56,0.0,0.0,,1.0,1.0000000000000003e-05,True,REGULAR,USD,C,2027-03-31,226,776.3400268554688,2026-08-17T11:55:45+00:00
SPY270331C00595000,2026-07-10 16:30:38+00:00,595.0,181.59,0.0,0.0,0.0,0.0,1.0,1.0,1.0000000000000003e-05,True,REGULAR,USD,C,2027-03-31,226,776.3400268554688,2026-08-17T11:55:45+00:00
SPY270331C00597000,2026-07-24 17:42:27+00:00,597.0,167.56,0.0,0.0,0.0,0.0,3.0,0.0,1.0000000000000003e-05,True,REGULAR,USD,C,2027-03-31,226,776.3400268554688,2026-08-17T11:55:45+00:00
SPY270331C00598000,2026-05-22 18:30:56+00:00,598.0,176.35,0.0,0.0,0.0,0.0,1.0,0.0,1.0000000000000003e-05,True,REGULAR,USD,C,2027-03-31,226,776.3400268554688,2026-08-17T11:55:45+00:00
SPY270331C00599000,2026-07-29 16:41:31+00:00,599.0,158.11,0.0,0.0,0.0,0.0,3.0,3.0,1.0000000000000003e-05,True,REGULAR,USD,C,2027-03-31,226,776.3400268554688,2026-08-17T11:55:45+00:00
SPY270331C00600000,2026-08-04 17:17:49+00:00,600.0,191.68,0.0,0.0,0.0,0.0,2.0,28.0,1.0000000000000003e-05,True,REGULAR,USD,C,2027-03-31,226,776.3400268554688,2026-08-17T11:55:45+00:00
SPY270331C00601000,2026-06-05 18:38:19+00:00,601.0,166.58,0.0,0.0,0.0,0.0,1.0,0.0,1.0000000000000003e-05,True,REGULAR,USD,C,2027-03-31,226,776.3400268554688,2026-08-17T11:55:45+00:00
SPY270331C00602000,2026-05-06 19:54:55+00:00,602.0,162.93,162.77,166.65,0.0,0.0,7.0,7.0,1.0000000000000003e-05,True,REGULAR,USD,C,2027-03-31,226,776.3400268554688,2026-08-17T11:55:45+00:00
SPY270331C00603000,2026-04-23 19:40:43+00:00,603.0,140.77,161.91,165.79,0.0,0.0,,1.0,1.0000000000000003e-05,True,REGULAR,USD,C,2027-03-31,226,776.3400268554688,2026-08-17T11:55:45+00:00
SPY270331C00604000,2026-04-22 15:04:24+00:00,604.0,139.42,161.05,164.93,0.0,0.0,1.0,1.0,1.0000000000000003e-05,True,REGULAR,USD,C,2027-03-31,226,776.3400268554688,2026-08-17T11:55:45+00:00
SPY270331C00605000,2026-05-08 14:25:11+00:00,605.0,162.54,160.19,164.07,0.0,0.0,7.0,7.0,1.0000000000000003e-05,True,REGULAR,USD,C,2027-03-31,226,776.3400268554688,2026-08-17T11:55:45+00:00
SPY270331C00607000,2026-04-24 18:17:27+00:00,607.0,138.8,158.47,162.35,0.0,0.0,1.0,1.0,1.0000000000000003e-05,True,REGULAR,USD,C,2027-03-31,226,776.3400268554688,2026-08-17T11:55:45+00:00
SPY270331C00608000,2026-08-10 17:47:51+00:00,608.0,184.57,0.0,0.0,0.0,0.0,1.0,3.0,1.0000000000000003e-05,True,REGULAR,USD,C,2027-03-31,226,776.3400268554688,2026-08-17T11:55:45+00:00
SPY270331C00609000,2026-05-13 17:54:18+00:00,609.0,165.03,169.01,172.25,0.0,0.0,1.0,1.0,0.2260819580078125,True,REGULAR,USD,C,2027-03-31,226,776.3400268554688,2026-08-17T11:55:45+00:00
SPY270331C00610000,2026-05-29 17:17:37+00:00,610.0,174.0,0.0,0.0,0.0,0.0,1.0,0.0,1.0000000000000003e-05,True,REGULAR,USD,C,2027-03-31,226,776.3400268554688,2026-08-17T11:55:45+00:00
SPY270331C00611000,2026-06-25 18:19:03+00:00,611.0,154.05,0.0,0.0,0.0,0.0,1.0,2.0,1.0000000000000003e-05,True,REGULAR,USD,C,2027-03-31,226,776.3400268554688,2026-08-17T11:55:45+00:00
SPY270331C00612000,2026-08-14 18:30:09+00:00,612.0,183.37,0.0,0.0,0.0,0.0,1.0,3.0,1.0000000000000003e-05,True,REGULAR,USD,C,2027-03-31,226,776.3400268554688,2026-08-17T11:55:45+00:00
SPY270331C00615000,2026-08-04 13:42:29+00:00,615.0,168.73,0.0,0.0,0.0,0.0,4.0,18.0,1.0000000000000003e-05,True,REGULAR,USD,C,2027-03-31,226,776.3400268554688,2026-08-17T11:55:45+00:00
SPY270331C00616000,2026-08-04 13:42:13+00:00,616.0,168.02,0.0,0.0,0.0,0.0,4.0,3.0,1.0000000000000003e-05,True,REGULAR,USD,C,2027-03-31,226,776.3400268554688,2026-08-17T11:55:45+00:00
SPY270331C00617000,2026-05-06 13:31:59+00:00,617.0,144.97,149.95,153.83,0.0,0.0,2.0,3.0,1.0000000000000003e-05,True,REGULAR,USD,C,2027-03-31,226,776.3400268554688,2026-08-17T11:55:45+00:00
SPY270331C00618000,2026-06-05 16:02:14+00:00,618.0,157.82,0.0,0.0,0.0,0.0,2.0,0.0,1.0000000000000003e-05,True,REGULAR,USD,C,2027-03-31,226,776.3400268554688,2026-08-17T11:55:45+00:00
SPY270331C00619000,2026-07-01 14:28:47+00:00,619.0,155.01,0.0,0.0,0.0,0.0,1.0,2.0,1.0000000000000003e-05,True,REGULAR,USD,C,2027-03-31,226,776.3400268554688,2026-08-17T11:55:45+00:00
SPY270331C00620000,2026-06-26 14:12:10+00:00,620.0,144.12,0.0,0.0,0.0,0.0,1.0,13.0,1.0000000000000003e-05,True,REGULAR,USD,C,2027-03-31,226,776.3400268554688,2026-08-17T11:55:45+00:00
SPY270331C00621000,2026-08-10 13:54:40+00:00,621.0,174.0,0.0,0.0,0.0,0.0,1.0,8.0,1.0000000000000003e-05,True,REGULAR,USD,C,2027-03-31,226,776.3400268554688,2026-08-17T11:55:45+00:00
SPY270331C00622000,2026-05-12 14:46:51+00:00,622.0,146.08,157.76,159.99,0.0,0.0,1.0,1.0,0.21869677795410153,True,REGULAR,USD,C,2027-03-31,226,776.3400268554688,2026-08-17T11:55:45+00:00
SPY270331C00623000,2026-06-03 18:49:07+00:00,623.0,162.52,0.0,0.0,0.0,0.0,2.0,0.0,1.0000000000000003e-05,True,REGULAR,USD,C,2027-03-31,226,776.3400268554688,2026-08-17T11:55:45+00:00
SPY270331C00624000,2026-04-09 18:03:18+00:00,624.0,100.94,145.5,149.0,0.0,0.0,2.0,2.0,1.0000000000000003e-05,True,REGULAR,USD,C,2027-03-31,226,776.3400268554688,2026-08-17T11:55:45+00:00
SPY270331C00625000,2026-08-10 19:30:26+00:00,625.0,169.52,0.0,0.0,0.0,0.0,4.0,314.0,1.0000000000000003e-05,True,REGULAR,USD,C,2027-03-31,226,776.3400268554688,2026-08-17T11:55:45+00:00
SPY270331C00626000,2026-06-08 14:11:35+00:00,626.0,147.14,153.33,156.77,0.0,0.0,1.0,0.0,0.22168747070312497,True,REGULAR,USD,C,2027-03-31,226,776.3400268554688,2026-08-17T11:55:45+00:00
SPY270331C00627000,2026-05-04 15:20:02+00:00,627.0,128.74,141.52,145.4,0.0,0.0,,1.0,1.0000000000000003e-05,True,REGULAR,USD,C,2027-03-31,226,776.3400268554688,2026-08-17T11:55:45+00:00
SPY270331C00628000,2026-06-29 16:01:53+00:00,628.0,140.99,0.0,0.0,0.0,0.0,1.0,1.0,1.0000000000000003e-05,True,REGULAR,USD,C,2027-03-31,226,776.3400268554688,2026-08-17T11:55:45+00:00
SPY270331C00629000,2026-08-07 16:53:08+00:00,629.0,165.2,0.0,0.0,0.0,0.0,1.0,12.0,1.0000000000000003e-05,True,REGULAR,USD,C,2027-03-31,226,776.3400268554688,2026-08-17T11:55:45+00:00
SPY270331C00630000,2026-08-10 15:23:42+00:00,630.0,165.86,0.0,0.0,0.0,0.0,3.0,75.0,1.0000000000000003e-05,True,REGULAR,USD,C,2027-03-31,226,776.3400268554688,2026-08-17T11:55:45+00:00
SPY270331C00631000,2026-07-29 15:59:02+00:00,631.0,131.01,0.0,0.0,0.0,0.0,2.0,1.0,1.0000000000000003e-05,True,REGULAR,USD,C,2027-03-31,226,776.3400268554688,2026-08-17T11:55:45+00:00
SPY270331C00632000,2026-08-07 16:20:18+00:00,632.0,163.64,0.0,0.0,0.0,0.0,1.0,2.0,1.0000000000000003e-05,True,REGULAR,USD,C,2027-03-31,226,776.3400268554688,2026-08-17T11:55:45+00:00
SPY270331C00633000,2026-08-07 16:20:59+00:00,633.0,162.68,0.0,0.0,0.0,0.0,2.0,5.0,1.0000000000000003e-05,True,REGULAR,USD,C,2027-03-31,226,776.3400268554688,2026-08-17T11:55:45+00:00
SPY270331C00634000,2026-08-07 16:20:59+00:00,634.0,161.76,0.0,0.0,0.0,0.0,3.0,3.0,1.0000000000000003e-05,True,REGULAR,USD,C,2027-03-31,226,776.3400268554688,2026-08-17T11:55:45+00:00
SPY270331C00635000,2026-08-11 16:55:49+00:00,635.0,158.8,0.0,0.0,0.0,0.0,1.0,10.0,1.0000000000000003e-05,True,REGULAR,USD,C,2027-03-31,226,776.3400268554688,2026-08-17T11:55:45+00:00
SPY270331C00636000,2026-06-05 19:35:10+00:00,636.0,135.96,0.0,0.0,0.0,0.0,2.0,0.0,1.0000000000000003e-05,True,REGULAR,USD,C,2027-03-31,226,776.3400268554688,2026-08-17T11:55:45+00:00
SPY270331C00637000,2026-06-05 19:35:14+00:00,637.0,135.29,0.0,0.0,0.0,0.0,2.0,0.0,1.0000000000000003e-05,True,REGULAR,USD,C,2027-03-31,226,776.3400268554688,2026-08-17T11:55:45+00:00
SPY270331C00638000,2026-05-28 14:12:54+00:00,638.0,146.02,0.0,0.0,0.0,0.0,1.0,0.0,1.0000000000000003e-05,True,REGULAR,USD,C,2027-03-31,226,776.3400268554688,2026-08-17T11:55:45+00:00
SPY270331C00639000,2026-07-06 13:30:14+00:00,639.0,138.95,0.0,0.0,0.0,0.0,8.0,20.0,1.0000000000000003e-05,True,REGULAR,USD,C,2027-03-31,226,776.3400268554688,2026-08-17T11:55:45+00:00
SPY270331C00640000,2026-08-06 16:28:18+00:00,640.0,151.87,0.0,0.0,0.0,0.0,1.0,34.0,1.0000000000000003e-05,True,REGULAR,USD,C,2027-03-31,226,776.3400268554688,2026-08-17T11:55:45+00:00
SPY270331C00641000,2026-08-04 13:54:37+00:00,641.0,146.72,0.0,0.0,0.0,0.0,1.0,2.0,1.0000000000000003e-05,True,REGULAR,USD,C,2027-03-31,226,776.3400268554688,2026-08-17T11:55:45+00:00
SPY270331C00642000,2026-05-22 18:27:07+00:00,642.0,138.84,0.0,0.0,0.0,0.0,1.0,0.0,1.0000000000000003e-05,True,REGULAR,USD,C,2027-03-31,226,776.3400268554688,2026-08-17T11:55:45+00:00
SPY270331C00643000,2026-08-06 14:39:18+00:00,643.0,150.65,0.0,0.0,0.0,0.0,1.0,2.0,1.0000000000000003e-05,True,REGULAR,USD,C,2027-03-31,226,776.3400268554688,2026-08-17T11:55:45+00:00
SPY270331C00644000,2026-08-03 13:50:40+00:00,644.0,134.17,0.0,0.0,0.0,0.0,1.0,15.0,1.0000000000000003e-05,True,REGULAR,USD,C,2027-03-31,226,776.3400268554688,2026-08-17T11:55:45+00:00
SPY270331C00645000,2026-08-06 17:54:45+00:00,645.0,147.39,0.0,0.0,0.0,0.0,1.0,7.0,1.0000000000000003e-05,True,REGULAR,USD,C,2027-03-31,226,776.3400268554688,2026-08-17T11:55:45+00:00
SPY270331C00646000,2026-06-05 19:34:53+00:00,646.0,126.77,0.0,0.0,0.0,0.0,1.0,0.0,1.0000000000000003e-05,True,REGULAR,USD,C,2027-03-31,226,776.3400268554688,2026-08-17T11:55:45+00:00
SPY270331C00647000,2026-05-14 15:40:46+00:00,647.0,137.68,136.33,138.47,0.0,0.0,11.0,6.0,0.2185899674987793,True,REGULAR,USD,C,2027-03-31,226,776.3400268554688,2026-08-17T11:55:45+00:00
SPY270331C00648000,2026-06-12 16:39:53+00:00,648.0,126.74,134.29,137.71,0.0,0.0,2.0,5.0,0.21916979568481443,True,REGULAR,USD,C,2027-03-31,226,776.3400268554688,2026-08-17T11:55:45+00:00
SPY270331C00649000,2026-06-18 17:23:32+00:00,649.0,132.64,119.8,123.22,0.0,0.0,6.0,12.0,1.0000000000000003e-05,True,REGULAR,USD,C,2027-03-31,226,776.3400268554688,2026-08-17T11:55:45+00:00
SPY270331C00650000,2026-08-05 15:33:34+00:00,650.0,147.26,0.0,0.0,0.0,0.0,1.0,246.0,1.0000000000000003e-05,True,REGULAR,USD,C,2027-03-31,226,776.3400268554688,2026-08-17T11:55:45+00:00
SPY270331C00651000,2026-06-09 15:38:22+00:00,651.0,117.03,131.73,135.15,0.0,0.0,1.0,1.0,0.2185899674987793,True,REGULAR,USD,C,2027-03-31,226,776.3400268554688,2026-08-17T11:55:45+00:00
SPY270331C00652000,2026-05-06 19:06:06+00:00,652.0,120.57,120.91,124.77,0.0,0.0,2.0,3.0,0.10572183349609374,True,REGULAR,USD,C,2027-03-31,226,776.3400268554688,2026-08-17T11:55:45+00:00
SPY270331C00653000,2026-04-17 13:38:31+00:00,653.0,99.5,120.1,123.96,0.0,0.0,1.0,3.0,0.1115201153564453,True,REGULAR,USD,C,2027-03-31,226,776.3400268554688,2026-08-17T11:55:45+00:00
SPY270331C00654000,2026-06-12 16:48:01+00:00,654.0,122.04,129.1,132.59,0.0,0.0,3.0,6.0,0.21788807022094725,True,REGULAR,USD,C,2027-03-31,226,776.3400268554688,2026-08-17T11:55:45+00:00
SPY270331C00655000,2026-08-04 17:16:02+00:00,655.0,142.0,0.0,0.0,0.0,0.0,1.0,21.0,1.0000000000000003e-05,True,REGULAR,USD,C,2027-03-31,226,776.3400268554688,2026-08-17T11:55:45+00:00
SPY270331C00656000,2026-08-07 17:33:04+00:00,656.0,141.0,0.0,0.0,0.0,0.0,2.0,16.0,1.0000000000000003e-05,True,REGULAR,USD,C,2027-03-31,226,776.3400268554688,2026-08-17T11:55:45+00:00
SPY270331C00657000,2026-05-04 18:21:33+00:00,657.0,104.52,116.88,120.74,0.0,0.0,2.0,6.0,0.125985302734375,True,REGULAR,USD,C,2027-03-31,226,776.3400268554688,2026-08-17T11:55:45+00:00
SPY270331C00658000,2026-04-09 16:02:29+00:00,658.0,74.99,117.68,121.56,0.0,0.0,1.0,3.0,0.15085688018798832,True,REGULAR,USD,C,2027-03-31,226,776.3400268554688,2026-08-17T11:55:45+00:00
SPY270331C00659000,2026-06-22 13:36:21+00:00,659.0,126.11,111.5,114.93,0.0,0.0,9.0,11.0,1.0000000000000003e-05,True,REGULAR,USD,C,2027-03-31,226,776.3400268554688,2026-08-17T11:55:45+00:00
SPY270331C00660000,2026-08-06 14:39:18+00:00,660.0,136.39,0.0,0.0,0.0,0.0,1.0,65.0,1.0000000000000003e-05,True,REGULAR,USD,C,2027-03-31,226,776.3400268554688,2026-08-17T11:55:45+00:00
SPY270331C00661000,2026-04-21 14:52:38+00:00,661.0,95.28,113.68,117.54,0.0,0.0,2.0,3.0,0.13477427734375003,True,REGULAR,USD,C,2027-03-31,226,776.3400268554688,2026-08-17T11:55:45+00:00
SPY270331C00662000,2026-04-14 14:41:01+00:00,662.0,80.08,114.52,118.4,0.0,0.0,,1.0,0.15570912658691405,True,REGULAR,USD,C,2027-03-31,226,776.3400268554688,2026-08-17T11:55:45+00:00
SPY270331C00663000,2026-08-14 18:45:28+00:00,663.0,137.78,0.0,0.0,0.0,0.0,4.0,8.0,1.0000000000000003e-05,True,REGULAR,USD,C,2027-03-31,226,776.3400268554688,2026-08-17T11:55:45+00:00
SPY270331C00664000,2026-06-23 18:11:26+00:00,664.0,109.58,107.4,110.83,0.0,0.0,6.0,7.0,1.0000000000000003e-05,True,REGULAR,USD,C,2027-03-31,226,776.3400268554688,2026-08-17T11:55:45+00:00
SPY270331C00665000,2026-06-24 18:32:01+00:00,665.0,109.14,0.0,0.0,0.0,0.0,2.0,25.0,1.0000000000000003e-05,True,REGULAR,USD,C,2027-03-31,226,776.3400268554688,2026-08-17T11:55:45+00:00
SPY270331C00666000,2026-05-20 19:43:39+00:00,666.0,114.94,0.0,0.0,0.0,0.0,10.0,0.0,1.0000000000000003e-05,True,REGULAR,USD,C,2027-03-31,226,776.3400268554688,2026-08-17T11:55:45+00:00
SPY270331C00667000,2026-05-07 16:07:45+00:00,667.0,108.82,108.91,112.77,0.0,0.0,1.0,27.0,0.1435327346801758,True,REGULAR,USD,C,2027-03-31,226,776.3400268554688,2026-08-17T11:55:45+00:00
SPY270331C00668000,2026-04-22 16:46:26+00:00,668.0,90.04,108.12,111.98,0.0,0.0,98.0,53.0,0.14469239105224607,True,REGULAR,USD,C,2027-03-31,226,776.3400268554688,2026-08-17T11:55:45+00:00
SPY270331C00669000,2026-08-05 14:20:01+00:00,669.0,134.08,0.0,0.0,0.0,0.0,10.0,177.0,1.0000000000000003e-05,True,REGULAR,USD,C,2027-03-31,226,776.3400268554688,2026-08-17T11:55:45+00:00
SPY270331C00670000,2026-08-12 19:02:49+00:00,670.0,129.24,0.0,0.0,0.0,0.0,6.0,45.0,1.0000000000000003e-05,True,REGULAR,USD,C,2027-03-31,226,776.3400268554688,2026-08-17T11:55:45+00:00
SPY270331C00671000,2026-07-08 14:53:47+00:00,671.0,107.68,0.0,0.0,0.0,0.0,1.0,184.0,1.0000000000000003e-05,True,REGULAR,USD,C,2027-03-31,226,776.3400268554688,2026-08-17T11:55:45+00:00
SPY270331C00672000,2026-08-14 18:36:41+00:00,672.0,129.62,0.0,0.0,0.0,0.0,3.0,186.0,1.0000000000000003e-05,True,REGULAR,USD,C,2027-03-31,226,776.3400268554688,2026-08-17T11:55:45+00:00
SPY270331C00673000,2026-08-05 14:30:22+00:00,673.0,129.63,0.0,0.0,0.0,0.0,12.0,111.0,1.0000000000000003e-05,True,REGULAR,USD,C,2027-03-31,226,776.3400268554688,2026-08-17T11:55:45+00:00
SPY270331C00674000,2026-05-15 15:53:33+00:00,674.0,108.15,114.05,116.14,0.0,0.0,1.0,4.0,0.21443961837768555,True,REGULAR,USD,C,2027-03-31,226,776.3400268554688,2026-08-17T11:55:45+00:00
SPY270331C00675000,2026-08-03 18:49:44+00:00,675.0,113.41,0.0,0.0,0.0,0.0,8.0,72.0,1.0000000000000003e-05,True,REGULAR,USD,C,2027-03-31,226,776.3400268554688,2026-08-17T11:55:45+00:00
SPY270331C00676000,2026-06-01 15:34:54+00:00,676.0,118.63,0.0,0.0,0.0,0.0,1.0,0.0,1.0000000000000003e-05,True,REGULAR,USD,C,2027-03-31,226,776.3400268554688,2026-08-17T11:55:45+00:00
SPY270331C00677000,2026-07-13 18:04:09+00:00,677.0,108.6,0.0,0.0,0.0,0.0,2.0,4.0,1.0000000000000003e-05,True,REGULAR,USD,C,2027-03-31,226,776.3400268554688,2026-08-17T11:55:45+00:00
SPY270331C00678000,2026-06-26 15:27:04+00:00,678.0,97.92,0.0,0.0,0.0,0.0,2.0,2.0,1.0000000000000003e-05,True,REGULAR,USD,C,2027-03-31,226,776.3400268554688,2026-08-17T11:55:45+00:00
SPY270331C00679000,2026-08-05 14:52:34+00:00,679.0,123.45,0.0,0.0,0.0,0.0,12.0,12.0,1.0000000000000003e-05,True,REGULAR,USD,C,2027-03-31,226,776.3400268554688,2026-08-17T11:55:45+00:00
SPY270331C00680000,2026-08-14 19:15:37+00:00,680.0,122.0,0.0,0.0,0.0,0.0,1.0,28.0,1.0000000000000003e-05,True,REGULAR,USD,C,2027-03-31,226,776.3400268554688,2026-08-17T11:55:45+00:00
SPY270331C00685000,2026-08-03 17:58:42+00:00,685.0,104.06,0.0,0.0,0.0,0.0,2.0,84.0,1.0000000000000003e-05,True,REGULAR,USD,C,2027-03-31,226,776.3400268554688,2026-08-17T11:55:45+00:00
SPY270331C00690000,2026-08-13 18:33:49+00:00,690.0,115.6,0.0,0.0,0.0,0.0,1.0,240.0,1.0000000000000003e-05,True,REGULAR,USD,C,2027-03-31,226,776.3400268554688,2026-08-17T11:55:45+00:00
SPY270331C00695000,2026-08-13 14:12:21+00:00,695.0,111.88,0.0,0.0,0.0,0.0,15.0,72.0,1.0000000000000003e-05,True,REGULAR,USD,C,2027-03-31,226,776.3400268554688,2026-08-17T11:55:45+00:00
SPY270331C00700000,2026-08-13 14:26:02+00:00,700.0,109.03,0.0,0.0,0.0,0.0,1.0,201.0,1.0000000000000003e-05,True,REGULAR,USD,C,2027-03-31,226,776.3400268554688,2026-08-17T11:55:45+00:00
SPY270331C00705000,2026-08-13 18:45:20+00:00,705.0,103.56,0.0,0.0,0.0,0.0,4.0,129.0,1.0000000000000003e-05,True,REGULAR,USD,C,2027-03-31,226,776.3400268554688,2026-08-17T11:55:45+00:00
SPY270331C00710000,2026-08-11 18:30:57+00:00,710.0,93.4,0.0,0.0,0.0,0.0,4.0,134.0,1.0000000000000003e-05,True,REGULAR,USD,C,2027-03-31,226,776.3400268554688,2026-08-17T11:55:45+00:00
SPY270331C00715000,2026-08-10 14:47:17+00:00,715.0,93.7,0.0,0.0,0.0,0.0,2.0,1706.0,1.0000000000000003e-05,True,REGULAR,USD,C,2027-03-31,226,776.3400268554688,2026-08-17T11:55:45+00:00
SPY270331C00720000,2026-08-11 13:38:36+00:00,720.0,88.22,0.0,0.0,0.0,0.0,1.0,225.0,1.0000000000000003e-05,True,REGULAR,USD,C,2027-03-31,226,776.3400268554688,2026-08-17T11:55:45+00:00
SPY270331C00725000,2026-08-06 16:38:16+00:00,725.0,81.0,0.0,0.0,0.0,0.0,1.0,226.0,1.0000000000000003e-05,True,REGULAR,USD,C,2027-03-31,226,776.3400268554688,2026-08-17T11:55:45+00:00
SPY270331C00730000,2026-08-14 13:32:53+00:00,730.0,83.05,0.0,0.0,0.0,0.0,1.0,474.0,1.0000000000000003e-05,True,REGULAR,USD,C,2027-03-31,226,776.3400268554688,2026-08-17T11:55:45+00:00
SPY270331C00735000,2026-08-14 19:45:03+00:00,735.0,76.52,0.0,0.0,0.0,0.0,11.0,944.0,1.0000000000000003e-05,True,REGULAR,USD,C,2027-03-31,226,776.3400268554688,2026-08-17T11:55:45+00:00
SPY270331C00740000,2026-08-14 14:11:14+00:00,740.0,76.26,0.0,0.0,0.0,0.0,2.0,697.0,1.0000000000000003e-05,True,REGULAR,USD,C,2027-03-31,226,776.3400268554688,2026-08-17T11:55:45+00:00
SPY270331C00745000,2026-08-13 19:02:44+00:00,745.0,71.95,0.0,0.0,0.0,0.0,7.0,135.0,1.0000000000000003e-05,True,REGULAR,USD,C,2027-03-31,226,776.3400268554688,2026-08-17T11:55:45+00:00
SPY270331C00750000,2026-08-14 19:24:14+00:00,750.0,66.89,0.0,0.0,0.0,0.0,11.0,388.0,1.0000000000000003e-05,True,REGULAR,USD,C,2027-03-31,226,776.3400268554688,2026-08-17T11:55:45+00:00
SPY270331C00755000,2026-08-14 19:58:15+00:00,755.0,63.09,0.0,0.0,0.0,0.0,2.0,125.0,1.0000000000000003e-05,True,REGULAR,USD,C,2027-03-31,226,776.3400268554688,2026-08-17T11:55:45+00:00
SPY270331C00760000,2026-08-13 19:02:44+00:00,760.0,61.19,0.0,0.0,0.0,0.0,6.0,279.0,1.0000000000000003e-05,True,REGULAR,USD,C,2027-03-31,226,776.3400268554688,2026-08-17T11:55:45+00:00
SPY270331C00765000,2026-08-13 14:42:07+00:00,765.0,58.67,0.0,0.0,0.0,0.0,4.0,1812.0,1.0000000000000003e-05,True,REGULAR,USD,C,2027-03-31,226,776.3400268554688,2026-08-17T11:55:45+00:00
SPY270331C00770000,2026-08-14 19:53:32+00:00,770.0,53.53,0.0,0.0,0.0,0.0,4.0,263.0,1.0000000000000003e-05,True,REGULAR,USD,C,2027-03-31,226,776.3400268554688,2026-08-17T11:55:45+00:00
SPY270331C00775000,2026-08-14 15:27:56+00:00,775.0,49.58,0.0,0.0,0.0,0.0,14.0,363.0,1.0000000000000003e-05,True,REGULAR,USD,C,2027-03-31,226,776.3400268554688,2026-08-17T11:55:45+00:00
SPY270331C00780000,2026-08-14 18:18:19+00:00,780.0,46.39,0.0,0.0,0.0,0.0,24.0,603.0,0.00196310546875,False,REGULAR,USD,C,2027-03-31,226,776.3400268554688,2026-08-17T11:55:45+00:00
SPY270331C00785000,2026-08-14 18:15:58+00:00,785.0,43.19,0.0,0.0,0.0,0.0,12.0,124.0,0.0039162109375,False,REGULAR,USD,C,2027-03-31,226,776.3400268554688,2026-08-17T11:55:45+00:00
SPY270331C00790000,2026-08-14 14:26:59+00:00,790.0,41.29,0.0,0.0,0.0,0.0,264.0,465.0,0.0039162109375,False,REGULAR,USD,C,2027-03-31,226,776.3400268554688,2026-08-17T11:55:45+00:00
SPY270331C00795000,2026-08-14 16:26:16+00:00,795.0,37.91,0.0,0.0,0.0,0.0,40.0,290.0,0.007822421875,False,REGULAR,USD,C,2027-03-31,226,776.3400268554688,2026-08-17T11:55:45+00:00
SPY270331C00800000,2026-08-14 17:37:46+00:00,800.0,34.25,0.0,0.0,0.0,0.0,2.0,1173.0,0.007822421875,False,REGULAR,USD,C,2027-03-31,226,776.3400268554688,2026-08-17T11:55:45+00:00
SPY270331C00805000,2026-08-14 15:36:33+00:00,805.0,32.43,0.0,0.0,0.0,0.0,10.0,349.0,0.007822421875,False,REGULAR,USD,C,2027-03-31,226,776.3400268554688,2026-08-17T11:55:45+00:00
SPY270331C00810000,2026-08-14 18:45:28+00:00,810.0,29.52,0.0,0.0,0.0,0.0,25.0,569.0,0.015634843750000002,False,REGULAR,USD,C,2027-03-31,226,776.3400268554688,2026-08-17T11:55:45+00:00
SPY270331C00815000,2026-08-14 17:43:44+00:00,815.0,26.83,0.0,0.0,0.0,0.0,21.0,440.0,0.015634843750000002,False,REGULAR,USD,C,2027-03-31,226,776.3400268554688,2026-08-17T11:55:45+00:00
SPY270331C00820000,2026-08-13 19:58:48+00:00,820.0,26.11,0.0,0.0,0.0,0.0,3.0,1296.0,0.015634843750000002,False,REGULAR,USD,C,2027-03-31,226,776.3400268554688,2026-08-17T11:55:45+00:00
SPY270331C00825000,2026-08-11 18:09:06+00:00,825.0,21.06,0.0,0.0,0.0,0.0,1.0,849.0,0.015634843750000002,False,REGULAR,USD,C,2027-03-31,226,776.3400268554688,2026-08-17T11:55:45+00:00
SPY270331C00830000,2026-08-14 19:22:10+00:00,830.0,20.73,0.0,0.0,0.0,0.0,3.0,162.0,0.015634843750000002,False,REGULAR,USD,C,2027-03-31,226,776.3400268554688,2026-08-17T11:55:45+00:00
SPY270331C00835000,2026-08-14 19:22:10+00:00,835.0,18.88,0.0,0.0,0.0,0.0,3.0,145.0,0.015634843750000002,False,REGULAR,USD,C,2027-03-31,226,776.3400268554688,2026-08-17T11:55:45+00:00
SPY270331C00840000,2026-08-14 14:28:10+00:00,840.0,17.98,0.0,0.0,0.0,0.0,2.0,323.0,0.015634843750000002,False,REGULAR,USD,C,2027-03-31,226,776.3400268554688,2026-08-17T11:55:45+00:00
SPY270331C00845000,2026-08-12 14:55:56+00:00,845.0,14.32,0.0,0.0,0.0,0.0,4.0,231.0,0.015634843750000002,False,REGULAR,USD,C,2027-03-31,226,776.3400268554688,2026-08-17T11:55:45+00:00
SPY270331C00850000,2026-08-14 15:22:16+00:00,850.0,14.45,0.0,0.0,0.0,0.0,29.0,459.0,0.0312596875,False,REGULAR,USD,C,2027-03-31,226,776.3400268554688,2026-08-17T11:55:45+00:00
SPY270331C00855000,2026-08-14 14:28:38+00:00,855.0,13.4,0.0,0.0,0.0,0.0,1.0,417.0,0.0312596875,False,REGULAR,USD,C,2027-03-31,226,776.3400268554688,2026-08-17T11:55:45+00:00
SPY270331C00860000,2026-08-14 17:46:06+00:00,860.0,11.32,0.0,0.0,0.0,0.0,325.0,444.0,0.0312596875,False,REGULAR,USD,C,2027-03-31,226,776.3400268554688,2026-08-17T11:55:45+00:00
SPY270331C00865000,2026-08-12 19:28:39+00:00,865.0,9.55,0.0,0.0,0.0,0.0,189.0,416.0,0.0312596875,False,REGULAR,USD,C,2027-03-31,226,776.3400268554688,2026-08-17T11:55:45+00:00
SPY270331C00870000,2026-08-14 13:58:50+00:00,870.0,10.05,0.0,0.0,0.0,0.0,182.0,1298.0,0.0312596875,False,REGULAR,USD,C,2027-03-31,226,776.3400268554688,2026-08-17T11:55:45+00:00
SPY270331C00875000,2026-08-14 15:22:16+00:00,875.0,8.57,0.0,0.0,0.0,0.0,1.0,310.0,0.0312596875,False,REGULAR,USD,C,2027-03-31,226,776.3400268554688,2026-08-17T11:55:45+00:00
SPY270331C00880000,2026-08-14 14:55:23+00:00,880.0,7.81,0.0,0.0,0.0,0.0,1.0,839.0,0.0312596875,False,REGULAR,USD,C,2027-03-31,226,776.3400268554688,2026-08-17T11:55:45+00:00
SPY270331C00885000,2026-08-07 15:21:17+00:00,885.0,6.79,0.0,0.0,0.0,0.0,5.0,601.0,0.0312596875,False,REGULAR,USD,C,2027-03-31,226,776.3400268554688,2026-08-17T11:55:45+00:00
SPY270331C00890000,2026-08-07 13:30:00+00:00,890.0,5.54,0.0,0.0,0.0,0.0,62.0,297.0,0.0312596875,False,REGULAR,USD,C,2027-03-31,226,776.3400268554688,2026-08-17T11:55:45+00:00
SPY270331C00895000,2026-08-12 15:10:13+00:00,895.0,4.75,0.0,0.0,0.0,0.0,10.0,1231.0,0.0312596875,False,REGULAR,USD,C,2027-03-31,226,776.3400268554688,2026-08-17T11:55:45+00:00
SPY270331C00900000,2026-08-14 19:29:46+00:00,900.0,4.68,0.0,0.0,0.0,0.0,62.0,13358.0,0.0312596875,False,REGULAR,USD,C,2027-03-31,226,776.3400268554688,2026-08-17T11:55:45+00:00
SPY270331C00905000,2026-08-13 17:27:24+00:00,905.0,4.53,0.0,0.0,0.0,0.0,12.0,269.0,0.0312596875,False,REGULAR,USD,C,2027-03-31,226,776.3400268554688,2026-08-17T11:55:45+00:00
SPY270331C00910000,2026-08-14 14:57:50+00:00,910.0,3.88,0.0,0.0,0.0,0.0,251.0,1641.0,0.0312596875,False,REGULAR,USD,C,2027-03-31,226,776.3400268554688,2026-08-17T11:55:45+00:00
SPY270331C00915000,2026-08-14 14:38:21+00:00,915.0,3.48,0.0,0.0,0.0,0.0,2.0,777.0,0.0312596875,False,REGULAR,USD,C,2027-03-31,226,776.3400268554688,2026-08-17T11:55:45+00:00
SPY270331C00920000,2026-08-14 18:44:34+00:00,920.0,2.83,0.0,0.0,0.0,0.0,1.0,620.0,0.0312596875,False,REGULAR,USD,C,2027-03-31,226,776.3400268554688,2026-08-17T11:55:45+00:00
SPY270331C00925000,2026-08-11 13:46:00+00:00,925.0,2.55,0.0,0.0,0.0,0.0,1.0,887.0,0.0312596875,False,REGULAR,USD,C,2027-03-31,226,776.3400268554688,2026-08-17T11:55:45+00:00
SPY270331C00930000,2026-08-14 14:13:38+00:00,930.0,2.54,0.0,0.0,0.0,0.0,1.0,1349.0,0.0312596875,False,REGULAR,USD,C,2027-03-31,226,776.3400268554688,2026-08-17T11:55:45+00:00
SPY270331C00935000,2026-08-13 14:33:43+00:00,935.0,2.35,0.0,0.0,0.0,0.0,3.0,701.0,0.062509375,False,REGULAR,USD,C,2027-03-31,226,776.3400268554688,2026-08-17T11:55:45+00:00
SPY270331C00940000,2026-08-04 19:48:16+00:00,940.0,2.21,0.0,0.0,0.0,0.0,7.0,244.0,0.062509375,False,REGULAR,USD,C,2027-03-31,226,776.3400268554688,2026-08-17T11:55:45+00:00
SPY270331C00945000,2026-08-05 14:11:28+00:00,945.0,2.27,0.0,0.0,0.0,0.0,8.0,44.0,0.062509375,False,REGULAR,USD,C,2027-03-31,226,776.3400268554688,2026-08-17T11:55:45+00:00
SPY270331C00950000,2026-08-12 16:32:41+00:00,950.0,1.2,0.0,0.0,0.0,0.0,1.0,745.0,0.062509375,False,REGULAR,USD,C,2027-03-31,226,776.3400268554688,2026-08-17T11:55:45+00:00
SPY270331C00955000,2026-08-14 17:25:31+00:00,955.0,1.15,0.0,0.0,0.0,0.0,6.0,127.0,0.062509375,False,REGULAR,USD,C,2027-03-31,226,776.3400268554688,2026-08-17T11:55:45+00:00
SPY270331C00960000,2026-08-14 17:47:18+00:00,960.0,1.0,0.0,0.0,0.0,0.0,1.0,43.0,0.062509375,False,REGULAR,USD,C,2027-03-31,226,776.3400268554688,2026-08-17T11:55:45+00:00
SPY270331C00965000,2026-08-14 16:29:57+00:00,965.0,0.96,0.0,0.0,0.0,0.0,2.0,35.0,0.062509375,False,REGULAR,USD,C,2027-03-31,226,776.3400268554688,2026-08-17T11:55:45+00:00
SPY270331C00970000,2026-08-03 14:44:00+00:00,970.0,0.41,0.0,0.0,0.0,0.0,3.0,3.0,0.062509375,False,REGULAR,USD,C,2027-03-31,226,776.3400268554688,2026-08-17T11:55:45+00:00
SPY270331C00975000,2026-08-12 19:20:11+00:00,975.0,0.65,0.0,0.0,0.0,0.0,101.0,264.0,0.062509375,False,REGULAR,USD,C,2027-03-31,226,776.3400268554688,2026-08-17T11:55:45+00:00
SPY270331P00250000,2026-08-04 17:17:17+00:00,250.0,0.48,0.0,0.0,0.0,0.0,2.0,45.0,0.2500075,False,REGULAR,USD,P,2027-03-31,226,776.3400268554688,2026-08-17T11:55:45+00:00
SPY270331P00300000,2026-08-10 18:25:19+00:00,300.0,0.69,0.0,0.0,0.0,0.0,10.0,604.0,0.2500075,False,REGULAR,USD,P,2027-03-31,226,776.3400268554688,2026-08-17T11:55:45+00:00
SPY270331P00350000,2026-08-14 20:11:32+00:00,350.0,0.98,0.0,0.0,0.0,0.0,11.0,1336.0,0.2500075,False,REGULAR,USD,P,2027-03-31,226,776.3400268554688,2026-08-17T11:55:45+00:00
SPY270331P00400000,2026-08-13 13:44:12+00:00,400.0,1.42,0.0,0.0,0.0,0.0,256.0,726.0,0.12500875,False,REGULAR,USD,P,2027-03-31,226,776.3400268554688,2026-08-17T11:55:45+00:00
SPY270331P00450000,2026-08-13 16:39:14+00:00,450.0,2.1,0.0,0.0,0.0,0.0,4.0,331.0,0.12500875,False,REGULAR,USD,P,2027-03-31,226,776.3400268554688,2026-08-17T11:55:45+00:00
SPY270331P00455000,2026-05-29 13:33:26+00:00,455.0,3.7,0.0,0.0,0.0,0.0,1.0,0.0,0.12500875,False,REGULAR,USD,P,2027-03-31,226,776.3400268554688,2026-08-17T11:55:45+00:00
SPY270331P00460000,2026-08-12 15:23:00+00:00,460.0,2.28,0.0,0.0,0.0,0.0,1.0,57.0,0.12500875,False,REGULAR,USD,P,2027-03-31,226,776.3400268554688,2026-08-17T11:55:45+00:00
SPY270331P00465000,2026-07-29 14:48:11+00:00,465.0,3.45,0.0,0.0,0.0,0.0,1.0,6.0,0.12500875,False,REGULAR,USD,P,2027-03-31,226,776.3400268554688,2026-08-17T11:55:45+00:00
SPY270331P00470000,2026-08-14 14:10:00+00:00,470.0,2.41,0.0,0.0,0.0,0.0,4.0,140.0,0.12500875,False,REGULAR,USD,P,2027-03-31,226,776.3400268554688,2026-08-17T11:55:45+00:00
SPY270331P00475000,2026-08-12 17:21:19+00:00,475.0,2.52,0.0,0.0,0.0,0.0,1.0,78.0,0.12500875,False,REGULAR,USD,P,2027-03-31,226,776.3400268554688,2026-08-17T11:55:45+00:00
SPY270331P00480000,2026-08-13 15:30:41+00:00,480.0,2.6,0.0,0.0,0.0,0.0,1.0,68.0,0.12500875,False,REGULAR,USD,P,2027-03-31,226,776.3400268554688,2026-08-17T11:55:45+00:00
SPY270331P00485000,2026-08-05 13:52:07+00:00,485.0,2.9,0.0,0.0,0.0,0.0,1.0,54.0,0.12500875,False,REGULAR,USD,P,2027-03-31,226,776.3400268554688,2026-08-17T11:55:45+00:00
SPY270331P00490000,2026-08-13 13:38:21+00:00,490.0,2.74,0.0,0.0,0.0,0.0,3.0,846.0,0.12500875,False,REGULAR,USD,P,2027-03-31,226,776.3400268554688,2026-08-17T11:55:45+00:00
SPY270331P00495000,2026-08-13 14:59:17+00:00,495.0,2.84,0.0,0.0,0.0,0.0,278.0,143.0,0.12500875,False,REGULAR,USD,P,2027-03-31,226,776.3400268554688,2026-08-17T11:55:45+00:00
SPY270331P00500000,2026-08-13 19:55:48+00:00,500.0,3.02,0.0,0.0,0.0,0.0,14.0,418.0,0.12500875,False,REGULAR,USD,P,2027-03-31,226,776.3400268554688,2026-08-17T11:55:45+00:00
SPY270331P00505000,2026-08-14 18:15:32+00:00,505.0,3.09,0.0,0.0,0.0,0.0,1.0,564.0,0.12500875,False,REGULAR,USD,P,2027-03-31,226,776.3400268554688,2026-08-17T11:55:45+00:00
SPY270331P00510000,2026-08-13 13:38:21+00:00,510.0,3.19,0.0,0.0,0.0,0.0,3.0,77.0,0.12500875,False,REGULAR,USD,P,2027-03-31,226,776.3400268554688,2026-08-17T11:55:45+00:00
SPY270331P00515000,2026-07-28 17:25:54+00:00,515.0,4.67,0.0,0.0,0.0,0.0,10.0,79.0,0.12500875,False,REGULAR,USD,P,2027-03-31,226,776.3400268554688,2026-08-17T11:55:45+00:00
SPY270331P00520000,2026-08-14 15:08:24+00:00,520.0,3.51,0.0,0.0,0.0,0.0,1.0,95.0,0.12500875,False,REGULAR,USD,P,2027-03-31,226,776.3400268554688,2026-08-17T11:55:45+00:00
SPY270331P00525000,2026-08-14 13:44:17+00:00,525.0,3.58,0.0,0.0,0.0,0.0,1.0,405.0,0.12500875,False,REGULAR,USD,P,2027-03-31,226,776.3400268554688,2026-08-17T11:55:45+00:00
SPY270331P00530000,2026-08-12 13:40:44+00:00,530.0,3.88,0.0,0.0,0.0,0.0,4.0,289.0,0.12500875,False,REGULAR,USD,P,2027-03-31,226,776.3400268554688,2026-08-17T11:55:45+00:00
SPY270331P00535000,2026-08-04 15:10:41+00:00,535.0,4.41,0.0,0.0,0.0,0.0,5.0,72.0,0.062509375,False,REGULAR,USD,P,2027-03-31,226,776.3400268554688,2026-08-17T11:55:45+00:00
SPY270331P00540000,2026-08-13 19:58:27+00:00,540.0,4.08,0.0,0.0,0.0,0.0,38.0,143.0,0.062509375,False,REGULAR,USD,P,2027-03-31,226,776.3400268554688,2026-08-17T11:55:45+00:00
SPY270331P00545000,2026-08-10 15:34:21+00:00,545.0,4.39,0.0,0.0,0.0,0.0,20.0,55.0,0.062509375,False,REGULAR,USD,P,2027-03-31,226,776.3400268554688,2026-08-17T11:55:45+00:00
SPY270331P00550000,2026-08-13 13:31:28+00:00,550.0,4.36,0.0,0.0,0.0,0.0,1.0,283.0,0.062509375,False,REGULAR,USD,P,2027-03-31,226,776.3400268554688,2026-08-17T11:55:45+00:00
SPY270331P00555000,2026-08-04 19:00:59+00:00,555.0,5.01,0.0,0.0,0.0,0.0,23.0,154.0,0.062509375,False,REGULAR,USD,P,2027-03-31,226,776.3400268554688,2026-08-17T11:55:45+00:00
SPY270331P00560000,2026-08-14 14:04:46+00:00,560.0,4.73,0.0,0.0,0.0,0.0,4.0,295.0,0.062509375,False,REGULAR,USD,P,2027-03-31,226,776.3400268554688,2026-08-17T11:55:45+00:00
SPY270331P00565000,2026-08-06 15:46:23+00:00,565.0,5.36,0.0,0.0,0.0,0.0,3.0,16.0,0.062509375,False,REGULAR,USD,P,2027-03-31,226,776.3400268554688,2026-08-17T11:55:45+00:00
SPY270331P00570000,2026-08-10 17:02:20+00:00,570.0,5.4,0.0,0.0,0.0,0.0,1.0,45.0,0.062509375,False,REGULAR,USD,P,2027-03-31,226,776.3400268554688,2026-08-17T11:55:45+00:00
SPY270331P00575000,2026-08-13 14:05:15+00:00,575.0,5.32,0.0,0.0,0.0,0.0,2.0,57.0,0.062509375,False,REGULAR,USD,P,2027-03-31,226,776.3400268554688,2026-08-17T11:55:45+00:00
SPY270331P00576000,2026-08-05 15:21:11+00:00,576.0,5.86,0.0,0.0,0.0,0.0,39.0,41.0,0.062509375,False,REGULAR,USD,P,2027-03-31,226,776.3400268554688,2026-08-17T11:55:45+00:00
SPY270331P00577000,2026-08-05 14:49:50+00:00,577.0,5.78,0.0,0.0,0.0,0.0,20.0,45.0,0.062509375,False,REGULAR,USD,P,2027-03-31,226,776.3400268554688,2026-08-17T11:55:45+00:00
SPY270331P00578000,2026-06-11 19:16:19+00:00,578.0,10.62,7.55,7.6,0.0,0.0,1.0,3.0,0.2955392712402344,False,REGULAR,USD,P,2027-03-31,226,776.3400268554688,2026-08-17T11:55:45+00:00
SPY270331P00579000,2026-05-08 20:13:15+00:00,579.0,11.9,10.53,10.59,0.0,0.0,19.0,22.0,0.3237067141723632,False,REGULAR,USD,P,2027-03-31,226,776.3400268554688,2026-08-17T11:55:45+00:00
SPY270331P00580000,2026-08-13 14:05:07+00:00,580.0,5.57,0.0,0.0,0.0,0.0,1.0,267.0,0.062509375,False,REGULAR,USD,P,2027-03-31,226,776.3400268554688,2026-08-17T11:55:45+00:00
SPY270331P00581000,2026-08-05 13:34:56+00:00,581.0,6.09,0.0,0.0,0.0,0.0,1.0,3.0,0.062509375,False,REGULAR,USD,P,2027-03-31,226,776.3400268554688,2026-08-17T11:55:45+00:00
SPY270331P00582000,2026-07-17 16:13:45+00:00,582.0,8.67,0.0,0.0,0.0,0.0,31.0,32.0,0.062509375,False,REGULAR,USD,P,2027-03-31,226,776.3400268554688,2026-08-17T11:55:45+00:00
SPY270331P00583000,2026-08-06 13:36:27+00:00,583.0,6.28,0.0,0.0,0.0,0.0,20.0,62.0,0.062509375,False,REGULAR,USD,P,2027-03-31,226,776.3400268554688,2026-08-17T11:55:45+00:00
SPY270331P00584000,2026-08-13 19:34:51+00:00,584.0,5.8,0.0,0.0,0.0,0.0,35.0,7010.0,0.062509375,False,REGULAR,USD,P,2027-03-31,226,776.3400268554688,2026-08-17T11:55:45+00:00
SPY270331P00585000,2026-08-14 15:22:16+00:00,585.0,5.9,0.0,0.0,0.0,0.0,1.0,140.0,0.062509375,False,REGULAR,USD,P,2027-03-31,226,776.3400268554688,2026-08-17T11:55:45+00:00
SPY270331P00586000,2026-06-26 14:41:44+00:00,586.0,10.56,0.0,0.0,0.0,0.0,1.0,9.0,0.062509375,False,REGULAR,USD,P,2027-03-31,226,776.3400268554688,2026-08-17T11:55:45+00:00
SPY270331P00587000,2026-08-04 19:42:56+00:00,587.0,6.48,0.0,0.0,0.0,0.0,21.0,26.0,0.062509375,False,REGULAR,USD,P,2027-03-31,226,776.3400268554688,2026-08-17T11:55:45+00:00
SPY270331P00588000,2026-07-29 14:38:34+00:00,588.0,9.26,0.0,0.0,0.0,0.0,1.0,24.0,0.062509375,False,REGULAR,USD,P,2027-03-31,226,776.3400268554688,2026-08-17T11:55:45+00:00
SPY270331P00589000,2026-08-05 15:21:09+00:00,589.0,6.52,0.0,0.0,0.0,0.0,,37.0,0.062509375,False,REGULAR,USD,P,2027-03-31,226,776.3400268554688,2026-08-17T11:55:45+00:00
SPY270331P00590000,2026-08-14 13:48:41+00:00,590.0,6.04,0.0,0.0,0.0,0.0,1.0,188.0,0.062509375,False,REGULAR,USD,P,2027-03-31,226,776.3400268554688,2026-08-17T11:55:45+00:00
SPY270331P00591000,2026-06-23 15:21:44+00:00,591.0,11.48,9.57,9.63,0.0,0.0,18.0,19.0,0.2980416876220703,False,REGULAR,USD,P,2027-03-31,226,776.3400268554688,2026-08-17T11:55:45+00:00
SPY270331P00592000,2026-07-23 19:33:17+00:00,592.0,10.01,0.0,0.0,0.0,0.0,1.0,4.0,0.062509375,False,REGULAR,USD,P,2027-03-31,226,776.3400268554688,2026-08-17T11:55:45+00:00
SPY270331P00593000,2026-08-03 13:30:01+00:00,593.0,7.97,0.0,0.0,0.0,0.0,1.0,19.0,0.062509375,False,REGULAR,USD,P,2027-03-31,226,776.3400268554688,2026-08-17T11:55:45+00:00
SPY270331P00594000,2026-08-06 13:30:37+00:00,594.0,6.87,0.0,0.0,0.0,0.0,20.0,68.0,0.062509375,False,REGULAR,USD,P,2027-03-31,226,776.3400268554688,2026-08-17T11:55:45+00:00
SPY270331P00595000,2026-08-13 20:07:01+00:00,595.0,6.34,0.0,0.0,0.0,0.0,12.0,145.0,0.062509375,False,REGULAR,USD,P,2027-03-31,226,776.3400268554688,2026-08-17T11:55:45+00:00
SPY270331P00596000,2026-08-06 13:30:22+00:00,596.0,7.0,0.0,0.0,0.0,0.0,21.0,24.0,0.062509375,False,REGULAR,USD,P,2027-03-31,226,776.3400268554688,2026-08-17T11:55:45+00:00
SPY270331P00597000,2026-06-18 16:09:59+00:00,597.0,10.78,10.08,10.14,0.0,0.0,25.0,25.0,0.2944101321411132,False,REGULAR,USD,P,2027-03-31,226,776.3400268554688,2026-08-17T11:55:45+00:00
SPY270331P00598000,2026-08-11 14:18:20+00:00,598.0,6.85,0.0,0.0,0.0,0.0,8.0,19.0,0.062509375,False,REGULAR,USD,P,2027-03-31,226,776.3400268554688,2026-08-17T11:55:45+00:00
SPY270331P00599000,2026-08-03 15:04:59+00:00,599.0,7.94,0.0,0.0,0.0,0.0,1.0,2.0,0.062509375,False,REGULAR,USD,P,2027-03-31,226,776.3400268554688,2026-08-17T11:55:45+00:00
SPY270331P00600000,2026-08-14 19:29:46+00:00,600.0,6.58,0.0,0.0,0.0,0.0,5.0,412.0,0.062509375,False,REGULAR,USD,P,2027-03-31,226,776.3400268554688,2026-08-17T11:55:45+00:00
SPY270331P00601000,2026-08-10 16:37:34+00:00,601.0,6.97,0.0,0.0,0.0,0.0,1.0,43.0,0.062509375,False,REGULAR,USD,P,2027-03-31,226,776.3400268554688,2026-08-17T11:55:45+00:00
SPY270331P00602000,2026-06-23 15:22:08+00:00,602.0,12.59,9.05,9.15,0.0,0.0,250.0,251.0,0.27866321929931637,False,REGULAR,USD,P,2027-03-31,226,776.3400268554688,2026-08-17T11:55:45+00:00
SPY270331P00603000,2026-07-06 17:13:54+00:00,603.0,9.77,0.0,0.0,0.0,0.0,2.0,3.0,0.062509375,False,REGULAR,USD,P,2027-03-31,226,776.3400268554688,2026-08-17T11:55:45+00:00
SPY270331P00604000,2026-08-04 13:30:00+00:00,604.0,7.91,0.0,0.0,0.0,0.0,1.0,4.0,0.062509375,False,REGULAR,USD,P,2027-03-31,226,776.3400268554688,2026-08-17T11:55:45+00:00
SPY270331P00605000,2026-07-07 18:48:44+00:00,605.0,10.05,0.0,0.0,0.0,0.0,3.0,88.0,0.062509375,False,REGULAR,USD,P,2027-03-31,226,776.3400268554688,2026-08-17T11:55:45+00:00
SPY270331P00606000,2026-08-04 14:38:19+00:00,606.0,7.8,0.0,0.0,0.0,0.0,1.0,1.0,0.062509375,False,REGULAR,USD,P,2027-03-31,226,776.3400268554688,2026-08-17T11:55:45+00:00
SPY270331P00607000,2026-07-20 14:40:26+00:00,607.0,10.55,0.0,0.0,0.0,0.0,1.0,1.0,0.062509375,False,REGULAR,USD,P,2027-03-31,226,776.3400268554688,2026-08-17T11:55:45+00:00
SPY270331P00608000,2026-08-12 16:51:04+00:00,608.0,7.21,0.0,0.0,0.0,0.0,1.0,5.0,0.062509375,False,REGULAR,USD,P,2027-03-31,226,776.3400268554688,2026-08-17T11:55:45+00:00
SPY270331P00609000,2026-08-13 15:37:16+00:00,609.0,7.19,0.0,0.0,0.0,0.0,1.0,7.0,0.062509375,False,REGULAR,USD,P,2027-03-31,226,776.3400268554688,2026-08-17T11:55:45+00:00
SPY270331P00610000,2026-08-13 19:49:28+00:00,610.0,7.25,0.0,0.0,0.0,0.0,1.0,214.0,0.062509375,False,REGULAR,USD,P,2027-03-31,226,776.3400268554688,2026-08-17T11:55:45+00:00
SPY270331P00611000,2026-08-06 15:11:45+00:00,611.0,7.73,0.0,0.0,0.0,0.0,3.0,30.0,0.062509375,False,REGULAR,USD,P,2027-03-31,226,776.3400268554688,2026-08-17T11:55:45+00:00
SPY270331P00612000,2026-04-10 14:02:01+00:00,612.0,24.24,15.48,15.58,0.0,0.0,,5.0,0.316489379119873,False,REGULAR,USD,P,2027-03-31,226,776.3400268554688,2026-08-17T11:55:45+00:00
SPY270331P00613000,2026-08-03 13:38:20+00:00,613.0,9.2,0.0,0.0,0.0,0.0,12.0,19.0,0.062509375,False,REGULAR,USD,P,2027-03-31,226,776.3400268554688,2026-08-17T11:55:45+00:00
SPY270331P00614000,2026-08-04 13:30:13+00:00,614.0,8.57,0.0,0.0,0.0,0.0,1.0,8.0,0.062509375,False,REGULAR,USD,P,2027-03-31,226,776.3400268554688,2026-08-17T11:55:45+00:00
SPY270331P00615000,2026-08-06 13:33:20+00:00,615.0,8.33,0.0,0.0,0.0,0.0,1.0,56.0,0.062509375,False,REGULAR,USD,P,2027-03-31,226,776.3400268554688,2026-08-17T11:55:45+00:00
SPY270331P00616000,2026-07-28 18:50:15+00:00,616.0,10.95,0.0,0.0,0.0,0.0,284.0,284.0,0.062509375,False,REGULAR,USD,P,2027-03-31,226,776.3400268554688,2026-08-17T11:55:45+00:00
SPY270331P00617000,2026-04-16 15:22:53+00:00,617.0,21.62,14.51,14.59,0.0,0.0,1.0,1.0,0.3018410881042481,False,REGULAR,USD,P,2027-03-31,226,776.3400268554688,2026-08-17T11:55:45+00:00
SPY270331P00618000,2026-07-29 15:53:22+00:00,618.0,12.2,0.0,0.0,0.0,0.0,1.0,2.0,0.062509375,False,REGULAR,USD,P,2027-03-31,226,776.3400268554688,2026-08-17T11:55:45+00:00
SPY270331P00619000,2026-06-12 15:18:16+00:00,619.0,14.1,10.67,10.73,0.0,0.0,6.0,1.0,0.2691723474121094,False,REGULAR,USD,P,2027-03-31,226,776.3400268554688,2026-08-17T11:55:45+00:00
SPY270331P00620000,2026-08-10 13:46:08+00:00,620.0,8.22,0.0,0.0,0.0,0.0,1.0,125.0,0.062509375,False,REGULAR,USD,P,2027-03-31,226,776.3400268554688,2026-08-17T11:55:45+00:00
SPY270331P00621000,2026-06-30 13:59:30+00:00,621.0,12.22,0.0,0.0,0.0,0.0,1.0,11.0,0.062509375,False,REGULAR,USD,P,2027-03-31,226,776.3400268554688,2026-08-17T11:55:45+00:00
SPY270331P00622000,2026-06-15 14:11:29+00:00,622.0,12.89,10.95,11.01,0.0,0.0,,1.0,0.267310793762207,False,REGULAR,USD,P,2027-03-31,226,776.3400268554688,2026-08-17T11:55:45+00:00
SPY270331P00623000,2026-07-09 13:47:26+00:00,623.0,11.7,0.0,0.0,0.0,0.0,1.0,2.0,0.062509375,False,REGULAR,USD,P,2027-03-31,226,776.3400268554688,2026-08-17T11:55:45+00:00
SPY270331P00624000,2026-07-29 19:43:07+00:00,624.0,13.24,0.0,0.0,0.0,0.0,11.0,14.0,0.062509375,False,REGULAR,USD,P,2027-03-31,226,776.3400268554688,2026-08-17T11:55:45+00:00
SPY270331P00625000,2026-08-14 14:55:59+00:00,625.0,8.23,0.0,0.0,0.0,0.0,1.0,95.0,0.062509375,False,REGULAR,USD,P,2027-03-31,226,776.3400268554688,2026-08-17T11:55:45+00:00
SPY270331P00626000,2026-08-04 14:54:14+00:00,626.0,9.32,0.0,0.0,0.0,0.0,1.0,11.0,0.062509375,False,REGULAR,USD,P,2027-03-31,226,776.3400268554688,2026-08-17T11:55:45+00:00
SPY270331P00627000,2026-08-05 14:10:45+00:00,627.0,8.9,0.0,0.0,0.0,0.0,1.0,7.0,0.062509375,False,REGULAR,USD,P,2027-03-31,226,776.3400268554688,2026-08-17T11:55:45+00:00
SPY270331P00628000,2026-07-29 15:59:02+00:00,628.0,13.45,0.0,0.0,0.0,0.0,2.0,12.0,0.062509375,False,REGULAR,USD,P,2027-03-31,226,776.3400268554688,2026-08-17T11:55:45+00:00
SPY270331P00629000,2026-07-16 16:01:17+00:00,629.0,11.86,0.0,0.0,0.0,0.0,2.0,7.0,0.062509375,False,REGULAR,USD,P,2027-03-31,226,776.3400268554688,2026-08-17T11:55:45+00:00
SPY270331P00630000,2026-08-13 15:52:41+00:00,630.0,8.63,0.0,0.0,0.0,0.0,202.0,227.0,0.062509375,False,REGULAR,USD,P,2027-03-31,226,776.3400268554688,2026-08-17T11:55:45+00:00
SPY270331P00631000,2026-08-04 18:18:18+00:00,631.0,9.34,0.0,0.0,0.0,0.0,3.0,14.0,0.062509375,False,REGULAR,USD,P,2027-03-31,226,776.3400268554688,2026-08-17T11:55:45+00:00
SPY270331P00632000,2026-06-26 19:08:12+00:00,632.0,15.51,0.0,0.0,0.0,0.0,1.0,192.0,0.062509375,False,REGULAR,USD,P,2027-03-31,226,776.3400268554688,2026-08-17T11:55:45+00:00
SPY270331P00633000,2026-08-03 17:56:58+00:00,633.0,10.6,0.0,0.0,0.0,0.0,5.0,35.0,0.062509375,False,REGULAR,USD,P,2027-03-31,226,776.3400268554688,2026-08-17T11:55:45+00:00
SPY270331P00634000,2026-08-14 18:42:51+00:00,634.0,8.83,0.0,0.0,0.0,0.0,2.0,5.0,0.062509375,False,REGULAR,USD,P,2027-03-31,226,776.3400268554688,2026-08-17T11:55:45+00:00
SPY270331P00635000,2026-08-14 17:04:24+00:00,635.0,9.04,0.0,0.0,0.0,0.0,1.0,163.0,0.062509375,False,REGULAR,USD,P,2027-03-31,226,776.3400268554688,2026-08-17T11:55:45+00:00
SPY270331P00636000,2026-06-05 13:41:33+00:00,636.0,15.72,0.0,0.0,0.0,0.0,19.0,0.0,0.062509375,False,REGULAR,USD,P,2027-03-31,226,776.3400268554688,2026-08-17T11:55:45+00:00
SPY270331P00637000,2026-06-23 16:53:56+00:00,637.0,16.22,14.29,14.38,0.0,0.0,128.0,127.0,0.27129329788208006,False,REGULAR,USD,P,2027-03-31,226,776.3400268554688,2026-08-17T11:55:45+00:00
SPY270331P00638000,2026-08-14 16:36:17+00:00,638.0,9.24,0.0,0.0,0.0,0.0,3.0,7.0,0.062509375,False,REGULAR,USD,P,2027-03-31,226,776.3400268554688,2026-08-17T11:55:45+00:00
SPY270331P00639000,2026-05-27 16:37:47+00:00,639.0,16.37,0.0,0.0,0.0,0.0,6.0,0.0,0.062509375,False,REGULAR,USD,P,2027-03-31,226,776.3400268554688,2026-08-17T11:55:45+00:00
SPY270331P00640000,2026-08-14 14:20:23+00:00,640.0,9.35,0.0,0.0,0.0,0.0,2.0,354.0,0.062509375,False,REGULAR,USD,P,2027-03-31,226,776.3400268554688,2026-08-17T11:55:45+00:00
SPY270331P00641000,2026-04-01 13:58:18+00:00,641.0,41.93,20.19,20.29,0.0,0.0,,4.0,0.30413751289367674,False,REGULAR,USD,P,2027-03-31,226,776.3400268554688,2026-08-17T11:55:45+00:00
SPY270331P00642000,2026-07-13 17:54:33+00:00,642.0,13.91,0.0,0.0,0.0,0.0,2.0,206.0,0.062509375,False,REGULAR,USD,P,2027-03-31,226,776.3400268554688,2026-08-17T11:55:45+00:00
SPY270331P00643000,2026-08-03 19:30:15+00:00,643.0,11.47,0.0,0.0,0.0,0.0,1.0,7.0,0.062509375,False,REGULAR,USD,P,2027-03-31,226,776.3400268554688,2026-08-17T11:55:45+00:00
SPY270331P00644000,2026-07-30 15:37:41+00:00,644.0,15.0,0.0,0.0,0.0,0.0,1.0,8.0,0.062509375,False,REGULAR,USD,P,2027-03-31,226,776.3400268554688,2026-08-17T11:55:45+00:00
SPY270331P00645000,2026-08-13 19:28:47+00:00,645.0,9.77,0.0,0.0,0.0,0.0,4.0,76.0,0.062509375,False,REGULAR,USD,P,2027-03-31,226,776.3400268554688,2026-08-17T11:55:45+00:00
SPY270331P00646000,2026-06-23 19:30:46+00:00,646.0,17.85,15.48,15.56,0.0,0.0,4.0,3.0,0.2662503185272217,False,REGULAR,USD,P,2027-03-31,226,776.3400268554688,2026-08-17T11:55:45+00:00
SPY270331P00647000,2026-05-07 13:42:59+00:00,647.0,21.11,18.69,18.77,0.0,0.0,,3.0,0.2854075366210937,False,REGULAR,USD,P,2027-03-31,226,776.3400268554688,2026-08-17T11:55:45+00:00
SPY270331P00648000,2026-07-08 15:14:19+00:00,648.0,16.04,0.0,0.0,0.0,0.0,2.0,378.0,0.0312596875,False,REGULAR,USD,P,2027-03-31,226,776.3400268554688,2026-08-17T11:55:45+00:00
SPY270331P00649000,2026-07-08 15:02:27+00:00,649.0,16.12,0.0,0.0,0.0,0.0,2.0,3.0,0.0312596875,False,REGULAR,USD,P,2027-03-31,226,776.3400268554688,2026-08-17T11:55:45+00:00
SPY270331P00650000,2026-08-14 14:01:40+00:00,650.0,10.11,0.0,0.0,0.0,0.0,2.0,461.0,0.0312596875,False,REGULAR,USD,P,2027-03-31,226,776.3400268554688,2026-08-17T11:55:45+00:00
SPY270331P00651000,2026-07-02 16:37:34+00:00,651.0,16.27,0.0,0.0,0.0,0.0,1.0,3.0,0.0312596875,False,REGULAR,USD,P,2027-03-31,226,776.3400268554688,2026-08-17T11:55:45+00:00
SPY270331P00652000,2026-06-24 14:08:16+00:00,652.0,18.54,0.0,0.0,0.0,0.0,1.0,2.0,0.0312596875,False,REGULAR,USD,P,2027-03-31,226,776.3400268554688,2026-08-17T11:55:45+00:00
SPY270331P00653000,2026-08-10 16:32:02+00:00,653.0,10.95,0.0,0.0,0.0,0.0,1.0,17.0,0.0312596875,False,REGULAR,USD,P,2027-03-31,226,776.3400268554688,2026-08-17T11:55:45+00:00
SPY270331P00654000,2026-06-23 15:06:52+00:00,654.0,19.3,16.61,16.7,0.0,0.0,1.0,12.0,0.26187871917724614,False,REGULAR,USD,P,2027-03-31,226,776.3400268554688,2026-08-17T11:55:45+00:00
SPY270331P00655000,2026-08-14 15:17:44+00:00,655.0,10.74,0.0,0.0,0.0,0.0,2.0,141.0,0.0312596875,False,REGULAR,USD,P,2027-03-31,226,776.3400268554688,2026-08-17T11:55:45+00:00
SPY270331P00656000,2026-08-05 18:27:52+00:00,656.0,11.43,0.0,0.0,0.0,0.0,2.0,15.0,0.0312596875,False,REGULAR,USD,P,2027-03-31,226,776.3400268554688,2026-08-17T11:55:45+00:00
SPY270331P00657000,2026-08-04 14:06:15+00:00,657.0,12.4,0.0,0.0,0.0,0.0,6.0,26.0,0.0312596875,False,REGULAR,USD,P,2027-03-31,226,776.3400268554688,2026-08-17T11:55:45+00:00
SPY270331P00658000,2026-08-10 16:46:03+00:00,658.0,11.5,0.0,0.0,0.0,0.0,2.0,187.0,0.0312596875,False,REGULAR,USD,P,2027-03-31,226,776.3400268554688,2026-08-17T11:55:45+00:00
SPY270331P00659000,2026-06-26 15:51:07+00:00,659.0,19.19,0.0,0.0,0.0,0.0,1.0,4.0,0.0312596875,False,REGULAR,USD,P,2027-03-31,226,776.3400268554688,2026-08-17T11:55:45+00:00
SPY270331P00660000,2026-08-13 16:09:02+00:00,660.0,11.24,0.0,0.0,0.0,0.0,100.0,203.0,0.0312596875,False,REGULAR,USD,P,2027-03-31,226,776.3400268554688,2026-08-17T11:55:45+00:00
SPY270331P00661000,2026-08-11 14:18:20+00:00,661.0,11.79,0.0,0.0,0.0,0.0,8.0,10.0,0.0312596875,False,REGULAR,USD,P,2027-03-31,226,776.3400268554688,2026-08-17T11:55:45+00:00
SPY270331P00662000,2026-06-30 14:27:56+00:00,662.0,17.35,0.0,0.0,0.0,0.0,1.0,5.0,0.0312596875,False,REGULAR,USD,P,2027-03-31,226,776.3400268554688,2026-08-17T11:55:45+00:00
SPY270331P00663000,2026-08-11 15:55:37+00:00,663.0,12.11,0.0,0.0,0.0,0.0,1.0,114.0,0.0312596875,False,REGULAR,USD,P,2027-03-31,226,776.3400268554688,2026-08-17T11:55:45+00:00
SPY270331P00664000,2026-07-01 15:28:09+00:00,664.0,16.9,0.0,0.0,0.0,0.0,28.0,15.0,0.0312596875,False,REGULAR,USD,P,2027-03-31,226,776.3400268554688,2026-08-17T11:55:45+00:00
SPY270331P00665000,2026-08-07 14:53:47+00:00,665.0,12.38,0.0,0.0,0.0,0.0,4.0,27.0,0.0312596875,False,REGULAR,USD,P,2027-03-31,226,776.3400268554688,2026-08-17T11:55:45+00:00
SPY270331P00666000,2026-08-06 14:27:21+00:00,666.0,12.62,0.0,0.0,0.0,0.0,1.0,34.0,0.0312596875,False,REGULAR,USD,P,2027-03-31,226,776.3400268554688,2026-08-17T11:55:45+00:00
SPY270331P00667000,2026-07-06 14:24:07+00:00,667.0,17.0,0.0,0.0,0.0,0.0,1.0,2.0,0.0312596875,False,REGULAR,USD,P,2027-03-31,226,776.3400268554688,2026-08-17T11:55:45+00:00
SPY270331P00668000,2026-06-24 18:20:19+00:00,668.0,21.66,0.0,0.0,0.0,0.0,1.0,18.0,0.0312596875,False,REGULAR,USD,P,2027-03-31,226,776.3400268554688,2026-08-17T11:55:45+00:00
SPY270331P00669000,2026-07-31 20:02:50+00:00,669.0,16.21,0.0,0.0,0.0,0.0,1.0,2.0,0.0312596875,False,REGULAR,USD,P,2027-03-31,226,776.3400268554688,2026-08-17T11:55:45+00:00
SPY270331P00670000,2026-08-13 19:49:28+00:00,670.0,12.22,0.0,0.0,0.0,0.0,5.0,212.0,0.0312596875,False,REGULAR,USD,P,2027-03-31,226,776.3400268554688,2026-08-17T11:55:45+00:00
SPY270331P00671000,2026-08-03 19:07:12+00:00,671.0,14.78,0.0,0.0,0.0,0.0,3.0,105.0,0.0312596875,False,REGULAR,USD,P,2027-03-31,226,776.3400268554688,2026-08-17T11:55:45+00:00
SPY270331P00672000,2026-07-07 18:58:57+00:00,672.0,18.23,0.0,0.0,0.0,0.0,166.0,176.0,0.0312596875,False,REGULAR,USD,P,2027-03-31,226,776.3400268554688,2026-08-17T11:55:45+00:00
SPY270331P00673000,2026-08-03 19:07:12+00:00,673.0,15.05,0.0,0.0,0.0,0.0,5.0,13.0,0.0312596875,False,REGULAR,USD,P,2027-03-31,226,776.3400268554688,2026-08-17T11:55:45+00:00
SPY270331P00674000,2026-07-23 17:34:54+00:00,674.0,20.5,0.0,0.0,0.0,0.0,1.0,13.0,0.0312596875,False,REGULAR,USD,P,2027-03-31,226,776.3400268554688,2026-08-17T11:55:45+00:00
SPY270331P00675000,2026-08-14 13:46:29+00:00,675.0,12.59,0.0,0.0,0.0,0.0,1.0,735.0,0.0312596875,False,REGULAR,USD,P,2027-03-31,226,776.3400268554688,2026-08-17T11:55:45+00:00
SPY270331P00676000,2026-08-14 13:38:16+00:00,676.0,12.7,0.0,0.0,0.0,0.0,1.0,19.0,0.0312596875,False,REGULAR,USD,P,2027-03-31,226,776.3400268554688,2026-08-17T11:55:45+00:00
SPY270331P00677000,2026-07-31 19:00:37+00:00,677.0,17.5,0.0,0.0,0.0,0.0,1.0,16.0,0.0312596875,False,REGULAR,USD,P,2027-03-31,226,776.3400268554688,2026-08-17T11:55:45+00:00
SPY270331P00678000,2026-07-29 19:56:51+00:00,678.0,22.06,0.0,0.0,0.0,0.0,4.0,21.0,0.0312596875,False,REGULAR,USD,P,2027-03-31,226,776.3400268554688,2026-08-17T11:55:45+00:00
SPY270331P00679000,2026-07-16 15:13:51+00:00,679.0,18.22,0.0,0.0,0.0,0.0,2.0,13.0,0.0312596875,False,REGULAR,USD,P,2027-03-31,226,776.3400268554688,2026-08-17T11:55:45+00:00
SPY270331P00680000,2026-08-14 17:21:40+00:00,680.0,13.39,0.0,0.0,0.0,0.0,5.0,618.0,0.0312596875,False,REGULAR,USD,P,2027-03-31,226,776.3400268554688,2026-08-17T11:55:45+00:00
SPY270331P00685000,2026-08-10 19:04:14+00:00,685.0,14.55,0.0,0.0,0.0,0.0,2.0,494.0,0.0312596875,False,REGULAR,USD,P,2027-03-31,226,776.3400268554688,2026-08-17T11:55:45+00:00
SPY270331P00690000,2026-08-13 13:39:11+00:00,690.0,14.53,0.0,0.0,0.0,0.0,5.0,990.0,0.0312596875,False,REGULAR,USD,P,2027-03-31,226,776.3400268554688,2026-08-17T11:55:45+00:00
SPY270331P00695000,2026-08-14 14:26:26+00:00,695.0,15.34,0.0,0.0,0.0,0.0,1.0,427.0,0.0312596875,False,REGULAR,USD,P,2027-03-31,226,776.3400268554688,2026-08-17T11:55:45+00:00
SPY270331P00700000,2026-08-14 18:42:07+00:00,700.0,16.0,0.0,0.0,0.0,0.0,117.0,5309.0,0.0312596875,False,REGULAR,USD,P,2027-03-31,226,776.3400268554688,2026-08-17T11:55:45+00:00
SPY270331P00705000,2026-08-13 19:39:12+00:00,705.0,16.77,0.0,0.0,0.0,0.0,3.0,118.0,0.0312596875,False,REGULAR,USD,P,2027-03-31,226,776.3400268554688,2026-08-17T11:55:45+00:00
SPY270331P00710000,2026-08-14 14:32:18+00:00,710.0,17.66,0.0,0.0,0.0,0.0,3.0,1532.0,0.0312596875,False,REGULAR,USD,P,2027-03-31,226,776.3400268554688,2026-08-17T11:55:45+00:00
SPY270331P00715000,2026-08-12 20:05:57+00:00,715.0,18.88,0.0,0.0,0.0,0.0,1.0,472.0,0.015634843750000002,False,REGULAR,USD,P,2027-03-31,226,776.3400268554688,2026-08-17T11:55:45+00:00
SPY270331P00720000,2026-08-13 19:56:58+00:00,720.0,19.26,0.0,0.0,0.0,0.0,7.0,1200.0,0.015634843750000002,False,REGULAR,USD,P,2027-03-31,226,776.3400268554688,2026-08-17T11:55:45+00:00
SPY270331P00725000,2026-08-13 13:52:32+00:00,725.0,20.22,0.0,0.0,0.0,0.0,4.0,651.0,0.015634843750000002,False,REGULAR,USD,P,2027-03-31,226,776.3400268554688,2026-08-17T11:55:45+00:00
SPY270331P00730000,2026-08-14 15:30:01+00:00,730.0,21.42,0.0,0.0,0.0,0.0,4.0,1424.0,0.015634843750000002,False,REGULAR,USD,P,2027-03-31,226,776.3400268554688,2026-08-17T11:55:45+00:00
SPY270331P00735000,2026-08-14 16:05:30+00:00,735.0,22.48,0.0,0.0,0.0,0.0,5.0,700.0,0.015634843750000002,False,REGULAR,USD,P,2027-03-31,226,776.3400268554688,2026-08-17T11:55:45+00:00
SPY270331P00740000,2026-08-14 19:19:44+00:00,740.0,23.49,0.0,0.0,0.0,0.0,7.0,1637.0,0.015634843750000002,False,REGULAR,USD,P,2027-03-31,226,776.3400268554688,2026-08-17T11:55:45+00:00
SPY270331P00745000,2026-08-13 16:30:55+00:00,745.0,24.7,0.0,0.0,0.0,0.0,3.0,246.0,0.015634843750000002,False,REGULAR,USD,P,2027-03-31,226,776.3400268554688,2026-08-17T11:55:45+00:00
SPY270331P00750000,2026-08-14 17:21:40+00:00,750.0,26.0,0.0,0.0,0.0,0.0,7.0,815.0,0.007822421875,False,REGULAR,USD,P,2027-03-31,226,776.3400268554688,2026-08-17T11:55:45+00:00
SPY270331P00755000,2026-08-12 19:05:29+00:00,755.0,27.88,0.0,0.0,0.0,0.0,4.0,341.0,0.007822421875,False,REGULAR,USD,P,2027-03-31,226,776.3400268554688,2026-08-17T11:55:45+00:00
SPY270331P00760000,2026-08-13 15:22:23+00:00,760.0,28.5,0.0,0.0,0.0,0.0,7.0,446.0,0.007822421875,False,REGULAR,USD,P,2027-03-31,226,776.3400268554688,2026-08-17T11:55:45+00:00
SPY270331P00765000,2026-08-14 18:18:19+00:00,765.0,30.07,0.0,0.0,0.0,0.0,5.0,63.0,0.0039162109375,False,REGULAR,USD,P,2027-03-31,226,776.3400268554688,2026-08-17T11:55:45+00:00
SPY270331P00770000,2026-08-14 19:48:34+00:00,770.0,31.77,0.0,0.0,0.0,0.0,13.0,121.0,0.00196310546875,False,REGULAR,USD,P,2027-03-31,226,776.3400268554688,2026-08-17T11:55:45+00:00
SPY270331P00775000,2026-08-14 18:15:56+00:00,775.0,33.39,0.0,0.0,0.0,0.0,11.0,201.0,0.0004982763671875,False,REGULAR,USD,P,2027-03-31,226,776.3400268554688,2026-08-17T11:55:45+00:00
SPY270331P00780000,2026-08-14 16:19:59+00:00,780.0,35.45,0.0,0.0,0.0,0.0,52.0,576.0,1.0000000000000003e-05,True,REGULAR,USD,P,2027-03-31,226,776.3400268554688,2026-08-17T11:55:45+00:00
SPY270331P00785000,2026-08-14 15:54:13+00:00,785.0,37.61,0.0,0.0,0.0,0.0,4.0,18.0,1.0000000000000003e-05,True,REGULAR,USD,P,2027-03-31,226,776.3400268554688,2026-08-17T11:55:45+00:00
SPY270331P00790000,2026-08-14 17:04:24+00:00,790.0,39.68,0.0,0.0,0.0,0.0,1.0,142.0,1.0000000000000003e-05,True,REGULAR,USD,P,2027-03-31,226,776.3400268554688,2026-08-17T11:55:45+00:00
SPY270331P00795000,2026-08-12 14:00:03+00:00,795.0,43.2,0.0,0.0,0.0,0.0,1.0,13.0,1.0000000000000003e-05,True,REGULAR,USD,P,2027-03-31,226,776.3400268554688,2026-08-17T11:55:45+00:00
SPY270331P00800000,2026-08-14 15:41:36+00:00,800.0,44.32,0.0,0.0,0.0,0.0,1.0,148.0,1.0000000000000003e-05,True,REGULAR,USD,P,2027-03-31,226,776.3400268554688,2026-08-17T11:55:45+00:00
SPY270331P00805000,2026-08-10 16:32:03+00:00,805.0,48.53,0.0,0.0,0.0,0.0,101.0,102.0,1.0000000000000003e-05,True,REGULAR,USD,P,2027-03-31,226,776.3400268554688,2026-08-17T11:55:45+00:00
SPY270331P00810000,2026-08-14 14:48:21+00:00,810.0,48.67,0.0,0.0,0.0,0.0,3.0,119.0,1.0000000000000003e-05,True,REGULAR,USD,P,2027-03-31,226,776.3400268554688,2026-08-17T11:55:45+00:00
SPY270331P00815000,2026-08-06 14:20:12+00:00,815.0,54.8,0.0,0.0,0.0,0.0,1.0,13.0,1.0000000000000003e-05,True,REGULAR,USD,P,2027-03-31,226,776.3400268554688,2026-08-17T11:55:45+00:00
SPY270331P00820000,2026-08-13 19:46:32+00:00,820.0,54.12,0.0,0.0,0.0,0.0,5.0,115.0,1.0000000000000003e-05,True,REGULAR,USD,P,2027-03-31,226,776.3400268554688,2026-08-17T11:55:45+00:00
SPY270331P00830000,2026-08-12 18:24:38+00:00,830.0,63.18,0.0,0.0,0.0,0.0,2.0,0.0,1.0000000000000003e-05,True,REGULAR,USD,P,2027-03-31,226,776.3400268554688,2026-08-17T11:55:45+00:00
SPY270331P00835000,2026-07-02 16:01:18+00:00,835.0,90.33,0.0,0.0,0.0,0.0,4.0,0.0,1.0000000000000003e-05,True,REGULAR,USD,P,2027-03-31,226,776.3400268554688,2026-08-17T11:55:45+00:00
SPY270331P00840000,2026-07-07 16:04:14+00:00,840.0,93.15,0.0,0.0,0.0,0.0,4.0,0.0,1.0000000000000003e-05,True,REGULAR,USD,P,2027-03-31,226,776.3400268554688,2026-08-17T11:55:45+00:00
SPY270331P00845000,2026-08-13 16:32:20+00:00,845.0,72.94,0.0,0.0,0.0,0.0,2.0,1.0,1.0000000000000003e-05,True,REGULAR,USD,P,2027-03-31,226,776.3400268554688,2026-08-17T11:55:45+00:00
SPY270331P00850000,2026-07-31 15:10:59+00:00,850.0,108.4,0.0,0.0,0.0,0.0,4.0,2.0,1.0000000000000003e-05,True,REGULAR,USD,P,2027-03-31,226,776.3400268554688,2026-08-17T11:55:45+00:00
SPY270331P00855000,2026-06-08 13:30:00+00:00,855.0,112.37,98.83,102.32,0.0,0.0,1.0,0.0,0.21157099472045893,True,REGULAR,USD,P,2027-03-31,226,776.3400268554688,2026-08-17T11:55:45+00:00
SPY270331P00860000,2026-08-13 16:47:55+00:00,860.0,84.57,0.0,0.0,0.0,0.0,1.0,1.0,1.0000000000000003e-05,True,REGULAR,USD,P,2027-03-31,226,776.3400268554688,2026-08-17T11:55:45+00:00
SPY270331P00865000,2026-06-22 13:58:08+00:00,865.0,114.09,124.25,127.56,0.0,0.0,,0.0,0.2917475000762938,True,REGULAR,USD,P,2027-03-31,226,776.3400268554688,2026-08-17T11:55:45+00:00
SPY270331P00870000,2026-08-13 16:32:20+00:00,870.0,94.24,0.0,0.0,0.0,0.0,,,1.0000000000000003e-05,True,REGULAR,USD,P,2027-03-31,226,776.3400268554688,2026-08-17T11:55:45+00:00
SPY270331P00895000,2026-07-23 19:54:31+00:00,895.0,158.52,0.0,0.0,0.0,0.0,1.0,0.0,1.0000000000000003e-05,True,REGULAR,USD,P,2027-03-31,226,776.3400268554688,2026-08-17T11:55:45+00:00
SPY270331P00900000,2026-08-03 15:19:49+00:00,900.0,144.55,0.0,0.0,0.0,0.0,2.0,1.0,1.0000000000000003e-05,True,REGULAR,USD,P,2027-03-31,226,776.3400268554688,2026-08-17T11:55:45+00:00
SPY270331P00905000,2026-07-16 20:09:35+00:00,905.0,154.93,0.0,0.0,0.0,0.0,,0.0,1.0000000000000003e-05,True,REGULAR,USD,P,2027-03-31,226,776.3400268554688,2026-08-17T11:55:45+00:00
SPY270331P00975000,2026-06-18 14:00:19+00:00,975.0,229.78,234.31,237.65,0.0,0.0,1.0,0.0,0.40742322319030766,True,REGULAR,USD,P,2027-03-31,226,776.3400268554688,2026-08-17T11:55:45+00:00
SPY270630C00520000,2026-07-21 17:52:28+00:00,520.0,252.45,0.0,0.0,0.0,0.0,,6.0,1.0000000000000003e-05,True,REGULAR,USD,C,2027-06-30,317,776.3400268554688,2026-08-17T11:55:45+00:00
SPY270630C00540000,2026-08-10 18:42:57+00:00,540.0,254.6,0.0,0.0,0.0,0.0,,1.0,1.0000000000000003e-05,True,REGULAR,USD,C,2027-06-30,317,776.3400268554688,2026-08-17T11:55:45+00:00
SPY270630C00550000,2026-07-08 14:19:34+00:00,550.0,221.3,0.0,0.0,0.0,0.0,1.0,1.0,1.0000000000000003e-05,True,REGULAR,USD,C,2027-06-30,317,776.3400268554688,2026-08-17T11:55:45+00:00
SPY270630C00560000,2026-08-06 16:34:32+00:00,560.0,232.31,0.0,0.0,0.0,0.0,2.0,0.0,1.0000000000000003e-05,True,REGULAR,USD,C,2027-06-30,317,776.3400268554688,2026-08-17T11:55:45+00:00
SPY270630C00570000,2026-08-14 13:49:14+00:00,570.0,231.0,0.0,0.0,0.0,0.0,1.0,1.0,1.0000000000000003e-05,True,REGULAR,USD,C,2027-06-30,317,776.3400268554688,2026-08-17T11:55:45+00:00
SPY270630C00575000,2026-08-14 18:06:32+00:00,575.0,225.0,0.0,0.0,0.0,0.0,,1.0,1.0000000000000003e-05,True,REGULAR,USD,C,2027-06-30,317,776.3400268554688,2026-08-17T11:55:45+00:00
SPY270630C00580000,2026-08-11 13:52:33+00:00,580.0,218.29,0.0,0.0,0.0,0.0,3.0,20.0,1.0000000000000003e-05,True,REGULAR,USD,C,2027-06-30,317,776.3400268554688,2026-08-17T11:55:45+00:00
SPY270630C00585000,2026-07-23 13:30:09+00:00,585.0,187.43,0.0,0.0,0.0,0.0,1.0,1.0,1.0000000000000003e-05,True,REGULAR,USD,C,2027-06-30,317,776.3400268554688,2026-08-17T11:55:45+00:00
SPY270630C00595000,2026-08-04 14:34:53+00:00,595.0,198.42,0.0,0.0,0.0,0.0,1.0,4.0,1.0000000000000003e-05,True,REGULAR,USD,C,2027-06-30,317,776.3400268554688,2026-08-17T11:55:45+00:00
SPY270630C00600000,2026-08-14 17:05:17+00:00,600.0,202.59,0.0,0.0,0.0,0.0,1.0,13.0,1.0000000000000003e-05,True,REGULAR,USD,C,2027-06-30,317,776.3400268554688,2026-08-17T11:55:45+00:00
SPY270630C00610000,2026-07-01 19:04:15+00:00,610.0,172.64,0.0,0.0,0.0,0.0,,1.0,1.0000000000000003e-05,True,REGULAR,USD,C,2027-06-30,317,776.3400268554688,2026-08-17T11:55:45+00:00
SPY270630C00615000,2026-08-06 14:21:00+00:00,615.0,186.65,0.0,0.0,0.0,0.0,,6.0,1.0000000000000003e-05,True,REGULAR,USD,C,2027-06-30,317,776.3400268554688,2026-08-17T11:55:45+00:00
SPY270630C00620000,2026-08-07 17:40:08+00:00,620.0,182.49,0.0,0.0,0.0,0.0,3.0,5.0,1.0000000000000003e-05,True,REGULAR,USD,C,2027-06-30,317,776.3400268554688,2026-08-17T11:55:45+00:00
SPY270630C00625000,2026-08-04 19:02:20+00:00,625.0,179.53,0.0,0.0,0.0,0.0,1.0,1.0,1.0000000000000003e-05,True,REGULAR,USD,C,2027-06-30,317,776.3400268554688,2026-08-17T11:55:45+00:00
SPY270630C00630000,2026-08-10 13:49:42+00:00,630.0,174.46,0.0,0.0,0.0,0.0,6.0,4.0,1.0000000000000003e-05,True,REGULAR,USD,C,2027-06-30,317,776.3400268554688,2026-08-17T11:55:45+00:00
SPY270630C00635000,2026-08-04 15:30:29+00:00,635.0,163.77,0.0,0.0,0.0,0.0,1.0,2.0,1.0000000000000003e-05,True,REGULAR,USD,C,2027-06-30,317,776.3400268554688,2026-08-17T11:55:45+00:00
SPY270630C00640000,2026-08-05 16:55:29+00:00,640.0,165.58,0.0,0.0,0.0,0.0,3.0,8.0,1.0000000000000003e-05,True,REGULAR,USD,C,2027-06-30,317,776.3400268554688,2026-08-17T11:55:45+00:00
SPY270630C00650000,2026-08-12 16:43:21+00:00,650.0,156.55,0.0,0.0,0.0,0.0,2.0,17.0,1.0000000000000003e-05,True,REGULAR,USD,C,2027-06-30,317,776.3400268554688,2026-08-17T11:55:45+00:00
SPY270630C00655000,2026-08-12 17:28:40+00:00,655.0,152.35,0.0,0.0,0.0,0.0,2.0,3.0,1.0000000000000003e-05,True,REGULAR,USD,C,2027-06-30,317,776.3400268554688,2026-08-17T11:55:45+00:00
SPY270630C00660000,2026-08-12 18:54:25+00:00,660.0,146.34,0.0,0.0,0.0,0.0,2.0,4.0,1.0000000000000003e-05,True,REGULAR,USD,C,2027-06-30,317,776.3400268554688,2026-08-17T11:55:45+00:00
SPY270630C00664000,2026-08-04 14:09:46+00:00,664.0,138.23,0.0,0.0,0.0,0.0,1.0,1.0,1.0000000000000003e-05,True,REGULAR,USD,C,2027-06-30,317,776.3400268554688,2026-08-17T11:55:45+00:00
SPY270630C00665000,2026-08-14 18:37:26+00:00,665.0,146.38,0.0,0.0,0.0,0.0,2.0,2.0,1.0000000000000003e-05,True,REGULAR,USD,C,2027-06-30,317,776.3400268554688,2026-08-17T11:55:45+00:00
SPY270630C00666000,2026-08-13 18:06:47+00:00,666.0,145.8,0.0,0.0,0.0,0.0,1.0,1.0,1.0000000000000003e-05,True,REGULAR,USD,C,2027-06-30,317,776.3400268554688,2026-08-17T11:55:45+00:00
SPY270630C00668000,2026-07-02 18:01:03+00:00,668.0,120.66,0.0,0.0,0.0,0.0,2.0,1.0,1.0000000000000003e-05,True,REGULAR,USD,C,2027-06-30,317,776.3400268554688,2026-08-17T11:55:45+00:00
SPY270630C00669000,2026-08-13 14:36:07+00:00,669.0,146.32,0.0,0.0,0.0,0.0,,24.0,1.0000000000000003e-05,True,REGULAR,USD,C,2027-06-30,317,776.3400268554688,2026-08-17T11:55:45+00:00
SPY270630C00670000,2026-08-14 19:48:20+00:00,670.0,142.48,0.0,0.0,0.0,0.0,25.0,34.0,1.0000000000000003e-05,True,REGULAR,USD,C,2027-06-30,317,776.3400268554688,2026-08-17T11:55:45+00:00
SPY270630C00671000,2026-08-13 14:11:48+00:00,671.0,143.87,0.0,0.0,0.0,0.0,1.0,29.0,1.0000000000000003e-05,True,REGULAR,USD,C,2027-06-30,317,776.3400268554688,2026-08-17T11:55:45+00:00
SPY270630C00672000,2026-08-10 18:30:14+00:00,672.0,138.66,0.0,0.0,0.0,0.0,1.0,29.0,1.0000000000000003e-05,True,REGULAR,USD,C,2027-06-30,317,776.3400268554688,2026-08-17T11:55:45+00:00
SPY270630C00673000,2026-08-04 19:21:09+00:00,673.0,139.19,0.0,0.0,0.0,0.0,,4.0,1.0000000000000003e-05,True,REGULAR,USD,C,2027-06-30,317,776.3400268554688,2026-08-17T11:55:45+00:00
SPY270630C00674000,2026-08-04 16:54:02+00:00,674.0,135.89,0.0,0.0,0.0,0.0,,5.0,1.0000000000000003e-05,True,REGULAR,USD,C,2027-06-30,317,776.3400268554688,2026-08-17T11:55:45+00:00
SPY270630C00675000,2026-08-04 14:53:02+00:00,675.0,131.35,0.0,0.0,0.0,0.0,15.0,15.0,1.0000000000000003e-05,True,REGULAR,USD,C,2027-06-30,317,776.3400268554688,2026-08-17T11:55:45+00:00
SPY270630C00676000,2026-08-03 18:13:08+00:00,676.0,123.99,0.0,0.0,0.0,0.0,,0.0,1.0000000000000003e-05,True,REGULAR,USD,C,2027-06-30,317,776.3400268554688,2026-08-17T11:55:45+00:00
SPY270630C00677000,2026-08-03 18:04:01+00:00,677.0,123.11,0.0,0.0,0.0,0.0,,2.0,1.0000000000000003e-05,True,REGULAR,USD,C,2027-06-30,317,776.3400268554688,2026-08-17T11:55:45+00:00
SPY270630C00680000,2026-08-11 17:36:35+00:00,680.0,130.69,0.0,0.0,0.0,0.0,55.0,33.0,1.0000000000000003e-05,True,REGULAR,USD,C,2027-06-30,317,776.3400268554688,2026-08-17T11:55:45+00:00
SPY270630C00681000,2026-06-29 18:58:17+00:00,681.0,110.48,0.0,0.0,0.0,0.0,,0.0,1.0000000000000003e-05,True,REGULAR,USD,C,2027-06-30,317,776.3400268554688,2026-08-17T11:55:45+00:00
SPY270630C00685000,2026-08-12 19:02:21+00:00,685.0,127.92,0.0,0.0,0.0,0.0,6.0,2.0,1.0000000000000003e-05,True,REGULAR,USD,C,2027-06-30,317,776.3400268554688,2026-08-17T11:55:45+00:00
SPY270630C00687000,2026-08-11 17:41:56+00:00,687.0,125.13,0.0,0.0,0.0,0.0,,20.0,1.0000000000000003e-05,True,REGULAR,USD,C,2027-06-30,317,776.3400268554688,2026-08-17T11:55:45+00:00
SPY270630C00688000,2026-08-11 17:30:40+00:00,688.0,124.01,0.0,0.0,0.0,0.0,,2.0,1.0000000000000003e-05,True,REGULAR,USD,C,2027-06-30,317,776.3400268554688,2026-08-17T11:55:45+00:00
SPY270630C00689000,2026-08-11 17:29:15+00:00,689.0,123.37,0.0,0.0,0.0,0.0,2.0,2.0,1.0000000000000003e-05,True,REGULAR,USD,C,2027-06-30,317,776.3400268554688,2026-08-17T11:55:45+00:00
SPY270630C00690000,2026-08-13 19:58:23+00:00,690.0,126.8,0.0,0.0,0.0,0.0,1.0,87.0,1.0000000000000003e-05,True,REGULAR,USD,C,2027-06-30,317,776.3400268554688,2026-08-17T11:55:45+00:00
SPY270630C00691000,2026-08-11 17:56:25+00:00,691.0,121.89,0.0,0.0,0.0,0.0,,10.0,1.0000000000000003e-05,True,REGULAR,USD,C,2027-06-30,317,776.3400268554688,2026-08-17T11:55:45+00:00
SPY270630C00693000,2026-08-11 17:56:51+00:00,693.0,120.3,0.0,0.0,0.0,0.0,,16.0,1.0000000000000003e-05,True,REGULAR,USD,C,2027-06-30,317,776.3400268554688,2026-08-17T11:55:45+00:00
SPY270630C00694000,2026-08-11 18:27:55+00:00,694.0,118.67,0.0,0.0,0.0,0.0,,17.0,1.0000000000000003e-05,True,REGULAR,USD,C,2027-06-30,317,776.3400268554688,2026-08-17T11:55:45+00:00
SPY270630C00695000,2026-08-13 18:54:24+00:00,695.0,124.05,0.0,0.0,0.0,0.0,2.0,163.0,1.0000000000000003e-05,True,REGULAR,USD,C,2027-06-30,317,776.3400268554688,2026-08-17T11:55:45+00:00
SPY270630C00696000,2026-08-11 20:09:04+00:00,696.0,117.31,0.0,0.0,0.0,0.0,127.0,65.0,1.0000000000000003e-05,True,REGULAR,USD,C,2027-06-30,317,776.3400268554688,2026-08-17T11:55:45+00:00
SPY270630C00697000,2026-08-11 20:10:23+00:00,697.0,116.58,0.0,0.0,0.0,0.0,,56.0,1.0000000000000003e-05,True,REGULAR,USD,C,2027-06-30,317,776.3400268554688,2026-08-17T11:55:45+00:00
SPY270630C00698000,2026-08-11 19:40:21+00:00,698.0,116.09,0.0,0.0,0.0,0.0,22.0,25.0,1.0000000000000003e-05,True,REGULAR,USD,C,2027-06-30,317,776.3400268554688,2026-08-17T11:55:45+00:00
SPY270630C00699000,2026-08-11 19:40:31+00:00,699.0,115.23,0.0,0.0,0.0,0.0,3.0,3.0,1.0000000000000003e-05,True,REGULAR,USD,C,2027-06-30,317,776.3400268554688,2026-08-17T11:55:45+00:00
SPY270630C00700000,2026-08-14 19:05:51+00:00,700.0,118.3,0.0,0.0,0.0,0.0,5.0,34.0,1.0000000000000003e-05,True,REGULAR,USD,C,2027-06-30,317,776.3400268554688,2026-08-17T11:55:45+00:00
SPY270630C00701000,2026-08-13 19:18:12+00:00,701.0,119.75,0.0,0.0,0.0,0.0,,15.0,1.0000000000000003e-05,True,REGULAR,USD,C,2027-06-30,317,776.3400268554688,2026-08-17T11:55:45+00:00
SPY270630C00704000,2026-08-12 16:01:39+00:00,704.0,112.02,0.0,0.0,0.0,0.0,,6.0,1.0000000000000003e-05,True,REGULAR,USD,C,2027-06-30,317,776.3400268554688,2026-08-17T11:55:45+00:00
SPY270630C00705000,2026-08-12 16:00:58+00:00,705.0,111.25,0.0,0.0,0.0,0.0,4.0,6.0,1.0000000000000003e-05,True,REGULAR,USD,C,2027-06-30,317,776.3400268554688,2026-08-17T11:55:45+00:00
SPY270630C00706000,2026-08-12 16:02:42+00:00,706.0,110.46,0.0,0.0,0.0,0.0,,40.0,1.0000000000000003e-05,True,REGULAR,USD,C,2027-06-30,317,776.3400268554688,2026-08-17T11:55:45+00:00
SPY270630C00707000,2026-08-12 16:03:15+00:00,707.0,109.64,0.0,0.0,0.0,0.0,,25.0,1.0000000000000003e-05,True,REGULAR,USD,C,2027-06-30,317,776.3400268554688,2026-08-17T11:55:45+00:00
SPY270630C00708000,2026-08-12 16:03:32+00:00,708.0,108.79,0.0,0.0,0.0,0.0,,14.0,1.0000000000000003e-05,True,REGULAR,USD,C,2027-06-30,317,776.3400268554688,2026-08-17T11:55:45+00:00
SPY270630C00709000,2026-08-12 16:11:07+00:00,709.0,107.0,0.0,0.0,0.0,0.0,,39.0,1.0000000000000003e-05,True,REGULAR,USD,C,2027-06-30,317,776.3400268554688,2026-08-17T11:55:45+00:00
SPY270630C00710000,2026-08-12 16:26:17+00:00,710.0,106.36,0.0,0.0,0.0,0.0,17.0,9.0,1.0000000000000003e-05,True,REGULAR,USD,C,2027-06-30,317,776.3400268554688,2026-08-17T11:55:45+00:00
SPY270630C00712000,2026-07-13 14:09:06+00:00,712.0,95.0,0.0,0.0,0.0,0.0,,1.0,1.0000000000000003e-05,True,REGULAR,USD,C,2027-06-30,317,776.3400268554688,2026-08-17T11:55:45+00:00
SPY270630C00713000,2026-07-29 13:36:42+00:00,713.0,83.03,0.0,0.0,0.0,0.0,1.0,2.0,1.0000000000000003e-05,True,REGULAR,USD,C,2027-06-30,317,776.3400268554688,2026-08-17T11:55:45+00:00
SPY270630C00715000,2026-08-04 13:38:55+00:00,715.0,96.25,0.0,0.0,0.0,0.0,1.0,6.0,1.0000000000000003e-05,True,REGULAR,USD,C,2027-06-30,317,776.3400268554688,2026-08-17T11:55:45+00:00
SPY270630C00716000,2026-08-10 17:56:03+00:00,716.0,103.74,0.0,0.0,0.0,0.0,,20.0,1.0000000000000003e-05,True,REGULAR,USD,C,2027-06-30,317,776.3400268554688,2026-08-17T11:55:45+00:00
SPY270630C00717000,2026-08-10 18:38:41+00:00,717.0,102.83,0.0,0.0,0.0,0.0,3.0,4.0,1.0000000000000003e-05,True,REGULAR,USD,C,2027-06-30,317,776.3400268554688,2026-08-17T11:55:45+00:00
SPY270630C00718000,2026-08-10 18:37:31+00:00,718.0,102.07,0.0,0.0,0.0,0.0,,41.0,1.0000000000000003e-05,True,REGULAR,USD,C,2027-06-30,317,776.3400268554688,2026-08-17T11:55:45+00:00
SPY270630C00719000,2026-08-10 18:40:06+00:00,719.0,101.44,0.0,0.0,0.0,0.0,3.0,3.0,1.0000000000000003e-05,True,REGULAR,USD,C,2027-06-30,317,776.3400268554688,2026-08-17T11:55:45+00:00
SPY270630C00720000,2026-08-07 19:28:26+00:00,720.0,100.67,0.0,0.0,0.0,0.0,3.0,11.0,1.0000000000000003e-05,True,REGULAR,USD,C,2027-06-30,317,776.3400268554688,2026-08-17T11:55:45+00:00
SPY270630C00722000,2026-08-11 19:48:12+00:00,722.0,97.16,0.0,0.0,0.0,0.0,16.0,9.0,1.0000000000000003e-05,True,REGULAR,USD,C,2027-06-30,317,776.3400268554688,2026-08-17T11:55:45+00:00
SPY270630C00723000,2026-08-11 19:47:39+00:00,723.0,96.46,0.0,0.0,0.0,0.0,16.0,9.0,1.0000000000000003e-05,True,REGULAR,USD,C,2027-06-30,317,776.3400268554688,2026-08-17T11:55:45+00:00
SPY270630C00724000,2026-08-11 19:47:23+00:00,724.0,95.71,0.0,0.0,0.0,0.0,22.0,14.0,1.0000000000000003e-05,True,REGULAR,USD,C,2027-06-30,317,776.3400268554688,2026-08-17T11:55:45+00:00
SPY270630C00725000,2026-08-13 13:47:21+00:00,725.0,99.2,0.0,0.0,0.0,0.0,1.0,7.0,1.0000000000000003e-05,True,REGULAR,USD,C,2027-06-30,317,776.3400268554688,2026-08-17T11:55:45+00:00
SPY270630C00726000,2026-08-11 19:44:59+00:00,726.0,94.37,0.0,0.0,0.0,0.0,16.0,10.0,1.0000000000000003e-05,True,REGULAR,USD,C,2027-06-30,317,776.3400268554688,2026-08-17T11:55:45+00:00
SPY270630C00727000,2026-08-11 19:44:43+00:00,727.0,93.65,0.0,0.0,0.0,0.0,,4.0,1.0000000000000003e-05,True,REGULAR,USD,C,2027-06-30,317,776.3400268554688,2026-08-17T11:55:45+00:00
SPY270630C00728000,2026-08-11 19:44:11+00:00,728.0,92.93,0.0,0.0,0.0,0.0,4.0,5.0,1.0000000000000003e-05,True,REGULAR,USD,C,2027-06-30,317,776.3400268554688,2026-08-17T11:55:45+00:00
SPY270630C00729000,2026-08-11 19:43:51+00:00,729.0,92.2,0.0,0.0,0.0,0.0,,1.0,1.0000000000000003e-05,True,REGULAR,USD,C,2027-06-30,317,776.3400268554688,2026-08-17T11:55:45+00:00
SPY270630C00730000,2026-08-11 19:43:29+00:00,730.0,91.48,0.0,0.0,0.0,0.0,3.0,7.0,1.0000000000000003e-05,True,REGULAR,USD,C,2027-06-30,317,776.3400268554688,2026-08-17T11:55:45+00:00
SPY270630C00731000,2026-07-02 16:08:18+00:00,731.0,76.17,0.0,0.0,0.0,0.0,2.0,0.0,1.0000000000000003e-05,True,REGULAR,USD,C,2027-06-30,317,776.3400268554688,2026-08-17T11:55:45+00:00
SPY270630C00732000,2026-07-28 14:47:44+00:00,732.0,68.92,0.0,0.0,0.0,0.0,1.0,3.0,1.0000000000000003e-05,True,REGULAR,USD,C,2027-06-30,317,776.3400268554688,2026-08-17T11:55:45+00:00
SPY270630C00733000,2026-07-29 16:25:10+00:00,733.0,64.96,0.0,0.0,0.0,0.0,5.0,2.0,1.0000000000000003e-05,True,REGULAR,USD,C,2027-06-30,317,776.3400268554688,2026-08-17T11:55:45+00:00
SPY270630C00734000,2026-08-11 15:23:23+00:00,734.0,90.33,0.0,0.0,0.0,0.0,2.0,9.0,1.0000000000000003e-05,True,REGULAR,USD,C,2027-06-30,317,776.3400268554688,2026-08-17T11:55:45+00:00
SPY270630C00735000,2026-08-12 17:03:55+00:00,735.0,89.01,0.0,0.0,0.0,0.0,2.0,29.0,1.0000000000000003e-05,True,REGULAR,USD,C,2027-06-30,317,776.3400268554688,2026-08-17T11:55:45+00:00
SPY270630C00736000,2026-08-10 18:23:33+00:00,736.0,88.01,0.0,0.0,0.0,0.0,7.0,3.0,1.0000000000000003e-05,True,REGULAR,USD,C,2027-06-30,317,776.3400268554688,2026-08-17T11:55:45+00:00
SPY270630C00737000,2026-08-14 19:59:50+00:00,737.0,90.0,0.0,0.0,0.0,0.0,1.0,5.0,1.0000000000000003e-05,True,REGULAR,USD,C,2027-06-30,317,776.3400268554688,2026-08-17T11:55:45+00:00
SPY270630C00738000,2026-08-07 15:23:30+00:00,738.0,88.02,0.0,0.0,0.0,0.0,2.0,10.0,1.0000000000000003e-05,True,REGULAR,USD,C,2027-06-30,317,776.3400268554688,2026-08-17T11:55:45+00:00
SPY270630C00739000,2026-07-27 16:59:34+00:00,739.0,64.01,0.0,0.0,0.0,0.0,7.0,11.0,1.0000000000000003e-05,True,REGULAR,USD,C,2027-06-30,317,776.3400268554688,2026-08-17T11:55:45+00:00
SPY270630C00740000,2026-08-10 14:33:03+00:00,740.0,86.42,0.0,0.0,0.0,0.0,1.0,23.0,1.0000000000000003e-05,True,REGULAR,USD,C,2027-06-30,317,776.3400268554688,2026-08-17T11:55:45+00:00
SPY270630C00741000,2026-08-04 15:13:27+00:00,741.0,81.79,0.0,0.0,0.0,0.0,3.0,13.0,1.0000000000000003e-05,True,REGULAR,USD,C,2027-06-30,317,776.3400268554688,2026-08-17T11:55:45+00:00
SPY270630C00742000,2026-08-03 19:58:35+00:00,742.0,74.15,0.0,0.0,0.0,0.0,7.0,10.0,1.0000000000000003e-05,True,REGULAR,USD,C,2027-06-30,317,776.3400268554688,2026-08-17T11:55:45+00:00
SPY270630C00743000,2026-08-03 14:57:58+00:00,743.0,71.04,0.0,0.0,0.0,0.0,1.0,3.0,1.0000000000000003e-05,True,REGULAR,USD,C,2027-06-30,317,776.3400268554688,2026-08-17T11:55:45+00:00
SPY270630C00744000,2026-07-17 18:11:33+00:00,744.0,66.93,0.0,0.0,0.0,0.0,11.0,13.0,1.0000000000000003e-05,True,REGULAR,USD,C,2027-06-30,317,776.3400268554688,2026-08-17T11:55:45+00:00
SPY270630C00745000,2026-08-05 15:23:39+00:00,745.0,83.0,0.0,0.0,0.0,0.0,1.0,14.0,1.0000000000000003e-05,True,REGULAR,USD,C,2027-06-30,317,776.3400268554688,2026-08-17T11:55:45+00:00
SPY270630C00746000,2026-08-07 19:54:13+00:00,746.0,81.67,0.0,0.0,0.0,0.0,9.0,17.0,1.0000000000000003e-05,True,REGULAR,USD,C,2027-06-30,317,776.3400268554688,2026-08-17T11:55:45+00:00
SPY270630C00747000,2026-08-07 19:01:33+00:00,747.0,80.56,0.0,0.0,0.0,0.0,7.0,6.0,1.0000000000000003e-05,True,REGULAR,USD,C,2027-06-30,317,776.3400268554688,2026-08-17T11:55:45+00:00
SPY270630C00748000,2026-08-14 16:03:18+00:00,748.0,82.11,0.0,0.0,0.0,0.0,10.0,6.0,1.0000000000000003e-05,True,REGULAR,USD,C,2027-06-30,317,776.3400268554688,2026-08-17T11:55:45+00:00
SPY270630C00749000,2026-08-07 17:23:19+00:00,749.0,78.96,0.0,0.0,0.0,0.0,3.0,12.0,1.0000000000000003e-05,True,REGULAR,USD,C,2027-06-30,317,776.3400268554688,2026-08-17T11:55:45+00:00
SPY270630C00750000,2026-08-13 14:33:26+00:00,750.0,83.16,0.0,0.0,0.0,0.0,2.0,39.0,1.0000000000000003e-05,True,REGULAR,USD,C,2027-06-30,317,776.3400268554688,2026-08-17T11:55:45+00:00
SPY270630C00751000,2026-08-07 18:57:18+00:00,751.0,76.83,0.0,0.0,0.0,0.0,3.0,24.0,1.0000000000000003e-05,True,REGULAR,USD,C,2027-06-30,317,776.3400268554688,2026-08-17T11:55:45+00:00
SPY270630C00752000,2026-08-07 18:58:34+00:00,752.0,76.34,0.0,0.0,0.0,0.0,308.0,224.0,1.0000000000000003e-05,True,REGULAR,USD,C,2027-06-30,317,776.3400268554688,2026-08-17T11:55:45+00:00
SPY270630C00753000,2026-08-05 13:41:15+00:00,753.0,81.01,0.0,0.0,0.0,0.0,1.0,5.0,1.0000000000000003e-05,True,REGULAR,USD,C,2027-06-30,317,776.3400268554688,2026-08-17T11:55:45+00:00
SPY270630C00754000,2026-08-03 14:42:38+00:00,754.0,63.61,0.0,0.0,0.0,0.0,1.0,5.0,1.0000000000000003e-05,True,REGULAR,USD,C,2027-06-30,317,776.3400268554688,2026-08-17T11:55:45+00:00
SPY270630C00755000,2026-08-07 19:16:24+00:00,755.0,75.57,0.0,0.0,0.0,0.0,151.0,170.0,1.0000000000000003e-05,True,REGULAR,USD,C,2027-06-30,317,776.3400268554688,2026-08-17T11:55:45+00:00
SPY270630C00756000,2026-08-07 16:52:46+00:00,756.0,74.09,0.0,0.0,0.0,0.0,150.0,100.0,1.0000000000000003e-05,True,REGULAR,USD,C,2027-06-30,317,776.3400268554688,2026-08-17T11:55:45+00:00
SPY270630C00757000,2026-07-30 13:40:01+00:00,757.0,50.03,0.0,0.0,0.0,0.0,1.0,59.0,1.0000000000000003e-05,True,REGULAR,USD,C,2027-06-30,317,776.3400268554688,2026-08-17T11:55:45+00:00
SPY270630C00758000,2026-08-13 19:38:49+00:00,758.0,76.5,0.0,0.0,0.0,0.0,1.0,9.0,1.0000000000000003e-05,True,REGULAR,USD,C,2027-06-30,317,776.3400268554688,2026-08-17T11:55:45+00:00
SPY270630C00759000,2026-08-13 16:05:12+00:00,759.0,74.1,0.0,0.0,0.0,0.0,3.0,8.0,1.0000000000000003e-05,True,REGULAR,USD,C,2027-06-30,317,776.3400268554688,2026-08-17T11:55:45+00:00
SPY270630C00760000,2026-08-14 15:26:37+00:00,760.0,71.44,0.0,0.0,0.0,0.0,22.0,132.0,1.0000000000000003e-05,True,REGULAR,USD,C,2027-06-30,317,776.3400268554688,2026-08-17T11:55:45+00:00
SPY270630C00761000,2026-08-11 13:32:46+00:00,761.0,71.6,0.0,0.0,0.0,0.0,,10.0,1.0000000000000003e-05,True,REGULAR,USD,C,2027-06-30,317,776.3400268554688,2026-08-17T11:55:45+00:00
SPY270630C00762000,2026-08-13 15:11:45+00:00,762.0,72.89,0.0,0.0,0.0,0.0,1.0,1.0,1.0000000000000003e-05,True,REGULAR,USD,C,2027-06-30,317,776.3400268554688,2026-08-17T11:55:45+00:00
SPY270630C00763000,2026-08-11 15:33:14+00:00,763.0,69.56,0.0,0.0,0.0,0.0,2.0,13.0,1.0000000000000003e-05,True,REGULAR,USD,C,2027-06-30,317,776.3400268554688,2026-08-17T11:55:45+00:00
SPY270630C00764000,2026-08-07 17:05:03+00:00,764.0,68.65,0.0,0.0,0.0,0.0,2.0,32.0,1.0000000000000003e-05,True,REGULAR,USD,C,2027-06-30,317,776.3400268554688,2026-08-17T11:55:45+00:00
SPY270630C00765000,2026-08-14 14:03:28+00:00,765.0,71.74,0.0,0.0,0.0,0.0,1.0,15.0,1.0000000000000003e-05,True,REGULAR,USD,C,2027-06-30,317,776.3400268554688,2026-08-17T11:55:45+00:00
SPY270630C00766000,2026-08-10 18:20:17+00:00,766.0,68.57,0.0,0.0,0.0,0.0,10.0,38.0,1.0000000000000003e-05,True,REGULAR,USD,C,2027-06-30,317,776.3400268554688,2026-08-17T11:55:45+00:00
SPY270630C00767000,2026-08-10 18:20:02+00:00,767.0,67.54,0.0,0.0,0.0,0.0,2.0,46.0,1.0000000000000003e-05,True,REGULAR,USD,C,2027-06-30,317,776.3400268554688,2026-08-17T11:55:45+00:00
SPY270630C00768000,2026-08-13 17:20:46+00:00,768.0,69.31,0.0,0.0,0.0,0.0,3.0,7.0,1.0000000000000003e-05,True,REGULAR,USD,C,2027-06-30,317,776.3400268554688,2026-08-17T11:55:45+00:00
SPY270630C00769000,2026-08-04 16:02:41+00:00,769.0,61.6,0.0,0.0,0.0,0.0,1.0,82.0,1.0000000000000003e-05,True,REGULAR,USD,C,2027-06-30,317,776.3400268554688,2026-08-17T11:55:45+00:00
SPY270630C00770000,2026-08-14 18:02:49+00:00,770.0,66.64,0.0,0.0,0.0,0.0,7.0,465.0,1.0000000000000003e-05,True,REGULAR,USD,C,2027-06-30,317,776.3400268554688,2026-08-17T11:55:45+00:00
SPY270630C00775000,2026-08-14 16:02:38+00:00,775.0,63.84,0.0,0.0,0.0,0.0,2.0,469.0,1.0000000000000003e-05,True,REGULAR,USD,C,2027-06-30,317,776.3400268554688,2026-08-17T11:55:45+00:00
SPY270630C00780000,2026-08-14 16:01:58+00:00,780.0,61.0,0.0,0.0,0.0,0.0,1.0,164.0,0.000986552734375,False,REGULAR,USD,C,2027-06-30,317,776.3400268554688,2026-08-17T11:55:45+00:00
SPY270630C00785000,2026-08-13 18:37:07+00:00,785.0,58.16,0.0,0.0,0.0,0.0,1.0,473.0,0.00196310546875,False,REGULAR,USD,C,2027-06-30,317,776.3400268554688,2026-08-17T11:55:45+00:00
SPY270630C00790000,2026-08-11 17:00:52+00:00,790.0,52.56,0.0,0.0,0.0,0.0,2.0,688.0,0.0039162109375,False,REGULAR,USD,C,2027-06-30,317,776.3400268554688,2026-08-17T11:55:45+00:00
SPY270630C00795000,2026-08-13 15:26:03+00:00,795.0,51.74,0.0,0.0,0.0,0.0,1.0,203.0,0.007822421875,False,REGULAR,USD,C,2027-06-30,317,776.3400268554688,2026-08-17T11:55:45+00:00
SPY270630C00800000,2026-08-13 16:21:25+00:00,800.0,48.21,0.0,0.0,0.0,0.0,3.0,597.0,0.007822421875,False,REGULAR,USD,C,2027-06-30,317,776.3400268554688,2026-08-17T11:55:45+00:00
SPY270630C00805000,2026-08-13 19:03:08+00:00,805.0,46.93,0.0,0.0,0.0,0.0,3.0,498.0,0.007822421875,False,REGULAR,USD,C,2027-06-30,317,776.3400268554688,2026-08-17T11:55:45+00:00
SPY270630C00810000,2026-08-14 17:09:17+00:00,810.0,42.63,0.0,0.0,0.0,0.0,1.0,1396.0,0.007822421875,False,REGULAR,USD,C,2027-06-30,317,776.3400268554688,2026-08-17T11:55:45+00:00
SPY270630C00815000,2026-08-14 14:58:23+00:00,815.0,40.76,0.0,0.0,0.0,0.0,5.0,1653.0,0.007822421875,False,REGULAR,USD,C,2027-06-30,317,776.3400268554688,2026-08-17T11:55:45+00:00
SPY270630C00820000,2026-08-13 19:17:00+00:00,820.0,39.03,0.0,0.0,0.0,0.0,4.0,1220.0,0.015634843750000002,False,REGULAR,USD,C,2027-06-30,317,776.3400268554688,2026-08-17T11:55:45+00:00
SPY270630C00825000,2026-08-13 15:39:51+00:00,825.0,35.15,0.0,0.0,0.0,0.0,1.0,1378.0,0.015634843750000002,False,REGULAR,USD,C,2027-06-30,317,776.3400268554688,2026-08-17T11:55:45+00:00
SPY270630C00830000,2026-08-14 18:04:30+00:00,830.0,32.73,0.0,0.0,0.0,0.0,5.0,322.0,0.015634843750000002,False,REGULAR,USD,C,2027-06-30,317,776.3400268554688,2026-08-17T11:55:45+00:00
SPY270630C00835000,2026-08-14 17:23:52+00:00,835.0,30.58,0.0,0.0,0.0,0.0,69.0,355.0,0.015634843750000002,False,REGULAR,USD,C,2027-06-30,317,776.3400268554688,2026-08-17T11:55:45+00:00
SPY270630C00840000,2026-08-05 19:34:30+00:00,840.0,27.26,0.0,0.0,0.0,0.0,263.0,579.0,0.015634843750000002,False,REGULAR,USD,C,2027-06-30,317,776.3400268554688,2026-08-17T11:55:45+00:00
SPY270630C00845000,2026-08-14 13:47:29+00:00,845.0,27.44,0.0,0.0,0.0,0.0,121.0,383.0,0.015634843750000002,False,REGULAR,USD,C,2027-06-30,317,776.3400268554688,2026-08-17T11:55:45+00:00
SPY270630C00850000,2026-08-13 14:00:58+00:00,850.0,25.5,0.0,0.0,0.0,0.0,4.0,152.0,0.015634843750000002,False,REGULAR,USD,C,2027-06-30,317,776.3400268554688,2026-08-17T11:55:45+00:00
SPY270630C00855000,2026-08-12 19:59:16+00:00,855.0,21.25,0.0,0.0,0.0,0.0,2.0,11.0,0.015634843750000002,False,REGULAR,USD,C,2027-06-30,317,776.3400268554688,2026-08-17T11:55:45+00:00
SPY270630C00860000,2026-08-14 14:21:54+00:00,860.0,22.0,0.0,0.0,0.0,0.0,1.0,466.0,0.015634843750000002,False,REGULAR,USD,C,2027-06-30,317,776.3400268554688,2026-08-17T11:55:45+00:00
SPY270630C00865000,2026-08-14 15:30:38+00:00,865.0,19.8,0.0,0.0,0.0,0.0,1.0,516.0,0.0312596875,False,REGULAR,USD,C,2027-06-30,317,776.3400268554688,2026-08-17T11:55:45+00:00
SPY270630C00870000,2026-08-13 14:16:00+00:00,870.0,19.09,0.0,0.0,0.0,0.0,1.0,3.0,0.0312596875,False,REGULAR,USD,C,2027-06-30,317,776.3400268554688,2026-08-17T11:55:45+00:00
SPY270630C00875000,2026-08-14 18:14:05+00:00,875.0,16.62,0.0,0.0,0.0,0.0,4.0,289.0,0.0312596875,False,REGULAR,USD,C,2027-06-30,317,776.3400268554688,2026-08-17T11:55:45+00:00
SPY270630C00880000,2026-08-14 18:14:05+00:00,880.0,15.3,0.0,0.0,0.0,0.0,4.0,339.0,0.0312596875,False,REGULAR,USD,C,2027-06-30,317,776.3400268554688,2026-08-17T11:55:45+00:00
SPY270630C00885000,2026-08-13 13:30:01+00:00,885.0,13.52,0.0,0.0,0.0,0.0,1.0,365.0,0.0312596875,False,REGULAR,USD,C,2027-06-30,317,776.3400268554688,2026-08-17T11:55:45+00:00
SPY270630C00890000,2026-08-04 15:40:39+00:00,890.0,11.93,0.0,0.0,0.0,0.0,34.0,88.0,0.0312596875,False,REGULAR,USD,C,2027-06-30,317,776.3400268554688,2026-08-17T11:55:45+00:00
SPY270630C00895000,2026-08-11 19:53:14+00:00,895.0,10.52,0.0,0.0,0.0,0.0,2.0,3.0,0.0312596875,False,REGULAR,USD,C,2027-06-30,317,776.3400268554688,2026-08-17T11:55:45+00:00
SPY270630C00900000,2026-08-14 18:52:39+00:00,900.0,10.95,0.0,0.0,0.0,0.0,29.0,466.0,0.0312596875,False,REGULAR,USD,C,2027-06-30,317,776.3400268554688,2026-08-17T11:55:45+00:00
SPY270630C00905000,2026-08-13 14:16:36+00:00,905.0,10.7,0.0,0.0,0.0,0.0,126.0,486.0,0.0312596875,False,REGULAR,USD,C,2027-06-30,317,776.3400268554688,2026-08-17T11:55:45+00:00
SPY270630C00910000,2026-08-07 13:30:23+00:00,910.0,8.31,0.0,0.0,0.0,0.0,3.0,15.0,0.0312596875,False,REGULAR,USD,C,2027-06-30,317,776.3400268554688,2026-08-17T11:55:45+00:00
SPY270630C00915000,2026-08-07 16:24:47+00:00,915.0,8.07,0.0,0.0,0.0,0.0,22.0,158.0,0.0312596875,False,REGULAR,USD,C,2027-06-30,317,776.3400268554688,2026-08-17T11:55:45+00:00
SPY270630C00920000,2026-08-14 17:37:28+00:00,920.0,7.5,0.0,0.0,0.0,0.0,13.0,759.0,0.0312596875,False,REGULAR,USD,C,2027-06-30,317,776.3400268554688,2026-08-17T11:55:45+00:00
SPY270630C00925000,2026-08-13 17:20:36+00:00,925.0,7.4,0.0,0.0,0.0,0.0,12.0,624.0,0.0312596875,False,REGULAR,USD,C,2027-06-30,317,776.3400268554688,2026-08-17T11:55:45+00:00
SPY270630C00930000,2026-08-11 18:33:56+00:00,930.0,5.51,0.0,0.0,0.0,0.0,2.0,27.0,0.0312596875,False,REGULAR,USD,C,2027-06-30,317,776.3400268554688,2026-08-17T11:55:45+00:00
SPY270630C00935000,2026-08-10 17:58:38+00:00,935.0,5.52,0.0,0.0,0.0,0.0,2.0,25.0,0.0312596875,False,REGULAR,USD,C,2027-06-30,317,776.3400268554688,2026-08-17T11:55:45+00:00
SPY270630C00940000,2026-08-13 17:48:54+00:00,940.0,5.46,0.0,0.0,0.0,0.0,11.0,8.0,0.0312596875,False,REGULAR,USD,C,2027-06-30,317,776.3400268554688,2026-08-17T11:55:45+00:00
SPY270630C00945000,2026-08-11 13:33:41+00:00,945.0,4.64,0.0,0.0,0.0,0.0,1.0,382.0,0.0312596875,False,REGULAR,USD,C,2027-06-30,317,776.3400268554688,2026-08-17T11:55:45+00:00
SPY270630C00950000,2026-08-13 14:31:08+00:00,950.0,4.82,0.0,0.0,0.0,0.0,254.0,7665.0,0.0312596875,False,REGULAR,USD,C,2027-06-30,317,776.3400268554688,2026-08-17T11:55:45+00:00
SPY270630C00955000,2026-08-13 17:35:53+00:00,955.0,4.11,0.0,0.0,0.0,0.0,2.0,333.0,0.0312596875,False,REGULAR,USD,C,2027-06-30,317,776.3400268554688,2026-08-17T11:55:45+00:00
SPY270630C00960000,2026-08-11 19:20:22+00:00,960.0,3.06,0.0,0.0,0.0,0.0,2.0,5.0,0.0312596875,False,REGULAR,USD,C,2027-06-30,317,776.3400268554688,2026-08-17T11:55:45+00:00
SPY270630C00965000,2026-08-10 13:35:47+00:00,965.0,3.11,0.0,0.0,0.0,0.0,1.0,2.0,0.0312596875,False,REGULAR,USD,C,2027-06-30,317,776.3400268554688,2026-08-17T11:55:45+00:00
SPY270630C00970000,2026-08-13 17:35:53+00:00,970.0,3.06,0.0,0.0,0.0,0.0,9.0,125.0,0.062509375,False,REGULAR,USD,C,2027-06-30,317,776.3400268554688,2026-08-17T11:55:45+00:00
SPY270630C00975000,2026-08-13 15:39:18+00:00,975.0,2.61,0.0,0.0,0.0,0.0,1.0,3.0,0.062509375,False,REGULAR,USD,C,2027-06-30,317,776.3400268554688,2026-08-17T11:55:45+00:00
SPY270630C00980000,2026-08-13 16:45:20+00:00,980.0,2.45,0.0,0.0,0.0,0.0,,11.0,0.062509375,False,REGULAR,USD,C,2027-06-30,317,776.3400268554688,2026-08-17T11:55:45+00:00
SPY270630C00985000,2026-08-13 17:35:53+00:00,985.0,2.28,0.0,0.0,0.0,0.0,3.0,2.0,0.062509375,False,REGULAR,USD,C,2027-06-30,317,776.3400268554688,2026-08-17T11:55:45+00:00
SPY270630C00995000,2026-08-13 16:45:20+00:00,995.0,1.82,0.0,0.0,0.0,0.0,,10.0,0.062509375,False,REGULAR,USD,C,2027-06-30,317,776.3400268554688,2026-08-17T11:55:45+00:00
SPY270630P00520000,2026-08-13 19:45:12+00:00,520.0,5.56,0.0,0.0,0.0,0.0,3.0,183.0,0.062509375,False,REGULAR,USD,P,2027-06-30,317,776.3400268554688,2026-08-17T11:55:45+00:00
SPY270630P00525000,2026-08-14 15:50:29+00:00,525.0,5.8,0.0,0.0,0.0,0.0,1.0,514.0,0.062509375,False,REGULAR,USD,P,2027-06-30,317,776.3400268554688,2026-08-17T11:55:45+00:00
SPY270630P00530000,2026-08-12 19:02:00+00:00,530.0,5.94,0.0,0.0,0.0,0.0,2.0,313.0,0.062509375,False,REGULAR,USD,P,2027-06-30,317,776.3400268554688,2026-08-17T11:55:45+00:00
SPY270630P00535000,2026-08-11 17:39:22+00:00,535.0,6.41,0.0,0.0,0.0,0.0,1.0,35.0,0.062509375,False,REGULAR,USD,P,2027-06-30,317,776.3400268554688,2026-08-17T11:55:45+00:00
SPY270630P00540000,2026-08-13 16:43:56+00:00,540.0,6.45,0.0,0.0,0.0,0.0,13.0,548.0,0.062509375,False,REGULAR,USD,P,2027-06-30,317,776.3400268554688,2026-08-17T11:55:45+00:00
SPY270630P00545000,2026-08-03 18:13:59+00:00,545.0,7.61,0.0,0.0,0.0,0.0,1.0,31.0,0.062509375,False,REGULAR,USD,P,2027-06-30,317,776.3400268554688,2026-08-17T11:55:45+00:00
SPY270630P00550000,2026-08-14 18:55:28+00:00,550.0,6.88,0.0,0.0,0.0,0.0,2.0,1439.0,0.062509375,False,REGULAR,USD,P,2027-06-30,317,776.3400268554688,2026-08-17T11:55:45+00:00
SPY270630P00555000,2026-08-06 13:41:12+00:00,555.0,7.55,0.0,0.0,0.0,0.0,28.0,53.0,0.062509375,False,REGULAR,USD,P,2027-06-30,317,776.3400268554688,2026-08-17T11:55:45+00:00
SPY270630P00560000,2026-08-10 14:10:15+00:00,560.0,7.54,0.0,0.0,0.0,0.0,1.0,204.0,0.062509375,False,REGULAR,USD,P,2027-06-30,317,776.3400268554688,2026-08-17T11:55:45+00:00
SPY270630P00565000,2026-08-13 15:49:40+00:00,565.0,7.71,0.0,0.0,0.0,0.0,8.0,53.0,0.062509375,False,REGULAR,USD,P,2027-06-30,317,776.3400268554688,2026-08-17T11:55:45+00:00
SPY270630P00570000,2026-08-06 15:55:20+00:00,570.0,8.4,0.0,0.0,0.0,0.0,2.0,60.0,0.062509375,False,REGULAR,USD,P,2027-06-30,317,776.3400268554688,2026-08-17T11:55:45+00:00
SPY270630P00575000,2026-08-11 19:23:13+00:00,575.0,8.64,0.0,0.0,0.0,0.0,210.0,70.0,0.062509375,False,REGULAR,USD,P,2027-06-30,317,776.3400268554688,2026-08-17T11:55:45+00:00
SPY270630P00580000,2026-08-13 13:34:33+00:00,580.0,8.56,0.0,0.0,0.0,0.0,1.0,51.0,0.062509375,False,REGULAR,USD,P,2027-06-30,317,776.3400268554688,2026-08-17T11:55:45+00:00
SPY270630P00585000,2026-08-11 20:06:58+00:00,585.0,9.37,0.0,0.0,0.0,0.0,1.0,130.0,0.062509375,False,REGULAR,USD,P,2027-06-30,317,776.3400268554688,2026-08-17T11:55:45+00:00
SPY270630P00590000,2026-08-13 13:30:05+00:00,590.0,9.29,0.0,0.0,0.0,0.0,1.0,25.0,0.062509375,False,REGULAR,USD,P,2027-06-30,317,776.3400268554688,2026-08-17T11:55:45+00:00
SPY270630P00595000,2026-08-14 13:30:13+00:00,595.0,9.64,0.0,0.0,0.0,0.0,12.0,130.0,0.062509375,False,REGULAR,USD,P,2027-06-30,317,776.3400268554688,2026-08-17T11:55:45+00:00
SPY270630P00600000,2026-08-14 20:11:14+00:00,600.0,10.07,0.0,0.0,0.0,0.0,146.0,235.0,0.062509375,False,REGULAR,USD,P,2027-06-30,317,776.3400268554688,2026-08-17T11:55:45+00:00
SPY270630P00605000,2026-08-10 14:00:29+00:00,605.0,10.69,0.0,0.0,0.0,0.0,1.0,6.0,0.062509375,False,REGULAR,USD,P,2027-06-30,317,776.3400268554688,2026-08-17T11:55:45+00:00
SPY270630P00610000,2026-08-14 17:05:35+00:00,610.0,10.94,0.0,0.0,0.0,0.0,1.0,23.0,0.062509375,False,REGULAR,USD,P,2027-06-30,317,776.3400268554688,2026-08-17T11:55:45+00:00
SPY270630P00615000,2026-08-10 13:59:35+00:00,615.0,11.53,0.0,0.0,0.0,0.0,1.0,80.0,0.062509375,False,REGULAR,USD,P,2027-06-30,317,776.3400268554688,2026-08-17T11:55:45+00:00
SPY270630P00620000,2026-08-14 16:19:07+00:00,620.0,11.82,0.0,0.0,0.0,0.0,4.0,86.0,0.062509375,False,REGULAR,USD,P,2027-06-30,317,776.3400268554688,2026-08-17T11:55:45+00:00
SPY270630P00625000,2026-08-14 18:11:51+00:00,625.0,12.21,0.0,0.0,0.0,0.0,2.0,93.0,0.062509375,False,REGULAR,USD,P,2027-06-30,317,776.3400268554688,2026-08-17T11:55:45+00:00
SPY270630P00630000,2026-08-06 14:59:34+00:00,630.0,13.12,0.0,0.0,0.0,0.0,1.0,215.0,0.0312596875,False,REGULAR,USD,P,2027-06-30,317,776.3400268554688,2026-08-17T11:55:45+00:00
SPY270630P00635000,2026-08-07 14:04:00+00:00,635.0,13.79,0.0,0.0,0.0,0.0,1.0,23.0,0.0312596875,False,REGULAR,USD,P,2027-06-30,317,776.3400268554688,2026-08-17T11:55:45+00:00
SPY270630P00640000,2026-08-14 16:42:37+00:00,640.0,13.86,0.0,0.0,0.0,0.0,1.0,322.0,0.0312596875,False,REGULAR,USD,P,2027-06-30,317,776.3400268554688,2026-08-17T11:55:45+00:00
SPY270630P00645000,2026-08-13 14:29:16+00:00,645.0,14.11,0.0,0.0,0.0,0.0,10.0,55.0,0.0312596875,False,REGULAR,USD,P,2027-06-30,317,776.3400268554688,2026-08-17T11:55:45+00:00
SPY270630P00650000,2026-08-14 13:42:08+00:00,650.0,14.81,0.0,0.0,0.0,0.0,16.0,122.0,0.0312596875,False,REGULAR,USD,P,2027-06-30,317,776.3400268554688,2026-08-17T11:55:45+00:00
SPY270630P00655000,2026-08-13 14:29:16+00:00,655.0,15.25,0.0,0.0,0.0,0.0,10.0,33.0,0.0312596875,False,REGULAR,USD,P,2027-06-30,317,776.3400268554688,2026-08-17T11:55:45+00:00
SPY270630P00660000,2026-08-10 19:51:46+00:00,660.0,16.65,0.0,0.0,0.0,0.0,1.0,40.0,0.0312596875,False,REGULAR,USD,P,2027-06-30,317,776.3400268554688,2026-08-17T11:55:45+00:00
SPY270630P00661000,2026-07-08 15:51:48+00:00,661.0,23.48,0.0,0.0,0.0,0.0,5.0,8.0,0.0312596875,False,REGULAR,USD,P,2027-06-30,317,776.3400268554688,2026-08-17T11:55:45+00:00
SPY270630P00664000,2026-08-04 17:45:06+00:00,664.0,17.46,0.0,0.0,0.0,0.0,4.0,6.0,0.0312596875,False,REGULAR,USD,P,2027-06-30,317,776.3400268554688,2026-08-17T11:55:45+00:00
SPY270630P00665000,2026-08-14 18:14:05+00:00,665.0,16.74,0.0,0.0,0.0,0.0,4.0,2981.0,0.0312596875,False,REGULAR,USD,P,2027-06-30,317,776.3400268554688,2026-08-17T11:55:45+00:00
SPY270630P00666000,2026-08-03 17:48:07+00:00,666.0,19.49,0.0,0.0,0.0,0.0,1.0,5.0,0.0312596875,False,REGULAR,USD,P,2027-06-30,317,776.3400268554688,2026-08-17T11:55:45+00:00
SPY270630P00667000,2026-07-17 19:25:18+00:00,667.0,24.41,0.0,0.0,0.0,0.0,1.0,7.0,0.0312596875,False,REGULAR,USD,P,2027-06-30,317,776.3400268554688,2026-08-17T11:55:45+00:00
SPY270630P00668000,2026-08-13 14:46:49+00:00,668.0,16.96,0.0,0.0,0.0,0.0,1.0,4.0,0.0312596875,False,REGULAR,USD,P,2027-06-30,317,776.3400268554688,2026-08-17T11:55:45+00:00
SPY270630P00669000,2026-07-08 15:25:06+00:00,669.0,25.02,0.0,0.0,0.0,0.0,,1.0,0.0312596875,False,REGULAR,USD,P,2027-06-30,317,776.3400268554688,2026-08-17T11:55:45+00:00
SPY270630P00670000,2026-08-13 19:10:24+00:00,670.0,17.39,0.0,0.0,0.0,0.0,2.0,111.0,0.0312596875,False,REGULAR,USD,P,2027-06-30,317,776.3400268554688,2026-08-17T11:55:45+00:00
SPY270630P00671000,2026-07-08 15:23:02+00:00,671.0,25.32,0.0,0.0,0.0,0.0,3.0,5.0,0.0312596875,False,REGULAR,USD,P,2027-06-30,317,776.3400268554688,2026-08-17T11:55:45+00:00
SPY270630P00672000,2026-08-13 19:04:33+00:00,672.0,17.77,0.0,0.0,0.0,0.0,33.0,6869.0,0.0312596875,False,REGULAR,USD,P,2027-06-30,317,776.3400268554688,2026-08-17T11:55:45+00:00
SPY270630P00673000,2026-08-05 13:30:02+00:00,673.0,18.44,0.0,0.0,0.0,0.0,4.0,31.0,0.0312596875,False,REGULAR,USD,P,2027-06-30,317,776.3400268554688,2026-08-17T11:55:45+00:00
SPY270630P00674000,2026-07-17 18:42:26+00:00,674.0,25.56,0.0,0.0,0.0,0.0,1.0,2.0,0.0312596875,False,REGULAR,USD,P,2027-06-30,317,776.3400268554688,2026-08-17T11:55:45+00:00
SPY270630P00675000,2026-08-14 18:14:05+00:00,675.0,18.11,0.0,0.0,0.0,0.0,4.0,16.0,0.0312596875,False,REGULAR,USD,P,2027-06-30,317,776.3400268554688,2026-08-17T11:55:45+00:00
SPY270630P00676000,2026-07-27 14:03:49+00:00,676.0,25.03,0.0,0.0,0.0,0.0,2.0,28.0,0.0312596875,False,REGULAR,USD,P,2027-06-30,317,776.3400268554688,2026-08-17T11:55:45+00:00
SPY270630P00677000,2026-07-08 14:50:35+00:00,677.0,26.38,0.0,0.0,0.0,0.0,3.0,7.0,0.0312596875,False,REGULAR,USD,P,2027-06-30,317,776.3400268554688,2026-08-17T11:55:45+00:00
SPY270630P00678000,2026-08-14 14:45:02+00:00,678.0,18.6,0.0,0.0,0.0,0.0,1.0,10.0,0.0312596875,False,REGULAR,USD,P,2027-06-30,317,776.3400268554688,2026-08-17T11:55:45+00:00
SPY270630P00679000,2026-07-23 19:09:46+00:00,679.0,27.36,0.0,0.0,0.0,0.0,1.0,11.0,0.0312596875,False,REGULAR,USD,P,2027-06-30,317,776.3400268554688,2026-08-17T11:55:45+00:00
SPY270630P00680000,2026-08-13 19:55:16+00:00,680.0,18.89,0.0,0.0,0.0,0.0,4.0,128.0,0.0312596875,False,REGULAR,USD,P,2027-06-30,317,776.3400268554688,2026-08-17T11:55:45+00:00
SPY270630P00681000,2026-07-23 19:10:02+00:00,681.0,27.84,0.0,0.0,0.0,0.0,1.0,4.0,0.0312596875,False,REGULAR,USD,P,2027-06-30,317,776.3400268554688,2026-08-17T11:55:45+00:00
SPY270630P00682000,2026-07-29 14:37:29+00:00,682.0,27.3,0.0,0.0,0.0,0.0,1.0,5.0,0.0312596875,False,REGULAR,USD,P,2027-06-30,317,776.3400268554688,2026-08-17T11:55:45+00:00
SPY270630P00683000,2026-08-10 14:43:51+00:00,683.0,19.58,0.0,0.0,0.0,0.0,2.0,11.0,0.0312596875,False,REGULAR,USD,P,2027-06-30,317,776.3400268554688,2026-08-17T11:55:45+00:00
SPY270630P00684000,2026-08-12 18:52:28+00:00,684.0,19.67,0.0,0.0,0.0,0.0,1.0,9.0,0.0312596875,False,REGULAR,USD,P,2027-06-30,317,776.3400268554688,2026-08-17T11:55:45+00:00
SPY270630P00685000,2026-08-14 13:42:39+00:00,685.0,19.53,0.0,0.0,0.0,0.0,1.0,34.0,0.0312596875,False,REGULAR,USD,P,2027-06-30,317,776.3400268554688,2026-08-17T11:55:45+00:00
SPY270630P00686000,2026-07-29 15:54:42+00:00,686.0,28.7,0.0,0.0,0.0,0.0,2.0,12.0,0.0312596875,False,REGULAR,USD,P,2027-06-30,317,776.3400268554688,2026-08-17T11:55:45+00:00
SPY270630P00687000,2026-07-23 14:19:02+00:00,687.0,28.61,0.0,0.0,0.0,0.0,1.0,2.0,0.0312596875,False,REGULAR,USD,P,2027-06-30,317,776.3400268554688,2026-08-17T11:55:45+00:00
SPY270630P00688000,2026-07-23 14:19:00+00:00,688.0,28.86,0.0,0.0,0.0,0.0,1.0,2.0,0.0312596875,False,REGULAR,USD,P,2027-06-30,317,776.3400268554688,2026-08-17T11:55:45+00:00
SPY270630P00689000,2026-08-03 14:56:07+00:00,689.0,23.49,0.0,0.0,0.0,0.0,4.0,5.0,0.0312596875,False,REGULAR,USD,P,2027-06-30,317,776.3400268554688,2026-08-17T11:55:45+00:00
SPY270630P00690000,2026-08-14 13:46:13+00:00,690.0,20.26,0.0,0.0,0.0,0.0,6.0,51.0,0.0312596875,False,REGULAR,USD,P,2027-06-30,317,776.3400268554688,2026-08-17T11:55:45+00:00
SPY270630P00691000,2026-07-29 15:53:24+00:00,691.0,29.72,0.0,0.0,0.0,0.0,1.0,22.0,0.0312596875,False,REGULAR,USD,P,2027-06-30,317,776.3400268554688,2026-08-17T11:55:45+00:00
SPY270630P00692000,2026-08-04 17:51:33+00:00,692.0,21.85,0.0,0.0,0.0,0.0,1.0,3.0,0.0312596875,False,REGULAR,USD,P,2027-06-30,317,776.3400268554688,2026-08-17T11:55:45+00:00
SPY270630P00693000,2026-08-14 14:32:27+00:00,693.0,21.1,0.0,0.0,0.0,0.0,1.0,11.0,0.0312596875,False,REGULAR,USD,P,2027-06-30,317,776.3400268554688,2026-08-17T11:55:45+00:00
SPY270630P00694000,2026-08-06 19:59:32+00:00,694.0,22.24,0.0,0.0,0.0,0.0,1.0,36.0,0.0312596875,False,REGULAR,USD,P,2027-06-30,317,776.3400268554688,2026-08-17T11:55:45+00:00
SPY270630P00695000,2026-08-10 15:01:24+00:00,695.0,21.69,0.0,0.0,0.0,0.0,15.0,32.0,0.0312596875,False,REGULAR,USD,P,2027-06-30,317,776.3400268554688,2026-08-17T11:55:45+00:00
SPY270630P00696000,2026-08-11 16:25:02+00:00,696.0,22.34,0.0,0.0,0.0,0.0,1.0,1.0,0.0312596875,False,REGULAR,USD,P,2027-06-30,317,776.3400268554688,2026-08-17T11:55:45+00:00
SPY270630P00697000,2026-08-14 14:53:00+00:00,697.0,21.67,0.0,0.0,0.0,0.0,7.0,18.0,0.0312596875,False,REGULAR,USD,P,2027-06-30,317,776.3400268554688,2026-08-17T11:55:45+00:00
SPY270630P00698000,2026-08-11 19:59:39+00:00,698.0,22.92,0.0,0.0,0.0,0.0,1.0,7.0,0.0312596875,False,REGULAR,USD,P,2027-06-30,317,776.3400268554688,2026-08-17T11:55:45+00:00
SPY270630P00699000,2026-08-13 14:27:22+00:00,699.0,21.64,0.0,0.0,0.0,0.0,1.0,2.0,0.0312596875,False,REGULAR,USD,P,2027-06-30,317,776.3400268554688,2026-08-17T11:55:45+00:00
SPY270630P00700000,2026-08-14 17:40:31+00:00,700.0,22.3,0.0,0.0,0.0,0.0,135.0,232.0,0.015634843750000002,False,REGULAR,USD,P,2027-06-30,317,776.3400268554688,2026-08-17T11:55:45+00:00
SPY270630P00701000,2026-08-14 19:04:47+00:00,701.0,22.38,0.0,0.0,0.0,0.0,,1.0,0.015634843750000002,False,REGULAR,USD,P,2027-06-30,317,776.3400268554688,2026-08-17T11:55:45+00:00
SPY270630P00702000,2026-08-10 15:54:32+00:00,702.0,22.8,0.0,0.0,0.0,0.0,5.0,5.0,0.015634843750000002,False,REGULAR,USD,P,2027-06-30,317,776.3400268554688,2026-08-17T11:55:45+00:00
SPY270630P00703000,2026-07-21 13:30:01+00:00,703.0,30.15,0.0,0.0,0.0,0.0,,2.0,0.015634843750000002,False,REGULAR,USD,P,2027-06-30,317,776.3400268554688,2026-08-17T11:55:45+00:00
SPY270630P00704000,2026-07-17 17:16:03+00:00,704.0,31.15,0.0,0.0,0.0,0.0,250.0,250.0,0.015634843750000002,False,REGULAR,USD,P,2027-06-30,317,776.3400268554688,2026-08-17T11:55:45+00:00
SPY270630P00705000,2026-08-11 16:24:18+00:00,705.0,23.96,0.0,0.0,0.0,0.0,2.0,9.0,0.015634843750000002,False,REGULAR,USD,P,2027-06-30,317,776.3400268554688,2026-08-17T11:55:45+00:00
SPY270630P00707000,2026-08-10 15:54:32+00:00,707.0,23.72,0.0,0.0,0.0,0.0,5.0,9.0,0.015634843750000002,False,REGULAR,USD,P,2027-06-30,317,776.3400268554688,2026-08-17T11:55:45+00:00
SPY270630P00710000,2026-08-13 16:35:06+00:00,710.0,24.04,0.0,0.0,0.0,0.0,1.0,1306.0,0.015634843750000002,False,REGULAR,USD,P,2027-06-30,317,776.3400268554688,2026-08-17T11:55:45+00:00
SPY270630P00711000,2026-08-14 13:38:16+00:00,711.0,24.05,0.0,0.0,0.0,0.0,,1.0,0.015634843750000002,False,REGULAR,USD,P,2027-06-30,317,776.3400268554688,2026-08-17T11:55:45+00:00
SPY270630P00712000,2026-08-13 13:33:28+00:00,712.0,24.41,0.0,0.0,0.0,0.0,,2.0,0.015634843750000002,False,REGULAR,USD,P,2027-06-30,317,776.3400268554688,2026-08-17T11:55:45+00:00
SPY270630P00714000,2026-07-17 13:31:19+00:00,714.0,35.2,0.0,0.0,0.0,0.0,1.0,1.0,0.015634843750000002,False,REGULAR,USD,P,2027-06-30,317,776.3400268554688,2026-08-17T11:55:45+00:00
SPY270630P00715000,2026-08-14 14:55:56+00:00,715.0,25.07,0.0,0.0,0.0,0.0,1.0,69.0,0.015634843750000002,False,REGULAR,USD,P,2027-06-30,317,776.3400268554688,2026-08-17T11:55:45+00:00
SPY270630P00716000,2026-08-03 15:38:56+00:00,716.0,29.21,0.0,0.0,0.0,0.0,1.0,1.0,0.015634843750000002,False,REGULAR,USD,P,2027-06-30,317,776.3400268554688,2026-08-17T11:55:45+00:00
SPY270630P00717000,2026-08-07 14:35:49+00:00,717.0,26.22,0.0,0.0,0.0,0.0,1.0,1.0,0.015634843750000002,False,REGULAR,USD,P,2027-06-30,317,776.3400268554688,2026-08-17T11:55:45+00:00
SPY270630P00718000,2026-07-15 14:07:00+00:00,718.0,31.97,0.0,0.0,0.0,0.0,1.0,1.0,0.015634843750000002,False,REGULAR,USD,P,2027-06-30,317,776.3400268554688,2026-08-17T11:55:45+00:00
SPY270630P00720000,2026-08-12 15:49:54+00:00,720.0,26.64,0.0,0.0,0.0,0.0,1.0,72.0,0.015634843750000002,False,REGULAR,USD,P,2027-06-30,317,776.3400268554688,2026-08-17T11:55:45+00:00
SPY270630P00721000,2026-07-30 13:34:14+00:00,721.0,37.13,0.0,0.0,0.0,0.0,1.0,250.0,0.015634843750000002,False,REGULAR,USD,P,2027-06-30,317,776.3400268554688,2026-08-17T11:55:45+00:00
SPY270630P00725000,2026-08-05 19:11:38+00:00,725.0,27.98,0.0,0.0,0.0,0.0,1.0,14.0,0.015634843750000002,False,REGULAR,USD,P,2027-06-30,317,776.3400268554688,2026-08-17T11:55:45+00:00
SPY270630P00726000,2026-08-03 15:38:31+00:00,726.0,31.73,0.0,0.0,0.0,0.0,1.0,1.0,0.015634843750000002,False,REGULAR,USD,P,2027-06-30,317,776.3400268554688,2026-08-17T11:55:45+00:00
SPY270630P00727000,2026-08-10 14:06:14+00:00,727.0,28.03,0.0,0.0,0.0,0.0,10.0,10.0,0.015634843750000002,False,REGULAR,USD,P,2027-06-30,317,776.3400268554688,2026-08-17T11:55:45+00:00
SPY270630P00729000,2026-07-20 19:12:30+00:00,729.0,38.5,0.0,0.0,0.0,0.0,,1.0,0.015634843750000002,False,REGULAR,USD,P,2027-06-30,317,776.3400268554688,2026-08-17T11:55:45+00:00
SPY270630P00730000,2026-08-14 18:37:26+00:00,730.0,28.25,0.0,0.0,0.0,0.0,24.0,1189.0,0.015634843750000002,False,REGULAR,USD,P,2027-06-30,317,776.3400268554688,2026-08-17T11:55:45+00:00
SPY270630P00731000,2026-07-30 19:53:20+00:00,731.0,37.84,0.0,0.0,0.0,0.0,13.0,278.0,0.015634843750000002,False,REGULAR,USD,P,2027-06-30,317,776.3400268554688,2026-08-17T11:55:45+00:00
SPY270630P00732000,2026-07-30 19:57:00+00:00,732.0,38.15,0.0,0.0,0.0,0.0,77.0,147.0,0.015634843750000002,False,REGULAR,USD,P,2027-06-30,317,776.3400268554688,2026-08-17T11:55:45+00:00
SPY270630P00733000,2026-07-21 13:38:26+00:00,733.0,38.44,0.0,0.0,0.0,0.0,5.0,6.0,0.015634843750000002,False,REGULAR,USD,P,2027-06-30,317,776.3400268554688,2026-08-17T11:55:45+00:00
SPY270630P00734000,2026-08-13 18:54:55+00:00,734.0,29.01,0.0,0.0,0.0,0.0,2.0,5.0,0.015634843750000002,False,REGULAR,USD,P,2027-06-30,317,776.3400268554688,2026-08-17T11:55:45+00:00
SPY270630P00735000,2026-08-14 16:42:37+00:00,735.0,29.56,0.0,0.0,0.0,0.0,1.0,242.0,0.015634843750000002,False,REGULAR,USD,P,2027-06-30,317,776.3400268554688,2026-08-17T11:55:45+00:00
SPY270630P00736000,2026-07-21 13:38:26+00:00,736.0,39.37,0.0,0.0,0.0,0.0,154.0,154.0,0.015634843750000002,False,REGULAR,USD,P,2027-06-30,317,776.3400268554688,2026-08-17T11:55:45+00:00
SPY270630P00737000,2026-07-24 19:17:01+00:00,737.0,42.4,0.0,0.0,0.0,0.0,2.0,3.0,0.015634843750000002,False,REGULAR,USD,P,2027-06-30,317,776.3400268554688,2026-08-17T11:55:45+00:00
SPY270630P00738000,2026-08-13 13:43:50+00:00,738.0,30.07,0.0,0.0,0.0,0.0,1.0,67.0,0.015634843750000002,False,REGULAR,USD,P,2027-06-30,317,776.3400268554688,2026-08-17T11:55:45+00:00
SPY270630P00739000,2026-07-08 14:36:34+00:00,739.0,42.0,0.0,0.0,0.0,0.0,,3.0,0.007822421875,False,REGULAR,USD,P,2027-06-30,317,776.3400268554688,2026-08-17T11:55:45+00:00
SPY270630P00740000,2026-08-14 20:05:06+00:00,740.0,30.69,0.0,0.0,0.0,0.0,1.0,254.0,0.007822421875,False,REGULAR,USD,P,2027-06-30,317,776.3400268554688,2026-08-17T11:55:45+00:00
SPY270630P00741000,2026-07-01 15:05:48+00:00,741.0,40.62,0.0,0.0,0.0,0.0,,0.0,0.007822421875,False,REGULAR,USD,P,2027-06-30,317,776.3400268554688,2026-08-17T11:55:45+00:00
SPY270630P00742000,2026-08-03 18:44:39+00:00,742.0,35.8,0.0,0.0,0.0,0.0,1.0,243.0,0.007822421875,False,REGULAR,USD,P,2027-06-30,317,776.3400268554688,2026-08-17T11:55:45+00:00
SPY270630P00743000,2026-08-04 17:23:03+00:00,743.0,33.12,0.0,0.0,0.0,0.0,1.0,1.0,0.007822421875,False,REGULAR,USD,P,2027-06-30,317,776.3400268554688,2026-08-17T11:55:45+00:00
SPY270630P00745000,2026-08-13 14:58:23+00:00,745.0,31.32,0.0,0.0,0.0,0.0,6.0,808.0,0.007822421875,False,REGULAR,USD,P,2027-06-30,317,776.3400268554688,2026-08-17T11:55:45+00:00
SPY270630P00746000,2026-07-01 13:30:00+00:00,746.0,43.5,0.0,0.0,0.0,0.0,,1.0,0.007822421875,False,REGULAR,USD,P,2027-06-30,317,776.3400268554688,2026-08-17T11:55:45+00:00
SPY270630P00747000,2026-08-03 17:55:26+00:00,747.0,37.47,0.0,0.0,0.0,0.0,1.0,12.0,0.007822421875,False,REGULAR,USD,P,2027-06-30,317,776.3400268554688,2026-08-17T11:55:45+00:00
SPY270630P00748000,2026-08-14 16:03:18+00:00,748.0,32.93,0.0,0.0,0.0,0.0,10.0,20.0,0.007822421875,False,REGULAR,USD,P,2027-06-30,317,776.3400268554688,2026-08-17T11:55:45+00:00
SPY270630P00749000,2026-07-16 19:13:06+00:00,749.0,42.66,0.0,0.0,0.0,0.0,1.0,5.0,0.007822421875,False,REGULAR,USD,P,2027-06-30,317,776.3400268554688,2026-08-17T11:55:45+00:00
SPY270630P00750000,2026-08-14 13:41:13+00:00,750.0,32.98,0.0,0.0,0.0,0.0,15.0,266.0,0.007822421875,False,REGULAR,USD,P,2027-06-30,317,776.3400268554688,2026-08-17T11:55:45+00:00
SPY270630P00751000,2026-08-05 14:25:53+00:00,751.0,34.34,0.0,0.0,0.0,0.0,2.0,16.0,0.007822421875,False,REGULAR,USD,P,2027-06-30,317,776.3400268554688,2026-08-17T11:55:45+00:00
SPY270630P00752000,2026-07-31 19:36:19+00:00,752.0,42.32,0.0,0.0,0.0,0.0,1.0,5.0,0.007822421875,False,REGULAR,USD,P,2027-06-30,317,776.3400268554688,2026-08-17T11:55:45+00:00
SPY270630P00753000,2026-07-31 16:24:40+00:00,753.0,44.05,0.0,0.0,0.0,0.0,2.0,2.0,0.007822421875,False,REGULAR,USD,P,2027-06-30,317,776.3400268554688,2026-08-17T11:55:45+00:00
SPY270630P00754000,2026-08-04 13:46:26+00:00,754.0,38.31,0.0,0.0,0.0,0.0,1.0,6.0,0.007822421875,False,REGULAR,USD,P,2027-06-30,317,776.3400268554688,2026-08-17T11:55:45+00:00
SPY270630P00755000,2026-08-12 16:42:05+00:00,755.0,35.27,0.0,0.0,0.0,0.0,1.0,34.0,0.007822421875,False,REGULAR,USD,P,2027-06-30,317,776.3400268554688,2026-08-17T11:55:45+00:00
SPY270630P00756000,2026-08-03 14:06:09+00:00,756.0,41.23,0.0,0.0,0.0,0.0,1.0,2.0,0.007822421875,False,REGULAR,USD,P,2027-06-30,317,776.3400268554688,2026-08-17T11:55:45+00:00
SPY270630P00757000,2026-08-03 19:59:45+00:00,757.0,40.74,0.0,0.0,0.0,0.0,3.0,44.0,0.007822421875,False,REGULAR,USD,P,2027-06-30,317,776.3400268554688,2026-08-17T11:55:45+00:00
SPY270630P00758000,2026-08-03 20:06:53+00:00,758.0,40.98,0.0,0.0,0.0,0.0,1.0,2.0,0.007822421875,False,REGULAR,USD,P,2027-06-30,317,776.3400268554688,2026-08-17T11:55:45+00:00
SPY270630P00759000,2026-07-23 19:25:15+00:00,759.0,50.9,0.0,0.0,0.0,0.0,23.0,23.0,0.0039162109375,False,REGULAR,USD,P,2027-06-30,317,776.3400268554688,2026-08-17T11:55:45+00:00
SPY270630P00760000,2026-08-14 16:53:53+00:00,760.0,36.36,0.0,0.0,0.0,0.0,6.0,28.0,0.0039162109375,False,REGULAR,USD,P,2027-06-30,317,776.3400268554688,2026-08-17T11:55:45+00:00
SPY270630P00761000,2026-07-30 18:32:17+00:00,761.0,49.24,0.0,0.0,0.0,0.0,10.0,30.0,0.0039162109375,False,REGULAR,USD,P,2027-06-30,317,776.3400268554688,2026-08-17T11:55:45+00:00
SPY270630P00762000,2026-08-04 15:58:43+00:00,762.0,39.16,0.0,0.0,0.0,0.0,,0.0,0.0039162109375,False,REGULAR,USD,P,2027-06-30,317,776.3400268554688,2026-08-17T11:55:45+00:00
SPY270630P00763000,2026-08-11 18:16:47+00:00,763.0,38.57,0.0,0.0,0.0,0.0,2.0,1.0,0.0039162109375,False,REGULAR,USD,P,2027-06-30,317,776.3400268554688,2026-08-17T11:55:45+00:00
SPY270630P00764000,2026-08-13 17:53:58+00:00,764.0,37.33,0.0,0.0,0.0,0.0,1.0,10.0,0.0039162109375,False,REGULAR,USD,P,2027-06-30,317,776.3400268554688,2026-08-17T11:55:45+00:00
SPY270630P00765000,2026-08-14 14:02:46+00:00,765.0,37.25,0.0,0.0,0.0,0.0,75.0,215.0,0.0039162109375,False,REGULAR,USD,P,2027-06-30,317,776.3400268554688,2026-08-17T11:55:45+00:00
SPY270630P00766000,2026-07-31 18:32:01+00:00,766.0,48.35,0.0,0.0,0.0,0.0,3.0,4.0,0.0039162109375,False,REGULAR,USD,P,2027-06-30,317,776.3400268554688,2026-08-17T11:55:45+00:00
SPY270630P00767000,2026-07-08 18:33:13+00:00,767.0,51.55,0.0,0.0,0.0,0.0,10.0,11.0,0.0039162109375,False,REGULAR,USD,P,2027-06-30,317,776.3400268554688,2026-08-17T11:55:45+00:00
SPY270630P00768000,2026-08-04 15:58:25+00:00,768.0,41.3,0.0,0.0,0.0,0.0,1.0,1.0,0.00196310546875,False,REGULAR,USD,P,2027-06-30,317,776.3400268554688,2026-08-17T11:55:45+00:00
SPY270630P00769000,2026-08-10 13:58:42+00:00,769.0,39.68,0.0,0.0,0.0,0.0,10.0,270.0,0.00196310546875,False,REGULAR,USD,P,2027-06-30,317,776.3400268554688,2026-08-17T11:55:45+00:00
SPY270630P00770000,2026-08-14 20:00:46+00:00,770.0,39.32,0.0,0.0,0.0,0.0,45.0,517.0,0.00196310546875,False,REGULAR,USD,P,2027-06-30,317,776.3400268554688,2026-08-17T11:55:45+00:00
SPY270630P00775000,2026-08-14 14:16:09+00:00,775.0,40.69,0.0,0.0,0.0,0.0,21.0,606.0,0.0004982763671875,False,REGULAR,USD,P,2027-06-30,317,776.3400268554688,2026-08-17T11:55:45+00:00
SPY270630P00780000,2026-08-14 16:41:25+00:00,780.0,42.92,0.0,0.0,0.0,0.0,13.0,273.0,1.0000000000000003e-05,True,REGULAR,USD,P,2027-06-30,317,776.3400268554688,2026-08-17T11:55:45+00:00
SPY270630P00785000,2026-08-10 18:29:16+00:00,785.0,45.92,0.0,0.0,0.0,0.0,1.0,264.0,1.0000000000000003e-05,True,REGULAR,USD,P,2027-06-30,317,776.3400268554688,2026-08-17T11:55:45+00:00
SPY270630P00790000,2026-08-14 14:30:10+00:00,790.0,46.43,0.0,0.0,0.0,0.0,1.0,739.0,1.0000000000000003e-05,True,REGULAR,USD,P,2027-06-30,317,776.3400268554688,2026-08-17T11:55:45+00:00
SPY270630P00795000,2026-07-29 16:30:22+00:00,795.0,70.22,0.0,0.0,0.0,0.0,1.0,604.0,1.0000000000000003e-05,True,REGULAR,USD,P,2027-06-30,317,776.3400268554688,2026-08-17T11:55:45+00:00
SPY270630P00800000,2026-08-13 18:52:07+00:00,800.0,50.32,0.0,0.0,0.0,0.0,4.0,616.0,1.0000000000000003e-05,True,REGULAR,USD,P,2027-06-30,317,776.3400268554688,2026-08-17T11:55:45+00:00
SPY270630P00805000,2026-08-13 13:34:45+00:00,805.0,53.11,0.0,0.0,0.0,0.0,2.0,679.0,1.0000000000000003e-05,True,REGULAR,USD,P,2027-06-30,317,776.3400268554688,2026-08-17T11:55:45+00:00
SPY270630P00810000,2026-08-13 18:52:18+00:00,810.0,54.99,0.0,0.0,0.0,0.0,1.0,5.0,1.0000000000000003e-05,True,REGULAR,USD,P,2027-06-30,317,776.3400268554688,2026-08-17T11:55:45+00:00
SPY270630P00815000,2026-08-12 18:12:19+00:00,815.0,59.25,0.0,0.0,0.0,0.0,5.0,2.0,1.0000000000000003e-05,True,REGULAR,USD,P,2027-06-30,317,776.3400268554688,2026-08-17T11:55:45+00:00
SPY270630P00820000,2026-08-10 19:32:39+00:00,820.0,62.45,0.0,0.0,0.0,0.0,2.0,7.0,1.0000000000000003e-05,True,REGULAR,USD,P,2027-06-30,317,776.3400268554688,2026-08-17T11:55:45+00:00
SPY270630P00825000,2026-08-14 18:13:01+00:00,825.0,63.14,0.0,0.0,0.0,0.0,2.0,713.0,1.0000000000000003e-05,True,REGULAR,USD,P,2027-06-30,317,776.3400268554688,2026-08-17T11:55:45+00:00
SPY270630P00830000,2026-08-14 15:01:52+00:00,830.0,66.26,0.0,0.0,0.0,0.0,2.0,609.0,1.0000000000000003e-05,True,REGULAR,USD,P,2027-06-30,317,776.3400268554688,2026-08-17T11:55:45+00:00
SPY270630P00835000,2026-08-14 13:40:47+00:00,835.0,68.37,0.0,0.0,0.0,0.0,2.0,607.0,1.0000000000000003e-05,True,REGULAR,USD,P,2027-06-30,317,776.3400268554688,2026-08-17T11:55:45+00:00
SPY270630P00840000,2026-08-12 19:06:16+00:00,840.0,74.27,0.0,0.0,0.0,0.0,4.0,8.0,1.0000000000000003e-05,True,REGULAR,USD,P,2027-06-30,317,776.3400268554688,2026-08-17T11:55:45+00:00
SPY270630P00845000,2026-08-13 16:30:54+00:00,845.0,76.01,0.0,0.0,0.0,0.0,4.0,2.0,1.0000000000000003e-05,True,REGULAR,USD,P,2027-06-30,317,776.3400268554688,2026-08-17T11:55:45+00:00
SPY270630P00850000,2026-08-14 20:00:46+00:00,850.0,79.73,0.0,0.0,0.0,0.0,4.0,5.0,1.0000000000000003e-05,True,REGULAR,USD,P,2027-06-30,317,776.3400268554688,2026-08-17T11:55:45+00:00
SPY270630P00855000,2026-07-02 13:56:19+00:00,855.0,104.64,0.0,0.0,0.0,0.0,2.0,0.0,1.0000000000000003e-05,True,REGULAR,USD,P,2027-06-30,317,776.3400268554688,2026-08-17T11:55:45+00:00
SPY270630P00860000,2026-08-12 17:30:24+00:00,860.0,89.81,0.0,0.0,0.0,0.0,2.0,1.0,1.0000000000000003e-05,True,REGULAR,USD,P,2027-06-30,317,776.3400268554688,2026-08-17T11:55:45+00:00
SPY270630P00865000,2026-08-14 18:13:01+00:00,865.0,90.79,0.0,0.0,0.0,0.0,,4.0,1.0000000000000003e-05,True,REGULAR,USD,P,2027-06-30,317,776.3400268554688,2026-08-17T11:55:45+00:00
SPY270630P00870000,2026-08-13 16:30:54+00:00,870.0,95.11,0.0,0.0,0.0,0.0,,,1.0000000000000003e-05,True,REGULAR,USD,P,2027-06-30,317,776.3400268554688,2026-08-17T11:55:45+00:00
SPY270630P00880000,2026-08-10 16:04:04+00:00,880.0,106.03,0.0,0.0,0.0,0.0,,,1.0000000000000003e-05,True,REGULAR,USD,P,2027-06-30,317,776.3400268554688,2026-08-17T11:55:45+00:00
SPY270630P00895000,2026-07-31 17:26:08+00:00,895.0,149.13,0.0,0.0,0.0,0.0,2.0,0.0,1.0000000000000003e-05,True,REGULAR,USD,P,2027-06-30,317,776.3400268554688,2026-08-17T11:55:45+00:00
SPY270630P00900000,2026-08-10 16:04:04+00:00,900.0,125.83,0.0,0.0,0.0,0.0,4.0,0.0,1.0000000000000003e-05,True,REGULAR,USD,P,2027-06-30,317,776.3400268554688,2026-08-17T11:55:45+00:00
SPY270630P00915000,2026-08-11 18:16:47+00:00,915.0,143.9,0.0,0.0,0.0,0.0,,,1.0000000000000003e-05,True,REGULAR,USD,P,2027-06-30,317,776.3400268554688,2026-08-17T11:55:45+00:00
SPY280121C00050000,2026-07-01 13:47:04+00:00,50.0,693.91,0.0,0.0,0.0,0.0,1.0,2.0,1.0000000000000003e-05,True,REGULAR,USD,C,2028-01-21,522,776.3400268554688,2026-08-17T11:55:45+00:00
SPY280121C00060000,2025-10-31 19:33:51+00:00,60.0,627.36,619.25,624.0,0.0,0.0,1.0,1.0,1.0000000000000003e-05,True,REGULAR,USD,C,2028-01-21,522,776.3400268554688,2026-08-17T11:55:45+00:00
SPY280121C00100000,2026-08-11 15:18:52+00:00,100.0,672.61,0.0,0.0,0.0,0.0,1.0,5.0,1.0000000000000003e-05,True,REGULAR,USD,C,2028-01-21,522,776.3400268554688,2026-08-17T11:55:45+00:00
SPY280121C00105000,2025-11-14 16:23:59+00:00,105.0,566.79,585.73,590.5,0.0,0.0,,0.0,1.0000000000000003e-05,True,REGULAR,USD,C,2028-01-21,522,776.3400268554688,2026-08-17T11:55:45+00:00
SPY280121C00110000,2025-11-14 16:20:34+00:00,110.0,563.32,580.81,585.5,0.0,0.0,,0.0,1.0000000000000003e-05,True,REGULAR,USD,C,2028-01-21,522,776.3400268554688,2026-08-17T11:55:45+00:00
SPY280121C00115000,2025-11-14 16:21:32+00:00,115.0,558.49,576.09,579.0,0.0,0.0,,0.0,1.0000000000000003e-05,True,REGULAR,USD,C,2028-01-21,522,776.3400268554688,2026-08-17T11:55:45+00:00
SPY280121C00120000,2025-12-26 17:04:03+00:00,120.0,570.92,569.57,574.5,0.0,0.0,2.0,1.0,1.0000000000000003e-05,True,REGULAR,USD,C,2028-01-21,522,776.3400268554688,2026-08-17T11:55:45+00:00
SPY280121C00130000,2025-11-14 17:24:37+00:00,130.0,545.83,561.2,564.0,0.0,0.0,,0.0,1.0000000000000003e-05,True,REGULAR,USD,C,2028-01-21,522,776.3400268554688,2026-08-17T11:55:45+00:00
SPY280121C00135000,2025-11-19 17:34:28+00:00,135.0,525.91,556.1,560.5,0.0,0.0,,0.0,1.0000000000000003e-05,True,REGULAR,USD,C,2028-01-21,522,776.3400268554688,2026-08-17T11:55:45+00:00
SPY280121C00140000,2025-11-19 15:34:46+00:00,140.0,526.84,551.18,556.0,0.0,0.0,30.0,0.0,1.0000000000000003e-05,True,REGULAR,USD,C,2028-01-21,522,776.3400268554688,2026-08-17T11:55:45+00:00
SPY280121C00150000,2026-06-22 19:54:40+00:00,150.0,599.78,590.0,593.87,0.0,0.0,1.0,5.0,1.0000000000000003e-05,True,REGULAR,USD,C,2028-01-21,522,776.3400268554688,2026-08-17T11:55:45+00:00
SPY280121C00180000,2026-04-08 15:03:40+00:00,180.0,497.75,559.13,563.0,0.0,0.0,10.0,0.0,1.0000000000000003e-05,True,REGULAR,USD,C,2028-01-21,522,776.3400268554688,2026-08-17T11:55:45+00:00
SPY280121C00185000,2026-08-07 14:57:25+00:00,185.0,591.06,0.0,0.0,0.0,0.0,2.0,1.0,1.0000000000000003e-05,True,REGULAR,USD,C,2028-01-21,522,776.3400268554688,2026-08-17T11:55:45+00:00
SPY280121C00195000,2026-01-16 19:52:47+00:00,195.0,500.5,483.0,487.5,0.0,0.0,1.0,0.0,1.0000000000000003e-05,True,REGULAR,USD,C,2028-01-21,522,776.3400268554688,2026-08-17T11:55:45+00:00
SPY280121C00200000,2026-07-21 14:35:00+00:00,200.0,552.0,0.0,0.0,0.0,0.0,20.0,290.0,1.0000000000000003e-05,True,REGULAR,USD,C,2028-01-21,522,776.3400268554688,2026-08-17T11:55:45+00:00
SPY280121C00220000,2026-01-06 20:52:33+00:00,220.0,477.0,476.0,480.5,0.0,0.0,2.0,3.0,1.0000000000000003e-05,True,REGULAR,USD,C,2028-01-21,522,776.3400268554688,2026-08-17T11:55:45+00:00
SPY280121C00225000,2026-04-30 19:08:24+00:00,225.0,500.92,519.5,523.91,0.0,0.0,,0.0,1.0000000000000003e-05,True,REGULAR,USD,C,2028-01-21,522,776.3400268554688,2026-08-17T11:55:45+00:00
SPY280121C00240000,2025-10-10 14:14:36+00:00,240.0,445.03,436.5,441.14,0.0,0.0,4.0,9.0,1.0000000000000003e-05,True,REGULAR,USD,C,2028-01-21,522,776.3400268554688,2026-08-17T11:55:45+00:00
SPY280121C00245000,2025-11-10 21:10:51+00:00,245.0,449.09,453.63,457.5,0.0,0.0,,1.0,1.0000000000000003e-05,True,REGULAR,USD,C,2028-01-21,522,776.3400268554688,2026-08-17T11:55:45+00:00
SPY280121C00250000,2026-06-05 14:13:52+00:00,250.0,509.06,0.0,0.0,0.0,0.0,4.0,0.0,1.0000000000000003e-05,True,REGULAR,USD,C,2028-01-21,522,776.3400268554688,2026-08-17T11:55:45+00:00
SPY280121C00255000,2025-09-25 17:04:19+00:00,255.0,417.83,432.5,437.0,0.0,0.0,,1.0,1.0000000000000003e-05,True,REGULAR,USD,C,2028-01-21,522,776.3400268554688,2026-08-17T11:55:45+00:00
SPY280121C00260000,2026-01-02 20:59:26+00:00,260.0,433.67,439.5,444.0,0.0,0.0,1.0,3.0,1.0000000000000003e-05,True,REGULAR,USD,C,2028-01-21,522,776.3400268554688,2026-08-17T11:55:45+00:00
SPY280121C00270000,2026-06-05 18:48:36+00:00,270.0,480.0,0.0,0.0,0.0,0.0,1.0,0.0,1.0000000000000003e-05,True,REGULAR,USD,C,2028-01-21,522,776.3400268554688,2026-08-17T11:55:45+00:00
SPY280121C00280000,2025-11-06 17:26:42+00:00,280.0,405.0,421.93,426.0,0.0,0.0,,1.0,1.0000000000000003e-05,True,REGULAR,USD,C,2028-01-21,522,776.3400268554688,2026-08-17T11:55:45+00:00
SPY280121C00285000,2026-06-22 18:43:00+00:00,285.0,474.36,465.0,469.31,0.0,0.0,,0.0,1.0000000000000003e-05,True,REGULAR,USD,C,2028-01-21,522,776.3400268554688,2026-08-17T11:55:45+00:00
SPY280121C00295000,2025-11-12 19:02:16+00:00,295.0,407.72,408.39,411.0,0.0,0.0,,5.0,1.0000000000000003e-05,True,REGULAR,USD,C,2028-01-21,522,776.3400268554688,2026-08-17T11:55:45+00:00
SPY280121C00300000,2026-05-12 15:43:39+00:00,300.0,446.7,464.13,469.0,0.0,0.0,1.0,37.0,1.0000000000000003e-05,True,REGULAR,USD,C,2028-01-21,522,776.3400268554688,2026-08-17T11:55:45+00:00
SPY280121C00305000,2026-06-22 18:38:15+00:00,305.0,456.47,447.0,450.99,0.0,0.0,,0.0,1.0000000000000003e-05,True,REGULAR,USD,C,2028-01-21,522,776.3400268554688,2026-08-17T11:55:45+00:00
SPY280121C00310000,2026-08-04 14:32:42+00:00,310.0,468.39,0.0,0.0,0.0,0.0,1.0,0.0,1.0000000000000003e-05,True,REGULAR,USD,C,2028-01-21,522,776.3400268554688,2026-08-17T11:55:45+00:00
SPY280121C00315000,2026-03-10 15:42:21+00:00,315.0,380.0,408.1,412.5,0.0,0.0,1.0,0.0,1.0000000000000003e-05,True,REGULAR,USD,C,2028-01-21,522,776.3400268554688,2026-08-17T11:55:45+00:00
SPY280121C00320000,2025-12-12 15:56:27+00:00,320.0,381.47,384.93,389.5,0.0,0.0,11.0,2.0,1.0000000000000003e-05,True,REGULAR,USD,C,2028-01-21,522,776.3400268554688,2026-08-17T11:55:45+00:00
SPY280121C00330000,2026-07-13 19:19:28+00:00,330.0,435.13,0.0,0.0,0.0,0.0,30.0,9.0,1.0000000000000003e-05,True,REGULAR,USD,C,2028-01-21,522,776.3400268554688,2026-08-17T11:55:45+00:00
SPY280121C00335000,2026-04-10 14:56:09+00:00,335.0,363.47,418.0,421.5,0.0,0.0,2.0,6.0,1.0000000000000003e-05,True,REGULAR,USD,C,2028-01-21,522,776.3400268554688,2026-08-17T11:55:45+00:00
SPY280121C00340000,2026-05-07 19:57:27+00:00,340.0,408.0,414.0,418.94,0.0,0.0,6.0,16.0,1.0000000000000003e-05,True,REGULAR,USD,C,2028-01-21,522,776.3400268554688,2026-08-17T11:55:45+00:00
SPY280121C00350000,2026-08-05 14:04:10+00:00,350.0,442.12,0.0,0.0,0.0,0.0,1.0,34.0,1.0000000000000003e-05,True,REGULAR,USD,C,2028-01-21,522,776.3400268554688,2026-08-17T11:55:45+00:00
SPY280121C00355000,2026-02-26 16:21:19+00:00,355.0,351.03,0.0,0.0,0.0,0.0,2.0,0.0,1.0000000000000003e-05,True,REGULAR,USD,C,2028-01-21,522,776.3400268554688,2026-08-17T11:55:45+00:00
SPY280121C00360000,2026-01-05 20:33:54+00:00,360.0,348.8,349.5,354.43,0.0,0.0,,9.0,1.0000000000000003e-05,True,REGULAR,USD,C,2028-01-21,522,776.3400268554688,2026-08-17T11:55:45+00:00
SPY280121C00365000,2026-08-10 18:09:22+00:00,365.0,425.26,0.0,0.0,0.0,0.0,10.0,10.0,1.0000000000000003e-05,True,REGULAR,USD,C,2028-01-21,522,776.3400268554688,2026-08-17T11:55:45+00:00
SPY280121C00370000,2026-05-08 15:43:36+00:00,370.0,386.0,387.0,391.94,0.0,0.0,1.0,2.0,1.0000000000000003e-05,True,REGULAR,USD,C,2028-01-21,522,776.3400268554688,2026-08-17T11:55:45+00:00
SPY280121C00375000,2026-08-14 15:17:23+00:00,375.0,418.66,0.0,0.0,0.0,0.0,5.0,7.0,1.0000000000000003e-05,True,REGULAR,USD,C,2028-01-21,522,776.3400268554688,2026-08-17T11:55:45+00:00
SPY280121C00380000,2026-06-02 15:31:37+00:00,380.0,400.0,0.0,0.0,0.0,0.0,1.0,0.0,1.0000000000000003e-05,True,REGULAR,USD,C,2028-01-21,522,776.3400268554688,2026-08-17T11:55:45+00:00
SPY280121C00385000,2025-11-24 15:01:12+00:00,385.0,306.93,328.21,332.0,0.0,0.0,1.0,1.0,1.0000000000000003e-05,True,REGULAR,USD,C,2028-01-21,522,776.3400268554688,2026-08-17T11:55:45+00:00
SPY280121C00390000,2026-08-10 15:51:05+00:00,390.0,402.87,0.0,0.0,0.0,0.0,1.0,5.0,1.0000000000000003e-05,True,REGULAR,USD,C,2028-01-21,522,776.3400268554688,2026-08-17T11:55:45+00:00
SPY280121C00395000,2026-05-18 15:37:58+00:00,395.0,365.0,0.0,0.0,0.0,0.0,1.0,0.0,1.0000000000000003e-05,True,REGULAR,USD,C,2028-01-21,522,776.3400268554688,2026-08-17T11:55:45+00:00
SPY280121C00400000,2026-07-14 18:03:35+00:00,400.0,375.25,0.0,0.0,0.0,0.0,60.0,118.0,1.0000000000000003e-05,True,REGULAR,USD,C,2028-01-21,522,776.3400268554688,2026-08-17T11:55:45+00:00
SPY280121C00405000,2026-01-20 14:49:27+00:00,405.0,304.62,294.39,299.0,0.0,0.0,1.0,1.0,1.0000000000000003e-05,True,REGULAR,USD,C,2028-01-21,522,776.3400268554688,2026-08-17T11:55:45+00:00
SPY280121C00410000,2026-05-19 13:49:11+00:00,410.0,349.5,0.0,0.0,0.0,0.0,1.0,0.0,1.0000000000000003e-05,True,REGULAR,USD,C,2028-01-21,522,776.3400268554688,2026-08-17T11:55:45+00:00
SPY280121C00415000,2026-04-06 14:18:23+00:00,415.0,271.37,0.0,0.0,0.0,0.0,1.0,0.0,1.0000000000000003e-05,True,REGULAR,USD,C,2028-01-21,522,776.3400268554688,2026-08-17T11:55:45+00:00
SPY280121C00420000,2026-07-21 18:05:58+00:00,420.0,353.0,0.0,0.0,0.0,0.0,1.0,21.0,1.0000000000000003e-05,True,REGULAR,USD,C,2028-01-21,522,776.3400268554688,2026-08-17T11:55:45+00:00
SPY280121C00425000,2026-06-23 19:56:43+00:00,425.0,338.75,338.0,342.78,0.0,0.0,1.0,26.0,1.0000000000000003e-05,True,REGULAR,USD,C,2028-01-21,522,776.3400268554688,2026-08-17T11:55:45+00:00
SPY280121C00430000,2026-07-20 13:38:24+00:00,430.0,344.35,0.0,0.0,0.0,0.0,16.0,71.0,1.0000000000000003e-05,True,REGULAR,USD,C,2028-01-21,522,776.3400268554688,2026-08-17T11:55:45+00:00
SPY280121C00435000,2026-04-06 14:22:50+00:00,435.0,255.4,0.0,0.0,0.0,0.0,1.0,0.0,1.0000000000000003e-05,True,REGULAR,USD,C,2028-01-21,522,776.3400268554688,2026-08-17T11:55:45+00:00
SPY280121C00440000,2026-07-20 13:38:35+00:00,440.0,335.37,0.0,0.0,0.0,0.0,16.0,50.0,1.0000000000000003e-05,True,REGULAR,USD,C,2028-01-21,522,776.3400268554688,2026-08-17T11:55:45+00:00
SPY280121C00445000,2026-01-05 19:47:54+00:00,445.0,274.6,275.44,280.0,0.0,0.0,1.0,1.0,1.0000000000000003e-05,True,REGULAR,USD,C,2028-01-21,522,776.3400268554688,2026-08-17T11:55:45+00:00
SPY280121C00450000,2026-08-10 13:56:48+00:00,450.0,348.16,0.0,0.0,0.0,0.0,1.0,40.0,1.0000000000000003e-05,True,REGULAR,USD,C,2028-01-21,522,776.3400268554688,2026-08-17T11:55:45+00:00
SPY280121C00455000,2026-06-10 14:25:36+00:00,455.0,312.32,325.5,330.45,0.0,0.0,1.0,3.0,0.3266821482849121,True,REGULAR,USD,C,2028-01-21,522,776.3400268554688,2026-08-17T11:55:45+00:00
SPY280121C00460000,2026-06-09 16:53:30+00:00,460.0,295.65,321.04,326.0,0.0,0.0,4.0,131.0,0.3260870614624023,True,REGULAR,USD,C,2028-01-21,522,776.3400268554688,2026-08-17T11:55:45+00:00
SPY280121C00465000,2026-08-10 14:09:05+00:00,465.0,333.9,0.0,0.0,0.0,0.0,8.0,15.0,1.0000000000000003e-05,True,REGULAR,USD,C,2028-01-21,522,776.3400268554688,2026-08-17T11:55:45+00:00
SPY280121C00470000,2026-08-04 15:05:21+00:00,470.0,325.21,0.0,0.0,0.0,0.0,7.0,7.0,1.0000000000000003e-05,True,REGULAR,USD,C,2028-01-21,522,776.3400268554688,2026-08-17T11:55:45+00:00
SPY280121C00475000,2026-06-09 16:15:01+00:00,475.0,286.66,308.0,312.86,0.0,0.0,1.0,40.0,0.32482059463500973,True,REGULAR,USD,C,2028-01-21,522,776.3400268554688,2026-08-17T11:55:45+00:00
SPY280121C00480000,2026-05-08 15:50:17+00:00,480.0,290.0,290.04,295.0,0.0,0.0,10.0,18.0,1.0000000000000003e-05,True,REGULAR,USD,C,2028-01-21,522,776.3400268554688,2026-08-17T11:55:45+00:00
SPY280121C00485000,2026-06-26 16:31:47+00:00,485.0,284.15,0.0,0.0,0.0,0.0,2.0,42.0,1.0000000000000003e-05,True,REGULAR,USD,C,2028-01-21,522,776.3400268554688,2026-08-17T11:55:45+00:00
SPY280121C00490000,2026-08-04 17:07:16+00:00,490.0,311.58,0.0,0.0,0.0,0.0,2.0,13.0,1.0000000000000003e-05,True,REGULAR,USD,C,2028-01-21,522,776.3400268554688,2026-08-17T11:55:45+00:00
SPY280121C00495000,2026-07-15 18:41:59+00:00,495.0,292.76,0.0,0.0,0.0,0.0,1.0,11.0,1.0000000000000003e-05,True,REGULAR,USD,C,2028-01-21,522,776.3400268554688,2026-08-17T11:55:45+00:00
SPY280121C00500000,2026-08-11 19:16:34+00:00,500.0,301.0,0.0,0.0,0.0,0.0,20.0,129.0,1.0000000000000003e-05,True,REGULAR,USD,C,2028-01-21,522,776.3400268554688,2026-08-17T11:55:45+00:00
SPY280121C00505000,2026-08-05 17:19:33+00:00,505.0,298.39,0.0,0.0,0.0,0.0,1.0,9.0,1.0000000000000003e-05,True,REGULAR,USD,C,2028-01-21,522,776.3400268554688,2026-08-17T11:55:45+00:00
SPY280121C00510000,2026-08-05 19:03:35+00:00,510.0,293.92,0.0,0.0,0.0,0.0,2.0,112.0,1.0000000000000003e-05,True,REGULAR,USD,C,2028-01-21,522,776.3400268554688,2026-08-17T11:55:45+00:00
SPY280121C00515000,2026-05-08 16:59:35+00:00,515.0,257.57,260.27,265.0,0.0,0.0,2.0,4.0,0.2124102197265625,True,REGULAR,USD,C,2028-01-21,522,776.3400268554688,2026-08-17T11:55:45+00:00
SPY280121C00520000,2026-06-29 16:51:34+00:00,520.0,257.52,0.0,0.0,0.0,0.0,2.0,161.0,1.0000000000000003e-05,True,REGULAR,USD,C,2028-01-21,522,776.3400268554688,2026-08-17T11:55:45+00:00
SPY280121C00525000,2026-08-03 15:47:25+00:00,525.0,266.99,0.0,0.0,0.0,0.0,2.0,41.0,1.0000000000000003e-05,True,REGULAR,USD,C,2028-01-21,522,776.3400268554688,2026-08-17T11:55:45+00:00
SPY280121C00530000,2026-08-10 19:12:39+00:00,530.0,277.97,0.0,0.0,0.0,0.0,3.0,18.0,1.0000000000000003e-05,True,REGULAR,USD,C,2028-01-21,522,776.3400268554688,2026-08-17T11:55:45+00:00
SPY280121C00535000,2026-08-07 16:18:51+00:00,535.0,273.6,0.0,0.0,0.0,0.0,15.0,315.0,1.0000000000000003e-05,True,REGULAR,USD,C,2028-01-21,522,776.3400268554688,2026-08-17T11:55:45+00:00
SPY280121C00540000,2026-08-07 16:19:16+00:00,540.0,269.16,0.0,0.0,0.0,0.0,84.0,82.0,1.0000000000000003e-05,True,REGULAR,USD,C,2028-01-21,522,776.3400268554688,2026-08-17T11:55:45+00:00
SPY280121C00545000,2026-08-12 19:45:27+00:00,545.0,264.0,0.0,0.0,0.0,0.0,3.0,27.0,1.0000000000000003e-05,True,REGULAR,USD,C,2028-01-21,522,776.3400268554688,2026-08-17T11:55:45+00:00
SPY280121C00550000,2026-08-07 16:16:56+00:00,550.0,260.72,0.0,0.0,0.0,0.0,15.0,741.0,1.0000000000000003e-05,True,REGULAR,USD,C,2028-01-21,522,776.3400268554688,2026-08-17T11:55:45+00:00
SPY280121C00555000,2026-08-07 16:18:50+00:00,555.0,256.45,0.0,0.0,0.0,0.0,33.0,244.0,1.0000000000000003e-05,True,REGULAR,USD,C,2028-01-21,522,776.3400268554688,2026-08-17T11:55:45+00:00
SPY280121C00560000,2026-08-07 16:16:55+00:00,560.0,252.2,0.0,0.0,0.0,0.0,62.0,61.0,1.0000000000000003e-05,True,REGULAR,USD,C,2028-01-21,522,776.3400268554688,2026-08-17T11:55:45+00:00
SPY280121C00565000,2026-08-07 16:16:55+00:00,565.0,247.96,0.0,0.0,0.0,0.0,15.0,42.0,1.0000000000000003e-05,True,REGULAR,USD,C,2028-01-21,522,776.3400268554688,2026-08-17T11:55:45+00:00
SPY280121C00570000,2026-08-11 13:56:35+00:00,570.0,243.73,0.0,0.0,0.0,0.0,1.0,96.0,1.0000000000000003e-05,True,REGULAR,USD,C,2028-01-21,522,776.3400268554688,2026-08-17T11:55:45+00:00
SPY280121C00575000,2026-08-07 14:56:44+00:00,575.0,238.96,0.0,0.0,0.0,0.0,2.0,44.0,1.0000000000000003e-05,True,REGULAR,USD,C,2028-01-21,522,776.3400268554688,2026-08-17T11:55:45+00:00
SPY280121C00580000,2026-08-10 18:35:27+00:00,580.0,235.02,0.0,0.0,0.0,0.0,1.0,104.0,1.0000000000000003e-05,True,REGULAR,USD,C,2028-01-21,522,776.3400268554688,2026-08-17T11:55:45+00:00
SPY280121C00585000,2026-08-13 13:47:29+00:00,585.0,233.28,0.0,0.0,0.0,0.0,1.0,39.0,1.0000000000000003e-05,True,REGULAR,USD,C,2028-01-21,522,776.3400268554688,2026-08-17T11:55:45+00:00
SPY280121C00590000,2026-08-07 14:56:44+00:00,590.0,226.42,0.0,0.0,0.0,0.0,2.0,259.0,1.0000000000000003e-05,True,REGULAR,USD,C,2028-01-21,522,776.3400268554688,2026-08-17T11:55:45+00:00
SPY280121C00595000,2026-08-10 17:03:16+00:00,595.0,222.5,0.0,0.0,0.0,0.0,4.0,328.0,1.0000000000000003e-05,True,REGULAR,USD,C,2028-01-21,522,776.3400268554688,2026-08-17T11:55:45+00:00
SPY280121C00600000,2026-08-14 19:28:08+00:00,600.0,220.57,0.0,0.0,0.0,0.0,2.0,1530.0,1.0000000000000003e-05,True,REGULAR,USD,C,2028-01-21,522,776.3400268554688,2026-08-17T11:55:45+00:00
SPY280121C00605000,2026-08-07 14:56:43+00:00,605.0,214.05,0.0,0.0,0.0,0.0,2.0,88.0,1.0000000000000003e-05,True,REGULAR,USD,C,2028-01-21,522,776.3400268554688,2026-08-17T11:55:45+00:00
SPY280121C00610000,2026-08-14 14:47:49+00:00,610.0,213.28,0.0,0.0,0.0,0.0,2.0,375.0,1.0000000000000003e-05,True,REGULAR,USD,C,2028-01-21,522,776.3400268554688,2026-08-17T11:55:45+00:00
SPY280121C00615000,2026-08-14 18:09:50+00:00,615.0,208.24,0.0,0.0,0.0,0.0,1.0,73.0,1.0000000000000003e-05,True,REGULAR,USD,C,2028-01-21,522,776.3400268554688,2026-08-17T11:55:45+00:00
SPY280121C00620000,2026-08-14 19:32:25+00:00,620.0,204.15,0.0,0.0,0.0,0.0,3.0,237.0,1.0000000000000003e-05,True,REGULAR,USD,C,2028-01-21,522,776.3400268554688,2026-08-17T11:55:45+00:00
SPY280121C00625000,2026-08-07 14:56:34+00:00,625.0,197.76,0.0,0.0,0.0,0.0,2.0,69.0,1.0000000000000003e-05,True,REGULAR,USD,C,2028-01-21,522,776.3400268554688,2026-08-17T11:55:45+00:00
SPY280121C00630000,2026-08-14 19:38:06+00:00,630.0,196.39,0.0,0.0,0.0,0.0,3.0,220.0,1.0000000000000003e-05,True,REGULAR,USD,C,2028-01-21,522,776.3400268554688,2026-08-17T11:55:45+00:00
SPY280121C00635000,2026-08-14 15:50:41+00:00,635.0,191.94,0.0,0.0,0.0,0.0,1.0,147.0,1.0000000000000003e-05,True,REGULAR,USD,C,2028-01-21,522,776.3400268554688,2026-08-17T11:55:45+00:00
SPY280121C00640000,2026-08-14 19:41:52+00:00,640.0,186.41,0.0,0.0,0.0,0.0,3.0,654.0,1.0000000000000003e-05,True,REGULAR,USD,C,2028-01-21,522,776.3400268554688,2026-08-17T11:55:45+00:00
SPY280121C00645000,2026-08-04 19:53:51+00:00,645.0,182.38,0.0,0.0,0.0,0.0,5.0,137.0,1.0000000000000003e-05,True,REGULAR,USD,C,2028-01-21,522,776.3400268554688,2026-08-17T11:55:45+00:00
SPY280121C00650000,2026-08-14 19:56:16+00:00,650.0,179.43,0.0,0.0,0.0,0.0,4.0,595.0,1.0000000000000003e-05,True,REGULAR,USD,C,2028-01-21,522,776.3400268554688,2026-08-17T11:55:45+00:00
SPY280121C00655000,2026-08-10 15:50:32+00:00,655.0,175.06,0.0,0.0,0.0,0.0,3.0,365.0,1.0000000000000003e-05,True,REGULAR,USD,C,2028-01-21,522,776.3400268554688,2026-08-17T11:55:45+00:00
SPY280121C00660000,2026-08-13 13:45:30+00:00,660.0,172.0,0.0,0.0,0.0,0.0,1.0,653.0,1.0000000000000003e-05,True,REGULAR,USD,C,2028-01-21,522,776.3400268554688,2026-08-17T11:55:45+00:00
SPY280121C00665000,2026-08-07 14:56:31+00:00,665.0,166.11,0.0,0.0,0.0,0.0,30.0,277.0,1.0000000000000003e-05,True,REGULAR,USD,C,2028-01-21,522,776.3400268554688,2026-08-17T11:55:45+00:00
SPY280121C00670000,2026-08-12 19:05:18+00:00,670.0,162.61,0.0,0.0,0.0,0.0,2.0,444.0,1.0000000000000003e-05,True,REGULAR,USD,C,2028-01-21,522,776.3400268554688,2026-08-17T11:55:45+00:00
SPY280121C00675000,2026-08-12 19:39:23+00:00,675.0,157.83,0.0,0.0,0.0,0.0,5.0,901.0,1.0000000000000003e-05,True,REGULAR,USD,C,2028-01-21,522,776.3400268554688,2026-08-17T11:55:45+00:00
SPY280121C00680000,2026-08-14 17:39:47+00:00,680.0,156.5,0.0,0.0,0.0,0.0,12.0,1322.0,1.0000000000000003e-05,True,REGULAR,USD,C,2028-01-21,522,776.3400268554688,2026-08-17T11:55:45+00:00
SPY280121C00685000,2026-08-12 16:14:07+00:00,685.0,150.16,0.0,0.0,0.0,0.0,4.0,1015.0,1.0000000000000003e-05,True,REGULAR,USD,C,2028-01-21,522,776.3400268554688,2026-08-17T11:55:45+00:00
SPY280121C00690000,2026-08-14 19:26:12+00:00,690.0,149.5,0.0,0.0,0.0,0.0,2.0,1068.0,1.0000000000000003e-05,True,REGULAR,USD,C,2028-01-21,522,776.3400268554688,2026-08-17T11:55:45+00:00
SPY280121C00695000,2026-08-14 16:07:36+00:00,695.0,146.0,0.0,0.0,0.0,0.0,2.0,778.0,1.0000000000000003e-05,True,REGULAR,USD,C,2028-01-21,522,776.3400268554688,2026-08-17T11:55:45+00:00
SPY280121C00700000,2026-08-14 16:07:36+00:00,700.0,142.27,0.0,0.0,0.0,0.0,4.0,2635.0,1.0000000000000003e-05,True,REGULAR,USD,C,2028-01-21,522,776.3400268554688,2026-08-17T11:55:45+00:00
SPY280121C00705000,2026-08-14 17:38:50+00:00,705.0,137.5,0.0,0.0,0.0,0.0,2.0,529.0,1.0000000000000003e-05,True,REGULAR,USD,C,2028-01-21,522,776.3400268554688,2026-08-17T11:55:45+00:00
SPY280121C00710000,2026-08-12 15:58:10+00:00,710.0,131.21,0.0,0.0,0.0,0.0,49.0,340.0,1.0000000000000003e-05,True,REGULAR,USD,C,2028-01-21,522,776.3400268554688,2026-08-17T11:55:45+00:00
SPY280121C00715000,2026-08-12 14:19:07+00:00,715.0,128.56,0.0,0.0,0.0,0.0,22.0,270.0,1.0000000000000003e-05,True,REGULAR,USD,C,2028-01-21,522,776.3400268554688,2026-08-17T11:55:45+00:00
SPY280121C00720000,2026-08-12 14:25:58+00:00,720.0,124.73,0.0,0.0,0.0,0.0,8.0,614.0,1.0000000000000003e-05,True,REGULAR,USD,C,2028-01-21,522,776.3400268554688,2026-08-17T11:55:45+00:00
SPY280121C00725000,2026-08-13 17:39:22+00:00,725.0,123.79,0.0,0.0,0.0,0.0,1.0,496.0,1.0000000000000003e-05,True,REGULAR,USD,C,2028-01-21,522,776.3400268554688,2026-08-17T11:55:45+00:00
SPY280121C00730000,2026-08-14 15:15:30+00:00,730.0,120.09,0.0,0.0,0.0,0.0,2.0,1489.0,1.0000000000000003e-05,True,REGULAR,USD,C,2028-01-21,522,776.3400268554688,2026-08-17T11:55:45+00:00
SPY280121C00735000,2026-08-12 14:20:49+00:00,735.0,113.87,0.0,0.0,0.0,0.0,2.0,536.0,1.0000000000000003e-05,True,REGULAR,USD,C,2028-01-21,522,776.3400268554688,2026-08-17T11:55:45+00:00
SPY280121C00740000,2026-08-13 16:27:52+00:00,740.0,113.37,0.0,0.0,0.0,0.0,3.0,365.0,1.0000000000000003e-05,True,REGULAR,USD,C,2028-01-21,522,776.3400268554688,2026-08-17T11:55:45+00:00
SPY280121C00745000,2026-08-14 18:11:53+00:00,745.0,109.71,0.0,0.0,0.0,0.0,3.0,978.0,1.0000000000000003e-05,True,REGULAR,USD,C,2028-01-21,522,776.3400268554688,2026-08-17T11:55:45+00:00
SPY280121C00750000,2026-08-14 19:55:54+00:00,750.0,106.2,0.0,0.0,0.0,0.0,5.0,4862.0,1.0000000000000003e-05,True,REGULAR,USD,C,2028-01-21,522,776.3400268554688,2026-08-17T11:55:45+00:00
SPY280121C00755000,2026-08-13 14:56:35+00:00,755.0,103.99,0.0,0.0,0.0,0.0,5.0,1640.0,1.0000000000000003e-05,True,REGULAR,USD,C,2028-01-21,522,776.3400268554688,2026-08-17T11:55:45+00:00
SPY280121C00760000,2026-08-11 17:47:23+00:00,760.0,96.62,0.0,0.0,0.0,0.0,1.0,2001.0,1.0000000000000003e-05,True,REGULAR,USD,C,2028-01-21,522,776.3400268554688,2026-08-17T11:55:45+00:00
SPY280121C00765000,2026-08-13 14:00:48+00:00,765.0,97.5,0.0,0.0,0.0,0.0,1.0,2288.0,1.0000000000000003e-05,True,REGULAR,USD,C,2028-01-21,522,776.3400268554688,2026-08-17T11:55:45+00:00
SPY280121C00770000,2026-08-14 13:41:07+00:00,770.0,94.38,0.0,0.0,0.0,0.0,4.0,611.0,1.0000000000000003e-05,True,REGULAR,USD,C,2028-01-21,522,776.3400268554688,2026-08-17T11:55:45+00:00
SPY280121C00775000,2026-08-14 19:59:03+00:00,775.0,90.0,0.0,0.0,0.0,0.0,10.0,658.0,1.0000000000000003e-05,True,REGULAR,USD,C,2028-01-21,522,776.3400268554688,2026-08-17T11:55:45+00:00
SPY280121C00780000,2026-08-14 19:54:19+00:00,780.0,87.04,0.0,0.0,0.0,0.0,27.0,1039.0,0.000986552734375,False,REGULAR,USD,C,2028-01-21,522,776.3400268554688,2026-08-17T11:55:45+00:00
SPY280121C00785000,2026-08-14 16:47:40+00:00,785.0,86.0,0.0,0.0,0.0,0.0,30.0,1336.0,0.00196310546875,False,REGULAR,USD,C,2028-01-21,522,776.3400268554688,2026-08-17T11:55:45+00:00
SPY280121C00790000,2026-08-14 19:36:18+00:00,790.0,80.5,0.0,0.0,0.0,0.0,8.0,1025.0,0.0039162109375,False,REGULAR,USD,C,2028-01-21,522,776.3400268554688,2026-08-17T11:55:45+00:00
SPY280121C00795000,2026-08-14 16:47:40+00:00,795.0,79.98,0.0,0.0,0.0,0.0,31.0,951.0,0.0039162109375,False,REGULAR,USD,C,2028-01-21,522,776.3400268554688,2026-08-17T11:55:45+00:00
SPY280121C00800000,2026-08-14 19:54:19+00:00,800.0,74.9,0.0,0.0,0.0,0.0,24.0,1634.0,0.0039162109375,False,REGULAR,USD,C,2028-01-21,522,776.3400268554688,2026-08-17T11:55:45+00:00
SPY280121C00805000,2026-08-13 14:26:49+00:00,805.0,73.84,0.0,0.0,0.0,0.0,2.0,772.0,0.007822421875,False,REGULAR,USD,C,2028-01-21,522,776.3400268554688,2026-08-17T11:55:45+00:00
SPY280121C00810000,2026-08-14 14:36:20+00:00,810.0,69.75,0.0,0.0,0.0,0.0,2.0,562.0,0.007822421875,False,REGULAR,USD,C,2028-01-21,522,776.3400268554688,2026-08-17T11:55:45+00:00
SPY280121C00815000,2026-08-13 14:41:57+00:00,815.0,67.27,0.0,0.0,0.0,0.0,25.0,1337.0,0.007822421875,False,REGULAR,USD,C,2028-01-21,522,776.3400268554688,2026-08-17T11:55:45+00:00
SPY280121C00820000,2026-08-14 18:39:55+00:00,820.0,63.42,0.0,0.0,0.0,0.0,391.0,1269.0,0.007822421875,False,REGULAR,USD,C,2028-01-21,522,776.3400268554688,2026-08-17T11:55:45+00:00
SPY280121C00825000,2026-08-14 14:28:18+00:00,825.0,61.62,0.0,0.0,0.0,0.0,201.0,1738.0,0.007822421875,False,REGULAR,USD,C,2028-01-21,522,776.3400268554688,2026-08-17T11:55:45+00:00
SPY280121C00830000,2026-08-14 15:47:48+00:00,830.0,58.47,0.0,0.0,0.0,0.0,10.0,1351.0,0.015634843750000002,False,REGULAR,USD,C,2028-01-21,522,776.3400268554688,2026-08-17T11:55:45+00:00
SPY280121C00835000,2026-08-13 18:20:52+00:00,835.0,56.41,0.0,0.0,0.0,0.0,7.0,965.0,0.015634843750000002,False,REGULAR,USD,C,2028-01-21,522,776.3400268554688,2026-08-17T11:55:45+00:00
SPY280121C00840000,2026-08-14 18:11:53+00:00,840.0,53.12,0.0,0.0,0.0,0.0,21.0,1691.0,0.015634843750000002,False,REGULAR,USD,C,2028-01-21,522,776.3400268554688,2026-08-17T11:55:45+00:00
SPY280121C00845000,2026-08-14 16:15:17+00:00,845.0,51.13,0.0,0.0,0.0,0.0,13.0,907.0,0.015634843750000002,False,REGULAR,USD,C,2028-01-21,522,776.3400268554688,2026-08-17T11:55:45+00:00
SPY280121C00850000,2026-08-14 16:36:50+00:00,850.0,48.69,0.0,0.0,0.0,0.0,23.0,958.0,0.015634843750000002,False,REGULAR,USD,C,2028-01-21,522,776.3400268554688,2026-08-17T11:55:45+00:00
SPY280121C00855000,2026-08-14 15:15:07+00:00,855.0,46.51,0.0,0.0,0.0,0.0,5.0,490.0,0.015634843750000002,False,REGULAR,USD,C,2028-01-21,522,776.3400268554688,2026-08-17T11:55:45+00:00
SPY280121C00860000,2026-08-14 16:14:16+00:00,860.0,44.22,0.0,0.0,0.0,0.0,7.0,439.0,0.015634843750000002,False,REGULAR,USD,C,2028-01-21,522,776.3400268554688,2026-08-17T11:55:45+00:00
SPY280121C00865000,2026-08-14 19:53:09+00:00,865.0,41.78,0.0,0.0,0.0,0.0,11.0,307.0,0.015634843750000002,False,REGULAR,USD,C,2028-01-21,522,776.3400268554688,2026-08-17T11:55:45+00:00
SPY280121C00870000,2026-08-14 17:29:22+00:00,870.0,39.57,0.0,0.0,0.0,0.0,10.0,356.0,0.015634843750000002,False,REGULAR,USD,C,2028-01-21,522,776.3400268554688,2026-08-17T11:55:45+00:00
SPY280121C00875000,2026-08-14 19:53:09+00:00,875.0,37.72,0.0,0.0,0.0,0.0,14.0,838.0,0.015634843750000002,False,REGULAR,USD,C,2028-01-21,522,776.3400268554688,2026-08-17T11:55:45+00:00
SPY280121C00880000,2026-08-14 19:53:09+00:00,880.0,35.79,0.0,0.0,0.0,0.0,3.0,634.0,0.015634843750000002,False,REGULAR,USD,C,2028-01-21,522,776.3400268554688,2026-08-17T11:55:45+00:00
SPY280121C00885000,2026-08-12 18:47:15+00:00,885.0,32.52,0.0,0.0,0.0,0.0,2.0,1169.0,0.015634843750000002,False,REGULAR,USD,C,2028-01-21,522,776.3400268554688,2026-08-17T11:55:45+00:00
SPY280121C00890000,2026-08-14 19:53:09+00:00,890.0,32.15,0.0,0.0,0.0,0.0,3.0,1158.0,0.0312596875,False,REGULAR,USD,C,2028-01-21,522,776.3400268554688,2026-08-17T11:55:45+00:00
SPY280121C00895000,2026-08-07 15:23:30+00:00,895.0,30.0,0.0,0.0,0.0,0.0,4.0,1187.0,0.0312596875,False,REGULAR,USD,C,2028-01-21,522,776.3400268554688,2026-08-17T11:55:45+00:00
SPY280121C00900000,2026-08-14 19:44:44+00:00,900.0,28.81,0.0,0.0,0.0,0.0,56.0,2349.0,0.0312596875,False,REGULAR,USD,C,2028-01-21,522,776.3400268554688,2026-08-17T11:55:45+00:00
SPY280121C00905000,2026-08-13 16:11:29+00:00,905.0,27.12,0.0,0.0,0.0,0.0,2.0,599.0,0.0312596875,False,REGULAR,USD,C,2028-01-21,522,776.3400268554688,2026-08-17T11:55:45+00:00
SPY280121C00910000,2026-08-14 19:56:03+00:00,910.0,25.69,0.0,0.0,0.0,0.0,5.0,1280.0,0.0312596875,False,REGULAR,USD,C,2028-01-21,522,776.3400268554688,2026-08-17T11:55:45+00:00
SPY280121C00915000,2026-08-14 16:56:29+00:00,915.0,24.35,0.0,0.0,0.0,0.0,116.0,585.0,0.0312596875,False,REGULAR,USD,C,2028-01-21,522,776.3400268554688,2026-08-17T11:55:45+00:00
SPY280121C00920000,2026-08-13 17:28:38+00:00,920.0,23.7,0.0,0.0,0.0,0.0,54.0,498.0,0.0312596875,False,REGULAR,USD,C,2028-01-21,522,776.3400268554688,2026-08-17T11:55:45+00:00
SPY280121C00925000,2026-08-13 16:11:29+00:00,925.0,21.62,0.0,0.0,0.0,0.0,2.0,190.0,0.0312596875,False,REGULAR,USD,C,2028-01-21,522,776.3400268554688,2026-08-17T11:55:45+00:00
SPY280121C00930000,2026-08-14 19:56:03+00:00,930.0,20.37,0.0,0.0,0.0,0.0,5.0,515.0,0.0312596875,False,REGULAR,USD,C,2028-01-21,522,776.3400268554688,2026-08-17T11:55:45+00:00
SPY280121C00935000,2026-08-14 19:33:18+00:00,935.0,19.22,0.0,0.0,0.0,0.0,3.0,269.0,0.0312596875,False,REGULAR,USD,C,2028-01-21,522,776.3400268554688,2026-08-17T11:55:45+00:00
SPY280121C00940000,2026-08-12 13:50:54+00:00,940.0,17.17,0.0,0.0,0.0,0.0,80.0,201.0,0.0312596875,False,REGULAR,USD,C,2028-01-21,522,776.3400268554688,2026-08-17T11:55:45+00:00
SPY280121C00945000,2026-08-12 14:22:10+00:00,945.0,15.89,0.0,0.0,0.0,0.0,25.0,127.0,0.0312596875,False,REGULAR,USD,C,2028-01-21,522,776.3400268554688,2026-08-17T11:55:45+00:00
SPY280121C00950000,2026-08-14 15:15:20+00:00,950.0,16.27,0.0,0.0,0.0,0.0,37.0,714.0,0.0312596875,False,REGULAR,USD,C,2028-01-21,522,776.3400268554688,2026-08-17T11:55:45+00:00
SPY280121C00955000,2026-08-13 17:06:10+00:00,955.0,15.52,0.0,0.0,0.0,0.0,16.0,275.0,0.0312596875,False,REGULAR,USD,C,2028-01-21,522,776.3400268554688,2026-08-17T11:55:45+00:00
SPY280121C00960000,2026-08-14 13:44:10+00:00,960.0,14.73,0.0,0.0,0.0,0.0,2.0,870.0,0.0312596875,False,REGULAR,USD,C,2028-01-21,522,776.3400268554688,2026-08-17T11:55:45+00:00
SPY280121C00965000,2026-08-13 17:03:55+00:00,965.0,13.67,0.0,0.0,0.0,0.0,19.0,1303.0,0.0312596875,False,REGULAR,USD,C,2028-01-21,522,776.3400268554688,2026-08-17T11:55:45+00:00
SPY280121C00970000,2026-08-05 14:20:26+00:00,970.0,13.43,0.0,0.0,0.0,0.0,4.0,1134.0,0.0312596875,False,REGULAR,USD,C,2028-01-21,522,776.3400268554688,2026-08-17T11:55:45+00:00
SPY280121C00975000,2026-08-13 17:04:09+00:00,975.0,12.08,0.0,0.0,0.0,0.0,17.0,98.0,0.0312596875,False,REGULAR,USD,C,2028-01-21,522,776.3400268554688,2026-08-17T11:55:45+00:00
SPY280121C00980000,2026-08-07 13:35:36+00:00,980.0,10.07,0.0,0.0,0.0,0.0,1.0,433.0,0.0312596875,False,REGULAR,USD,C,2028-01-21,522,776.3400268554688,2026-08-17T11:55:45+00:00
SPY280121C00985000,2026-08-07 13:35:36+00:00,985.0,9.43,0.0,0.0,0.0,0.0,1.0,45.0,0.0312596875,False,REGULAR,USD,C,2028-01-21,522,776.3400268554688,2026-08-17T11:55:45+00:00
SPY280121C00990000,2026-08-10 14:53:58+00:00,990.0,9.49,0.0,0.0,0.0,0.0,20.0,719.0,0.0312596875,False,REGULAR,USD,C,2028-01-21,522,776.3400268554688,2026-08-17T11:55:45+00:00
SPY280121C00995000,2026-08-10 14:33:52+00:00,995.0,9.0,0.0,0.0,0.0,0.0,3.0,235.0,0.0312596875,False,REGULAR,USD,C,2028-01-21,522,776.3400268554688,2026-08-17T11:55:45+00:00
SPY280121C01000000,2026-08-14 19:26:01+00:00,1000.0,8.59,0.0,0.0,0.0,0.0,230.0,16159.0,0.0312596875,False,REGULAR,USD,C,2028-01-21,522,776.3400268554688,2026-08-17T11:55:45+00:00
SPY280121C01005000,2026-08-07 15:52:26+00:00,1005.0,7.86,0.0,0.0,0.0,0.0,8.0,1459.0,0.0312596875,False,REGULAR,USD,C,2028-01-21,522,776.3400268554688,2026-08-17T11:55:45+00:00
SPY280121C01010000,2026-08-13 19:26:49+00:00,1010.0,7.96,0.0,0.0,0.0,0.0,200.0,5803.0,0.0312596875,False,REGULAR,USD,C,2028-01-21,522,776.3400268554688,2026-08-17T11:55:45+00:00
SPY280121C01015000,2026-08-07 19:23:32+00:00,1015.0,6.78,0.0,0.0,0.0,0.0,47.0,6713.0,0.0312596875,False,REGULAR,USD,C,2028-01-21,522,776.3400268554688,2026-08-17T11:55:45+00:00
SPY280121C01020000,2026-08-12 16:10:20+00:00,1020.0,5.96,0.0,0.0,0.0,0.0,250.0,4615.0,0.0312596875,False,REGULAR,USD,C,2028-01-21,522,776.3400268554688,2026-08-17T11:55:45+00:00
SPY280121C01025000,2026-08-12 15:47:59+00:00,1025.0,5.57,0.0,0.0,0.0,0.0,8.0,4891.0,0.0312596875,False,REGULAR,USD,C,2028-01-21,522,776.3400268554688,2026-08-17T11:55:45+00:00
SPY280121C01030000,2026-08-12 15:33:55+00:00,1030.0,5.18,0.0,0.0,0.0,0.0,1.0,5307.0,0.0312596875,False,REGULAR,USD,C,2028-01-21,522,776.3400268554688,2026-08-17T11:55:45+00:00
SPY280121C01035000,2026-08-10 14:18:08+00:00,1035.0,5.34,0.0,0.0,0.0,0.0,2.0,232.0,0.062509375,False,REGULAR,USD,C,2028-01-21,522,776.3400268554688,2026-08-17T11:55:45+00:00
SPY280121C01040000,2026-08-06 18:06:31+00:00,1040.0,4.32,0.0,0.0,0.0,0.0,2.0,329.0,0.062509375,False,REGULAR,USD,C,2028-01-21,522,776.3400268554688,2026-08-17T11:55:45+00:00
SPY280121C01045000,2026-08-13 17:35:53+00:00,1045.0,4.92,0.0,0.0,0.0,0.0,329.0,1295.0,0.062509375,False,REGULAR,USD,C,2028-01-21,522,776.3400268554688,2026-08-17T11:55:45+00:00
SPY280121C01050000,2026-08-14 18:42:35+00:00,1050.0,4.42,0.0,0.0,0.0,0.0,1.0,4404.0,0.062509375,False,REGULAR,USD,C,2028-01-21,522,776.3400268554688,2026-08-17T11:55:45+00:00
SPY280121C01055000,2026-08-13 15:04:46+00:00,1055.0,4.28,0.0,0.0,0.0,0.0,2.0,4282.0,0.062509375,False,REGULAR,USD,C,2028-01-21,522,776.3400268554688,2026-08-17T11:55:45+00:00
SPY280121C01060000,2026-08-13 15:04:52+00:00,1060.0,4.01,0.0,0.0,0.0,0.0,2.0,4706.0,0.062509375,False,REGULAR,USD,C,2028-01-21,522,776.3400268554688,2026-08-17T11:55:45+00:00
SPY280121C01065000,2026-08-13 17:35:53+00:00,1065.0,3.81,0.0,0.0,0.0,0.0,3.0,3647.0,0.062509375,False,REGULAR,USD,C,2028-01-21,522,776.3400268554688,2026-08-17T11:55:45+00:00
SPY280121C01070000,2026-08-11 13:46:01+00:00,1070.0,3.31,0.0,0.0,0.0,0.0,1000.0,2119.0,0.062509375,False,REGULAR,USD,C,2028-01-21,522,776.3400268554688,2026-08-17T11:55:45+00:00
SPY280121C01075000,2026-08-13 14:25:24+00:00,1075.0,3.49,0.0,0.0,0.0,0.0,1.0,425.0,0.062509375,False,REGULAR,USD,C,2028-01-21,522,776.3400268554688,2026-08-17T11:55:45+00:00
SPY280121C01080000,2026-08-11 17:12:31+00:00,1080.0,2.71,0.0,0.0,0.0,0.0,3.0,48.0,0.062509375,False,REGULAR,USD,C,2028-01-21,522,776.3400268554688,2026-08-17T11:55:45+00:00
SPY280121C01085000,2026-08-13 17:35:53+00:00,1085.0,2.97,0.0,0.0,0.0,0.0,19.0,22.0,0.062509375,False,REGULAR,USD,C,2028-01-21,522,776.3400268554688,2026-08-17T11:55:45+00:00
SPY280121C01090000,2026-08-11 16:52:43+00:00,1090.0,2.49,0.0,0.0,0.0,0.0,1.0,300.0,0.062509375,False,REGULAR,USD,C,2028-01-21,522,776.3400268554688,2026-08-17T11:55:45+00:00
SPY280121C01095000,2026-08-10 15:06:45+00:00,1095.0,2.56,0.0,0.0,0.0,0.0,2.0,1.0,0.062509375,False,REGULAR,USD,C,2028-01-21,522,776.3400268554688,2026-08-17T11:55:45+00:00
SPY280121C01100000,2026-08-14 19:38:00+00:00,1100.0,2.37,0.0,0.0,0.0,0.0,55.0,854.0,0.062509375,False,REGULAR,USD,C,2028-01-21,522,776.3400268554688,2026-08-17T11:55:45+00:00
SPY280121C01105000,2026-08-10 14:15:32+00:00,1105.0,2.31,0.0,0.0,0.0,0.0,2.0,7.0,0.062509375,False,REGULAR,USD,C,2028-01-21,522,776.3400268554688,2026-08-17T11:55:45+00:00
SPY280121C01110000,2026-08-10 14:15:51+00:00,1110.0,2.18,0.0,0.0,0.0,0.0,10.0,67.0,0.062509375,False,REGULAR,USD,C,2028-01-21,522,776.3400268554688,2026-08-17T11:55:45+00:00
SPY280121C01115000,2026-08-10 18:06:25+00:00,1115.0,1.96,0.0,0.0,0.0,0.0,16.0,6.0,0.062509375,False,REGULAR,USD,C,2028-01-21,522,776.3400268554688,2026-08-17T11:55:45+00:00
SPY280121C01120000,2026-08-11 17:12:31+00:00,1120.0,1.72,0.0,0.0,0.0,0.0,1.0,14.0,0.062509375,False,REGULAR,USD,C,2028-01-21,522,776.3400268554688,2026-08-17T11:55:45+00:00
SPY280121C01125000,2026-08-10 14:37:42+00:00,1125.0,1.85,0.0,0.0,0.0,0.0,7.0,13.0,0.062509375,False,REGULAR,USD,C,2028-01-21,522,776.3400268554688,2026-08-17T11:55:45+00:00
SPY280121C01130000,2026-08-07 16:26:30+00:00,1130.0,1.66,0.0,0.0,0.0,0.0,2.0,76.0,0.062509375,False,REGULAR,USD,C,2028-01-21,522,776.3400268554688,2026-08-17T11:55:45+00:00
SPY280121C01135000,2026-08-10 14:06:52+00:00,1135.0,1.65,0.0,0.0,0.0,0.0,2.0,0.0,0.062509375,False,REGULAR,USD,C,2028-01-21,522,776.3400268554688,2026-08-17T11:55:45+00:00
SPY280121C01140000,2026-08-12 18:22:52+00:00,1140.0,1.42,0.0,0.0,0.0,0.0,1.0,186.0,0.062509375,False,REGULAR,USD,C,2028-01-21,522,776.3400268554688,2026-08-17T11:55:45+00:00
SPY280121C01150000,2026-08-14 13:30:01+00:00,1150.0,1.48,0.0,0.0,0.0,0.0,2.0,483.0,0.062509375,False,REGULAR,USD,C,2028-01-21,522,776.3400268554688,2026-08-17T11:55:45+00:00
SPY280121C01160000,2026-08-13 15:12:54+00:00,1160.0,1.28,0.0,0.0,0.0,0.0,1.0,38.0,0.062509375,False,REGULAR,USD,C,2028-01-21,522,776.3400268554688,2026-08-17T11:55:45+00:00
SPY280121C01170000,2026-08-04 19:19:50+00:00,1170.0,1.34,0.0,0.0,0.0,0.0,16.0,82.0,0.062509375,False,REGULAR,USD,C,2028-01-21,522,776.3400268554688,2026-08-17T11:55:45+00:00
SPY280121C01180000,2026-08-05 13:30:03+00:00,1180.0,1.33,0.0,0.0,0.0,0.0,181.0,812.0,0.062509375,False,REGULAR,USD,C,2028-01-21,522,776.3400268554688,2026-08-17T11:55:45+00:00
SPY280121C01190000,2026-07-29 19:25:46+00:00,1190.0,0.63,0.0,0.0,0.0,0.0,2.0,46.0,0.062509375,False,REGULAR,USD,C,2028-01-21,522,776.3400268554688,2026-08-17T11:55:45+00:00
SPY280121C01200000,2026-08-12 17:46:10+00:00,1200.0,0.81,0.0,0.0,0.0,0.0,5.0,1717.0,0.062509375,False,REGULAR,USD,C,2028-01-21,522,776.3400268554688,2026-08-17T11:55:45+00:00
SPY280121C01210000,2026-08-06 14:49:38+00:00,1210.0,0.76,0.0,0.0,0.0,0.0,1.0,48.0,0.062509375,False,REGULAR,USD,C,2028-01-21,522,776.3400268554688,2026-08-17T11:55:45+00:00
SPY280121C01220000,2026-06-23 13:30:01+00:00,1220.0,0.85,0.58,0.62,0.0,0.0,5.0,41.0,0.16169051208496094,False,REGULAR,USD,C,2028-01-21,522,776.3400268554688,2026-08-17T11:55:45+00:00
SPY280121C01230000,2026-07-27 13:30:00+00:00,1230.0,0.52,0.0,0.0,0.0,0.0,9.0,51.0,0.062509375,False,REGULAR,USD,C,2028-01-21,522,776.3400268554688,2026-08-17T11:55:45+00:00
SPY280121C01240000,2026-07-17 15:33:49+00:00,1240.0,0.61,0.0,0.0,0.0,0.0,1.0,155.0,0.062509375,False,REGULAR,USD,C,2028-01-21,522,776.3400268554688,2026-08-17T11:55:45+00:00
SPY280121C01250000,2026-07-29 16:31:57+00:00,1250.0,0.42,0.0,0.0,0.0,0.0,15.0,316.0,0.062509375,False,REGULAR,USD,C,2028-01-21,522,776.3400268554688,2026-08-17T11:55:45+00:00
SPY280121C01260000,2026-07-02 18:36:03+00:00,1260.0,0.62,0.0,0.0,0.0,0.0,1.0,141.0,0.062509375,False,REGULAR,USD,C,2028-01-21,522,776.3400268554688,2026-08-17T11:55:45+00:00
SPY280121C01270000,2026-08-04 18:28:38+00:00,1270.0,0.67,0.0,0.0,0.0,0.0,1.0,142.0,0.062509375,False,REGULAR,USD,C,2028-01-21,522,776.3400268554688,2026-08-17T11:55:45+00:00
SPY280121C01280000,2026-07-28 13:40:53+00:00,1280.0,0.36,0.0,0.0,0.0,0.0,1.0,183.0,0.062509375,False,REGULAR,USD,C,2028-01-21,522,776.3400268554688,2026-08-17T11:55:45+00:00
SPY280121C01290000,2026-08-13 14:08:56+00:00,1290.0,0.48,0.0,0.0,0.0,0.0,1.0,352.0,0.062509375,False,REGULAR,USD,C,2028-01-21,522,776.3400268554688,2026-08-17T11:55:45+00:00
SPY280121C01300000,2026-08-14 19:47:07+00:00,1300.0,0.43,0.0,0.0,0.0,0.0,3.0,856.0,0.062509375,False,REGULAR,USD,C,2028-01-21,522,776.3400268554688,2026-08-17T11:55:45+00:00
SPY280121C01310000,2026-08-10 15:49:43+00:00,1310.0,0.45,0.0,0.0,0.0,0.0,5.0,202.0,0.062509375,False,REGULAR,USD,C,2028-01-21,522,776.3400268554688,2026-08-17T11:55:45+00:00
SPY280121C01320000,2026-08-05 13:32:18+00:00,1320.0,0.49,0.0,0.0,0.0,0.0,1.0,236.0,0.062509375,False,REGULAR,USD,C,2028-01-21,522,776.3400268554688,2026-08-17T11:55:45+00:00
SPY280121C01330000,2026-08-10 15:36:34+00:00,1330.0,0.37,0.0,0.0,0.0,0.0,77.0,1472.0,0.062509375,False,REGULAR,USD,C,2028-01-21,522,776.3400268554688,2026-08-17T11:55:45+00:00
SPY280121C01340000,2026-08-14 16:40:56+00:00,1340.0,0.37,0.0,0.0,0.0,0.0,5.0,4851.0,0.062509375,False,REGULAR,USD,C,2028-01-21,522,776.3400268554688,2026-08-17T11:55:45+00:00
SPY280121C01350000,2026-07-24 19:17:51+00:00,1350.0,0.28,0.0,0.0,0.0,0.0,6.0,6.0,0.062509375,False,REGULAR,USD,C,2028-01-21,522,776.3400268554688,2026-08-17T11:55:45+00:00
SPY280121C01360000,2026-08-03 15:40:21+00:00,1360.0,0.22,0.0,0.0,0.0,0.0,1.0,1.0,0.062509375,False,REGULAR,USD,C,2028-01-21,522,776.3400268554688,2026-08-17T11:55:45+00:00
SPY280121C01380000,2026-07-08 19:31:14+00:00,1380.0,0.32,0.0,0.0,0.0,0.0,8.0,9.0,0.062509375,False,REGULAR,USD,C,2028-01-21,522,776.3400268554688,2026-08-17T11:55:45+00:00
SPY280121C01390000,2026-08-14 15:51:04+00:00,1390.0,0.27,0.0,0.0,0.0,0.0,1.0,5.0,0.062509375,False,REGULAR,USD,C,2028-01-21,522,776.3400268554688,2026-08-17T11:55:45+00:00
SPY280121C01400000,2026-08-10 13:45:11+00:00,1400.0,0.24,0.0,0.0,0.0,0.0,1.0,11.0,0.062509375,False,REGULAR,USD,C,2028-01-21,522,776.3400268554688,2026-08-17T11:55:45+00:00
SPY280121C01410000,2026-08-04 15:38:31+00:00,1410.0,0.25,0.0,0.0,0.0,0.0,1.0,14.0,0.062509375,False,REGULAR,USD,C,2028-01-21,522,776.3400268554688,2026-08-17T11:55:45+00:00
SPY280121C01420000,2026-08-14 17:05:41+00:00,1420.0,0.24,0.0,0.0,0.0,0.0,1.0,6.0,0.12500875,False,REGULAR,USD,C,2028-01-21,522,776.3400268554688,2026-08-17T11:55:45+00:00
SPY280121C01430000,2026-08-06 17:02:41+00:00,1430.0,0.18,0.0,0.0,0.0,0.0,1.0,9.0,0.12500875,False,REGULAR,USD,C,2028-01-21,522,776.3400268554688,2026-08-17T11:55:45+00:00
SPY280121C01440000,2026-07-21 15:33:07+00:00,1440.0,0.19,0.0,0.0,0.0,0.0,7.0,8.0,0.12500875,False,REGULAR,USD,C,2028-01-21,522,776.3400268554688,2026-08-17T11:55:45+00:00
SPY280121C01450000,2026-07-20 18:08:48+00:00,1450.0,0.17,0.0,0.0,0.0,0.0,10.0,18.0,0.12500875,False,REGULAR,USD,C,2028-01-21,522,776.3400268554688,2026-08-17T11:55:45+00:00
SPY280121C01460000,2026-08-10 18:47:54+00:00,1460.0,0.21,0.0,0.0,0.0,0.0,2.0,12.0,0.12500875,False,REGULAR,USD,C,2028-01-21,522,776.3400268554688,2026-08-17T11:55:45+00:00
SPY280121C01470000,2026-08-07 14:27:53+00:00,1470.0,0.18,0.0,0.0,0.0,0.0,1.0,90.0,0.12500875,False,REGULAR,USD,C,2028-01-21,522,776.3400268554688,2026-08-17T11:55:45+00:00
SPY280121C01480000,2026-08-11 19:26:39+00:00,1480.0,0.18,0.0,0.0,0.0,0.0,56.0,2194.0,0.12500875,False,REGULAR,USD,C,2028-01-21,522,776.3400268554688,2026-08-17T11:55:45+00:00
SPY280121P00050000,2026-08-14 13:30:01+00:00,50.0,0.05,0.0,0.0,0.0,0.0,1.0,3235.0,0.500005,False,REGULAR,USD,P,2028-01-21,522,776.3400268554688,2026-08-17T11:55:45+00:00
SPY280121P00055000,2026-06-12 18:45:47+00:00,55.0,0.07,0.03,0.07,0.0,0.0,1.0,6.0,0.7226590234375,False,REGULAR,USD,P,2028-01-21,522,776.3400268554688,2026-08-17T11:55:45+00:00
SPY280121P00060000,2026-06-16 13:42:08+00:00,60.0,0.08,0.05,0.08,0.0,0.0,4.0,15.0,0.7128934960937501,False,REGULAR,USD,P,2028-01-21,522,776.3400268554688,2026-08-17T11:55:45+00:00
SPY280121P00065000,2026-05-22 16:44:36+00:00,65.0,0.08,0.0,0.0,0.0,0.0,1.0,0.0,0.500005,False,REGULAR,USD,P,2028-01-21,522,776.3400268554688,2026-08-17T11:55:45+00:00
SPY280121P00070000,2026-05-20 17:20:19+00:00,70.0,0.09,0.0,0.0,0.0,0.0,16.0,0.0,0.500005,False,REGULAR,USD,P,2028-01-21,522,776.3400268554688,2026-08-17T11:55:45+00:00
SPY280121P00075000,2026-07-09 13:43:22+00:00,75.0,0.11,0.0,0.0,0.0,0.0,4.0,13.0,0.2500075,False,REGULAR,USD,P,2028-01-21,522,776.3400268554688,2026-08-17T11:55:45+00:00
SPY280121P00080000,2026-01-05 14:55:27+00:00,80.0,0.18,0.17,0.22,0.0,0.0,1.0,10.0,0.6992217578125001,False,REGULAR,USD,P,2028-01-21,522,776.3400268554688,2026-08-17T11:55:45+00:00
SPY280121P00085000,2026-06-12 18:44:13+00:00,85.0,0.16,0.11,0.14,0.0,0.0,3.0,7.0,0.65039412109375,False,REGULAR,USD,P,2028-01-21,522,776.3400268554688,2026-08-17T11:55:45+00:00
SPY280121P00090000,2026-08-12 19:24:54+00:00,90.0,0.11,0.0,0.0,0.0,0.0,1.0,5.0,0.2500075,False,REGULAR,USD,P,2028-01-21,522,776.3400268554688,2026-08-17T11:55:45+00:00
SPY280121P00095000,2026-08-12 19:24:54+00:00,95.0,0.14,0.0,0.0,0.0,0.0,2.0,6.0,0.2500075,False,REGULAR,USD,P,2028-01-21,522,776.3400268554688,2026-08-17T11:55:45+00:00
SPY280121P00100000,2026-08-14 14:38:45+00:00,100.0,0.15,0.0,0.0,0.0,0.0,290.0,26408.0,0.2500075,False,REGULAR,USD,P,2028-01-21,522,776.3400268554688,2026-08-17T11:55:45+00:00
SPY280121P00105000,2026-04-14 14:13:54+00:00,105.0,0.31,0.23,0.29,0.0,0.0,5.0,5.0,0.6323278955078125,False,REGULAR,USD,P,2028-01-21,522,776.3400268554688,2026-08-17T11:55:45+00:00
SPY280121P00110000,2026-08-13 13:45:54+00:00,110.0,0.2,0.0,0.0,0.0,0.0,1.0,3.0,0.2500075,False,REGULAR,USD,P,2028-01-21,522,776.3400268554688,2026-08-17T11:55:45+00:00
SPY280121P00115000,2026-02-05 15:14:27+00:00,115.0,0.44,0.52,0.58,0.0,0.0,,2.0,0.6569858520507813,False,REGULAR,USD,P,2028-01-21,522,776.3400268554688,2026-08-17T11:55:45+00:00
SPY280121P00120000,2026-03-05 15:13:53+00:00,120.0,0.53,0.0,0.0,0.0,0.0,1.0,0.0,0.2500075,False,REGULAR,USD,P,2028-01-21,522,776.3400268554688,2026-08-17T11:55:45+00:00
SPY280121P00125000,2026-04-08 14:55:01+00:00,125.0,0.54,0.37,0.43,0.0,0.0,3.0,4.0,0.6049844189453126,False,REGULAR,USD,P,2028-01-21,522,776.3400268554688,2026-08-17T11:55:45+00:00
SPY280121P00130000,2026-06-30 16:29:18+00:00,130.0,0.35,0.0,0.0,0.0,0.0,1.0,97.0,0.2500075,False,REGULAR,USD,P,2028-01-21,522,776.3400268554688,2026-08-17T11:55:45+00:00
SPY280121P00135000,2026-08-12 14:58:51+00:00,135.0,0.31,0.0,0.0,0.0,0.0,1.0,361.0,0.2500075,False,REGULAR,USD,P,2028-01-21,522,776.3400268554688,2026-08-17T11:55:45+00:00
SPY280121P00140000,2026-08-03 13:46:56+00:00,140.0,0.4,0.0,0.0,0.0,0.0,1.0,168.0,0.2500075,False,REGULAR,USD,P,2028-01-21,522,776.3400268554688,2026-08-17T11:55:45+00:00
SPY280121P00145000,2026-07-15 14:18:45+00:00,145.0,0.45,0.0,0.0,0.0,0.0,1.0,264.0,0.2500075,False,REGULAR,USD,P,2028-01-21,522,776.3400268554688,2026-08-17T11:55:45+00:00
SPY280121P00150000,2026-08-13 14:16:59+00:00,150.0,0.43,0.0,0.0,0.0,0.0,1.0,156.0,0.2500075,False,REGULAR,USD,P,2028-01-21,522,776.3400268554688,2026-08-17T11:55:45+00:00
SPY280121P00155000,2026-08-06 14:54:50+00:00,155.0,0.49,0.0,0.0,0.0,0.0,1.0,75.0,0.2500075,False,REGULAR,USD,P,2028-01-21,522,776.3400268554688,2026-08-17T11:55:45+00:00
SPY280121P00160000,2026-07-22 16:36:32+00:00,160.0,0.61,0.0,0.0,0.0,0.0,1.0,823.0,0.2500075,False,REGULAR,USD,P,2028-01-21,522,776.3400268554688,2026-08-17T11:55:45+00:00
SPY280121P00165000,2026-07-10 13:41:39+00:00,165.0,0.64,0.0,0.0,0.0,0.0,7.0,61.0,0.2500075,False,REGULAR,USD,P,2028-01-21,522,776.3400268554688,2026-08-17T11:55:45+00:00
SPY280121P00170000,2026-06-12 14:51:41+00:00,170.0,0.83,0.68,0.72,0.0,0.0,6.0,63.0,0.5389450402832032,False,REGULAR,USD,P,2028-01-21,522,776.3400268554688,2026-08-17T11:55:45+00:00
SPY280121P00175000,2026-08-03 19:05:11+00:00,175.0,0.69,0.0,0.0,0.0,0.0,1.0,31.0,0.2500075,False,REGULAR,USD,P,2028-01-21,522,776.3400268554688,2026-08-17T11:55:45+00:00
SPY280121P00180000,2026-07-29 19:46:50+00:00,180.0,0.86,0.0,0.0,0.0,0.0,502.0,562.0,0.2500075,False,REGULAR,USD,P,2028-01-21,522,776.3400268554688,2026-08-17T11:55:45+00:00
SPY280121P00185000,2026-05-22 17:34:07+00:00,185.0,0.97,0.0,0.0,0.0,0.0,10.0,0.0,0.2500075,False,REGULAR,USD,P,2028-01-21,522,776.3400268554688,2026-08-17T11:55:45+00:00
SPY280121P00190000,2026-06-05 17:48:22+00:00,190.0,1.06,0.0,0.0,0.0,0.0,3.0,0.0,0.2500075,False,REGULAR,USD,P,2028-01-21,522,776.3400268554688,2026-08-17T11:55:45+00:00
SPY280121P00195000,2026-08-04 19:47:16+00:00,195.0,0.85,0.0,0.0,0.0,0.0,1.0,48.0,0.2500075,False,REGULAR,USD,P,2028-01-21,522,776.3400268554688,2026-08-17T11:55:45+00:00
SPY280121P00200000,2026-08-14 17:41:09+00:00,200.0,0.85,0.0,0.0,0.0,0.0,2.0,1178.0,0.2500075,False,REGULAR,USD,P,2028-01-21,522,776.3400268554688,2026-08-17T11:55:45+00:00
SPY280121P00205000,2026-06-02 15:58:13+00:00,205.0,1.17,0.0,0.0,0.0,0.0,3.0,0.0,0.2500075,False,REGULAR,USD,P,2028-01-21,522,776.3400268554688,2026-08-17T11:55:45+00:00
SPY280121P00210000,2026-05-07 13:59:26+00:00,210.0,1.41,1.26,1.3,0.0,0.0,3.0,11.0,0.5052539709472657,False,REGULAR,USD,P,2028-01-21,522,776.3400268554688,2026-08-17T11:55:45+00:00
SPY280121P00215000,2026-07-30 18:45:03+00:00,215.0,1.21,0.0,0.0,0.0,0.0,1.0,41.0,0.2500075,False,REGULAR,USD,P,2028-01-21,522,776.3400268554688,2026-08-17T11:55:45+00:00
SPY280121P00220000,2026-08-05 15:21:11+00:00,220.0,1.09,0.0,0.0,0.0,0.0,48.0,218.0,0.2500075,False,REGULAR,USD,P,2028-01-21,522,776.3400268554688,2026-08-17T11:55:45+00:00
SPY280121P00225000,2026-08-11 18:41:25+00:00,225.0,1.13,0.0,0.0,0.0,0.0,20.0,96.0,0.2500075,False,REGULAR,USD,P,2028-01-21,522,776.3400268554688,2026-08-17T11:55:45+00:00
SPY280121P00230000,2026-07-22 17:36:17+00:00,230.0,1.42,0.0,0.0,0.0,0.0,3.0,294.0,0.2500075,False,REGULAR,USD,P,2028-01-21,522,776.3400268554688,2026-08-17T11:55:45+00:00
SPY280121P00235000,2026-08-12 19:41:51+00:00,235.0,1.21,0.0,0.0,0.0,0.0,5.0,916.0,0.2500075,False,REGULAR,USD,P,2028-01-21,522,776.3400268554688,2026-08-17T11:55:45+00:00
SPY280121P00240000,2026-08-13 13:54:06+00:00,240.0,1.28,0.0,0.0,0.0,0.0,7.0,187.0,0.12500875,False,REGULAR,USD,P,2028-01-21,522,776.3400268554688,2026-08-17T11:55:45+00:00
SPY280121P00245000,2026-06-29 15:25:28+00:00,245.0,1.68,0.0,0.0,0.0,0.0,3.0,166.0,0.12500875,False,REGULAR,USD,P,2028-01-21,522,776.3400268554688,2026-08-17T11:55:45+00:00
SPY280121P00250000,2026-08-04 19:50:00+00:00,250.0,1.49,0.0,0.0,0.0,0.0,1.0,1594.0,0.12500875,False,REGULAR,USD,P,2028-01-21,522,776.3400268554688,2026-08-17T11:55:45+00:00
SPY280121P00255000,2026-07-10 13:34:43+00:00,255.0,1.75,0.0,0.0,0.0,0.0,3.0,37.0,0.12500875,False,REGULAR,USD,P,2028-01-21,522,776.3400268554688,2026-08-17T11:55:45+00:00
SPY280121P00260000,2026-07-06 19:21:15+00:00,260.0,1.83,0.0,0.0,0.0,0.0,6.0,50.0,0.12500875,False,REGULAR,USD,P,2028-01-21,522,776.3400268554688,2026-08-17T11:55:45+00:00
SPY280121P00265000,2026-07-31 17:20:42+00:00,265.0,1.87,0.0,0.0,0.0,0.0,3.0,176.0,0.12500875,False,REGULAR,USD,P,2028-01-21,522,776.3400268554688,2026-08-17T11:55:45+00:00
SPY280121P00270000,2026-08-06 17:42:54+00:00,270.0,1.72,0.0,0.0,0.0,0.0,1.0,107.0,0.12500875,False,REGULAR,USD,P,2028-01-21,522,776.3400268554688,2026-08-17T11:55:45+00:00
SPY280121P00275000,2026-08-13 14:08:58+00:00,275.0,1.72,0.0,0.0,0.0,0.0,6.0,546.0,0.12500875,False,REGULAR,USD,P,2028-01-21,522,776.3400268554688,2026-08-17T11:55:45+00:00
SPY280121P00280000,2026-08-04 16:00:07+00:00,280.0,1.95,0.0,0.0,0.0,0.0,3.0,32.0,0.12500875,False,REGULAR,USD,P,2028-01-21,522,776.3400268554688,2026-08-17T11:55:45+00:00
SPY280121P00285000,2026-08-14 19:50:16+00:00,285.0,1.88,0.0,0.0,0.0,0.0,100.0,684.0,0.12500875,False,REGULAR,USD,P,2028-01-21,522,776.3400268554688,2026-08-17T11:55:45+00:00
SPY280121P00290000,2026-08-04 18:41:06+00:00,290.0,2.09,0.0,0.0,0.0,0.0,3.0,599.0,0.12500875,False,REGULAR,USD,P,2028-01-21,522,776.3400268554688,2026-08-17T11:55:45+00:00
SPY280121P00295000,2026-07-31 19:16:49+00:00,295.0,2.4,0.0,0.0,0.0,0.0,6.0,24.0,0.12500875,False,REGULAR,USD,P,2028-01-21,522,776.3400268554688,2026-08-17T11:55:45+00:00
SPY280121P00300000,2026-08-13 16:07:19+00:00,300.0,2.13,0.0,0.0,0.0,0.0,1.0,128.0,0.12500875,False,REGULAR,USD,P,2028-01-21,522,776.3400268554688,2026-08-17T11:55:45+00:00
SPY280121P00305000,2026-08-05 14:48:44+00:00,305.0,2.25,0.0,0.0,0.0,0.0,1.0,115.0,0.12500875,False,REGULAR,USD,P,2028-01-21,522,776.3400268554688,2026-08-17T11:55:45+00:00
SPY280121P00310000,2026-08-13 16:50:12+00:00,310.0,2.31,0.0,0.0,0.0,0.0,10.0,584.0,0.12500875,False,REGULAR,USD,P,2028-01-21,522,776.3400268554688,2026-08-17T11:55:45+00:00
SPY280121P00315000,2026-07-29 15:34:09+00:00,315.0,3.0,0.0,0.0,0.0,0.0,2.0,12.0,0.12500875,False,REGULAR,USD,P,2028-01-21,522,776.3400268554688,2026-08-17T11:55:45+00:00
SPY280121P00320000,2026-08-12 20:07:53+00:00,320.0,2.46,0.0,0.0,0.0,0.0,1.0,293.0,0.12500875,False,REGULAR,USD,P,2028-01-21,522,776.3400268554688,2026-08-17T11:55:45+00:00
SPY280121P00325000,2026-08-10 14:02:11+00:00,325.0,2.57,0.0,0.0,0.0,0.0,1.0,87.0,0.12500875,False,REGULAR,USD,P,2028-01-21,522,776.3400268554688,2026-08-17T11:55:45+00:00
SPY280121P00330000,2026-08-12 18:35:33+00:00,330.0,2.66,0.0,0.0,0.0,0.0,6.0,120.0,0.12500875,False,REGULAR,USD,P,2028-01-21,522,776.3400268554688,2026-08-17T11:55:45+00:00
SPY280121P00335000,2026-08-07 17:41:10+00:00,335.0,2.8,0.0,0.0,0.0,0.0,10.0,88.0,0.12500875,False,REGULAR,USD,P,2028-01-21,522,776.3400268554688,2026-08-17T11:55:45+00:00
SPY280121P00340000,2026-07-10 18:02:28+00:00,340.0,3.41,0.0,0.0,0.0,0.0,2.0,738.0,0.12500875,False,REGULAR,USD,P,2028-01-21,522,776.3400268554688,2026-08-17T11:55:45+00:00
SPY280121P00345000,2026-08-06 14:54:50+00:00,345.0,3.04,0.0,0.0,0.0,0.0,1.0,10.0,0.12500875,False,REGULAR,USD,P,2028-01-21,522,776.3400268554688,2026-08-17T11:55:45+00:00
SPY280121P00350000,2026-08-14 19:59:26+00:00,350.0,3.07,0.0,0.0,0.0,0.0,1.0,385.0,0.12500875,False,REGULAR,USD,P,2028-01-21,522,776.3400268554688,2026-08-17T11:55:45+00:00
SPY280121P00355000,2026-01-20 19:22:49+00:00,355.0,6.3,6.59,6.75,0.0,0.0,,1.0,0.421606125793457,False,REGULAR,USD,P,2028-01-21,522,776.3400268554688,2026-08-17T11:55:45+00:00
SPY280121P00360000,2026-07-29 16:15:10+00:00,360.0,4.19,0.0,0.0,0.0,0.0,10.0,52.0,0.12500875,False,REGULAR,USD,P,2028-01-21,522,776.3400268554688,2026-08-17T11:55:45+00:00
SPY280121P00365000,2026-06-11 18:48:22+00:00,365.0,4.72,4.07,4.12,0.0,0.0,1.0,21.0,0.36881124359130857,False,REGULAR,USD,P,2028-01-21,522,776.3400268554688,2026-08-17T11:55:45+00:00
SPY280121P00370000,2026-07-30 17:00:01+00:00,370.0,4.32,0.0,0.0,0.0,0.0,1.0,164.0,0.12500875,False,REGULAR,USD,P,2028-01-21,522,776.3400268554688,2026-08-17T11:55:45+00:00
SPY280121P00375000,2026-08-14 19:58:02+00:00,375.0,3.66,0.0,0.0,0.0,0.0,1.0,6256.0,0.12500875,False,REGULAR,USD,P,2028-01-21,522,776.3400268554688,2026-08-17T11:55:45+00:00
SPY280121P00380000,2026-08-10 14:12:55+00:00,380.0,3.78,0.0,0.0,0.0,0.0,1.0,61.0,0.12500875,False,REGULAR,USD,P,2028-01-21,522,776.3400268554688,2026-08-17T11:55:45+00:00
SPY280121P00385000,2026-08-10 14:12:55+00:00,385.0,3.93,0.0,0.0,0.0,0.0,1.0,5.0,0.12500875,False,REGULAR,USD,P,2028-01-21,522,776.3400268554688,2026-08-17T11:55:45+00:00
SPY280121P00390000,2026-07-30 13:52:26+00:00,390.0,4.98,0.0,0.0,0.0,0.0,1.0,33.0,0.12500875,False,REGULAR,USD,P,2028-01-21,522,776.3400268554688,2026-08-17T11:55:45+00:00
SPY280121P00395000,2026-08-13 13:34:33+00:00,395.0,4.15,0.0,0.0,0.0,0.0,1.0,12.0,0.12500875,False,REGULAR,USD,P,2028-01-21,522,776.3400268554688,2026-08-17T11:55:45+00:00
SPY280121P00400000,2026-08-14 19:50:16+00:00,400.0,4.33,0.0,0.0,0.0,0.0,200.0,1314.0,0.12500875,False,REGULAR,USD,P,2028-01-21,522,776.3400268554688,2026-08-17T11:55:45+00:00
SPY280121P00405000,2026-07-13 18:54:56+00:00,405.0,5.49,0.0,0.0,0.0,0.0,3.0,189.0,0.12500875,False,REGULAR,USD,P,2028-01-21,522,776.3400268554688,2026-08-17T11:55:45+00:00
SPY280121P00410000,2026-08-04 19:48:41+00:00,410.0,4.86,0.0,0.0,0.0,0.0,2.0,212.0,0.12500875,False,REGULAR,USD,P,2028-01-21,522,776.3400268554688,2026-08-17T11:55:45+00:00
SPY280121P00415000,2026-04-29 16:28:30+00:00,415.0,7.79,6.5,6.58,0.0,0.0,2.0,473.0,0.34586225433349604,False,REGULAR,USD,P,2028-01-21,522,776.3400268554688,2026-08-17T11:55:45+00:00
SPY280121P00420000,2026-08-13 13:31:20+00:00,420.0,4.95,0.0,0.0,0.0,0.0,50.0,1068.0,0.12500875,False,REGULAR,USD,P,2028-01-21,522,776.3400268554688,2026-08-17T11:55:45+00:00
SPY280121P00425000,2026-07-23 18:03:15+00:00,425.0,6.69,0.0,0.0,0.0,0.0,1.0,1495.0,0.12500875,False,REGULAR,USD,P,2028-01-21,522,776.3400268554688,2026-08-17T11:55:45+00:00
SPY280121P00430000,2026-07-21 13:36:05+00:00,430.0,6.5,0.0,0.0,0.0,0.0,4.0,150.0,0.12500875,False,REGULAR,USD,P,2028-01-21,522,776.3400268554688,2026-08-17T11:55:45+00:00
SPY280121P00435000,2026-08-06 17:40:49+00:00,435.0,5.6,0.0,0.0,0.0,0.0,5.0,319.0,0.062509375,False,REGULAR,USD,P,2028-01-21,522,776.3400268554688,2026-08-17T11:55:45+00:00
SPY280121P00440000,2026-08-04 13:31:10+00:00,440.0,6.09,0.0,0.0,0.0,0.0,2.0,285.0,0.062509375,False,REGULAR,USD,P,2028-01-21,522,776.3400268554688,2026-08-17T11:55:45+00:00
SPY280121P00445000,2026-08-04 14:11:00+00:00,445.0,6.29,0.0,0.0,0.0,0.0,2.0,31.0,0.062509375,False,REGULAR,USD,P,2028-01-21,522,776.3400268554688,2026-08-17T11:55:45+00:00
SPY280121P00450000,2026-08-13 13:30:05+00:00,450.0,6.06,0.0,0.0,0.0,0.0,2.0,3311.0,0.062509375,False,REGULAR,USD,P,2028-01-21,522,776.3400268554688,2026-08-17T11:55:45+00:00
SPY280121P00455000,2026-06-26 14:50:05+00:00,455.0,8.34,0.0,0.0,0.0,0.0,1.0,4057.0,0.062509375,False,REGULAR,USD,P,2028-01-21,522,776.3400268554688,2026-08-17T11:55:45+00:00
SPY280121P00460000,2026-08-03 19:14:34+00:00,460.0,7.19,0.0,0.0,0.0,0.0,6.0,123.0,0.062509375,False,REGULAR,USD,P,2028-01-21,522,776.3400268554688,2026-08-17T11:55:45+00:00
SPY280121P00465000,2026-08-05 13:30:16+00:00,465.0,6.94,0.0,0.0,0.0,0.0,4.0,132.0,0.062509375,False,REGULAR,USD,P,2028-01-21,522,776.3400268554688,2026-08-17T11:55:45+00:00
SPY280121P00470000,2026-06-23 14:01:34+00:00,470.0,9.48,8.85,8.95,0.0,0.0,23.0,499.0,0.3095466995239258,False,REGULAR,USD,P,2028-01-21,522,776.3400268554688,2026-08-17T11:55:45+00:00
SPY280121P00475000,2026-08-14 18:38:35+00:00,475.0,7.23,0.0,0.0,0.0,0.0,2.0,2132.0,0.062509375,False,REGULAR,USD,P,2028-01-21,522,776.3400268554688,2026-08-17T11:55:45+00:00
SPY280121P00480000,2026-08-13 15:32:59+00:00,480.0,7.45,0.0,0.0,0.0,0.0,6.0,749.0,0.062509375,False,REGULAR,USD,P,2028-01-21,522,776.3400268554688,2026-08-17T11:55:45+00:00
SPY280121P00485000,2026-08-05 19:35:17+00:00,485.0,7.88,0.0,0.0,0.0,0.0,2.0,24.0,0.062509375,False,REGULAR,USD,P,2028-01-21,522,776.3400268554688,2026-08-17T11:55:45+00:00
SPY280121P00490000,2026-08-06 18:17:01+00:00,490.0,8.12,0.0,0.0,0.0,0.0,1.0,369.0,0.062509375,False,REGULAR,USD,P,2028-01-21,522,776.3400268554688,2026-08-17T11:55:45+00:00
SPY280121P00495000,2026-07-15 14:07:36+00:00,495.0,9.8,0.0,0.0,0.0,0.0,6.0,406.0,0.062509375,False,REGULAR,USD,P,2028-01-21,522,776.3400268554688,2026-08-17T11:55:45+00:00
SPY280121P00500000,2026-08-14 19:50:16+00:00,500.0,8.55,0.0,0.0,0.0,0.0,102.0,5191.0,0.062509375,False,REGULAR,USD,P,2028-01-21,522,776.3400268554688,2026-08-17T11:55:45+00:00
SPY280121P00505000,2026-08-05 17:15:49+00:00,505.0,9.09,0.0,0.0,0.0,0.0,6.0,870.0,0.062509375,False,REGULAR,USD,P,2028-01-21,522,776.3400268554688,2026-08-17T11:55:45+00:00
SPY280121P00510000,2026-08-07 19:01:28+00:00,510.0,9.25,0.0,0.0,0.0,0.0,1.0,134.0,0.062509375,False,REGULAR,USD,P,2028-01-21,522,776.3400268554688,2026-08-17T11:55:45+00:00
SPY280121P00515000,2026-08-14 14:58:25+00:00,515.0,9.55,0.0,0.0,0.0,0.0,2.0,36.0,0.062509375,False,REGULAR,USD,P,2028-01-21,522,776.3400268554688,2026-08-17T11:55:45+00:00
SPY280121P00520000,2026-08-11 15:34:06+00:00,520.0,10.0,0.0,0.0,0.0,0.0,12.0,117.0,0.062509375,False,REGULAR,USD,P,2028-01-21,522,776.3400268554688,2026-08-17T11:55:45+00:00
SPY280121P00525000,2026-08-05 17:06:06+00:00,525.0,10.39,0.0,0.0,0.0,0.0,1.0,343.0,0.062509375,False,REGULAR,USD,P,2028-01-21,522,776.3400268554688,2026-08-17T11:55:45+00:00
SPY280121P00530000,2026-08-11 13:31:20+00:00,530.0,10.65,0.0,0.0,0.0,0.0,1.0,1505.0,0.062509375,False,REGULAR,USD,P,2028-01-21,522,776.3400268554688,2026-08-17T11:55:45+00:00
SPY280121P00535000,2026-08-13 15:32:59+00:00,535.0,10.89,0.0,0.0,0.0,0.0,6.0,256.0,0.062509375,False,REGULAR,USD,P,2028-01-21,522,776.3400268554688,2026-08-17T11:55:45+00:00
SPY280121P00540000,2026-08-05 19:37:29+00:00,540.0,11.48,0.0,0.0,0.0,0.0,12.0,248.0,0.062509375,False,REGULAR,USD,P,2028-01-21,522,776.3400268554688,2026-08-17T11:55:45+00:00
SPY280121P00545000,2026-08-13 14:48:42+00:00,545.0,11.55,0.0,0.0,0.0,0.0,3.0,369.0,0.062509375,False,REGULAR,USD,P,2028-01-21,522,776.3400268554688,2026-08-17T11:55:45+00:00
SPY280121P00550000,2026-08-14 13:36:47+00:00,550.0,12.05,0.0,0.0,0.0,0.0,11.0,1163.0,0.062509375,False,REGULAR,USD,P,2028-01-21,522,776.3400268554688,2026-08-17T11:55:45+00:00
SPY280121P00555000,2026-08-13 17:01:49+00:00,555.0,12.53,0.0,0.0,0.0,0.0,2.0,273.0,0.062509375,False,REGULAR,USD,P,2028-01-21,522,776.3400268554688,2026-08-17T11:55:45+00:00
SPY280121P00560000,2026-08-12 13:30:05+00:00,560.0,12.93,0.0,0.0,0.0,0.0,2.0,3088.0,0.062509375,False,REGULAR,USD,P,2028-01-21,522,776.3400268554688,2026-08-17T11:55:45+00:00
SPY280121P00565000,2026-08-10 15:50:18+00:00,565.0,13.36,0.0,0.0,0.0,0.0,2.0,642.0,0.062509375,False,REGULAR,USD,P,2028-01-21,522,776.3400268554688,2026-08-17T11:55:45+00:00
SPY280121P00570000,2026-08-14 15:31:59+00:00,570.0,14.0,0.0,0.0,0.0,0.0,1.0,1490.0,0.062509375,False,REGULAR,USD,P,2028-01-21,522,776.3400268554688,2026-08-17T11:55:45+00:00
SPY280121P00575000,2026-08-13 14:52:24+00:00,575.0,14.18,0.0,0.0,0.0,0.0,1.0,418.0,0.062509375,False,REGULAR,USD,P,2028-01-21,522,776.3400268554688,2026-08-17T11:55:45+00:00
SPY280121P00580000,2026-08-14 19:33:18+00:00,580.0,14.78,0.0,0.0,0.0,0.0,4.0,742.0,0.062509375,False,REGULAR,USD,P,2028-01-21,522,776.3400268554688,2026-08-17T11:55:45+00:00
SPY280121P00585000,2026-08-13 14:48:42+00:00,585.0,15.2,0.0,0.0,0.0,0.0,5.0,191.0,0.062509375,False,REGULAR,USD,P,2028-01-21,522,776.3400268554688,2026-08-17T11:55:45+00:00
SPY280121P00590000,2026-08-14 14:30:44+00:00,590.0,16.0,0.0,0.0,0.0,0.0,1.0,613.0,0.0312596875,False,REGULAR,USD,P,2028-01-21,522,776.3400268554688,2026-08-17T11:55:45+00:00
SPY280121P00595000,2026-08-14 17:30:04+00:00,595.0,16.5,0.0,0.0,0.0,0.0,1.0,493.0,0.0312596875,False,REGULAR,USD,P,2028-01-21,522,776.3400268554688,2026-08-17T11:55:45+00:00
SPY280121P00600000,2026-08-13 18:31:05+00:00,600.0,16.99,0.0,0.0,0.0,0.0,46.0,1792.0,0.0312596875,False,REGULAR,USD,P,2028-01-21,522,776.3400268554688,2026-08-17T11:55:45+00:00
SPY280121P00605000,2026-08-13 14:47:12+00:00,605.0,17.38,0.0,0.0,0.0,0.0,6.0,3791.0,0.0312596875,False,REGULAR,USD,P,2028-01-21,522,776.3400268554688,2026-08-17T11:55:45+00:00
SPY280121P00610000,2026-08-10 15:50:18+00:00,610.0,18.11,0.0,0.0,0.0,0.0,2.0,762.0,0.0312596875,False,REGULAR,USD,P,2028-01-21,522,776.3400268554688,2026-08-17T11:55:45+00:00
SPY280121P00615000,2026-08-13 15:33:19+00:00,615.0,18.74,0.0,0.0,0.0,0.0,6.0,1201.0,0.0312596875,False,REGULAR,USD,P,2028-01-21,522,776.3400268554688,2026-08-17T11:55:45+00:00
SPY280121P00620000,2026-08-14 17:58:12+00:00,620.0,19.47,0.0,0.0,0.0,0.0,2.0,3412.0,0.0312596875,False,REGULAR,USD,P,2028-01-21,522,776.3400268554688,2026-08-17T11:55:45+00:00
SPY280121P00625000,2026-08-13 14:40:09+00:00,625.0,19.79,0.0,0.0,0.0,0.0,2.0,786.0,0.0312596875,False,REGULAR,USD,P,2028-01-21,522,776.3400268554688,2026-08-17T11:55:45+00:00
SPY280121P00630000,2026-08-13 14:47:44+00:00,630.0,20.58,0.0,0.0,0.0,0.0,6.0,1915.0,0.0312596875,False,REGULAR,USD,P,2028-01-21,522,776.3400268554688,2026-08-17T11:55:45+00:00
SPY280121P00635000,2026-08-04 14:57:58+00:00,635.0,22.67,0.0,0.0,0.0,0.0,16.0,2697.0,0.0312596875,False,REGULAR,USD,P,2028-01-21,522,776.3400268554688,2026-08-17T11:55:45+00:00
SPY280121P00640000,2026-08-14 13:30:01+00:00,640.0,22.09,0.0,0.0,0.0,0.0,1.0,7715.0,0.0312596875,False,REGULAR,USD,P,2028-01-21,522,776.3400268554688,2026-08-17T11:55:45+00:00
SPY280121P00645000,2026-08-07 15:58:38+00:00,645.0,23.08,0.0,0.0,0.0,0.0,1.0,1331.0,0.0312596875,False,REGULAR,USD,P,2028-01-21,522,776.3400268554688,2026-08-17T11:55:45+00:00
SPY280121P00650000,2026-08-14 19:43:59+00:00,650.0,23.68,0.0,0.0,0.0,0.0,7.0,6638.0,0.0312596875,False,REGULAR,USD,P,2028-01-21,522,776.3400268554688,2026-08-17T11:55:45+00:00
SPY280121P00655000,2026-08-13 14:24:30+00:00,655.0,24.13,0.0,0.0,0.0,0.0,1.0,1476.0,0.0312596875,False,REGULAR,USD,P,2028-01-21,522,776.3400268554688,2026-08-17T11:55:45+00:00
SPY280121P00660000,2026-08-14 14:47:16+00:00,660.0,25.38,0.0,0.0,0.0,0.0,5.0,2138.0,0.0312596875,False,REGULAR,USD,P,2028-01-21,522,776.3400268554688,2026-08-17T11:55:45+00:00
SPY280121P00665000,2026-08-14 16:21:37+00:00,665.0,26.25,0.0,0.0,0.0,0.0,12.0,1726.0,0.0312596875,False,REGULAR,USD,P,2028-01-21,522,776.3400268554688,2026-08-17T11:55:45+00:00
SPY280121P00670000,2026-08-14 18:04:20+00:00,670.0,27.08,0.0,0.0,0.0,0.0,5.0,1849.0,0.0312596875,False,REGULAR,USD,P,2028-01-21,522,776.3400268554688,2026-08-17T11:55:45+00:00
SPY280121P00675000,2026-08-11 18:40:42+00:00,675.0,28.7,0.0,0.0,0.0,0.0,2.0,1784.0,0.0312596875,False,REGULAR,USD,P,2028-01-21,522,776.3400268554688,2026-08-17T11:55:45+00:00
SPY280121P00680000,2026-08-14 19:12:08+00:00,680.0,28.91,0.0,0.0,0.0,0.0,1.0,1813.0,0.015634843750000002,False,REGULAR,USD,P,2028-01-21,522,776.3400268554688,2026-08-17T11:55:45+00:00
SPY280121P00685000,2026-08-14 15:45:26+00:00,685.0,30.05,0.0,0.0,0.0,0.0,6.0,1485.0,0.015634843750000002,False,REGULAR,USD,P,2028-01-21,522,776.3400268554688,2026-08-17T11:55:45+00:00
SPY280121P00690000,2026-08-14 16:56:28+00:00,690.0,31.01,0.0,0.0,0.0,0.0,102.0,2053.0,0.015634843750000002,False,REGULAR,USD,P,2028-01-21,522,776.3400268554688,2026-08-17T11:55:45+00:00
SPY280121P00695000,2026-08-11 13:52:35+00:00,695.0,32.38,0.0,0.0,0.0,0.0,7.0,395.0,0.015634843750000002,False,REGULAR,USD,P,2028-01-21,522,776.3400268554688,2026-08-17T11:55:45+00:00
SPY280121P00700000,2026-08-14 17:27:15+00:00,700.0,33.02,0.0,0.0,0.0,0.0,14.0,2598.0,0.015634843750000002,False,REGULAR,USD,P,2028-01-21,522,776.3400268554688,2026-08-17T11:55:45+00:00
SPY280121P00705000,2026-08-13 17:45:47+00:00,705.0,34.02,0.0,0.0,0.0,0.0,156.0,865.0,0.015634843750000002,False,REGULAR,USD,P,2028-01-21,522,776.3400268554688,2026-08-17T11:55:45+00:00
SPY280121P00710000,2026-08-13 16:19:27+00:00,710.0,35.21,0.0,0.0,0.0,0.0,12.0,362.0,0.015634843750000002,False,REGULAR,USD,P,2028-01-21,522,776.3400268554688,2026-08-17T11:55:45+00:00
SPY280121P00715000,2026-08-13 16:19:27+00:00,715.0,36.38,0.0,0.0,0.0,0.0,10.0,296.0,0.015634843750000002,False,REGULAR,USD,P,2028-01-21,522,776.3400268554688,2026-08-17T11:55:45+00:00
SPY280121P00720000,2026-08-14 18:33:58+00:00,720.0,37.48,0.0,0.0,0.0,0.0,7.0,511.0,0.015634843750000002,False,REGULAR,USD,P,2028-01-21,522,776.3400268554688,2026-08-17T11:55:45+00:00
SPY280121P00725000,2026-08-14 19:46:58+00:00,725.0,38.69,0.0,0.0,0.0,0.0,1.0,359.0,0.015634843750000002,False,REGULAR,USD,P,2028-01-21,522,776.3400268554688,2026-08-17T11:55:45+00:00
SPY280121P00730000,2026-08-14 18:33:58+00:00,730.0,39.99,0.0,0.0,0.0,0.0,7.0,535.0,0.007822421875,False,REGULAR,USD,P,2028-01-21,522,776.3400268554688,2026-08-17T11:55:45+00:00
SPY280121P00735000,2026-08-14 19:33:18+00:00,735.0,41.19,0.0,0.0,0.0,0.0,15.0,202.0,0.007822421875,False,REGULAR,USD,P,2028-01-21,522,776.3400268554688,2026-08-17T11:55:45+00:00
SPY280121P00740000,2026-08-14 18:21:14+00:00,740.0,42.49,0.0,0.0,0.0,0.0,42.0,1357.0,0.007822421875,False,REGULAR,USD,P,2028-01-21,522,776.3400268554688,2026-08-17T11:55:45+00:00
SPY280121P00745000,2026-08-14 18:21:14+00:00,745.0,43.84,0.0,0.0,0.0,0.0,11.0,124.0,0.007822421875,False,REGULAR,USD,P,2028-01-21,522,776.3400268554688,2026-08-17T11:55:45+00:00
SPY280121P00750000,2026-08-14 19:45:29+00:00,750.0,45.35,0.0,0.0,0.0,0.0,10.0,1986.0,0.007822421875,False,REGULAR,USD,P,2028-01-21,522,776.3400268554688,2026-08-17T11:55:45+00:00
SPY280121P00755000,2026-08-11 18:21:25+00:00,755.0,48.0,0.0,0.0,0.0,0.0,12.0,2843.0,0.0039162109375,False,REGULAR,USD,P,2028-01-21,522,776.3400268554688,2026-08-17T11:55:45+00:00
SPY280121P00760000,2026-08-13 14:57:11+00:00,760.0,47.8,0.0,0.0,0.0,0.0,1.0,2194.0,0.0039162109375,False,REGULAR,USD,P,2028-01-21,522,776.3400268554688,2026-08-17T11:55:45+00:00
SPY280121P00765000,2026-08-14 18:21:14+00:00,765.0,49.91,0.0,0.0,0.0,0.0,4.0,3569.0,0.0039162109375,False,REGULAR,USD,P,2028-01-21,522,776.3400268554688,2026-08-17T11:55:45+00:00
SPY280121P00770000,2026-08-14 18:35:43+00:00,770.0,51.78,0.0,0.0,0.0,0.0,33.0,472.0,0.00196310546875,False,REGULAR,USD,P,2028-01-21,522,776.3400268554688,2026-08-17T11:55:45+00:00
SPY280121P00775000,2026-08-14 18:21:14+00:00,775.0,53.25,0.0,0.0,0.0,0.0,16.0,474.0,0.0004982763671875,False,REGULAR,USD,P,2028-01-21,522,776.3400268554688,2026-08-17T11:55:45+00:00
SPY280121P00780000,2026-08-14 18:21:14+00:00,780.0,55.02,0.0,0.0,0.0,0.0,9.0,415.0,1.0000000000000003e-05,True,REGULAR,USD,P,2028-01-21,522,776.3400268554688,2026-08-17T11:55:45+00:00
SPY280121P00785000,2026-08-14 14:53:28+00:00,785.0,56.83,0.0,0.0,0.0,0.0,5.0,3511.0,1.0000000000000003e-05,True,REGULAR,USD,P,2028-01-21,522,776.3400268554688,2026-08-17T11:55:45+00:00
SPY280121P00790000,2026-08-14 15:44:24+00:00,790.0,59.27,0.0,0.0,0.0,0.0,13.0,1266.0,1.0000000000000003e-05,True,REGULAR,USD,P,2028-01-21,522,776.3400268554688,2026-08-17T11:55:45+00:00
SPY280121P00795000,2026-08-14 15:58:20+00:00,795.0,61.05,0.0,0.0,0.0,0.0,4.0,493.0,1.0000000000000003e-05,True,REGULAR,USD,P,2028-01-21,522,776.3400268554688,2026-08-17T11:55:45+00:00
SPY280121P00800000,2026-08-14 19:58:18+00:00,800.0,62.9,0.0,0.0,0.0,0.0,22.0,468.0,1.0000000000000003e-05,True,REGULAR,USD,P,2028-01-21,522,776.3400268554688,2026-08-17T11:55:45+00:00
SPY280121P00805000,2026-08-14 17:45:45+00:00,805.0,65.22,0.0,0.0,0.0,0.0,13.0,231.0,1.0000000000000003e-05,True,REGULAR,USD,P,2028-01-21,522,776.3400268554688,2026-08-17T11:55:45+00:00
SPY280121P00810000,2026-08-13 18:57:37+00:00,810.0,66.81,0.0,0.0,0.0,0.0,50.0,126.0,1.0000000000000003e-05,True,REGULAR,USD,P,2028-01-21,522,776.3400268554688,2026-08-17T11:55:45+00:00
SPY280121P00815000,2026-08-07 19:32:14+00:00,815.0,70.27,0.0,0.0,0.0,0.0,5.0,62.0,1.0000000000000003e-05,True,REGULAR,USD,P,2028-01-21,522,776.3400268554688,2026-08-17T11:55:45+00:00
SPY280121P00820000,2026-08-12 14:49:32+00:00,820.0,73.05,0.0,0.0,0.0,0.0,3.0,71.0,1.0000000000000003e-05,True,REGULAR,USD,P,2028-01-21,522,776.3400268554688,2026-08-17T11:55:45+00:00
SPY280121P00825000,2026-08-14 14:39:40+00:00,825.0,74.05,0.0,0.0,0.0,0.0,1.0,96.0,1.0000000000000003e-05,True,REGULAR,USD,P,2028-01-21,522,776.3400268554688,2026-08-17T11:55:45+00:00
SPY280121P00830000,2026-08-13 18:21:59+00:00,830.0,76.54,0.0,0.0,0.0,0.0,20.0,223.0,1.0000000000000003e-05,True,REGULAR,USD,P,2028-01-21,522,776.3400268554688,2026-08-17T11:55:45+00:00
SPY280121P00835000,2026-08-14 14:34:29+00:00,835.0,79.54,0.0,0.0,0.0,0.0,5.0,155.0,1.0000000000000003e-05,True,REGULAR,USD,P,2028-01-21,522,776.3400268554688,2026-08-17T11:55:45+00:00
SPY280121P00840000,2026-08-12 17:28:54+00:00,840.0,83.39,0.0,0.0,0.0,0.0,4.0,534.0,1.0000000000000003e-05,True,REGULAR,USD,P,2028-01-21,522,776.3400268554688,2026-08-17T11:55:45+00:00
SPY280121P00845000,2026-08-13 18:25:45+00:00,845.0,85.02,0.0,0.0,0.0,0.0,26.0,251.0,1.0000000000000003e-05,True,REGULAR,USD,P,2028-01-21,522,776.3400268554688,2026-08-17T11:55:45+00:00
SPY280121P00850000,2026-08-14 18:35:43+00:00,850.0,88.12,0.0,0.0,0.0,0.0,2.0,105.0,1.0000000000000003e-05,True,REGULAR,USD,P,2028-01-21,522,776.3400268554688,2026-08-17T11:55:45+00:00
SPY280121P00855000,2026-08-13 15:28:11+00:00,855.0,90.92,0.0,0.0,0.0,0.0,10.0,48.0,1.0000000000000003e-05,True,REGULAR,USD,P,2028-01-21,522,776.3400268554688,2026-08-17T11:55:45+00:00
SPY280121P00860000,2026-08-13 15:27:20+00:00,860.0,94.1,0.0,0.0,0.0,0.0,2.0,11.0,1.0000000000000003e-05,True,REGULAR,USD,P,2028-01-21,522,776.3400268554688,2026-08-17T11:55:45+00:00
SPY280121P00865000,2026-08-14 14:29:24+00:00,865.0,97.31,0.0,0.0,0.0,0.0,4.0,10.0,1.0000000000000003e-05,True,REGULAR,USD,P,2028-01-21,522,776.3400268554688,2026-08-17T11:55:45+00:00
SPY280121P00870000,2026-08-13 15:50:07+00:00,870.0,101.4,0.0,0.0,0.0,0.0,2.0,2.0,1.0000000000000003e-05,True,REGULAR,USD,P,2028-01-21,522,776.3400268554688,2026-08-17T11:55:45+00:00
SPY280121P00875000,2026-08-13 15:27:20+00:00,875.0,104.4,0.0,0.0,0.0,0.0,2.0,6.0,1.0000000000000003e-05,True,REGULAR,USD,P,2028-01-21,522,776.3400268554688,2026-08-17T11:55:45+00:00
SPY280121P00880000,2026-08-11 15:15:29+00:00,880.0,110.17,0.0,0.0,0.0,0.0,1.0,1.0,1.0000000000000003e-05,True,REGULAR,USD,P,2028-01-21,522,776.3400268554688,2026-08-17T11:55:45+00:00
SPY280121P00890000,2026-08-13 14:04:54+00:00,890.0,114.19,0.0,0.0,0.0,0.0,8.0,10.0,1.0000000000000003e-05,True,REGULAR,USD,P,2028-01-21,522,776.3400268554688,2026-08-17T11:55:45+00:00
SPY280121P00900000,2026-08-13 14:04:54+00:00,900.0,122.54,0.0,0.0,0.0,0.0,8.0,10.0,1.0000000000000003e-05,True,REGULAR,USD,P,2028-01-21,522,776.3400268554688,2026-08-17T11:55:45+00:00
SPY280121P00905000,2026-08-04 14:42:03+00:00,905.0,139.8,0.0,0.0,0.0,0.0,,1.0,1.0000000000000003e-05,True,REGULAR,USD,P,2028-01-21,522,776.3400268554688,2026-08-17T11:55:45+00:00
SPY280121P00910000,2026-07-06 16:55:37+00:00,910.0,159.18,0.0,0.0,0.0,0.0,,0.0,1.0000000000000003e-05,True,REGULAR,USD,P,2028-01-21,522,776.3400268554688,2026-08-17T11:55:45+00:00
SPY280121P00915000,2026-05-15 14:00:30+00:00,915.0,173.5,160.5,165.5,0.0,0.0,50.0,0.0,0.192215414352417,True,REGULAR,USD,P,2028-01-21,522,776.3400268554688,2026-08-17T11:55:45+00:00
SPY280121P00950000,2026-08-03 15:21:43+00:00,950.0,194.45,0.0,0.0,0.0,0.0,,0.0,1.0000000000000003e-05,True,REGULAR,USD,P,2028-01-21,522,776.3400268554688,2026-08-17T11:55:45+00:00
SPY280121P00990000,2026-07-17 14:45:20+00:00,990.0,244.11,0.0,0.0,0.0,0.0,200.0,0.0,1.0000000000000003e-05,True,REGULAR,USD,P,2028-01-21,522,776.3400268554688,2026-08-17T11:55:45+00:00
SPY280121P01000000,2026-07-20 16:30:58+00:00,1000.0,253.47,0.0,0.0,0.0,0.0,2.0,1.0,1.0000000000000003e-05,True,REGULAR,USD,P,2028-01-21,522,776.3400268554688,2026-08-17T11:55:45+00:00
SPY280121P01005000,2025-11-10 20:28:24+00:00,1005.0,323.5,310.25,315.46,0.0,0.0,1.0,0.0,0.42638207901000985,True,REGULAR,USD,P,2028-01-21,522,776.3400268554688,2026-08-17T11:55:45+00:00
SPY280121P01100000,2025-11-19 16:15:11+00:00,1100.0,437.53,405.21,410.41,0.0,0.0,,0.0,0.4805960144042969,True,REGULAR,USD,P,2028-01-21,522,776.3400268554688,2026-08-17T11:55:45+00:00
SPY280121P01340000,2025-12-12 14:30:03+00:00,1340.0,652.0,646.28,651.29,0.0,0.0,2.0,0.0,0.5832599352645873,True,REGULAR,USD,P,2028-01-21,522,776.3400268554688,2026-08-17T11:55:45+00:00
