Date,Open,High,Low,Close,Volume,Dividends,Stock Splits,Capital Gains,log_return
2016-08-15 00:00:00-04:00,186.45341923045174,186.97302588150868,186.44490577630455,186.623779296875,49813500,0.0,0.0,0.0,
2016-08-16 00:00:00-04:00,186.20638433318723,186.2745179562473,185.66122436523438,185.66122436523438,53213600,0.0,0.0,0.0,-0.005171076283314591
2016-08-17 00:00:00-04:00,185.6953007652244,186.14676077773237,184.86052736442625,186.01046752929688,75134300,0.0,0.0,0.0,0.0018793105553491785
2016-08-18 00:00:00-04:00,185.98487945182433,186.46189273466416,185.87415258107467,186.42782592773438,52989300,0.0,0.0,0.0,0.0022412226694816795
2016-08-19 00:00:00-04:00,185.95936001723447,186.3341599500134,185.47383319350868,186.1552734375,75443000,0.0,0.0,0.0,-0.001463042952378757
2016-08-22 00:00:00-04:00,185.91675056339253,186.3767369854356,185.55047711402338,186.14674377441406,61368800,0.0,0.0,0.0,-4.582120264196021e-05
2016-08-23 00:00:00-04:00,186.76000624163,187.05814600024888,186.46186648301116,186.52149963378906,53399200,0.0,0.0,0.0,0.002011204294038116
2016-08-24 00:00:00-04:00,186.3767401227276,186.4704400993404,185.15012697348288,185.56752014160156,71728900,0.0,0.0,0.0,-0.005127706176551783
2016-08-25 00:00:00-04:00,185.18419646592582,185.85713621615523,185.03087631886928,185.4397430419922,69224800,0.0,0.0,0.0,-0.0006888118769694529
2016-08-26 00:00:00-04:00,185.627100488644,186.64927356118932,184.20457423805945,185.0904541015625,122506300,0.0,0.0,0.0,-0.0018853472488107315
2016-08-29 00:00:00-04:00,185.21828644695944,186.26601316896983,185.18420663620492,186.001953125,70502200,0.0,0.0,0.0,0.004912527655006826
2016-08-30 00:00:00-04:00,185.91674874049886,186.1978486628494,185.14160858841032,185.69528198242188,58114500,0.0,0.0,0.0,-0.001650112958602179
2016-08-31 00:00:00-04:00,185.3631039833095,185.48235733264187,184.39203728227727,185.1671905517578,85269500,0.0,0.0,0.0,-0.0028479117015196564
2016-09-01 00:00:00-04:00,185.15861927743916,185.46527252972356,184.0171927819061,185.1756591796875,97844200,0.0,0.0,0.0,4.573398912555149e-05
2016-09-02 00:00:00-04:00,186.0275074347612,186.43637418242812,185.43975417381776,186.01046752929688,79293900,0.0,0.0,0.0,0.0044980655098223465
2016-09-06 00:00:00-04:00,186.29151670298387,186.64927663438348,185.57599684018467,186.57261657714844,56702100,0.0,0.0,0.0,0.003017579156965766
2016-09-07 00:00:00-04:00,186.4108420848466,186.73453533739107,185.95086856596222,186.55564880371094,76554900,0.0,0.0,0.0,-9.094874349369064e-05
2016-09-08 00:00:00-04:00,186.22338441350036,186.49597085702842,185.8230311980916,186.1296844482422,74102900,0.0,0.0,0.0,-0.002285920603525504
2016-09-09 00:00:00-04:00,184.81789031099626,184.86899701764105,181.64914452265418,181.67469787597656,221589100,0.0,0.0,0.0,-0.024225945469303234
2016-09-12 00:00:00-04:00,180.91659072552463,184.68160321216067,180.84844411519546,184.28125,168110900,0.0,0.0,0.0,0.014245409691195476
2016-09-13 00:00:00-04:00,183.0035456328748,183.26760564649985,181.010305854894,181.6321258544922,182828800,0.0,0.0,0.0,-0.014479768194249232
2016-09-14 00:00:00-04:00,181.68326396938673,182.88432391408446,181.0103371408601,181.5640106201172,134185500,0.0,0.0,0.0,-0.00037508788410978156
2016-09-15 00:00:00-04:00,181.40214184170566,183.76165500904514,181.22325535365334,183.3783416748047,134427900,0.0,0.0,0.0,0.009943192350172936
2016-09-16 00:00:00-04:00,182.76365265916039,182.9434427794408,181.98459697339692,182.6694793701172,155236400,1.082,0.0,0.0,-0.00387306329964332
2016-09-19 00:00:00-04:00,183.32012466255208,183.9622116674637,182.37839183003095,182.70372009277344,80250500,0.0,0.0,0.0,0.00018742875945321202
2016-09-20 00:00:00-04:00,183.55988582869148,183.7139804812361,182.67808714811602,182.7123260498047,69665300,0.0,0.0,0.0,4.710223934445423e-05
2016-09-21 00:00:00-04:00,183.41427258495116,184.9467142769323,182.72937726175448,184.76693725585938,110284400,0.0,0.0,0.0,0.011182305076221866
2016-09-22 00:00:00-04:00,185.77719504411826,186.23093553533752,185.52892712117182,185.93128967285156,76678700,0.0,0.0,0.0,0.006281962855404721
2016-09-23 00:00:00-04:00,185.537451837607,185.67443352635397,184.81831756662461,184.91249084472656,73630900,0.0,0.0,0.0,-0.005494504396401645
2016-09-26 00:00:00-04:00,184.08207611232544,184.2618531667787,183.21739054421255,183.414306640625,89827300,0.0,0.0,0.0,-0.008135126071962873
2016-09-27 00:00:00-04:00,183.2516479102736,184.6471082252483,182.8835112062276,184.55294799804688,78494800,0.0,0.0,0.0,0.0061888386936219675
2016-09-28 00:00:00-04:00,184.7754965742225,185.62305601942785,183.8166509448692,185.4689483642578,87411000,0.0,0.0,0.0,0.0049510704441155795
2016-09-29 00:00:00-04:00,185.26350574056914,185.66588132423695,183.24307136462014,183.79098510742188,128070600,0.0,0.0,0.0,-0.00908831234769547
2016-09-30 00:00:00-04:00,184.62141895723138,185.87991058216204,184.37315105327025,185.1779022216797,117202900,0.0,0.0,0.0,0.0075178352105620405
2016-10-03 00:00:00-04:00,184.76705531758307,184.95538891509335,184.09927247988253,184.73280334472656,83512100,0.0,0.0,0.0,-0.0024065218176465564
2016-10-04 00:00:00-04:00,184.8440172416814,185.06660270918726,183.2002760132762,183.79098510742188,119948100,0.0,0.0,0.0,-0.005111313392915484
2016-10-05 00:00:00-04:00,184.4159472616854,185.0323518152725,184.34745641536537,184.6042938232422,72816000,0.0,0.0,0.0,0.004415420520762936
2016-10-06 00:00:00-04:00,184.38179247109812,184.95538891509335,183.84244799995938,184.73280334472656,62927400,0.0,0.0,0.0,0.0006958928721525481
2016-10-07 00:00:00-04:00,185.0066914120333,185.1779120165763,183.37150655256386,184.0991973876953,89788300,0.0,0.0,0.0,-0.0034357462424541296
2016-10-10 00:00:00-04:00,185.0580291748047,185.52032604567063,184.91249102910072,185.0580291748047,51855000,0.0,0.0,0.0,0.005194718533442888
2016-10-11 00:00:00-04:00,184.62997321386428,184.69846405905517,181.99313445883374,182.7208251953125,130367400,0.0,0.0,0.0,-0.012710004477511028
2016-10-12 00:00:00-04:00,182.85784372771823,183.48281791726936,182.36129479750986,182.96058654785156,73866100,0.0,0.0,0.0,0.0013113129581991956
2016-10-13 00:00:00-04:00,181.63356111941394,182.8578006442703,180.82025358838365,182.3612518310547,101357000,0.0,0.0,0.0,-0.0032811356537125747
2016-10-14 00:00:00-04:00,183.33725813528716,183.79956814610816,182.37841228068805,182.45545959472656,93346200,0.0,0.0,0.0,0.0005164662846590673
2016-10-17 00:00:00-04:00,182.42978031832754,182.686617766202,181.642155057929,181.8219451904297,58275700,0.0,0.0,0.0,-0.0034782011437259897
2016-10-18 00:00:00-04:00,183.414327058279,183.4742483953358,182.58389335505242,182.96058654785156,76869700,0.0,0.0,0.0,0.006242870512779497
2016-10-19 00:00:00-04:00,183.2259009304939,183.75668852815494,182.86633387434063,183.448486328125,66519200,0.0,0.0,0.0,0.002663144036288756
2016-10-20 00:00:00-04:00,183.097540097914,183.6625798404998,182.44689658612387,183.10610961914062,73639800,0.0,0.0,0.0,-0.0018680808389071046
2016-10-21 00:00:00-04:00,183.10609240583523,183.2773129914425,182.14723361250657,183.1916961669922,89089100,0.0,0.0,0.0,0.0004673058263371388
2016-10-24 00:00:00-04:00,184.06490690817907,184.33887024930587,183.6197230104936,183.97073364257812,60146600,0.0,0.0,0.0,0.004243564054494442
2016-10-25 00:00:00-04:00,183.79093870799545,184.0477760676888,183.1916602442382,183.3543243408203,66542300,0.0,0.0,0.0,-0.003356209259187004
2016-10-26 00:00:00-04:00,182.532511363168,183.56840448294915,182.29278684752947,182.9862518310547,75705500,0.0,0.0,0.0,-0.002009455995651166
2016-10-27 00:00:00-04:00,183.70540264784358,183.73964154554864,182.42122843952794,182.49827575683594,77220200,0.0,0.0,0.0,-0.0026702983428510407
2016-10-28 00:00:00-04:00,182.4725523568128,183.14887820685595,181.24831282341424,181.95887756347656,140623200,0.0,0.0,0.0,-0.0029600109767677907
2016-10-31 00:00:00-04:00,182.2928140484234,182.51541261831122,181.8048346130854,181.96749877929688,61272500,0.0,0.0,0.0,4.737890069161921e-05
2016-11-01 00:00:00-04:00,182.29280454167187,182.34418248355638,179.44194927362747,180.64906311035156,122781800,0.0,0.0,0.0,-0.007271821628384245
2016-11-02 00:00:00-04:00,180.34083850479635,180.72610117322677,179.12515529623803,179.56178283691406,103330800,0.0,0.0,0.0,-0.006036928581049317
2016-11-03 00:00:00-04:00,179.77582014393815,179.98984916370236,178.4659635880447,178.7399139404297,88939300,0.0,0.0,0.0,-0.004587588310604573
2016-11-04 00:00:00-04:00,178.85121684361937,179.69020696041335,178.39747635756683,178.5430145263672,109122100,0.0,0.0,0.0,-0.0011022045460782337
2016-11-07 00:00:00-05:00,178.54298408491587,182.51536157260367,178.54298408491587,182.48110961914062,109794900,0.0,0.0,0.0,0.02181710880093668
2016-11-08 00:00:00-05:00,182.08734096045808,183.8680640704405,181.82194705147958,183.3030242919922,106772100,0.0,0.0,0.0,0.0044939951186222515
2016-11-09 00:00:00-05:00,181.81335015747885,185.8627882300816,181.78766772262458,185.2463836669922,258429000,0.0,0.0,0.0,0.010546088772354523
2016-11-10 00:00:00-05:00,186.03405331261018,186.8987259738683,184.25333004480336,185.70872497558594,172113300,0.0,0.0,0.0,0.0024927088869910463
2016-11-11 00:00:00-05:00,184.98954808289514,185.52033582618566,184.338904621336,185.28062438964844,100552700,0.0,0.0,0.0,-0.0023078871492536734
2016-11-14 00:00:00-05:00,185.80282527315336,186.00829778369007,184.68131557930144,185.42613220214844,94580000,0.0,0.0,0.0,0.0007850292307072237
2016-11-15 00:00:00-05:00,185.81142771850293,186.87301635742188,185.60596822040515,186.87301635742188,91652600,0.0,0.0,0.0,0.007772735690498855
2016-11-16 00:00:00-05:00,186.25657880926144,186.75312761404004,186.13672310212814,186.52197265625,65617700,0.0,0.0,0.0,-0.0018802812834968208
2016-11-17 00:00:00-05:00,186.67611427140054,187.54078681133552,186.56481500049895,187.48086547851562,69797200,0.0,0.0,0.0,0.0051277414263459775
2016-11-18 00:00:00-05:00,187.54933270762592,187.72055328977922,186.88155022962977,187.06134033203125,86265800,0.0,0.0,0.0,-0.002240203188987877
2016-11-21 00:00:00-05:00,187.63493274925955,188.49960516314167,187.48939460414826,188.4739227294922,72402600,0.0,0.0,0.0,0.007523070127779086
2016-11-22 00:00:00-05:00,188.78212188802365,189.0218333070001,188.11435249754751,188.84205627441406,67429000,0.0,0.0,0.0,0.0019513282353162964
2016-11-23 00:00:00-05:00,188.32843477907736,188.99620435852816,188.13153171418705,188.94483947753906,56620200,0.0,0.0,0.0,0.0005441332498126172
2016-11-25 00:00:00-05:00,189.28728337550007,189.6810894836144,189.2102229949598,189.6468505859375,37872300,0.0,0.0,0.0,0.003708543697094946
2016-11-28 00:00:00-05:00,189.33862014822847,189.61257047886514,188.6537247266964,188.75645446777344,76572500,0.0,0.0,0.0,-0.004706078142472592
2016-11-29 00:00:00-05:00,188.79073376013366,189.57835903678915,188.4910878875461,189.12461853027344,69886700,0.0,0.0,0.0,0.0019485716819325205
2016-11-30 00:00:00-05:00,189.74102837676915,189.90369253700135,188.61094877723767,188.67088317871094,113291800,0.0,0.0,0.0,-0.0024020167930487446
2016-12-01 00:00:00-05:00,188.97050173292382,188.97050173292382,187.61783673708024,187.9774169921875,79040500,0.0,0.0,0.0,-0.0036823050564098736
2016-12-02 00:00:00-05:00,188.0630225212601,188.55957142791652,187.71201178431926,188.0715789794922,74840300,0.0,0.0,0.0,0.0005007963870742316
2016-12-05 00:00:00-05:00,188.9019990580523,189.5440860882473,188.70509602651484,189.20164489746094,67837800,0.0,0.0,0.0,0.005990720921425385
2016-12-06 00:00:00-05:00,189.3900322254395,189.83521631989439,188.9106092298559,189.80096435546875,59877400,0.0,0.0,0.0,0.003162616525141715
2016-12-07 00:00:00-05:00,189.6468220127813,192.34358221640227,189.5269662940269,192.28366088867188,110738100,0.0,0.0,0.0,0.01299571514093767
2016-12-08 00:00:00-05:00,192.25801124482192,193.22541361716267,191.9926042635398,192.75454711914062,99714400,0.0,0.0,0.0,0.002445920718686878
2016-12-09 00:00:00-05:00,192.97714906926694,193.9359949996824,192.9428971070115,193.9188690185547,88005800,0.0,0.0,0.0,0.006022267731681907
2016-12-12 00:00:00-05:00,193.8246554596792,194.30409138860358,193.27674174705902,193.6962432861328,102016100,0.0,0.0,0.0,-0.0011486949287284887
2016-12-13 00:00:00-05:00,194.35552648665052,195.48559321207833,194.33840050289155,194.98904418945312,110477500,0.0,0.0,0.0,0.006652197612640798
2016-12-14 00:00:00-05:00,194.68935787987144,195.39136626171157,192.9428737882111,193.37950134277344,142501800,0.0,0.0,0.0,-0.00828878692856616
2016-12-15 00:00:00-05:00,193.6192498901505,195.0318364456315,193.38809485011464,194.17572021484375,124972600,0.0,0.0,0.0,0.00410893698765058
2016-12-16 00:00:00-05:00,194.63122666208193,194.69151431182837,193.47727268966827,193.7958984375,156420200,1.329,0.0,0.0,-0.001957988061122684
2016-12-19 00:00:00-05:00,193.97675592107728,194.63985439307436,193.83035994627357,194.21788024902344,90341100,0.0,0.0,0.0,0.0021750875926027646
2016-12-20 00:00:00-05:00,194.75184200097368,195.11354171763983,194.5193376492084,194.96713256835938,89838800,0.0,0.0,0.0,0.003850370493831079
2016-12-21 00:00:00-05:00,194.8379452358374,195.0101750455565,194.42459106445312,194.42459106445312,67909000,0.0,0.0,0.0,-0.002786612154586088
2016-12-22 00:00:00-05:00,194.27818658290144,194.39874875846775,193.69258948708537,194.08872985839844,56219100,0.0,0.0,0.0,-0.0017289563658842155
2016-12-23 00:00:00-05:00,194.13177206117248,194.38151643666708,193.94232848222345,194.37290954589844,36697800,0.0,0.0,0.0,0.0014631032223944018
2016-12-27 00:00:00-05:00,194.6398577945518,195.25127551528226,194.6226308736002,194.8551483154297,42672500,0.0,0.0,0.0,0.00247792524994761
2016-12-28 00:00:00-05:00,195.1134995195581,195.1307133002148,193.13282409992078,193.24476623535156,64095000,0.0,0.0,0.0,-0.008298849147148069
2016-12-29 00:00:00-05:00,193.31369386357355,193.6667735318223,192.7625505615506,193.20175170898438,48696100,0.0,0.0,0.0,-0.00022261567667225535
2016-12-30 00:00:00-05:00,193.52893622499533,193.61505768273278,191.80661219256285,192.49554443359375,108998300,0.0,0.0,0.0,-0.0036619808935460796
2017-01-03 00:00:00-05:00,193.79594246656237,194.47626798685826,192.79700426633804,193.9681854248047,91366500,0.0,0.0,0.0,0.0076211452989589645
2017-01-04 00:00:00-05:00,194.29534908375123,195.26846626274224,194.28674219501517,195.1220703125,78744400,0.0,0.0,0.0,0.005931211349625265
2017-01-05 00:00:00-05:00,194.85519040871833,195.12214860982965,194.17486485721525,194.96713256835938,78379000,0.0,0.0,0.0,-0.0007943708830895346
2017-01-06 00:00:00-05:00,195.07904528556946,196.12966407630134,194.5365089692909,195.66464233398438,71559900,0.0,0.0,0.0,0.003571191857608902
2017-01-09 00:00:00-05:00,195.40628861430002,195.54407769928036,194.9843144691566,195.01876831054688,46939700,0.0,0.0,0.0,-0.003306383604937402
2017-01-10 00:00:00-05:00,195.03598209095162,195.87131035074572,194.63123486650335,195.01876831054688,63771900,0.0,0.0,0.0,0.0
2017-01-11 00:00:00-05:00,194.9326358857143,195.5699005126953,194.2695374492885,195.5699005126953,74650000,0.0,0.0,0.0,0.002822061221480432
2017-01-12 00:00:00-05:00,195.0532677438237,195.26855832632242,193.7270835373612,195.0791015625,72113200,0.0,0.0,0.0,-0.0025127375512239425
2017-01-13 00:00:00-05:00,195.25129252946203,195.82826959885762,195.21685182484828,195.52687072753906,62717900,0.0,0.0,0.0,0.002292690808350706
2017-01-17 00:00:00-05:00,194.88955823940466,195.29430540595925,194.4503703766765,194.837890625,61240800,0.0,0.0,0.0,-0.0035299334682132866
2017-01-18 00:00:00-05:00,195.0876133518998,195.31152385833252,194.536470254992,195.26846313476562,54793300,0.0,0.0,0.0,0.0022074630698032394
2017-01-19 00:00:00-05:00,195.34596398850047,195.4837530474012,194.11450876783078,194.5450897216797,66608800,0.0,0.0,0.0,-0.0037113858054462767
2017-01-20 00:00:00-05:00,195.2254491108912,195.75075852737518,194.59680444535826,195.25990295410156,129168600,0.0,0.0,0.0,0.0036675468354312457
2017-01-23 00:00:00-05:00,195.2599114531842,195.32018597098931,193.99400203606893,194.75181579589844,75061600,0.0,0.0,0.0,-0.002605498354078861
2017-01-24 00:00:00-05:00,194.9670681283333,196.41382709593856,194.8551260056911,196.00047302246094,95555300,0.0,0.0,0.0,0.0063910641727806805
2017-01-25 00:00:00-05:00,196.94777099923576,197.69699096679688,196.7841480966616,197.69699096679688,84437700,0.0,0.0,0.0,0.00861843725493916
2017-01-26 00:00:00-05:00,197.55053939409,197.81751062740526,197.21468677055776,197.49026489257812,59970700,0.0,0.0,0.0,-0.001046218419293865
2017-01-27 00:00:00-05:00,197.56781818965763,197.71421417781394,196.99944801896262,197.1802978515625,59711100,0.0,0.0,0.0,-0.0015707637407373909
2017-01-30 00:00:00-05:00,196.49135954736528,196.51719335976878,194.97571894509807,195.9574432373047,79737300,0.0,0.0,0.0,-0.0062210183875164304
2017-01-31 00:00:00-05:00,195.4665590486064,196.0004884566942,194.89820208042732,195.94020080566406,75880800,0.0,0.0,0.0,-8.799456650976367e-05
2017-02-01 00:00:00-05:00,195.9401377540197,196.8529671337238,195.43205546007658,196.01763916015625,79117700,0.0,0.0,0.0,0.0003951361478398141
2017-02-02 00:00:00-05:00,196.01768366488298,196.43105087203583,195.32876460020597,196.14686584472656,69657600,0.0,0.0,0.0,0.000659043271883597
2017-02-03 00:00:00-05:00,197.05107611387086,197.6797206338681,196.74105729820448,197.49887084960938,80563200,0.0,0.0,0.0,0.00686917293955247
2017-02-06 00:00:00-05:00,197.09416062482688,197.4903009625108,196.80997556219742,197.1458282470703,57790100,0.0,0.0,0.0,-0.001789167306818662
2017-02-07 00:00:00-05:00,197.53339345823807,197.77451782767443,196.9650232415841,197.15447998046875,57931200,0.0,0.0,0.0,4.388397989618653e-05
2017-02-08 00:00:00-05:00,197.1544447735918,197.54196507382068,196.61190846909716,197.4127960205078,51566200,0.0,0.0,0.0,0.0013093639166568138
2017-02-09 00:00:00-05:00,197.4127730625225,198.88535266019773,197.4127730625225,198.58395385742188,65955200,0.0,0.0,0.0,0.005915004362577747
2017-02-10 00:00:00-05:00,198.9284572962501,199.5915558331859,198.60121147329366,199.36764526367188,66015900,0.0,0.0,0.0,0.003938631839077722
2017-02-13 00:00:00-05:00,199.8584786124461,200.7110337232728,199.8326448036595,200.4526824951172,55182100,0.0,0.0,0.0,0.005427637465182045
2017-02-14 00:00:00-05:00,200.27186151936579,201.26220584645884,199.92740192577156,201.2535858154297,71109000,0.0,0.0,0.0,0.003987512492122924
2017-02-15 00:00:00-05:00,201.03828987887738,202.49365593222012,200.98662225525658,202.30419921875,86785800,0.0,0.0,0.0,0.005206767485744557
2017-02-16 00:00:00-05:00,202.33000632685946,202.51085612595435,201.38273602482136,202.13194274902344,84722400,0.0,0.0,0.0,-0.0008518352455082479
2017-02-17 00:00:00-05:00,201.46886778666237,202.45059204101562,201.4516408656272,202.45059204101562,77204100,0.0,0.0,0.0,0.0015752007587037653
2017-02-21 00:00:00-05:00,202.82087604014896,203.82843399397925,202.81225601044366,203.6562042236328,88946100,0.0,0.0,0.0,0.005937431904619039
2017-02-22 00:00:00-05:00,203.251490149344,203.6992849971404,203.08786724175664,203.4753875732422,62115200,0.0,0.0,0.0,-0.0008882467778095204
2017-02-23 00:00:00-05:00,203.99204201344,204.00925579101815,202.85530195944816,203.61312866210938,74615900,0.0,0.0,0.0,0.0006767132386702457
2017-02-24 00:00:00-05:00,202.76924973175792,203.91458385102231,202.72618899532657,203.8715362548828,82381600,0.0,0.0,0.0,0.0012683060230775922
2017-02-27 00:00:00-05:00,203.78536208765897,204.36233901382846,203.53563090539905,204.1901092529297,56515400,0.0,0.0,0.0,0.0015613967461840517
2017-02-28 00:00:00-05:00,203.81123736430177,204.05236170667933,203.2514872424162,203.63900756835938,96961900,0.0,0.0,0.0,-0.002702612428990392
2017-03-01 00:00:00-05:00,205.29242616150023,206.95447579618843,205.27519924075014,206.48944091796875,149158200,0.0,0.0,0.0,0.0139004219635126
2017-03-02 00:00:00-05:00,206.29998018539592,206.308600215748,205.13741929311072,205.1890869140625,70246000,0.0,0.0,0.0,-0.006317348322204985
2017-03-03 00:00:00-05:00,205.1029620528857,205.48187545397204,204.72404865179934,205.31825256347656,81974300,0.0,0.0,0.0,0.0006292976580688503
2017-03-06 00:00:00-05:00,204.52602881279873,205.05994518838477,204.10405459126903,204.70687866210938,55391500,0.0,0.0,0.0,-0.002982131132421628
2017-03-07 00:00:00-05:00,204.40544736476315,204.7585269980592,203.88874482138883,204.09542846679688,65103700,0.0,0.0,0.0,-0.0029914246598874428
2017-03-08 00:00:00-05:00,204.38822766273705,204.64657894355068,203.57873311499068,203.71652221679688,78168800,0.0,0.0,0.0,-0.0018582405856273354
2017-03-09 00:00:00-05:00,203.83706442731702,204.30209931528373,203.01035617805067,203.974853515625,90683900,0.0,0.0,0.0,0.0012672886834446118
2017-03-10 00:00:00-05:00,204.93074530765566,204.97380604057082,203.74233740870923,204.6896209716797,81991700,0.0,0.0,0.0,0.003498068608996263
2017-03-13 00:00:00-04:00,204.62931534588895,204.8359989615552,204.30208271311278,204.79293823242188,57256800,0.0,0.0,0.0,0.000504623508924773
2017-03-14 00:00:00-04:00,204.25043221184765,204.3021129786375,203.39789009404342,204.00930786132812,59880800,0.0,0.0,0.0,-0.0038337917092938767
2017-03-15 00:00:00-04:00,204.57770422342756,206.19669347585736,204.34518673412697,205.77471923828125,96081800,0.0,0.0,0.0,0.00861635487199397
2017-03-16 00:00:00-04:00,205.91245511123034,205.9899565408601,205.04268618470874,205.3699188232422,78344000,0.0,0.0,0.0,-0.001969139365401773
2017-03-17 00:00:00-04:00,205.6320125701059,205.82229351135118,205.00927734375,205.00927734375,89002100,1.033,0.0,0.0,-0.0017576016313727294
2017-03-20 00:00:00-04:00,205.0092647739321,205.29468616829985,204.39518711730236,204.78439331054688,52537000,0.0,0.0,0.0,-0.0010975477264878464
2017-03-21 00:00:00-04:00,205.38979134651112,205.5108779902165,202.0252983205672,202.155029296875,131809300,0.0,0.0,0.0,-0.012922810911240923
2017-03-22 00:00:00-04:00,202.1896235496629,202.91614337785805,201.56688849765175,202.63072204589844,97569200,0.0,0.0,0.0,0.0023503444299972642
2017-03-23 00:00:00-04:00,202.63077792289533,203.54757889187846,202.04264643239952,202.41455078125,100410300,0.0,0.0,0.0,-0.0010673932010805132
2017-03-24 00:00:00-04:00,202.7172885306516,203.2881181952796,201.48911986212113,202.2675323486328,112504900,0.0,0.0,0.0,-0.0007265873396118394
2017-03-27 00:00:00-04:00,200.59822377562864,202.31939645634566,200.321459915953,202.05992126464844,87454500,0.0,0.0,0.0,-0.0010269453650746385
2017-03-28 00:00:00-04:00,201.75720838274196,203.9540701538015,201.6447660551732,203.5302734375,93483900,0.0,0.0,0.0,0.007250464302765103
2017-03-29 00:00:00-04:00,203.24486140080134,203.95407953685887,203.01997673531778,203.72055053710938,61950400,0.0,0.0,0.0,0.0009344467942282719
2017-03-30 00:00:00-04:00,203.66001404084622,204.56817064319617,203.48703497312647,204.36923217773438,56737900,0.0,0.0,0.0,0.0031791150596784945
2017-03-31 00:00:00-04:00,204.03193003110582,204.55952479613492,203.84164908650794,203.8935546875,73733100,0.0,0.0,0.0,-0.0023302525764545834
2017-04-03 00:00:00-04:00,203.94541794497783,204.14434319591695,202.3107414799695,203.53890991210938,85546500,0.0,0.0,0.0,-0.0017408768116018436
2017-04-04 00:00:00-04:00,203.25351822724852,203.75516679210006,202.8729563368468,203.66867065429688,56466200,0.0,0.0,0.0,0.0006373198966445059
2017-04-05 00:00:00-04:00,204.34326269653357,205.32061345411282,202.85561912820899,203.06320190429688,108800600,0.0,0.0,0.0,-0.0029772399857854737
2017-04-06 00:00:00-04:00,203.2016094614245,204.15300091336346,202.76049767058808,203.63406372070312,69135800,0.0,0.0,0.0,0.002807307742486387
2017-04-07 00:00:00-04:00,203.38323508840378,204.11841261621606,202.94213649019045,203.42648315429688,74412300,0.0,0.0,0.0,-0.0010199002875301844
2017-04-10 00:00:00-04:00,203.56486351066155,204.3432758756478,203.01996693669741,203.5475616455078,67615300,0.0,0.0,0.0,0.000595018263844338
2017-04-11 00:00:00-04:00,203.16700087724368,203.4091742008586,201.8177457321159,203.30538940429688,88045300,0.0,0.0,0.0,-0.0011904658387598133
2017-04-12 00:00:00-04:00,203.02864167040403,203.21892261084852,202.18967930502347,202.41455078125,81864400,0.0,0.0,0.0,-0.004391403854828724
2017-04-13 00:00:00-04:00,202.07720426085868,202.81238170244328,201.099853515625,201.099853515625,92880400,0.0,0.0,0.0,-0.006516257678218729
2017-04-17 00:00:00-04:00,201.61884991623276,202.88162231445312,201.41992462795403,202.88162231445312,68405400,0.0,0.0,0.0,0.008821099277901645
2017-04-18 00:00:00-04:00,202.1464378130178,202.81242112623795,201.59289684029733,202.2761688232422,83225800,0.0,0.0,0.0,-0.00298873157638635
2017-04-19 00:00:00-04:00,202.83835390279546,203.2102582391283,201.67936643251812,201.9042510986328,68699900,0.0,0.0,0.0,-0.0018403555009030015
2017-04-20 00:00:00-04:00,202.51831842688946,203.98867342346213,202.19830650755497,203.5475616455078,92572200,0.0,0.0,0.0,0.008106115171194972
2017-04-21 00:00:00-04:00,203.46970747536926,203.52159986940245,202.5010142602025,202.89886474609375,110389800,0.0,0.0,0.0,-0.0031920440584434218
2017-04-24 00:00:00-04:00,205.13900016923373,205.33793863462017,202.87294402881207,205.13035583496094,119209900,0.0,0.0,0.0,0.010938007496681834
2017-04-25 00:00:00-04:00,205.77043356502134,206.66993281304875,205.68393741537315,206.323974609375,76698300,0.0,0.0,0.0,0.005801966509886292
2017-04-26 00:00:00-04:00,206.28930854770627,207.17151885724383,206.15093322651757,206.1941680908203,84702500,0.0,0.0,0.0,-0.0006293372795163066
2017-04-27 00:00:00-04:00,206.51420510170553,206.66988229606818,205.83091999989713,206.36717224121094,57410300,0.0,0.0,0.0,0.0008386833356333057
2017-04-28 00:00:00-04:00,206.6266222370468,206.65256843460105,205.7876599895779,205.9174041748047,63532800,0.0,0.0,0.0,-0.0021818339591508362
2017-05-01 00:00:00-04:00,206.43638610839844,206.86019608948664,206.0212336600102,206.43638610839844,66882500,0.0,0.0,0.0,0.0025171695755039636
2017-05-02 00:00:00-04:00,206.5747121383258,206.6957987823536,206.1076674249198,206.51417541503906,57375700,0.0,0.0,0.0,0.00037674876757076703
2017-05-03 00:00:00-04:00,206.51421282157696,206.60935328750722,205.588754362305,206.2633819580078,73137700,0.0,0.0,0.0,-0.0012151507920501459
2017-05-04 00:00:00-04:00,206.5661041306076,206.64394273028756,205.65794754197145,206.50555419921875,61462700,0.0,0.0,0.0,0.0011734035572166235
2017-05-05 00:00:00-04:00,206.87747439671105,207.33587486401794,206.43636259791836,207.31857299804688,62001300,0.0,0.0,0.0,0.003929301321208278
2017-05-08 00:00:00-04:00,207.36178939446052,207.50882223911654,206.86014093756975,207.28395080566406,48385700,0.0,0.0,0.0,-0.0001670139011489269
2017-05-09 00:00:00-04:00,207.54346036253196,207.7423856326874,206.74773288699615,207.0937042236328,51363200,0.0,0.0,0.0,-0.0009182280612352045
2017-05-10 00:00:00-04:00,207.05039337367515,207.46554565429688,206.84281063463777,207.46554565429688,54293800,0.0,0.0,0.0,0.0017939125975008352
2017-05-11 00:00:00-04:00,207.01586288180906,207.20614381507636,205.96067341458388,207.04180908203125,62358300,0.0,0.0,0.0,-0.002044531731605126
2017-05-12 00:00:00-04:00,206.79094123086725,207.08500691242796,206.42768129527087,206.69580078125,53912700,0.0,0.0,0.0,-0.0016725981549567948
2017-05-15 00:00:00-04:00,207.11966394959072,207.95862634921738,207.10236208226476,207.83753967285156,61918900,0.0,0.0,0.0,0.005508564292816764
2017-05-16 00:00:00-04:00,208.1315939933016,208.15754019413583,207.25804110448254,207.64724731445312,51241800,0.0,0.0,0.0,-0.0009160016330982401
2017-05-17 00:00:00-04:00,207.64724366280345,207.64724366280345,203.90218810458956,203.96273803710938,172174100,0.0,0.0,0.0,-0.017903393137755685
2017-05-18 00:00:00-04:00,203.88488106209277,205.631999962106,203.62540586744421,204.78439331054688,107047700,0.0,0.0,0.0,0.004020365243677659
2017-05-19 00:00:00-04:00,205.268726412231,206.7823162173544,205.21683401621968,206.1163330078125,115011400,0.0,0.0,0.0,0.0064830470089649594
2017-05-22 00:00:00-04:00,206.6266353290807,207.32722229980186,206.55745426285634,207.1628875732422,61010600,0.0,0.0,0.0,0.005064647581481729
2017-05-23 00:00:00-04:00,207.53476547872376,207.7855963023231,207.15420367564522,207.6212615966797,48341700,0.0,0.0,0.0,0.0022101819027922076
2017-05-24 00:00:00-04:00,207.85481893629006,208.2094213944331,207.51749194867847,208.1056365966797,46927700,0.0,0.0,0.0,0.0023302568166192472
2017-05-25 00:00:00-04:00,208.6159188746887,209.377042546185,208.40834928970304,209.1002655029297,64071700,0.0,0.0,0.0,0.004768057142043425
2017-05-26 00:00:00-04:00,208.91000654420898,209.22137415187208,208.8321679416575,209.0570526123047,46629900,0.0,0.0,0.0,-0.0002066824561319791
2017-05-30 00:00:00-04:00,208.73703870247456,209.12624493362787,208.5813614889964,208.87542724609375,35201900,0.0,0.0,0.0,-0.000869161342552438
2017-05-31 00:00:00-04:00,209.1694138412061,209.2040175627438,208.13152655177547,208.82345581054688,91796000,0.0,0.0,0.0,-0.0002488464198640017
2017-06-01 00:00:00-04:00,209.28189341336648,210.50141746443626,208.9964720483849,210.48411560058594,68962000,0.0,0.0,0.0,0.007921003988756503
2017-06-02 00:00:00-04:00,210.53604147612447,211.34041330489234,210.24197573118028,211.18472290039062,88666100,0.0,0.0,0.0,0.003323024518479656
2017-06-05 00:00:00-04:00,211.0117508671959,211.29717228709103,210.8301142554598,211.029052734375,44698800,0.0,0.0,0.0,-0.0007373997820678824
2017-06-06 00:00:00-04:00,210.466845031661,211.02038598008141,210.27656409337987,210.3544158935547,50375400,0.0,0.0,0.0,-0.0032020117895514844
2017-06-07 00:00:00-04:00,210.69169891436508,210.9684627494031,210.02571572770137,210.74359130859375,54144300,0.0,0.0,0.0,0.0018483845526944265
2017-06-08 00:00:00-04:00,210.83875251651543,211.32309917359729,210.3198021282382,210.84739685058594,65950700,0.0,0.0,0.0,0.0004924466936220284
2017-06-09 00:00:00-04:00,211.11553629639795,211.91125062202613,209.26463242652287,210.52740478515625,132256400,0.0,0.0,0.0,-0.0015188004868802452
2017-06-12 00:00:00-04:00,210.2851903574007,210.53600799468163,209.63650903629403,210.48411560058594,86108100,0.0,0.0,0.0,-0.00020564370629649886
2017-06-13 00:00:00-04:00,211.0203777650746,211.56527435779938,210.67441963482645,211.5133819580078,60067000,0.0,0.0,0.0,0.004878078208428782
2017-06-14 00:00:00-04:00,211.78147826011883,211.79012259331708,210.423565693046,211.2452392578125,78602300,0.0,0.0,0.0,-0.0012685382281825142
2017-06-15 00:00:00-04:00,209.89596964776152,210.95981650965615,209.6192058152247,210.83872985839844,66464900,0.0,0.0,0.0,-0.0019262021533439366
2017-06-16 00:00:00-04:00,210.99783260155976,211.04997806682266,210.00702897611282,210.8848419189453,84553100,1.183,0.0,0.0,0.0002186838195274987
2017-06-19 00:00:00-04:00,211.71048558799038,212.7012891020136,211.61488115848746,212.6404571533203,65123800,0.0,0.0,0.0,0.008290533264132982
2017-06-20 00:00:00-04:00,212.28406582345752,212.29275231085583,211.1889716296956,211.2063446044922,56906400,0.0,0.0,0.0,-0.006767152734107995
2017-06-21 00:00:00-04:00,211.59748345778655,211.7104608526788,210.68489823948386,211.1542205810547,55977600,0.0,0.0,0.0,-0.0002468223977265538
2017-06-22 00:00:00-04:00,211.16298950532982,211.65838473583867,210.88486264750003,211.05868530273438,44148100,0.0,0.0,0.0,-0.00045254552203122245
2017-06-23 00:00:00-04:00,211.11946010978448,211.64092790155846,210.73704243872845,211.3106689453125,66986800,0.0,0.0,0.0,0.001193191077618394
2017-06-26 00:00:00-04:00,211.97990513698605,212.39709532104865,211.24115571861205,211.44973754882812,56700500,0.0,0.0,0.0,0.000657907440694494
2017-06-27 00:00:00-04:00,211.23246021410642,211.5279732492118,209.72887535654044,209.7462615966797,82247700,0.0,0.0,0.0,-0.008088800670527085
2017-06-28 00:00:00-04:00,210.7631562637456,211.82349155414153,210.5284884176897,211.62359619140625,70042600,0.0,0.0,0.0,0.008910684909024802
2017-06-29 00:00:00-04:00,211.77132102248703,211.82346647947858,208.55555631046235,209.76364135742188,106949700,0.0,0.0,0.0,-0.008827827457366766
2017-06-30 00:00:00-04:00,210.57194686354703,210.94567811831612,209.96356102512635,210.15476989746094,86820700,0.0,0.0,0.0,0.0018628792768664582
2017-07-03 00:00:00-04:00,211.0934061863297,211.52796934909023,210.51109313964844,210.51109313964844,39153800,0.0,0.0,0.0,0.0016940919561863055
2017-07-05 00:00:00-04:00,210.8761255787128,211.20638456590143,210.06783119610182,210.997802734375,54427600,0.0,0.0,0.0,0.0023093691060855903
2017-07-06 00:00:00-04:00,210.2329855748634,210.3546627410907,208.88583699475083,209.068359375,65400800,0.0,0.0,0.0,-0.00918644300505278
2017-07-07 00:00:00-04:00,209.64195547243426,210.5719136942868,209.07701543431983,210.42416381835938,57972300,0.0,0.0,0.0,0.006464044478941666
2017-07-10 00:00:00-04:00,210.42416316812717,211.0238624203301,210.119963666866,210.65013122558594,36663300,0.0,0.0,0.0,0.0010732900658059208
2017-07-11 00:00:00-04:00,210.6501802969023,210.80662995913784,209.32911759842563,210.49374389648438,50354600,0.0,0.0,0.0,-0.0007426789063211814
2017-07-12 00:00:00-04:00,211.45842825120994,212.24063660467954,211.45842825120994,212.07550048828125,59610400,0.0,0.0,0.0,0.007486413175844753
2017-07-13 00:00:00-04:00,212.08422425743714,212.54486018070784,211.85824290969333,212.43186950683594,39471600,0.0,0.0,0.0,0.0016789772214078624
2017-07-14 00:00:00-04:00,212.43188011754648,213.7790287344336,212.33627567991405,213.4226837158203,60262700,0.0,0.0,0.0,0.004653307047438382
2017-07-17 00:00:00-04:00,213.3444457275283,213.72686344258008,213.2227685692678,213.39659118652344,33531900,0.0,0.0,0.0,-0.00012226500003009733
2017-07-18 00:00:00-04:00,212.988101404327,213.56172797868854,212.64914265798896,213.50958251953125,42742500,0.0,0.0,0.0,0.0005293497382128365
2017-07-19 00:00:00-04:00,213.82247370216416,214.6742138332142,213.81377395088398,214.66552734375,51034300,0.0,0.0,0.0,0.005399415360337834
2017-07-20 00:00:00-04:00,214.9175905723724,215.03926774664197,214.213600259683,214.7611541748047,47135200,0.0,0.0,0.0,0.0004453697767319298
2017-07-21 00:00:00-04:00,214.18751329032523,214.5960037614684,213.96153193754682,214.56993103027344,82340800,0.0,0.0,0.0,-0.0008907957693526924
2017-07-24 00:00:00-04:00,214.49169049735036,214.65682662914074,214.04844082397815,214.5177764892578,46622300,0.0,0.0,0.0,-0.00024309501464880867
2017-07-25 00:00:00-04:00,215.26519841336034,215.36950258874876,214.81326227999904,215.0392303466797,54915600,0.0,0.0,0.0,0.002427869201377497
2017-07-26 00:00:00-04:00,215.32603937745765,215.36079859402545,214.7871853188609,215.04791259765625,47575400,0.0,0.0,0.0,4.03743804957557e-05
2017-07-27 00:00:00-04:00,215.50853633663485,215.54329554910623,213.52691641862165,214.84799194335938,70766600,0.0,0.0,0.0,-0.0009300887335612629
2017-07-28 00:00:00-04:00,214.37001170050198,214.72635669145512,213.91807554115323,214.5959930419922,50088400,0.0,0.0,0.0,-0.0011736055881659269
2017-07-31 00:00:00-04:00,214.99574143870353,215.0913458501037,214.26567862172752,214.47427368164062,65838700,0.0,0.0,0.0,-0.0005673633111236143
2017-08-01 00:00:00-04:00,215.07402396682556,215.10878318749505,214.430865659001,214.9523468017578,55050400,0.0,0.0,0.0,0.0022265658197282434
2017-08-02 00:00:00-04:00,215.0826523137518,215.19564295856176,214.12660823108152,215.05657958984375,47211200,0.0,0.0,0.0,0.0004847936111556095
2017-08-03 00:00:00-04:00,214.9436516202599,214.96972435177045,214.36133851349652,214.63946533203125,40856000,0.0,0.0,0.0,-0.0019414392743755116
2017-08-04 00:00:00-04:00,215.12613725672801,215.3607918002414,214.64811515765828,215.03053283691406,60191800,0.0,0.0,0.0,0.0018203161241627797
2017-08-07 00:00:00-04:00,215.1001303399262,215.43038940429688,214.99582613797162,215.43038940429688,31995000,0.0,0.0,0.0,0.0018578071166501786
2017-08-08 00:00:00-04:00,215.11745858993362,216.33424343971365,214.52645903629823,214.90017700195312,61719400,0.0,0.0,0.0,-0.002464211060226873
2017-08-09 00:00:00-04:00,214.21360766535665,214.94367073621333,213.85726262059882,214.8915252685547,62632600,0.0,0.0,0.0,-4.026012300339943e-05
2017-08-10 00:00:00-04:00,214.05707290537646,214.18744978451153,211.80603936752414,211.85818481445312,120479500,0.0,0.0,0.0,-0.01421625589545883
2017-08-11 00:00:00-04:00,212.08419213347946,212.7621095503957,211.84952433168104,212.1710968017578,74869900,0.0,0.0,0.0,0.0014758982818952049
2017-08-14 00:00:00-04:00,213.4487010455156,214.491649836917,213.41394183258802,214.2743682861328,73291900,0.0,0.0,0.0,0.009864279075597615
2017-08-15 00:00:00-04:00,214.65682724702344,214.67421348773985,213.94415051944327,214.2483367919922,55242700,0.0,0.0,0.0,-0.0001214941185807561
2017-08-16 00:00:00-04:00,214.76982020562247,215.16962417546023,214.19619361221802,214.6220703125,56715500,0.0,0.0,0.0,0.0017428743458234308
2017-08-17 00:00:00-04:00,214.013680686834,214.32656670840692,211.2759246826172,211.2759246826172,128490400,0.0,0.0,0.0,-0.015713689763550143
2017-08-18 00:00:00-04:00,211.1107405074695,212.23192068870688,210.5023548433704,210.94561767578125,136748000,0.0,0.0,0.0,-0.001564614976175882
2017-08-21 00:00:00-04:00,210.8848412235054,211.3715499134438,210.18085092114322,211.11080932617188,65469700,0.0,0.0,0.0,0.0007827941870210964
2017-08-22 00:00:00-04:00,211.69308230910568,213.47478047201594,211.6756960711894,213.31834411621094,63140100,0.0,0.0,0.0,0.01040246495217545
2017-08-23 00:00:00-04:00,212.35363249443412,212.97940449734378,212.20588261344366,212.55352783203125,50203800,0.0,0.0,0.0,-0.003591770937631189
2017-08-24 00:00:00-04:00,212.93596411886358,213.09240050234038,211.8495561386653,212.0581512451172,50741700,0.0,0.0,0.0,-0.002333316939099106
2017-08-25 00:00:00-04:00,212.84902759401217,213.46611310809237,212.40577795104076,212.55352783203125,64445900,0.0,0.0,0.0,0.002333316939099106
2017-08-28 00:00:00-04:00,213.08369316418083,213.10976589220928,212.1450351697119,212.56222534179688,40565600,0.0,0.0,0.0,4.0918313198190503e-05
2017-08-29 00:00:00-04:00,211.24984420711982,213.0663150587926,211.1368535401398,212.8055877685547,51135700,0.0,0.0,0.0,0.0011442447961966806
2017-08-30 00:00:00-04:00,212.7882037622832,214.0832067852587,212.6056813953853,213.8137664794922,62030800,0.0,0.0,0.0,0.004726370604949182
2017-08-31 00:00:00-04:00,214.43080576922682,215.34339088326126,213.84849283748224,215.10003662109375,103803900,0.0,0.0,0.0,0.005997820486578931
2017-09-01 00:00:00-04:00,215.47376752778257,215.83011245528897,215.2564859761538,215.40423583984375,62007000,0.0,0.0,0.0,0.0014132229984156197
2017-09-05 00:00:00-04:00,214.9001417922281,215.12612309426453,212.8924623701218,213.85719299316406,91398800,0.0,0.0,0.0,-0.007207959722306256
2017-09-06 00:00:00-04:00,214.53516532697782,214.9175830790108,214.0049976728988,214.58731079101562,57916900,0.0,0.0,0.0,0.0034082290619119604
2017-09-07 00:00:00-04:00,214.89145995468658,214.90884619256107,214.15269735588026,214.56118774414062,58034700,0.0,0.0,0.0,-0.00012174362485861678
2017-09-08 00:00:00-04:00,214.27440110391774,214.76980948125174,214.06581927077957,214.30917358398438,63832800,0.0,0.0,0.0,-0.0011752464702050602
2017-09-11 00:00:00-04:00,215.57809645054567,216.67320415146062,215.56072347185696,216.59498596191406,71364800,0.0,0.0,0.0,0.01060947669388046
2017-09-12 00:00:00-04:00,216.96002648847752,217.35981720404104,216.7775041101089,217.32505798339844,56896000,0.0,0.0,0.0,0.003365010308111316
2017-09-13 00:00:00-04:00,217.03823234422606,217.46410902833395,216.9252416753817,217.42933654785156,59228000,0.0,0.0,0.0,0.0004797125354665255
2017-09-14 00:00:00-04:00,217.10780716707143,217.55975667040315,216.93398451558022,217.35984802246094,95446300,0.0,0.0,0.0,-0.0003196423850839736
2017-09-15 00:00:00-04:00,217.21568500777204,217.73974074405513,217.1108765260414,217.65240478515625,95432400,1.235,0.0,0.0,0.001345050880355636
2017-09-18 00:00:00-04:00,218.01923179186971,218.4646811341499,217.7309951606429,218.1153106689453,46235200,0.0,0.0,0.0,0.0021245541672403334
2017-09-19 00:00:00-04:00,218.35988131876667,218.42102848279805,218.01051083970842,218.33367919921875,47108100,0.0,0.0,0.0,0.0010006601163672357
2017-09-20 00:00:00-04:00,218.42108118388109,218.52588968736106,217.41661749087802,218.41233825683594,59574100,0.0,0.0,0.0,0.0003602050405673296
2017-09-21 00:00:00-04:00,218.25512344327234,218.3424594194711,217.65244789868083,217.82713317871094,48211400,0.0,0.0,0.0,-0.0026829549707496625
2017-09-22 00:00:00-04:00,217.53011717373215,218.03671369942697,217.5039150540953,217.87075805664062,51214000,0.0,0.0,0.0,0.00020025287683544946
2017-09-25 00:00:00-04:00,217.61748127360232,217.96686512666057,216.68290778788798,217.42532348632812,57064400,0.0,0.0,0.0,-0.002046582749878567
2017-09-26 00:00:00-04:00,217.85331699185963,218.0978790288707,217.32051826959304,217.5563507080078,54082000,0.0,0.0,0.0,0.000602449406105876
2017-09-27 00:00:00-04:00,218.25506607895477,218.78786470597146,217.37288365607444,218.40354919433594,81001400,0.0,0.0,0.0,0.003886593941195393
2017-09-28 00:00:00-04:00,218.1240924786589,218.7442405296163,218.03675650526645,218.66563415527344,44778800,0.0,0.0,0.0,0.0011992837854251093
2017-09-29 00:00:00-04:00,218.65684347170293,219.51282378636614,218.47342863829596,219.4342041015625,85578000,0.0,0.0,0.0,0.0035086556425776294
2017-10-02 00:00:00-04:00,219.66131981077575,220.3862762451172,219.48662123661734,220.3862762451172,59023000,0.0,0.0,0.0,0.004329373793139801
2017-10-03 00:00:00-04:00,220.38624346921534,220.8840970141619,220.3076237914844,220.85789489746094,66810200,0.0,0.0,0.0,0.0021376773350567646
2017-10-04 00:00:00-04:00,220.70947739668037,221.3645571641749,220.59592597213907,221.1199951171875,55953600,0.0,0.0,0.0,0.001186033312399637
2017-10-05 00:00:00-04:00,221.45185340602157,222.44757394086622,221.15488716333428,222.43011474609375,63522800,0.0,0.0,0.0,0.005907442743462887
2017-10-06 00:00:00-04:00,221.9846458307206,222.465040226087,221.7226246401837,222.1768035888672,80646000,0.0,0.0,0.0,-0.0011394837740441588
2017-10-09 00:00:00-04:00,222.4039281542774,222.46506199550856,221.54794775599703,221.8099822998047,35803100,0.0,0.0,0.0,-0.0016523977027507186
2017-10-10 00:00:00-04:00,222.37774343936067,222.77078862202265,221.836201785734,222.39520263671875,43057400,0.0,0.0,0.0,0.0026349115019197455
2017-10-11 00:00:00-04:00,222.29912037898842,222.7445831298828,222.13317804080668,222.7445831298828,47674300,0.0,0.0,0.0,0.0015697566296211107
2017-10-12 00:00:00-04:00,222.43017699506535,222.77954757510355,222.1768719960493,222.41270446777344,47065100,0.0,0.0,0.0,-0.0014910627449831182
2017-10-13 00:00:00-04:00,222.84938156164074,222.96293297578225,222.41266175664202,222.6834259033203,54800400,0.0,0.0,0.0,0.001216462918718797
2017-10-16 00:00:00-04:00,222.91052901548102,223.1725502367093,222.56988810025342,222.9803924560547,38221700,0.0,0.0,0.0,0.0013326933192843171
2017-10-17 00:00:00-04:00,222.9279734690156,223.18127840295898,222.70961358067885,223.13760375976562,31561000,0.0,0.0,0.0,0.0007047969889235617
2017-10-18 00:00:00-04:00,223.5131697489327,223.5568443908322,223.1637992689959,223.35595703125,40888300,0.0,0.0,0.0,0.0009780803490411216
2017-10-19 00:00:00-04:00,222.57858928408425,223.45202878369093,222.1593420560092,223.41708374023438,61903800,0.0,0.0,0.0,0.00027363651692269286
2017-10-20 00:00:00-04:00,224.21187489798012,224.59619031541695,223.39956943337486,224.56996154785156,89176400,0.0,0.0,0.0,0.005146936121528611
2017-10-23 00:00:00-04:00,224.89322883296725,224.9194309537116,223.61798787604818,223.69659423828125,63915300,0.0,0.0,0.0,-0.003896647668167219
2017-10-24 00:00:00-04:00,224.12457516951147,224.3254491898928,223.7315167426879,224.08963012695312,66935900,0.0,0.0,0.0,0.0017554626213085456
2017-10-25 00:00:00-04:00,223.75775317683716,223.87130459112328,221.85366122188066,222.9803924560547,103715300,0.0,0.0,0.0,-0.004962264929557314
2017-10-26 00:00:00-04:00,223.59181270302912,223.86256352467024,223.14634996797955,223.2686309814453,69798000,0.0,0.0,0.0,0.0012918283305367595
2017-10-27 00:00:00-04:00,224.01105961565028,225.2513555999806,223.27737353607554,225.0941162109375,85562500,0.0,0.0,0.0,0.00814293929570642
2017-10-30 00:00:00-04:00,224.0110684569867,224.99805952789407,223.9586642103246,224.25563049316406,54285700,0.0,0.0,0.0,-0.003732000283136472
2017-10-31 00:00:00-04:00,224.6311978502524,224.85830068394264,224.3080294517007,224.60499572753906,60304800,0.0,0.0,0.0,0.0015566761017389297
2017-11-01 00:00:00-04:00,225.38233948819274,225.7229670376646,224.5351020940333,224.9019317626953,54202700,0.0,0.0,0.0,0.0013211635246888065
2017-11-02 00:00:00-04:00,224.83206036171993,225.12902658710306,223.76646312698873,224.98927307128906,56449500,0.0,0.0,0.0,0.00038827747131975343
2017-11-03 00:00:00-04:00,225.14650410247782,225.7841245724056,224.73598644613577,225.74046325683594,59589700,0.0,0.0,0.0,0.0033332208660823426
2017-11-06 00:00:00-05:00,225.60946643391293,226.22088489302695,225.53960298542842,226.08987426757812,49652600,0.0,0.0,0.0,0.0015466472760961025
2017-11-07 00:00:00-05:00,226.19465366347248,226.5265649754122,225.42602255271962,225.93263244628906,57502200,0.0,0.0,0.0,-0.0006957256565591763
2017-11-08 00:00:00-05:00,225.75790711573666,226.4129867363392,225.47840008035098,226.31689453125,50469600,0.0,0.0,0.0,0.0016993370009688036
2017-11-09 00:00:00-05:00,225.1116255581351,225.68809896409653,223.91499076764975,225.49594116210938,95085500,0.0,0.0,0.0,-0.00363404581615967
2017-11-10 00:00:00-05:00,225.11158468854057,225.6007087038398,224.79713258998552,225.42601013183594,59984700,0.0,0.0,0.0,-0.0003101691130069639
2017-11-13 00:00:00-05:00,224.7447214001383,225.8627229227184,224.7097763557661,225.6356201171875,50228600,0.0,0.0,0.0,0.000929407364241186
2017-11-14 00:00:00-05:00,224.83209570763378,225.2164112727262,224.0547216515681,225.11160278320312,61315200,0.0,0.0,0.0,-0.0023251061501277093
2017-11-15 00:00:00-05:00,224.14212182759098,224.66619104943817,223.2774249374672,223.9849090576172,80811500,0.0,0.0,0.0,-0.005017612293673146
2017-11-16 00:00:00-05:00,224.92818802377593,226.25583346300692,224.8845266997023,225.88897705078125,67777000,0.0,0.0,0.0,0.008464947273735923
2017-11-17 00:00:00-05:00,225.53959557863226,225.8627639958813,225.14653705992936,225.2251434326172,75756800,0.0,0.0,0.0,-0.002943087202043948
2017-11-20 00:00:00-05:00,225.46966340899763,225.80154799632177,225.22507478372367,225.60939025878906,48075500,0.0,0.0,0.0,0.001704602866452909
2017-11-21 00:00:00-05:00,226.37814813373697,227.26907389602553,225.57459834825494,227.08563232421875,69176800,0.0,0.0,0.0,0.0065220390094458125
2017-11-22 00:00:00-05:00,227.0942910420056,227.22530164809308,226.7187184194679,226.88467407226562,45033400,0.0,0.0,0.0,-0.0008853366057115508
2017-11-24 00:00:00-05:00,227.3738035315452,227.5135570664607,227.23404999662972,227.40872192382812,27856500,0.0,0.0,0.0,0.002307090918008292
2017-11-27 00:00:00-05:00,227.4524398025085,227.74940610752606,227.09432632006434,227.29522705078125,52274900,0.0,0.0,0.0,-0.0004992033856741074
2017-11-28 00:00:00-05:00,227.7580990977113,229.62724582071488,227.66200688921438,229.60104370117188,98971700,0.0,0.0,0.0,0.010093477990611
2017-11-29 00:00:00-05:00,229.7321289544472,230.26494109864657,229.0159285691106,229.46136474609375,77512100,0.0,0.0,0.0,-0.0006085401758815223
2017-11-30 00:00:00-05:00,230.37840026108975,232.37855743063676,230.29979390840188,231.47019958496094,127894400,0.0,0.0,0.0,0.008716467749415813
2017-12-01 00:00:00-05:00,231.25187025317766,231.7322513570046,227.75811195549682,230.9898223876953,164390900,0.0,0.0,0.0,-0.0020774871219799707
2017-12-04 00:00:00-05:00,232.60561443954583,233.0335911605891,230.6578352332182,230.71026611328125,94040600,0.0,0.0,0.0,-0.001210986592988128
2017-12-05 00:00:00-05:00,229.8805694580078,231.59250360309943,229.74955884962907,229.8805694580078,77994500,0.0,0.0,0.0,-0.0036027531971516424
2017-12-06 00:00:00-05:00,229.9766138332505,230.35221308301692,229.46128771759268,229.92420959472656,75898600,0.0,0.0,0.0,0.00018982028390279737
2017-12-07 00:00:00-05:00,230.64918518066406,230.9636106197974,229.66219423795215,230.64918518066406,77218600,0.0,0.0,0.0,0.0031481461713598335
2017-12-08 00:00:00-05:00,231.60128843562327,231.9157139526257,230.61429724847798,231.90699768066406,76563900,0.0,0.0,0.0,0.0054385419409523905
2017-12-11 00:00:00-05:00,232.60572814941406,232.6668753266698,231.88078491496563,232.60572814941406,83077500,0.0,0.0,0.0,0.0030084471615046127
2017-12-12 00:00:00-05:00,233.39179273103937,233.48788494970145,232.6406474545075,233.01622009277344,85195800,0.0,0.0,0.0,0.0017631988837996104
2017-12-13 00:00:00-05:00,233.2607696276706,233.69748941303737,232.90265620503862,232.99000549316406,102905400,0.0,0.0,0.0,-0.00011250750825997358
2017-12-14 00:00:00-05:00,233.28694539741238,233.40049679362306,231.98552911370558,232.03793334960938,100666700,0.0,0.0,0.0,-0.0040946936485921626
2017-12-15 00:00:00-05:00,233.03963870240307,234.43550291442347,232.98696660319516,233.97021484375,144610300,1.351,0.0,0.0,0.008292956145531605
2017-12-18 00:00:00-05:00,235.36609217204557,235.80504421757664,235.26074796775922,235.45388793945312,83653600,0.0,0.0,0.0,0.006321269092668835
2017-12-19 00:00:00-05:00,235.69975033749483,235.74363483481503,234.47945053044936,234.54969787597656,82382900,0.0,0.0,0.0,-0.003847592683253076
2017-12-20 00:00:00-05:00,235.51528913029864,235.56796122534465,234.12821264158202,234.42669677734375,76751500,0.0,0.0,0.0,-0.0005245513542071478
2017-12-21 00:00:00-05:00,235.05002902454035,235.6206881078484,234.66374908730396,234.90956115722656,67032300,0.0,0.0,0.0,0.002057648613704721
2017-12-22 00:00:00-05:00,234.92712216084462,234.96224582342296,234.3125786274947,234.84811401367188,78720900,0.0,0.0,0.0,-0.0002616120913101483
2017-12-26 00:00:00-05:00,234.44431077412563,234.7867062791785,234.30386967573068,234.56723022460938,45244400,0.0,0.0,0.0,-0.0011967389904619097
2017-12-27 00:00:00-05:00,234.73406860187708,235.0413404816488,234.4092482801095,234.681396484375,57751000,0.0,0.0,0.0,0.00048659177894183614
2017-12-28 00:00:00-05:00,235.181775060121,235.20811111513945,234.7954950588432,235.16419982910156,45116100,0.0,0.0,0.0,0.0020551581985595035
2017-12-29 00:00:00-05:00,235.74357739646385,235.76112583281383,234.08435264594527,234.2774658203125,96007400,0.0,0.0,0.0,-0.003777828549511142
2018-01-02 00:00:00-05:00,235.1378250465664,235.98939307392297,234.75154510890943,235.9542694091797,86655700,0.0,0.0,0.0,0.007131848280510944
2018-01-03 00:00:00-05:00,236.12108775526218,237.59598705803205,236.12108775526218,237.4467315673828,90070400,0.0,0.0,0.0,0.006305297621868711
2018-01-04 00:00:00-05:00,238.08760791196542,238.93038836501717,237.50818797814625,238.44752502441406,80636400,0.0,0.0,0.0,0.004205955077244639
2018-01-05 00:00:00-05:00,239.23763366582364,240.1594221725427,238.7460095567062,240.03652954101562,83524000,0.0,0.0,0.0,0.0066418529224083755
2018-01-08 00:00:00-05:00,239.94000464548068,240.6335564936815,239.65030803580805,240.4755401611328,57319200,0.0,0.0,0.0,0.0018272620812203044
2018-01-09 00:00:00-05:00,240.89697797685832,241.64320212464764,240.6160421202641,241.0198974609375,57254000,0.0,0.0,0.0,0.0022611118992852397
2018-01-10 00:00:00-05:00,240.26484301056274,240.9145104124587,239.5976539590796,240.651123046875,69574300,0.0,0.0,0.0,-0.00153122970000652
2018-01-11 00:00:00-05:00,241.20421201328483,242.4069366455078,241.03740804909924,242.4069366455078,62361500,0.0,0.0,0.0,0.0072696078489196125
2018-01-12 00:00:00-05:00,242.67035647810275,244.15399032974705,242.37184539272397,243.98721313476562,90816100,0.0,0.0,0.0,0.006497948424528666
2018-01-16 00:00:00-05:00,245.24244584505615,245.89208612074793,242.45947885241839,243.1530303955078,106555100,0.0,0.0,0.0,-0.0034248188923307055
2018-01-17 00:00:00-05:00,244.08370257733014,245.85705940856167,243.15312627275705,245.4707794189453,113258800,0.0,0.0,0.0,0.009486915538200691
2018-01-18 00:00:00-05:00,245.35662013203756,245.777996906449,244.56648509700818,245.05813598632812,100728000,0.0,0.0,0.0,-0.0016824432444009219
2018-01-19 00:00:00-05:00,245.6376059390425,246.1731414794922,245.05821269286884,246.1731414794922,140920100,0.0,0.0,0.0,0.004539643378513425
2018-01-22 00:00:00-05:00,245.96243468466326,248.17474365234375,245.9097357837922,248.17474365234375,91322400,0.0,0.0,0.0,0.008097994029633071
2018-01-23 00:00:00-05:00,248.21862891691765,248.99118891195354,247.89380864434813,248.7014923095703,97084700,0.0,0.0,0.0,0.002120241687697977
2018-01-24 00:00:00-05:00,249.34230987749274,249.939305019952,247.42848539217053,248.60487365722656,134816100,0.0,0.0,0.0,-0.0003885679338591075
2018-01-25 00:00:00-05:00,249.46518587772036,249.5617424508403,247.92006637578538,248.71017456054688,84587300,0.0,0.0,0.0,0.000423477653737514
2018-01-26 00:00:00-05:00,249.54424737555524,251.63366347839286,249.28964767784194,251.58975219726562,107743100,0.0,0.0,0.0,0.011511532509457467
2018-01-29 00:00:00-05:00,251.01908716589267,251.45803917092164,249.7636908614709,249.9217071533203,90118300,0.0,0.0,0.0,-0.006652096034136079
2018-01-30 00:00:00-05:00,248.09574323033812,249.97444436968703,246.88423109421504,247.35830688476562,131796400,0.0,0.0,0.0,-0.010309776792903236
2018-01-31 00:00:00-05:00,248.2098613943564,248.71024642133222,246.41014172914782,247.48118591308594,108364800,0.0,0.0,0.0,0.000496641972334011
2018-02-01 00:00:00-05:00,246.7525281863909,248.49954888800508,246.41013270475324,247.2002410888672,90102500,0.0,0.0,0.0,-0.001135861744910649
2018-02-02 00:00:00-05:00,245.883399577148,246.0151066419787,241.78360191588195,241.8187255859375,173174800,0.0,0.0,0.0,-0.022010323223151218
2018-02-05 00:00:00-05:00,240.0628951810938,242.16985973581026,231.1609344386689,231.70523071289062,294681800,0.0,0.0,0.0,-0.042722371086447275
2018-02-06 00:00:00-05:00,228.20238422661203,236.7707364527866,227.11379176202638,236.27032470703125,355026800,0.0,0.0,0.0,0.01951058662734262
2018-02-07 00:00:00-05:00,235.71721968539316,239.10591620344402,234.9095362319154,234.9885711669922,167376100,0.0,0.0,0.0,-0.005439713549820979
2018-02-08 00:00:00-05:00,235.28710323131492,235.42757111233564,226.13933006721916,226.17445373535156,246449500,0.0,0.0,0.0,-0.03823025895069687
2018-02-09 00:00:00-05:00,228.95738632420708,231.42429478550562,222.039510890829,229.57192993164062,283565300,0.0,0.0,0.0,0.014909779897320341
2018-02-12 00:00:00-05:00,231.61747121653497,234.40922715006334,229.71243395839974,232.943115234375,143736000,0.0,0.0,0.0,0.014577882557331279
2018-02-13 00:00:00-05:00,231.7404380512557,234.06687947855633,231.16101790099106,233.5225830078125,81223600,0.0,0.0,0.0,0.002484504535693155
2018-02-14 00:00:00-05:00,232.03884618797034,237.0341229974219,232.03005857309503,236.67417907714844,120735700,0.0,0.0,0.0,0.013405635773747093
2018-02-15 00:00:00-05:00,238.41239000673542,239.70290992752416,235.9542427906361,239.69412231445312,111200300,0.0,0.0,0.0,0.012679196689021843
2018-02-16 00:00:00-05:00,239.07086405094287,241.70457649535732,239.0269527686309,239.76438903808594,160420100,0.0,0.0,0.0,0.00029310867352272396
2018-02-20 00:00:00-05:00,238.81629808944345,240.25607395574437,237.47310562466865,238.26321411132812,86369700,0.0,0.0,0.0,-0.0062807245927398725
2018-02-21 00:00:00-05:00,238.70213095136867,241.17782706280644,236.98144633395106,237.0780029296875,98883700,0.0,0.0,0.0,-0.004986790942213659
2018-02-22 00:00:00-05:00,237.99979746858162,239.71169432106666,236.71806503482514,237.38525390625,110511300,0.0,0.0,0.0,0.0012951520063344546
2018-02-23 00:00:00-05:00,238.6056321866141,241.16909790039062,238.1315563332114,241.16909790039062,92766400,0.0,0.0,0.0,0.01581397321072142
2018-02-26 00:00:00-05:00,242.24016221617225,244.06621842836591,241.65198125307916,243.96963500976562,86491400,0.0,0.0,0.0,0.011545432380168918
2018-02-27 00:00:00-05:00,244.15392938564298,244.86505645092993,240.8617885657484,240.92324829101562,99099200,0.0,0.0,0.0,-0.012565359921559605
2018-02-28 00:00:00-05:00,242.0205568617453,242.46829645388414,238.1665724153138,238.48260498046875,121907800,0.0,0.0,0.0,-0.010182038370094126
2018-03-01 00:00:00-05:00,238.27192412429704,239.81704371338597,233.5224603436801,235.01490783691406,176855100,0.0,0.0,0.0,-0.014647422840160296
2018-03-02 00:00:00-05:00,233.34685555508847,236.78825077369177,232.4865268440641,236.22637939453125,139083200,0.0,0.0,0.0,0.005141630240601103
2018-03-05 00:00:00-05:00,235.041236149635,239.57122378460642,234.9358651698893,238.95668029785156,97307400,0.0,0.0,0.0,0.011491701542567512
2018-03-06 00:00:00-05:00,239.93118947481386,240.01022442352252,238.0700369945111,239.56248474121094,79213200,0.0,0.0,0.0,0.0025319979272371285
2018-03-07 00:00:00-05:00,237.40284479799493,239.82584195994448,237.20970481921924,239.4746856689453,87063500,0.0,0.0,0.0,-0.00036656476228547064
2018-03-08 00:00:00-05:00,240.15069676846312,240.75645284402566,239.15868747125592,240.63356018066406,66901200,0.0,0.0,0.0,0.004827564501978188
2018-03-09 00:00:00-05:00,242.0381952035579,244.82113647460938,241.72213576448178,244.82113647460938,113625300,0.0,0.0,0.0,0.017252609532909524
2018-03-12 00:00:00-04:00,245.11077368566734,245.7340779380159,244.12749883651864,244.51377868652344,71924800,0.0,0.0,0.0,-0.001256226845799624
2018-03-13 00:00:00-04:00,245.6726653493665,246.1730770862234,242.32785307291076,242.93360900878906,91968900,0.0,0.0,0.0,-0.006483469817961662
2018-03-14 00:00:00-04:00,243.89054440125355,244.07489676707442,241.13393936249835,241.68699645996094,105895100,0.0,0.0,0.0,-0.005144706124218246
2018-03-15 00:00:00-04:00,242.19614373976535,242.83699647068977,240.9231723076105,241.423583984375,83433000,0.0,0.0,0.0,-0.0010904853354567479
2018-03-16 00:00:00-04:00,241.9498859263665,242.73436294881552,241.63258751199234,241.6854705810547,100343700,1.097,0.0,0.0,0.001084171864953909
2018-03-19 00:00:00-04:00,240.93620460870457,241.86168501139227,236.7670775944114,238.4153289794922,109208400,0.0,0.0,0.0,-0.013622939925796551
2018-03-20 00:00:00-04:00,238.8119932303427,239.45543966554663,238.1421052648597,238.82081604003906,59757300,0.0,0.0,0.0,0.0016993145316197555
2018-03-21 00:00:00-04:00,238.77672584368344,240.86568740550535,238.15092503585717,238.36245727539062,78709600,0.0,0.0,0.0,-0.0019211021477483214
2018-03-22 00:00:00-04:00,236.14129640944108,236.98745229628895,232.13081823448522,232.40408325195312,148785900,0.0,0.0,0.0,-0.025314850164210867
2018-03-23 00:00:00-04:00,232.84481538646813,233.17093659771976,227.25658694391362,227.45050048828125,183534800,0.0,0.0,0.0,-0.021544960308665928
2018-03-26 00:00:00-04:00,231.04669419910772,233.955370261597,228.6492300456166,233.67330932617188,141956100,0.0,0.0,0.0,0.026991391446131274
2018-03-27 00:00:00-04:00,234.60766848369053,235.1364991793472,228.1468421973337,229.69815063476562,129941400,0.0,0.0,0.0,-0.017157967449183964
2018-03-28 00:00:00-04:00,229.8303276361625,231.49622480159888,227.91763387941825,229.0194091796875,146452300,0.0,0.0,0.0,-0.0029593022368308297
2018-03-29 00:00:00-04:00,230.15641224241278,233.8055043683826,229.0281955901973,231.94569396972656,111601600,0.0,0.0,0.0,0.012696510343340961
2018-04-02 00:00:00-04:00,231.41684187863495,231.92808061185903,224.47126047466296,226.93923950195312,186286300,0.0,0.0,0.0,-0.02182095228933445
2018-04-03 00:00:00-04:00,228.17322279650818,230.32389004720667,226.38394102387377,229.84791564941406,119956900,0.0,0.0,0.0,0.012735539643338178
2018-04-04 00:00:00-04:00,226.30459943999386,233.01219315656473,226.17239181131873,232.30706787109375,123715300,0.0,0.0,0.0,0.010642211028499382
2018-04-05 00:00:00-04:00,234.0610904167438,235.0218619705104,232.9769609385253,234.14044189453125,82652600,0.0,0.0,0.0,0.007861049427100752
2018-04-06 00:00:00-04:00,232.18372032516052,233.67329571244264,227.40641101791257,228.92245483398438,179521200,0.0,0.0,0.0,-0.02253779333007344
2018-04-09 00:00:00-04:00,230.37681089226027,233.43534029483922,229.11638636610888,230.05068969726562,105442900,0.0,0.0,0.0,0.004916353600321166
2018-04-10 00:00:00-04:00,232.93285743634337,234.49298807649285,231.79584498532407,233.70851135253906,103529000,0.0,0.0,0.0,0.01577498624636764
2018-04-11 00:00:00-04:00,232.22774856614302,234.14044196708517,232.1572467955175,232.48336791992188,91140200,0.0,0.0,0.0,-0.005255974235060634
2018-04-12 00:00:00-04:00,233.80553590428718,235.33919847775888,233.62924110095946,234.3960723876953,68890500,0.0,0.0,0.0,0.008193614896974566
2018-04-13 00:00:00-04:00,235.70052919196857,235.81511809760713,232.70370652387035,233.70851135253906,85079200,0.0,0.0,0.0,-0.0029376406619139317
2018-04-16 00:00:00-04:00,235.33922430803474,236.3969394464726,234.51950987009275,235.6300811767578,63405300,0.0,0.0,0.0,0.008188461770287425
2018-04-17 00:00:00-04:00,237.39287411717692,238.7502686624216,236.88166227221376,238.15090942382812,64682000,0.0,0.0,0.0,0.010641423295698615
2018-04-18 00:00:00-04:00,238.5916400362949,239.12929345575915,237.86886900462565,238.3272247314453,57303900,0.0,0.0,0.0,0.0007400772586443338
2018-04-19 00:00:00-04:00,237.6749728150779,237.8777091627883,235.9738381325913,237.00511169433594,77655900,0.0,0.0,0.0,-0.005562913966929983
2018-04-20 00:00:00-04:00,236.93457291245892,237.15492797278438,234.1140173807684,234.9954376220703,99953100,0.0,0.0,0.0,-0.008515609651540856
2018-04-23 00:00:00-04:00,235.56838720920786,236.123686276615,233.88487128536516,234.960205078125,65558000,0.0,0.0,0.0,-0.0001499398701074739
2018-04-24 00:00:00-04:00,235.98264446982625,236.2029995241592,230.2974733085117,231.7958984375,112885500,0.0,0.0,0.0,-0.013558923364819897
2018-04-25 00:00:00-04:00,231.73424219844446,232.80957616985228,229.91851831376155,232.36886596679688,103840900,0.0,0.0,0.0,0.002468812216083194
2018-04-26 00:00:00-04:00,233.39131452250984,235.5596011681044,232.95060432387913,234.73106384277344,67731900,0.0,0.0,0.0,0.010114401065572487
2018-04-27 00:00:00-04:00,235.3391972855658,235.6388769306565,234.0170669637368,234.9513702392578,57053600,0.0,0.0,0.0,0.0009381079497750022
2018-04-30 00:00:00-04:00,235.5684066465393,236.12370575976553,233.0739720424936,233.14450073242188,82182300,0.0,0.0,0.0,-0.007720121423998805
2018-05-01 00:00:00-04:00,232.58038626773487,233.6645429949395,231.0290778253246,233.55877685546875,74203400,0.0,0.0,0.0,0.0017753302869332188
2018-05-02 00:00:00-04:00,233.36485118585458,234.17574281224557,231.60201055601448,231.98983764648438,86368900,0.0,0.0,0.0,-0.006740198981958656
2018-05-03 00:00:00-04:00,231.1612782885642,232.1308190231915,228.3318999811481,231.47857666015625,136311500,0.0,0.0,0.0,-0.0022062396397517503
2018-05-04 00:00:00-04:00,230.50899674677927,235.15409832989712,230.18287558263515,234.4753875732422,91222100,0.0,0.0,0.0,0.012863297514958738
2018-05-07 00:00:00-04:00,235.24221997236103,236.23820207584941,234.55468648152564,235.26866149902344,55304900,0.0,0.0,0.0,0.0033774762296348015
2018-05-08 00:00:00-04:00,234.89845322694333,235.6300200638076,233.70853072952212,235.26866149902344,67499200,0.0,0.0,0.0,0.0
2018-05-09 00:00:00-04:00,235.93856383142008,237.86887631255698,235.41852911669892,237.54275512695312,59666100,0.0,0.0,0.0,0.009619527296075958
2018-05-10 00:00:00-04:00,238.2831516820096,240.09007936810895,238.17738555381095,239.76393127441406,72063900,0.0,0.0,0.0,0.009307190720822867
2018-05-11 00:00:00-04:00,239.8873926893003,240.7599903264128,239.37615376541126,240.49557495117188,59871500,0.0,0.0,0.0,0.0030468704243702405
2018-05-14 00:00:00-04:00,240.92728356637784,241.57952560714097,240.063482483607,240.6099853515625,54790600,0.0,0.0,0.0,0.00047561455109956796
2018-05-15 00:00:00-04:00,239.3848901863238,239.40250890537564,238.00987693366224,238.9530029296875,87036100,0.0,0.0,0.0,-0.006910412422536538
2018-05-16 00:00:00-04:00,238.98831440816372,240.41621099844787,238.96184597615334,239.95785522460938,53942600,0.0,0.0,0.0,0.0041964125574631694
2018-05-17 00:00:00-04:00,239.69342108090297,240.83046071677833,238.97947284179332,239.755126953125,56536400,0.0,0.0,0.0,-0.0008452065759518845
2018-05-18 00:00:00-04:00,239.41135059102103,239.77273610113608,238.8031685006823,239.15573120117188,64368000,0.0,0.0,0.0,-0.002503163395538799
2018-05-21 00:00:00-04:00,240.6365285554006,241.49150719389405,240.2487015297659,240.95382690429688,58025900,0.0,0.0,0.0,0.007490390806641045
2018-05-22 00:00:00-04:00,241.4739348076698,241.72955426545334,239.95789058372594,240.2840118408203,52966400,0.0,0.0,0.0,-0.002783719159579867
2018-05-23 00:00:00-04:00,239.01478242446296,240.97153679431813,238.85610630888422,240.945068359375,64694200,0.0,0.0,0.0,0.002747369024690194
2018-05-24 00:00:00-04:00,240.54846254819319,240.82170074068443,238.67103265223724,240.4514923095703,76043800,0.0,0.0,0.0,-0.0020506013672996204
2018-05-25 00:00:00-04:00,239.87857055664062,240.50437154569502,239.37615444344232,239.87857055664062,56374800,0.0,0.0,0.0,-0.00238553473504588
2018-05-29 00:00:00-04:00,238.25663771876523,239.01467290509535,236.00902748139347,237.11959838867188,115908600,0.0,0.0,0.0,-0.011568190887765617
2018-05-30 00:00:00-04:00,238.42422763465862,240.7247220582596,238.3537258353478,240.2840118408203,69678400,0.0,0.0,0.0,0.013256957965420924
2018-05-31 00:00:00-04:00,239.87847674018641,240.17815634870945,238.21260672533674,238.8119659423828,93519900,0.0,0.0,0.0,-0.006145117467220018
2018-06-01 00:00:00-04:00,240.10766305948604,241.45623479489305,240.03713438510212,241.15655517578125,71258400,0.0,0.0,0.0,0.009769840226675264
2018-06-04 00:00:00-04:00,241.9762318086984,242.55797223723917,241.7382580919878,242.30235290527344,45385200,0.0,0.0,0.0,0.004740009360153508
2018-06-05 00:00:00-04:00,242.43464209387946,242.8577335202975,241.66781073878218,242.47872924804688,51135000,0.0,0.0,0.0,0.0007276536030333958
2018-06-06 00:00:00-04:00,243.08699872062704,244.61183916793874,242.46999353116124,244.50607299804688,62732200,0.0,0.0,0.0,0.008326154954920284
2018-06-07 00:00:00-04:00,244.99076149724047,245.2816183350628,243.57166095224892,244.47952270507812,72969400,0.0,0.0,0.0,-0.00010859335419333149
2018-06-08 00:00:00-04:00,244.0212314911111,245.25521461254337,243.85375947118658,245.20233154296875,72139700,0.0,0.0,0.0,0.0029521590664414177
2018-06-11 00:00:00-04:00,245.42261523927425,246.2423294780415,245.30802632225817,245.52838134765625,58892500,0.0,0.0,0.0,0.0013288341002546389
2018-06-12 00:00:00-04:00,245.9427074826128,246.20712281550618,245.20231765169822,245.84576416015625,72329000,0.0,0.0,0.0,0.0012918174858755904
2018-06-13 00:00:00-04:00,246.08374537166932,246.3393648003741,244.85855819513074,245.06129455566406,79070600,0.0,0.0,0.0,-0.003196003228338462
2018-06-14 00:00:00-04:00,245.925065019097,246.2070990473521,245.08770504774918,245.6782684326172,77097600,0.0,0.0,0.0,0.002514466933403625
2018-06-15 00:00:00-04:00,244.8956187925833,245.70131620768888,243.78889602781166,245.3648681640625,120041600,1.246,0.0,0.0,-0.0012764675351357724
2018-06-18 00:00:00-04:00,243.91276179336904,244.9840885625564,243.43467715644596,244.86012268066406,52917600,0.0,0.0,0.0,-0.0020592408432378306
2018-06-19 00:00:00-04:00,242.59359425511855,244.1430058972589,242.1774654761599,243.92166137695312,97531500,0.0,0.0,0.0,-0.003840005857439266
2018-06-20 00:00:00-04:00,244.603401698487,245.00183265741478,244.00135106598808,244.33779907226562,53785500,0.0,0.0,0.0,0.0017045764794385576
2018-06-21 00:00:00-04:00,244.32885065596773,244.3465755045416,242.31019034834375,242.80599975585938,71061400,0.0,0.0,0.0,-0.0062889207199594566
2018-06-22 00:00:00-04:00,244.06338499645207,244.17848849838836,243.02748049862663,243.2488250732422,54898500,0.0,0.0,0.0,0.0018221213627835908
2018-06-25 00:00:00-04:00,242.0977634550983,242.25712501103698,238.25522616199765,239.93743896484375,137854200,0.0,0.0,0.0,-0.01370667255258251
2018-06-26 00:00:00-04:00,240.50415743620357,241.3186902838372,239.7515805303076,240.46873474121094,68547400,0.0,0.0,0.0,0.0022118616373090205
2018-06-27 00:00:00-04:00,241.0530927627312,242.47853878629863,238.32611260171515,238.4766387939453,105110700,0.0,0.0,0.0,-0.008318725037465668
2018-06-28 00:00:00-04:00,238.423447181038,240.60146947724132,237.71512857523751,239.84005737304688,76650500,0.0,0.0,0.0,0.005700918586665438
2018-06-29 00:00:00-04:00,240.92900158205364,242.2924909537041,240.07018403894463,240.18528747558594,97592500,0.0,0.0,0.0,0.0014383830594182356
2018-07-02 00:00:00-04:00,238.61829634130885,240.85830219113393,238.3792269257358,240.69891357421875,63554800,0.0,0.0,0.0,0.00213617454193038
2018-07-03 00:00:00-04:00,241.59311867340935,241.69052431494146,239.42395853253888,239.8489227294922,42187100,0.0,0.0,0.0,-0.0035375946657216772
2018-07-05 00:00:00-04:00,240.97338766695466,241.86760124254315,239.90206063048137,241.8056182861328,56925900,0.0,0.0,0.0,0.008124936668129301
2018-07-06 00:00:00-04:00,241.83221463826726,244.22271956770294,241.4514814771822,243.8508758544922,66493700,0.0,0.0,0.0,0.008422700753407675
2018-07-09 00:00:00-04:00,244.8512736099577,246.09965982475168,244.80701551806254,246.04653930664062,50550400,0.0,0.0,0.0,0.008963828287368969
2018-07-10 00:00:00-04:00,246.4981496435699,247.0293819712378,246.2059597045332,246.93197631835938,51966800,0.0,0.0,0.0,0.003592196965122696
2018-07-11 00:00:00-04:00,245.38257597316954,246.17057558311728,244.8247833539211,245.1258087158203,77054700,0.0,0.0,0.0,-0.00734131546904937
2018-07-12 00:00:00-04:00,246.38300937889045,247.40118876018292,245.78095877320726,247.3480682373047,60124700,0.0,0.0,0.0,0.009024944099484955
2018-07-13 00:00:00-04:00,247.17103350001074,247.84390253014723,246.71948199088973,247.54287719726562,48216000,0.0,0.0,0.0,0.0007872803971062936
2018-07-16 00:00:00-04:00,247.58717813938293,247.72881487718087,246.8788593523983,247.32154846191406,48201000,0.0,0.0,0.0,-0.0008945025693227748
2018-07-17 00:00:00-04:00,246.5512651082664,248.71159004868673,246.49814457855098,248.322021484375,52315500,0.0,0.0,0.0,0.00403707196836578
2018-07-18 00:00:00-04:00,248.4016713127218,248.95060139774912,247.9589822738811,248.8443603515625,44593500,0.0,0.0,0.0,0.0021012646005926783
2018-07-19 00:00:00-04:00,248.18034885597547,248.56105497851968,247.42777201912497,247.9058837890625,61412100,0.0,0.0,0.0,-0.003778468919174216
2018-07-20 00:00:00-04:00,247.70230044100967,248.33093854694326,247.4632580046994,247.62261962890625,82337700,0.0,0.0,0.0,-0.0011432811192770842
2018-07-23 00:00:00-04:00,247.41895887666095,248.2866122554626,247.0736483951872,248.08299255371094,47047600,0.0,0.0,0.0,0.0018574454105486637
2018-07-24 00:00:00-04:00,249.49064160583424,250.17237284975738,248.46360001759905,249.3312530517578,68026900,0.0,0.0,0.0,0.005019008319230522
2018-07-25 00:00:00-04:00,249.08343422718482,251.77499148944142,249.03917612553772,251.45626831054688,78882900,0.0,0.0,0.0,0.008486745066984547
2018-07-26 00:00:00-04:00,250.73911347212268,251.54478384538666,250.64170782132058,250.86305236816406,57919500,0.0,0.0,0.0,-0.002361908824681791
2018-07-27 00:00:00-04:00,251.19065899609888,251.2880646550527,248.24236127402867,249.1631622314453,76768700,0.0,0.0,0.0,-0.0067992302636987745
2018-07-30 00:00:00-04:00,249.2427597303272,249.40212127942564,247.33917548870585,247.861572265625,63742500,0.0,0.0,0.0,-0.005237537896577216
2018-07-31 00:00:00-04:00,248.6230176642827,249.69431758068527,248.24231157277697,249.08340454101562,68570500,0.0,0.0,0.0,0.004917384396564195
2018-08-01 00:00:00-04:00,249.28702699344575,249.79169893708507,248.02094294081422,248.66725158691406,53853300,0.0,0.0,0.0,-0.001672134615768428
2018-08-02 00:00:00-04:00,247.36579266220008,250.19012385564247,247.16214597845703,250.0219268798828,63426400,0.0,0.0,0.0,0.005432957776617009
2018-08-03 00:00:00-04:00,250.14593096703038,251.1464127729615,249.9688444985181,251.09329223632812,53935400,0.0,0.0,0.0,0.004275930755809121
2018-08-06 00:00:00-04:00,251.12864477115582,252.3238835310707,250.73907626495154,252.01402282714844,39400900,0.0,0.0,0.0,0.0036601798112050332
2018-08-07 00:00:00-04:00,252.67800972347698,253.22693969372204,252.54518142392368,252.84620666503906,43196600,0.0,0.0,0.0,0.0032966929972744197
2018-08-08 00:00:00-04:00,252.67801905570704,253.1384058497832,252.27958818150978,252.73997497558594,42114600,0.0,0.0,0.0,-0.00042023178193595356
2018-08-09 00:00:00-04:00,252.80202652249167,253.1915950768919,252.2619588109262,252.39476013183594,35717000,0.0,0.0,0.0,-0.0013668230414642935
2018-08-10 00:00:00-04:00,250.9604109905374,251.5004786142231,249.99532516990476,250.70364379882812,77076000,0.0,0.0,0.0,-0.006722830719247064
2018-08-13 00:00:00-04:00,250.9781002435462,251.589013219035,249.47294685068562,249.76513671875,65732900,0.0,0.0,0.0,-0.0037505163827527
2018-08-14 00:00:00-04:00,250.49118768395763,251.59791032549649,250.1016191525683,251.3588409423828,43842000,0.0,0.0,0.0,0.006360540176258311
2018-08-15 00:00:00-04:00,250.0130131442934,250.15467684918175,248.04747314579978,249.48178100585938,102925400,0.0,0.0,0.0,-0.007495672846112633
2018-08-16 00:00:00-04:00,250.91615074561037,252.36818381411726,250.88072805575527,251.50050354003906,69967900,0.0,0.0,0.0,0.008059101180330153
2018-08-17 00:00:00-04:00,251.2967787596805,252.82849213969868,250.88951252148593,252.38580322265625,65618500,0.0,0.0,0.0,0.003513890263205255
2018-08-20 00:00:00-04:00,252.83748215861576,253.1916280670518,252.3859305890893,252.926025390625,39807500,0.0,0.0,0.0,0.0021381742646573443
2018-08-21 00:00:00-04:00,253.43946899743776,254.37796757696117,252.96135728082962,253.51914978027344,67272000,0.0,0.0,0.0,0.0023423055047349095
2018-08-22 00:00:00-04:00,253.11190038315056,253.89103744915988,252.84627073632237,253.36866760253906,44993300,0.0,0.0,0.0,-0.0005937494530137144
2018-08-23 00:00:00-04:00,253.19160341162674,254.0504213412442,252.71349162101544,253.03224182128906,49204900,0.0,0.0,0.0,-0.0013286936278511519
2018-08-24 00:00:00-04:00,253.60779911963968,254.6968243133169,253.55467857551938,254.55516052246094,57487400,0.0,0.0,0.0,0.006000634625129564
2018-08-27 00:00:00-04:00,255.75025973945864,256.671060366002,255.5908981943619,256.5648193359375,57072400,0.0,0.0,0.0,0.007863786386592686
2018-08-28 00:00:00-04:00,257.0253248860289,257.13159298478024,256.2284897728139,256.68890380859375,46943500,0.0,0.0,0.0,0.0004835209935301066
2018-08-29 00:00:00-04:00,256.90136255603954,258.3002483366861,256.66232014973934,258.070068359375,61485500,0.0,0.0,0.0,0.005366270195915845
2018-08-30 00:00:00-04:00,257.5918929605646,257.96373661193746,256.4320498724357,257.0252380371094,61229500,0.0,0.0,0.0,-0.004056848285266312
2018-08-31 00:00:00-04:00,256.617989857108,257.4768077102713,256.13104270122597,257.03411865234375,66140800,0.0,0.0,0.0,3.455093315452018e-05
2018-09-04 00:00:00-04:00,256.617960406128,256.94554594826343,255.59091866725385,256.5914001464844,57594400,0.0,0.0,0.0,-0.0017238964938286472
2018-09-05 00:00:00-04:00,256.2373575278586,256.44100428019374,254.89159213134042,255.90090942382812,72452400,0.0,0.0,0.0,-0.0026946400075527066
2018-09-06 00:00:00-04:00,256.007039241489,256.30806451437036,254.10348197555564,255.13052368164062,65909900,0.0,0.0,0.0,-0.0030150252053857685
2018-09-07 00:00:00-04:00,254.08580503411685,255.6086563759925,253.84673566570757,254.63473510742188,73524800,0.0,0.0,0.0,-0.0019451648459583026
2018-09-10 00:00:00-04:00,255.64400512276245,255.90963470339696,254.88259310137295,255.07737731933594,50210900,0.0,0.0,0.0,0.0017368326645366139
2018-09-11 00:00:00-04:00,254.43111974684635,256.36123766786574,254.0858363116095,255.91854858398438,50530500,0.0,0.0,0.0,0.003292284661404743
2018-09-12 00:00:00-04:00,255.92742451264513,256.58259574508,255.1925724832599,255.9805450439453,59810800,0.0,0.0,0.0,0.00024222141056995383
2018-09-13 00:00:00-04:00,257.04307376010763,257.68054731415685,256.7597461761734,257.4945983886719,51034200,0.0,0.0,0.0,0.005897297082759323
2018-09-14 00:00:00-04:00,257.69814941620206,257.8840712530081,256.75965078524433,257.5387878417969,55079900,0.0,0.0,0.0,0.00017159840280189798
2018-09-17 00:00:00-04:00,257.48566226721647,257.52105793665976,255.90082792279205,256.17529296875,68244000,0.0,0.0,0.0,-0.005308392842667153
2018-09-18 00:00:00-04:00,256.3878005462383,258.1585568998184,256.3612402817185,257.56536865234375,61930400,0.0,0.0,0.0,0.005411598418609387
2018-09-19 00:00:00-04:00,257.6184687058169,258.2559420232231,257.4945028015122,257.8398132324219,49080600,0.0,0.0,0.0,0.00106496642122611
2018-09-20 00:00:00-04:00,259.097029795445,260.2480103827484,257.8574789850048,259.92926025390625,100360600,0.0,0.0,0.0,0.008071004897271195
2018-09-21 00:00:00-04:00,260.6701942475922,260.78581879458903,259.5317810140974,259.6918640136719,105479700,1.323,0.0,0.0,-0.0009137282749458464
2018-09-24 00:00:00-04:00,259.11377269620436,259.2560777454784,258.25106699504545,258.82916259765625,53409600,0.0,0.0,0.0,-0.00332754957954684
2018-09-25 00:00:00-04:00,259.2826786788656,259.38940064759277,258.3488343105982,258.5889587402344,44370000,0.0,0.0,0.0,-0.0009284710556967113
2018-09-26 00:00:00-04:00,258.7313438038446,259.91421551245395,257.3972644981479,257.8152770996094,79739700,0.0,0.0,0.0,-0.0029964208881603227
2018-09-27 00:00:00-04:00,258.2865565354975,259.62063535481394,258.01084908419097,258.53558349609375,59249500,0.0,0.0,0.0,0.0027899899804353367
2018-09-28 00:00:00-04:00,257.9131161804193,259.0604320703618,257.877560271739,258.5623779296875,70091400,0.0,0.0,0.0,0.00010363387836243021
2018-10-01 00:00:00-04:00,259.79851514867977,260.5278181370274,258.79353183087005,259.4605712890625,62078900,0.0,0.0,0.0,0.0034677778690310745
2018-10-02 00:00:00-04:00,259.3094482421875,260.0209463727001,258.9359212233382,259.3094482421875,47258200,0.0,0.0,0.0,-0.0005826206043533233
2018-10-03 00:00:00-04:00,260.35885464256023,260.77686715736866,259.09594169443756,259.4516906738281,64694600,0.0,0.0,0.0,0.000548392794041952
2018-10-04 00:00:00-04:00,258.9714428347122,259.0248038303383,255.84081347636905,257.4239196777344,111545900,0.0,0.0,0.0,-0.007846303283396416
2018-10-05 00:00:00-04:00,257.6462100766158,258.1620419692603,254.56003983967008,255.98306274414062,105951700,0.0,0.0,0.0,-0.005612937750292701
2018-10-08 00:00:00-04:00,255.29821821295369,256.3388116847822,253.91968088975355,255.98306274414062,87742200,0.0,0.0,0.0,0.0
2018-10-09 00:00:00-04:00,255.60068270102317,256.90805420357475,255.049240523284,255.60955810546875,74339000,0.0,0.0,0.0,-0.0014601645520748718
2018-10-10 00:00:00-04:00,255.10259051241061,255.17375659636278,247.14260159596967,247.51612854003906,214731000,0.0,0.0,0.0,-0.03217537087915634
2018-10-11 00:00:00-04:00,246.43111713164694,248.0498065348169,240.45444076309948,242.0642547607422,274840500,0.0,0.0,0.0,-0.02227253924995498
2018-10-12 00:00:00-04:00,246.15537764841622,246.4399877104538,242.2420842920822,245.4261016845703,183186500,0.0,0.0,0.0,0.013792683999453992
2018-10-15 00:00:00-04:00,245.0703349983781,246.39553877632216,243.95860234615915,244.04754638671875,102263700,0.0,0.0,0.0,-0.005632821902712415
2018-10-16 00:00:00-04:00,246.00414871211362,249.7573583468041,245.5327752643828,249.38380432128906,118255800,0.0,0.0,0.0,0.02163002401925862
2018-10-17 00:00:00-04:00,249.41945743831997,250.05091401359377,246.8580209490984,249.42835998535156,110626000,0.0,0.0,0.0,0.00017864706344106196
2018-10-18 00:00:00-04:00,248.49440576949516,249.0903062427218,244.55443289340653,245.8262481689453,134557500,0.0,0.0,0.0,-0.014546761510519701
2018-10-19 00:00:00-04:00,246.4756116171026,248.4055645473369,244.99922721015955,245.6929473876953,139901600,0.0,0.0,0.0,-0.0005424031684748698
2018-10-22 00:00:00-04:00,246.35991149336718,246.68007741159767,244.05640510863475,244.5900421142578,82415800,0.0,0.0,0.0,-0.004499063428389682
2018-10-23 00:00:00-04:00,240.97913638494464,244.46551414384803,238.89794935655075,243.34487915039062,146352700,0.0,0.0,0.0,-0.005103818614058397
2018-10-24 00:00:00-04:00,243.09584079161823,243.47829736383906,235.42046312583076,235.9718780517578,177806700,0.0,0.0,0.0,-0.030767055784166608
2018-10-25 00:00:00-04:00,237.8040269298721,241.7440002948675,236.78123848445856,240.20535278320312,138061500,0.0,0.0,0.0,0.017781556962590095
2018-10-26 00:00:00-04:00,236.50553554729737,241.02360445591398,233.27706004527508,235.98077392578125,201574600,0.0,0.0,0.0,-0.01774385879949225
2018-10-29 00:00:00-04:00,239.06695479413133,240.35657539863922,231.10696608457545,234.6733856201172,160749100,0.0,0.0,0.0,-0.005555636306904255
2018-10-30 00:00:00-04:00,234.50440300293118,238.46215415518796,234.01522445024443,238.15086364746094,157116000,0.0,0.0,0.0,0.01470965474158259
2018-10-31 00:00:00-04:00,240.71232751034958,243.0069587045786,240.2409539924511,240.69454956054688,128296300,0.0,0.0,0.0,0.01062434668806489
2018-11-01 00:00:00-04:00,241.55731148204544,243.4517085415938,240.47225916888186,243.25604248046875,99495000,0.0,0.0,0.0,0.010585860962565086
2018-11-02 00:00:00-04:00,244.35884745387176,244.78576258174922,239.76961161135745,241.81521606445312,122634100,0.0,0.0,0.0,-0.0059406968691213535
2018-11-05 00:00:00-05:00,242.3043947064854,243.70073764794233,241.33496694067233,243.14932250976562,65622500,0.0,0.0,0.0,0.005501886033152381
2018-11-06 00:00:00-05:00,243.08693682855414,244.84790336679174,243.02467330761215,244.6878204345703,60085900,0.0,0.0,0.0,0.006307445210635976
2018-11-07 00:00:00-05:00,246.85796861882702,250.00640256456597,246.43105358048592,249.92636108398438,102752100,0.0,0.0,0.0,0.021183123057308073
2018-11-08 00:00:00-05:00,249.12590474479975,250.11313733964522,248.33436530171073,249.4727783203125,65584900,0.0,0.0,0.0,-0.0018165144975528236
2018-11-09 00:00:00-05:00,248.1653839048309,248.35214737217913,245.63062828033082,247.03587341308594,98812600,0.0,0.0,0.0,-0.00981624173818485
2018-11-12 00:00:00-05:00,246.52894247011767,246.76906695308182,241.90412375753766,242.41998291015625,99673600,0.0,0.0,0.0,-0.01886187402688133
2018-11-13 00:00:00-05:00,242.88245150278644,244.87466772001525,241.2459843040756,241.9663848876953,98176600,0.0,0.0,0.0,-0.0018728774598359976
2018-11-14 00:00:00-05:00,243.83401771436303,244.2342250450154,238.75563232258898,240.3120574951172,125335900,0.0,0.0,0.0,-0.00686049276014522
2018-11-15 00:00:00-05:00,239.04920193961252,243.28268858618313,237.47499826716003,242.8201904296875,135101400,0.0,0.0,0.0,0.010382894032163748
2018-11-16 00:00:00-05:00,241.72624899886281,244.35882418194376,241.21038987573397,243.45166015625,126668000,0.0,0.0,0.0,0.0025971895381600163
2018-11-19 00:00:00-05:00,242.84686002553218,243.1403726335023,238.4177346862504,239.33380126953125,103061700,0.0,0.0,0.0,-0.017059166352491495
2018-11-20 00:00:00-05:00,236.00747788431894,237.46608408810766,234.0419422412269,234.90464782714844,136021300,0.0,0.0,0.0,-0.0186795576666432
2018-11-21 00:00:00-05:00,236.4521591402249,237.5994747294918,235.6962027211134,235.705078125,75563700,0.0,0.0,0.0,0.0034016766996209924
2018-11-23 00:00:00-05:00,234.0686721159614,235.52727862745027,233.9708526543424,234.1309356689453,42807900,0.0,0.0,0.0,-0.006700841569903915
2018-11-26 00:00:00-05:00,236.3809911999364,238.13308256630586,235.9896592196982,237.91073608398438,79981400,0.0,0.0,0.0,0.0160150318423522
2018-11-27 00:00:00-05:00,236.8790184862919,238.71115112304688,236.2742426365071,238.71115112304688,75502400,0.0,0.0,0.0,0.0033587034628315138
2018-11-28 00:00:00-05:00,239.77848590009825,244.20761108398438,238.6489482392209,244.20761108398438,127629600,0.0,0.0,0.0,0.022764480299360734
2018-11-29 00:00:00-05:00,243.43393583358727,245.07040349803353,242.29552236519342,243.67408752441406,82346400,0.0,0.0,0.0,-0.002187103036511928
2018-11-30 00:00:00-05:00,243.52283439912432,245.71961940916108,243.20266839373255,245.1593017578125,98204200,0.0,0.0,0.0,0.006076584930870155
2018-12-03 00:00:00-05:00,249.2770797576099,249.3838017232441,246.813490577875,248.4054718017578,103176300,0.0,0.0,0.0,0.013154167498785618
2018-12-04 00:00:00-05:00,247.5783616693744,248.00527669492658,240.0452616142607,240.35655212402344,177986000,0.0,0.0,0.0,-0.032938923274248744
2018-12-06 00:00:00-05:00,236.5055499894933,240.1075526296109,233.41047676923458,239.99192810058594,204185400,0.0,0.0,0.0,-0.0015181648677220494
2018-12-07 00:00:00-05:00,239.65398235031736,241.21931064647666,233.57948693968595,234.41551208496094,161018900,0.0,0.0,0.0,-0.023510056512101585
2018-12-10 00:00:00-05:00,234.23760261616204,235.82961126558462,230.01301882509009,234.8601837158203,151445900,0.0,0.0,0.0,0.0018951408220244659
2018-12-11 00:00:00-05:00,238.05301354748184,238.23977697129047,233.44600148085914,234.91348266601562,121504400,0.0,0.0,0.0,0.0002269133169363613
2018-12-12 00:00:00-05:00,237.8841103617398,239.24487006116965,236.01639405183923,236.096435546875,97976700,0.0,0.0,0.0,0.005023059270667041
2018-12-13 00:00:00-05:00,237.03920718857503,237.90191291349396,234.90468567450245,236.01641845703125,96662700,0.0,0.0,0.0,-0.00033897442076114004
2018-12-14 00:00:00-05:00,233.87299503023334,234.82464480872093,231.1070168879108,231.65843200683594,116961100,0.0,0.0,0.0,-0.01863736136823224
2018-12-17 00:00:00-05:00,230.7067615302446,231.8184942160514,225.48606918040167,227.1136474609375,165492300,0.0,0.0,0.0,-0.019813469164843944
2018-12-18 00:00:00-05:00,228.75008575990108,229.41712524737136,225.26368076295105,226.8645782470703,134515100,0.0,0.0,0.0,-0.00109727394290271
2018-12-19 00:00:00-05:00,226.9445732730669,230.70667141243226,221.7683549667632,223.46707153320312,214992800,0.0,0.0,0.0,-0.015089195611237116
2018-12-20 00:00:00-05:00,222.2219483920661,223.78726259807357,217.58824215552116,219.82949829101562,252053400,0.0,0.0,0.0,-0.016411834141242032
2018-12-21 00:00:00-05:00,220.72863299677553,223.38553619386457,214.68126458714568,215.3253631591797,255345600,1.435,0.0,0.0,-0.020702036873650798
2018-12-24 00:00:00-05:00,213.84032507460728,215.45057126158082,209.57318974188104,209.63580322265625,147311600,0.0,0.0,0.0,-0.026778446475495876
2018-12-26 00:00:00-05:00,211.09396462178614,220.2276153564453,209.11693755623702,220.2276153564453,218485400,0.0,0.0,0.0,0.04928987200211399
2018-12-27 00:00:00-05:00,216.998192653221,222.115175702482,213.7687595647507,221.9183807373047,186267300,0.0,0.0,0.0,0.007648033170947421
2018-12-28 00:00:00-05:00,223.26920838177477,224.89733637571823,220.46916948727355,221.6321258544922,153100200,0.0,0.0,0.0,-0.0012907433011593028
2018-12-31 00:00:00-05:00,223.2513302461389,223.81491988199966,221.38166176077164,223.57337951660156,144299400,0.0,0.0,0.0,0.008720763519976416
2019-01-02 00:00:00-05:00,220.0487067791242,224.72736835312008,220.02187048062882,223.80593872070312,126925200,0.0,0.0,0.0,0.0010396512112587075
2019-01-03 00:00:00-05:00,222.06153288497993,222.36570038148278,217.9822513104657,218.46533203125,144140700,0.0,0.0,0.0,-0.024151992889740015
2019-01-04 00:00:00-05:00,221.4890188084166,226.42710333610125,221.11329691449131,225.7830047607422,142628800,0.0,0.0,0.0,0.03294704362667211
2019-01-07 00:00:00-05:00,226.05139025273738,228.96771572413164,225.15681037989435,227.563232421875,103139100,0.0,0.0,0.0,0.007853762381671459
2019-01-08 00:00:00-05:00,229.74594775444223,230.1842830382069,227.22322663887434,229.70120239257812,102512600,0.0,0.0,0.0,0.00935119981986876
2019-01-09 00:00:00-05:00,230.40799923460793,231.61568757213706,229.18242912704284,230.7747802734375,95006600,0.0,0.0,0.0,0.0046629134481905865
2019-01-10 00:00:00-05:00,229.2449965104731,231.8392721108213,228.56510722057578,231.5887908935547,96823900,0.0,0.0,0.0,0.003521088216683843
2019-01-11 00:00:00-05:00,230.51534394930587,231.70515051418553,229.93387246967274,231.67831420898438,73858100,0.0,0.0,0.0,0.0003864868261009846
2019-01-14 00:00:00-05:00,229.78173558745547,231.0699325784489,229.37919109052422,230.2648162841797,70908200,0.0,0.0,0.0,-0.0061198110461360145
2019-01-15 00:00:00-05:00,230.64052325623595,233.21691691957597,230.63156872394273,232.90380859375,85208300,0.0,0.0,0.0,0.011395507923152692
2019-01-16 00:00:00-05:00,233.3332136885603,234.35304766189932,233.12747782757188,233.46742248535156,77636700,0.0,0.0,0.0,0.002417019440425605
2019-01-17 00:00:00-05:00,232.59969924486884,236.09750948945432,232.55495387525625,235.2386932373047,96118400,0.0,0.0,0.0,0.007558165445861853
2019-01-18 00:00:00-05:00,237.04574468322795,238.83490412813006,235.2744670046285,238.3697052001953,127900300,0.0,0.0,0.0,0.013222137056666305
2019-01-22 00:00:00-05:00,236.9025962600359,237.11728664606434,233.53896794342953,235.14920043945312,115531200,0.0,0.0,0.0,-0.013602643443562101
2019-01-23 00:00:00-05:00,236.17803449701725,236.87580568670793,233.181186544988,235.6412811279297,86030300,0.0,0.0,0.0,0.0020904452699896936
2019-01-24 00:00:00-05:00,235.462279939407,236.3479322740829,234.4514006616912,235.7664337158203,59204100,0.0,0.0,0.0,0.0005309738762866445
2019-01-25 00:00:00-05:00,237.60932299896712,238.58443898655247,235.86490880279874,237.76141357421875,96883400,0.0,0.0,0.0,0.008426079577941614
2019-01-28 00:00:00-05:00,235.62335558879,236.0169455325683,234.19202263725006,235.954345703125,85613700,0.0,0.0,0.0,-0.007629370993360141
2019-01-29 00:00:00-05:00,236.09752558671568,236.66108795882667,234.80932842106972,235.6412811279297,66136300,0.0,0.0,0.0,-0.0013276824608681181
2019-01-30 00:00:00-05:00,237.15311782437777,240.21256554741154,236.39271951061926,239.3716583251953,92473700,0.0,0.0,0.0,0.015706746397974314
2019-01-31 00:00:00-05:00,239.3090095010756,241.95695760539888,239.09429182206264,241.473876953125,104012100,0.0,0.0,0.0,0.008743897437193837
2019-02-01 00:00:00-05:00,241.6707188640082,242.61004400064866,240.80297539703585,241.5902099609375,85782500,0.0,0.0,0.0,0.0004816462792947007
2019-02-04 00:00:00-05:00,241.63493888694768,243.35254413085923,240.96400403080258,243.2899169921875,60744800,0.0,0.0,0.0,0.00701086268044282
2019-02-05 00:00:00-05:00,243.71922090946535,244.6138003351203,243.21825861513037,244.3096466064453,79552800,0.0,0.0,0.0,0.004182657971965931
2019-02-06 00:00:00-05:00,244.0324315275162,244.52443949783932,243.25415146881173,243.98768615722656,58347800,0.0,0.0,0.0,-0.0013187067562041577
2019-02-07 00:00:00-05:00,242.37739591476807,242.92307635961063,240.00676546510306,241.6617431640625,95482000,0.0,0.0,0.0,-0.009578764586171573
2019-02-08 00:00:00-05:00,240.4183223771915,242.0553914066869,239.59529694515285,241.95700073242188,75788900,0.0,0.0,0.0,0.0012210345805225842
2019-02-11 00:00:00-05:00,242.61008869025963,242.86949721446865,241.56341815672465,242.09121704101562,68021400,0.0,0.0,0.0,0.0005545576126726459
2019-02-12 00:00:00-05:00,243.70145808664165,245.58005395704043,243.62987640943152,245.204345703125,72270200,0.0,0.0,0.0,0.012777341942944886
2019-02-13 00:00:00-05:00,246.03626385603758,246.84138015886657,245.61581028783473,246.00047302246094,65277200,0.0,0.0,0.0,0.003241531785100449
2019-02-14 00:00:00-05:00,244.91808059160886,246.58201337914272,244.1040096176557,245.454833984375,83234400,0.0,0.0,0.0,-0.0022205041007898885
2019-02-15 00:00:00-05:00,247.22598255202874,248.16530742640353,247.02024673509356,248.1295166015625,97088700,0.0,0.0,0.0,0.010837899518738148
2019-02-19 00:00:00-05:00,247.33337503112114,249.21197033101268,247.32442049908653,248.55894470214844,59120800,0.0,0.0,0.0,0.001729165225454743
2019-02-20 00:00:00-05:00,248.5232593750982,249.51625733838685,248.022296775743,249.0600128173828,76610800,0.0,0.0,0.0,0.002013863326583376
2019-02-21 00:00:00-05:00,248.42476708591184,248.78259346762562,247.2170791597752,248.17428588867188,64214700,0.0,0.0,0.0,-0.0035626177350902566
2019-02-22 00:00:00-05:00,248.7915845167354,249.90980930917786,248.15644047874292,249.71302795410156,78114600,0.0,0.0,0.0,0.006181105329464032
2019-02-25 00:00:00-05:00,251.13537861516554,251.65422284883292,249.97240858043799,250.05291748046875,69030700,0.0,0.0,0.0,0.0013601950347972291
2019-02-26 00:00:00-05:00,249.7039901065705,250.75063287485753,249.49822698526583,249.87396240234375,56844100,0.0,0.0,0.0,-0.000715925040119636
2019-02-27 00:00:00-05:00,249.15831243309327,250.11551920355708,248.22796926031745,249.7666473388672,56921600,0.0,0.0,0.0,-0.0004295690263544927
2019-02-28 00:00:00-05:00,249.55194912316048,249.99031174685732,248.97943230298569,249.3014678955078,69268300,0.0,0.0,0.0,-0.001864192737929038
2019-03-01 00:00:00-05:00,250.87603607005747,251.26965348340852,249.42682073018182,250.858154296875,78880500,0.0,0.0,0.0,0.006224778485970361
2019-03-04 00:00:00-05:00,251.9136582318563,252.1551849315805,247.65544996733956,249.94557189941406,106494600,0.0,0.0,0.0,-0.0036444753096542826
2019-03-05 00:00:00-05:00,250.0708202602486,250.26762888884477,249.05994081793222,249.60562133789062,59114600,0.0,0.0,0.0,-0.001361024129667321
2019-03-06 00:00:00-05:00,249.72192215208347,249.73087668536957,247.77174492415404,248.09378051757812,75039800,0.0,0.0,0.0,-0.0060753356938203495
2019-03-07 00:00:00-05:00,247.64643980542886,247.78957580658192,245.17741886164012,246.01832580566406,94885100,0.0,0.0,0.0,-0.008400793630916503
2019-03-08 00:00:00-05:00,244.1665398320347,245.69626318879477,243.70136830318856,245.5262908935547,85795800,0.0,0.0,0.0,-0.0020019955858838756
2019-03-11 00:00:00-04:00,246.24204997563308,249.24782506646932,246.21521367305095,249.08680725097656,65098900,0.0,0.0,0.0,0.014397426490725174
2019-03-12 00:00:00-04:00,249.64146024884784,250.5449946678334,249.45360611732016,250.026123046875,79667500,0.0,0.0,0.0,0.0037639453832643
2019-03-13 00:00:00-04:00,250.91168968232336,252.6113854192015,250.75064461009535,251.68101501464844,80639200,0.0,0.0,0.0,0.006597067668138834
2019-03-14 00:00:00-04:00,251.70787361502687,252.1283271456543,251.0816842356358,251.52001953125,67518400,0.0,0.0,0.0,-0.0006398853652482828
2019-03-15 00:00:00-04:00,252.0708142505132,253.57132732931038,251.88210530332043,252.76266479492188,81309000,1.233,0.0,0.0,0.004928377743286028
2019-03-18 00:00:00-04:00,252.97838498395302,253.97575679733146,252.7537549040807,253.67922973632812,62199800,0.0,0.0,0.0,0.0036196292290107124
2019-03-19 00:00:00-04:00,254.7394063409619,255.50312638155242,252.85250891337472,253.74203491210938,90268100,0.0,0.0,0.0,0.0002475464884019729
2019-03-20 00:00:00-04:00,253.52650522689095,254.73051920531813,251.8732310734985,252.9783935546875,84609200,0.0,0.0,0.0,-0.00301405624337292
2019-03-21 00:00:00-04:00,252.16074864484756,256.24001103955726,252.11580617771844,255.835693359375,79550400,0.0,0.0,0.0,0.011231331497151054
2019-03-22 00:00:00-04:00,254.47880722949867,254.99993670652407,250.84877915493644,250.91168212890625,122659300,0.0,0.0,0.0,-0.01943440242333594
2019-03-25 00:00:00-04:00,250.57024675002336,251.75629963033535,249.46508479302298,250.72300720214844,85575200,0.0,0.0,0.0,-0.0007522403839592684
2019-03-26 00:00:00-04:00,252.47515272202335,253.54439382873687,251.19027556711794,252.5919647216797,68125900,0.0,0.0,0.0,0.007426626323238317
2019-03-27 00:00:00-04:00,252.58288836195982,253.16694816974064,249.72560197274035,251.27105712890625,72224700,0.0,0.0,0.0,-0.005243133794377464
2019-03-28 00:00:00-04:00,251.90011770045834,252.6728318312341,250.7500130593253,252.22357177734375,56238500,0.0,0.0,0.0,0.003783618454234805
2019-03-29 00:00:00-04:00,253.73307081828966,254.13738835770084,252.6099208410579,253.81393432617188,82186800,0.0,0.0,0.0,0.006285572771593806
2019-04-01 00:00:00-04:00,255.8087003800633,257.12053213515975,255.53912787981554,256.8240051269531,77617900,0.0,0.0,0.0,0.011789588800134254
2019-04-02 00:00:00-04:00,257.01270157304134,257.1834225886773,256.1590964948618,256.9497985839844,40070400,0.0,0.0,0.0,0.0004896842098078835
2019-04-03 00:00:00-04:00,258.1627579277011,258.5581088983009,256.7520750289998,257.3540954589844,68243200,0.0,0.0,0.0,0.0015722103719717495
2019-04-04 00:00:00-04:00,257.6776761857805,258.28866346963747,256.9858253573542,258.0370788574219,48997500,0.0,0.0,0.0,0.0026503511595317164
2019-04-05 00:00:00-04:00,258.7018866821242,259.3398281950125,258.41435370537175,259.2859191894531,58621700,0.0,0.0,0.0,0.00482809680865337
2019-04-08 00:00:00-04:00,258.8636614791043,259.59146060914446,258.2077318961907,259.483642578125,53566300,0.0,0.0,0.0,0.0007622783324929827
2019-04-09 00:00:00-04:00,258.522205126451,258.8456592016085,257.60572449284734,258.15380859375,66142300,0.0,0.0,0.0,-0.005138101607631285
2019-04-10 00:00:00-04:00,258.56705387482947,259.1241592292054,258.15374241120253,259.0343017578125,52601500,0.0,0.0,0.0,0.003404927519051526
2019-04-11 00:00:00-04:00,259.5196026050741,259.5285965825624,258.3964522455626,258.9625244140625,55093100,0.0,0.0,0.0,-0.0002771343011502836
2019-04-12 00:00:00-04:00,260.5708025998839,260.99310810092373,259.0073865588941,260.7145690917969,69727800,0.0,0.0,0.0,0.006742846039686334
2019-04-15 00:00:00-04:00,260.7864137500308,260.8852652003275,259.7441273485804,260.5438232421875,49596700,0.0,0.0,0.0,-0.0006551294261258889
2019-04-16 00:00:00-04:00,261.4244075766626,261.4783165835482,260.12154259540137,260.7145690917969,52153200,0.0,0.0,0.0,0.0006551294261258889
2019-04-17 00:00:00-04:00,261.82872721774316,261.855681721401,259.6632906883781,260.0766296386719,58268300,0.0,0.0,0.0,-0.0024498869172653315
2019-04-18 00:00:00-04:00,260.6607641724938,260.85843975022857,259.3668926492603,260.5888671875,68708500,0.0,0.0,0.0,0.001967626882186657
2019-04-22 00:00:00-04:00,259.8250653691345,260.9661760070736,259.7352078763909,260.81341552734375,40160100,0.0,0.0,0.0,0.0008613247819209136
2019-04-23 00:00:00-04:00,261.1818444505832,263.39222387949684,260.9482478452623,263.1585998535156,52246600,0.0,0.0,0.0,0.00895162305459607
2019-04-24 00:00:00-04:00,263.07769295982763,263.4101409908237,262.4307574273886,262.57452392578125,50392900,0.0,0.0,0.0,-0.002221949280414748
2019-04-25 00:00:00-04:00,262.475714273737,263.06874089132936,261.2267854647723,262.4128112792969,57770900,0.0,0.0,0.0,-0.0006160630581151239
2019-04-26 00:00:00-04:00,262.45761543389335,263.7065435847097,261.68487421672967,263.6346740722656,50916400,0.0,0.0,0.0,0.004645455113216457
2019-04-29 00:00:00-04:00,263.7245806707295,264.56919155772204,263.6347231979461,264.04803466796875,57197700,0.0,0.0,0.0,0.0015667016311420312
2019-04-30 00:00:00-04:00,263.7067077125926,264.4704554333061,262.29605171531756,264.18292236328125,81111700,0.0,0.0,0.0,0.0005107148547383034
2019-05-01 00:00:00-04:00,264.8118711118755,265.0185406267152,262.18818009576734,262.1971740722656,71671900,0.0,0.0,0.0,-0.007544957435038135
2019-05-02 00:00:00-04:00,262.08036361263817,262.99687175976754,260.13955670306206,261.631103515625,65030200,0.0,0.0,0.0,-0.00216128376878455
2019-05-03 00:00:00-04:00,263.1046927620058,264.4704336008856,261.7389245024655,264.19189453125,56543700,0.0,0.0,0.0,0.009740202580037938
2019-05-06 00:00:00-04:00,259.89692165063803,263.54491082051743,259.58243415240935,263.1046447753906,107198100,0.0,0.0,0.0,-0.004123870405561725
2019-05-07 00:00:00-04:00,260.70562286447625,261.29864946948265,256.806048601852,258.7109069824219,144729900,0.0,0.0,0.0,-0.01684059288147033
2019-05-08 00:00:00-04:00,258.3515625,260.0587457295105,257.75853576162285,258.3515625,91568300,0.0,0.0,0.0,-0.00138994632750844
2019-05-09 00:00:00-04:00,256.2848860812778,258.17175626704255,254.55072152918922,257.56976318359375,103471100,0.0,0.0,0.0,-0.0030306943167337508
2019-05-10 00:00:00-04:00,256.6352472217009,259.6183398447477,253.65215459865416,258.86358642578125,112429300,0.0,0.0,0.0,0.005010621216054112
2019-05-13 00:00:00-04:00,253.76006930266527,254.7214650101081,251.52273551419995,252.3583526611328,127290500,0.0,0.0,0.0,-0.02545111786348908
2019-05-14 00:00:00-04:00,253.37364746715613,256.1680589417973,253.24786892518065,254.64056396484375,77003200,0.0,0.0,0.0,0.009002885977293928
2019-05-15 00:00:00-04:00,253.01427522562122,256.77008271546595,252.80760572827901,256.13214111328125,73956400,0.0,0.0,0.0,0.0058404898052621945
2019-05-16 00:00:00-04:00,256.83298031022184,259.8609886388919,256.76111076781007,258.5042419433594,76749600,0.0,0.0,0.0,0.009218616122562473
2019-05-17 00:00:00-04:00,256.2040601319123,259.3129323114473,256.1860721788903,256.8330078125,100353000,0.0,0.0,0.0,-0.00648600500147456
2019-05-20 00:00:00-04:00,255.23365072213795,256.94083365080587,254.38903952425764,255.13482666015625,62877600,0.0,0.0,0.0,-0.006633961221758078
2019-05-21 00:00:00-04:00,256.82395261777503,257.81233007528556,256.5723681213772,257.4349670410156,46847100,0.0,0.0,0.0,0.008974995596313207
2019-05-22 00:00:00-04:00,256.482621077497,257.59677743350494,256.1681335000444,256.64434814453125,49482500,0.0,0.0,0.0,-0.0030758659080953876
2019-05-23 00:00:00-04:00,254.4250411221507,254.46995617412554,252.09787656412092,253.50856018066406,98733800,0.0,0.0,0.0,-0.012293676685569466
2019-05-24 00:00:00-04:00,254.94615951885572,255.3594986295187,253.46360640115535,254.08358764648438,55268100,0.0,0.0,0.0,0.0022657076720769
2019-05-28 00:00:00-04:00,254.36206462869922,255.31449378901283,251.70245267653993,251.7204132080078,70029400,0.0,0.0,0.0,-0.00934429790861735
2019-05-29 00:00:00-04:00,250.60619383962467,251.01051135068815,248.62943905003047,250.0311279296875,104972900,0.0,0.0,0.0,-0.0067335783655773085
2019-05-30 00:00:00-04:00,250.785904569244,251.62154901071113,249.6178395350318,250.7140350341797,62523800,0.0,0.0,0.0,0.002727565150426159
2019-05-31 00:00:00-04:00,248.171261594784,248.99788472790675,247.30866255936388,247.3356170654297,86862800,0.0,0.0,0.0,-0.013566799105659832
2019-06-03 00:00:00-04:00,247.3715764238145,248.48573261773257,245.37686062526726,246.70668029785156,96428000,0.0,0.0,0.0,-0.0025460860768173887
2019-06-04 00:00:00-04:00,248.99785687797655,252.19658586974714,248.5485968800239,252.0618133544922,77231900,0.0,0.0,0.0,0.02147424672373255
2019-06-05 00:00:00-04:00,253.6791519839394,254.27217850352002,251.8731453413565,254.24522399902344,71169700,0.0,0.0,0.0,0.008624901565889687
2019-06-06 00:00:00-04:00,254.5418581548276,256.57249566352033,253.8949223538339,255.8986053466797,69430400,0.0,0.0,0.0,0.006482043069828691
2019-06-07 00:00:00-04:00,256.91383395209493,259.53752459010883,256.74311294719047,258.45928955078125,74272200,0.0,0.0,0.0,0.00995690115759107
2019-06-10 00:00:00-04:00,260.0047272218072,261.3075921861058,259.5554672231737,259.64532470703125,60799100,0.0,0.0,0.0,0.004578369678107208
2019-06-11 00:00:00-04:00,261.46036226590786,261.8287588074491,258.93552290959707,259.58245849609375,58641300,0.0,0.0,0.0,-0.00024215272479022332
2019-06-12 00:00:00-04:00,259.348806008108,259.90588397794284,258.61201308383846,259.1241760253906,47096300,0.0,0.0,0.0,-0.0017670203519548622
2019-06-13 00:00:00-04:00,260.03175438157257,260.5529114811726,259.33090968470435,260.1934814453125,48945200,0.0,0.0,0.0,0.004118122754845466
2019-06-14 00:00:00-04:00,259.9058532714844,260.50784619847957,259.1421059363474,259.9058532714844,52324700,0.0,0.0,0.0,-0.0011060510327602913
2019-06-17 00:00:00-04:00,260.13956380841864,260.76853892968074,259.8340702245848,260.0047912597656,39205700,0.0,0.0,0.0,0.0003805961294167659
2019-06-18 00:00:00-04:00,261.8197473625696,263.7785143172778,261.46031743785153,262.72723388671875,85434800,0.0,0.0,0.0,0.010416301704166742
2019-06-19 00:00:00-04:00,262.86208891416766,263.85046667610106,261.8916991065089,263.3203430175781,78674400,0.0,0.0,0.0,0.0022549647911054294
2019-06-20 00:00:00-04:00,265.99796665760397,266.24055727570857,263.3832692020409,265.8362121582031,116570000,0.0,0.0,0.0,0.009509050104315797
2019-06-21 00:00:00-04:00,265.5671176917623,266.82212083031214,265.2330527028107,265.4497375488281,83309500,1.432,0.0,0.0,-0.0014548650411585484
2019-06-24 00:00:00-04:00,265.65754963678484,265.97353934932704,264.97134386409994,265.1248474121094,47582700,0.0,0.0,0.0,-0.0012246729735432282
2019-06-25 00:00:00-04:00,265.1788831412484,265.2059687471691,262.41604112123906,262.5243835449219,82028700,0.0,0.0,0.0,-0.009856869940159108
2019-06-26 00:00:00-04:00,263.418210537563,263.92382683504434,262.15416979385975,262.26251220703125,51584900,0.0,0.0,0.0,-0.0009980102847322314
2019-06-27 00:00:00-04:00,263.020892537568,263.6980600603321,262.6416941550696,263.19244384765625,40355200,0.0,0.0,0.0,0.0035395331256502516
2019-06-28 00:00:00-04:00,264.16752703039054,265.0433313760385,263.65290070464994,264.5467529296875,59350900,0.0,0.0,0.0,0.005132505083204286
2019-07-01 00:00:00-04:00,267.8693936742107,268.0861060069671,265.747596702322,266.9484558105469,78705600,0.0,0.0,0.0,0.009037595028354772
2019-07-02 00:00:00-04:00,266.9034220756254,267.6979700486466,266.06374060351243,267.643798828125,61504500,0.0,0.0,0.0,0.002601397246875692
2019-07-03 00:00:00-04:00,268.32086133027957,269.80161425412496,268.17639561424454,269.7835388183594,40898900,0.0,0.0,0.0,0.007962941766445297
2019-07-05 00:00:00-04:00,268.55562454830994,269.6391036536074,267.26449836154364,269.4765625,51677300,0.0,0.0,0.0,-0.0011385094160223375
2019-07-08 00:00:00-04:00,268.1674620091727,269.2960749060107,267.45417094324387,267.99591064453125,45841800,0.0,0.0,0.0,-0.005509698357036186
2019-07-09 00:00:00-04:00,266.8401623023329,268.6278671624564,266.7859910977244,268.3299255371094,41101300,0.0,0.0,0.0,0.0012455672027273934
2019-07-10 00:00:00-04:00,269.3954061841779,270.5601425237143,268.8627041508156,269.6120910644531,58448500,0.0,0.0,0.0,0.004766937386316172
2019-07-11 00:00:00-04:00,270.2530867910683,270.48781949375126,269.2418542299152,270.2440490722656,50826100,0.0,0.0,0.0,0.0023412099983275425
2019-07-12 00:00:00-04:00,270.73164779402924,271.5261956250817,270.42466841458145,271.4539489746094,40326000,0.0,0.0,0.0,0.0044670717582153685
2019-07-15 00:00:00-04:00,271.8873226456437,271.8873226456437,271.03860367732375,271.5442199707031,33900000,0.0,0.0,0.0,0.000332490980957445
2019-07-16 00:00:00-04:00,271.45399780135625,271.66167251628906,270.3615081141636,270.6684875488281,36650100,0.0,0.0,0.0,-0.0032302200638341105
2019-07-17 00:00:00-04:00,270.64132560824015,270.8038392241641,268.8265075683594,268.8265075683594,36036300,0.0,0.0,0.0,-0.006828560615557144
2019-07-18 00:00:00-04:00,268.32988263092403,270.1898338357982,267.887475346022,269.81060791015625,51392600,0.0,0.0,0.0,0.003654042428546944
2019-07-19 00:00:00-04:00,270.903180082799,270.93026568631416,268.1403383081677,268.3118896484375,58678600,0.0,0.0,0.0,-0.005570189477595022
2019-07-22 00:00:00-04:00,268.7091319171699,269.5127173993327,268.19450545816716,268.9709777832031,43638100,0.0,0.0,0.0,0.00245341329611648
2019-07-23 00:00:00-04:00,270.09063745855633,270.8941955566406,269.25996619761105,270.8941955566406,44564500,0.0,0.0,0.0,0.007124837845253751
2019-07-24 00:00:00-04:00,270.1357635765845,272.1672668457031,270.04546903159616,272.1672668457031,47213200,0.0,0.0,0.0,0.00468850658448261
2019-07-25 00:00:00-04:00,271.71581505222247,271.76998626708985,270.06351033668966,270.8670959472656,55394100,0.0,0.0,0.0,-0.004788549204073789
2019-07-26 00:00:00-04:00,271.55339355318756,272.8806438758629,271.4269756395827,272.6820068359375,45084100,0.0,0.0,0.0,0.006678026416355287
2019-07-29 00:00:00-04:00,272.5644676648038,272.68184778639005,271.63449196441434,272.18524169921875,38126500,0.0,0.0,0.0,-0.0018234359862745464
2019-07-30 00:00:00-04:00,270.7858119974368,271.9234625037329,270.4065859773304,271.51715087890625,45849000,0.0,0.0,0.0,-0.0024575619518438785
2019-07-31 00:00:00-04:00,271.7610104788734,271.9506373281496,266.53329417463294,268.5467224121094,104245200,0.0,0.0,0.0,-0.011000396684991642
2019-08-01 00:00:00-04:00,268.70014633011544,271.65258755474997,265.4136125645929,266.2081604003906,142646600,0.0,0.0,0.0,-0.008746350879381026
2019-08-02 00:00:00-04:00,265.314330902532,265.5581013739478,262.650793388134,264.2037658691406,116749700,0.0,0.0,0.0,-0.007557914795027543
2019-08-05 00:00:00-04:00,260.11372490987765,260.22206736292844,254.36231674350026,256.2583923339844,178745400,0.0,0.0,0.0,-0.030534365356122528
2019-08-06 00:00:00-04:00,258.1454190061771,260.0685801265157,256.6737031233253,259.85186767578125,120711700,0.0,0.0,0.0,0.013925448455678335
2019-08-07 00:00:00-04:00,256.7819852077057,260.7727722927134,254.6511774136103,260.00531005859375,140572300,0.0,0.0,0.0,0.0005903251656045327
2019-08-08 00:00:00-04:00,261.4950674503696,265.10662841796875,260.94431762874206,265.10662841796875,87713900,0.0,0.0,0.0,0.019430062335866083
2019-08-09 00:00:00-04:00,264.167639801697,264.76355072411707,261.52217775603447,263.3008728027344,93730000,0.0,0.0,0.0,-0.006834735087989152
2019-08-12 00:00:00-04:00,261.80202916869314,263.29179245654484,259.1475298322207,260.0955810546875,65527600,0.0,0.0,0.0,-0.012248198455973025
2019-08-13 00:00:00-04:00,259.79763351897674,265.58516336808646,259.4545308129541,264.1405334472656,94299800,0.0,0.0,0.0,0.015432102275058313
2019-08-14 00:00:00-04:00,260.0956003464888,260.70052138237736,256.204145582048,256.3305358886719,135622100,0.0,0.0,0.0,-0.0300135177064087
2019-08-15 00:00:00-04:00,257.21539563778583,257.9016010899172,254.9672075856533,257.0077209472656,99556600,0.0,0.0,0.0,0.002638359570502402
2019-08-16 00:00:00-04:00,258.660050411632,261.23326599547846,257.0619167770849,260.7998962402344,83018300,0.0,0.0,0.0,0.014647305160242041
2019-08-19 00:00:00-04:00,263.8154737214388,264.6190316225491,263.13830611256157,263.9418640136719,53571800,0.0,0.0,0.0,0.011975434626097403
2019-08-20 00:00:00-04:00,263.43622123692984,263.9689230625115,261.79298227907464,261.91937255859375,51596400,0.0,0.0,0.0,-0.007692148752690642
2019-08-21 00:00:00-04:00,264.07728701486997,264.420362082352,263.3910817718715,264.0502014160156,49524700,0.0,0.0,0.0,0.008102523873672496
2019-08-22 00:00:00-04:00,264.75450123640525,265.38650783914835,262.1993065597355,263.9689636230469,51666400,0.0,0.0,0.0,-0.00030770774619082175
2019-08-23 00:00:00-04:00,262.6688127245855,264.3301272824833,255.94227013252467,257.1882629394531,149161500,0.0,0.0,0.0,-0.026023176862706165
2019-08-26 00:00:00-04:00,259.3733507016829,260.032470703125,257.847463513026,260.032470703125,72423800,0.0,0.0,0.0,0.010998153198728211
2019-08-27 00:00:00-04:00,261.42296771919814,261.79315619388603,258.25381270582216,259.0122375488281,66668900,0.0,0.0,0.0,-0.003931200730863615
2019-08-28 00:00:00-04:00,258.3530199208042,260.99848164367427,257.5494344017355,260.8359680175781,59696700,0.0,0.0,0.0,0.007016424914438879
2019-08-29 00:00:00-04:00,263.3911606210267,264.6913248632864,262.3889380553566,264.1676330566406,57899400,0.0,0.0,0.0,0.012692140614168679
2019-08-30 00:00:00-04:00,265.6483068564536,265.66635473768406,263.1202257833285,264.0502014160156,62901200,0.0,0.0,0.0,-0.00044463338757516624
2019-09-03 00:00:00-04:00,262.3528412178477,263.2647416845759,261.17906729483354,262.5063171386719,69101400,0.0,0.0,0.0,-0.00586409491534301
2019-09-04 00:00:00-04:00,264.6732441815311,265.50388772814705,263.9238298917129,265.48583984375,46887300,0.0,0.0,0.0,0.011286358305550692
2019-09-05 00:00:00-04:00,267.9688277765969,269.81070420416734,265.44975604997495,268.8988037109375,83258100,0.0,0.0,0.0,0.012773609102005423
2019-09-06 00:00:00-04:00,269.21478476498777,269.7474866798832,268.53761711069353,269.1064147949219,49584300,0.0,0.0,0.0,0.0007717809684679722
2019-09-09 00:00:00-04:00,270.0906625871632,270.1809295889888,268.3029295757313,269.241943359375,51260300,0.0,0.0,0.0,0.0005034976526383517
2019-09-10 00:00:00-04:00,268.4834677166774,269.24191987648885,267.22846442804376,269.1787109375,57947100,0.0,0.0,0.0,-0.000234881116321084
2019-09-11 00:00:00-04:00,269.48563003768334,271.17403024628595,268.8355480133743,271.0927734375,68821100,0.0,0.0,0.0,0.007085587758735912
2019-09-12 00:00:00-04:00,271.99570650637503,273.0881960688336,271.23728195073244,272.0318298339844,72908700,0.0,0.0,0.0,0.003457981194623372
2019-09-13 00:00:00-04:00,272.4742232943265,272.8263637238987,271.4810384912023,271.8512268066406,62104800,0.0,0.0,0.0,-0.0006641245090337478
2019-09-16 00:00:00-04:00,270.7225736719622,271.8963473751053,270.3704608488334,271.0115051269531,58191200,0.0,0.0,0.0,-0.003093682067418335
2019-09-17 00:00:00-04:00,270.813033189318,271.7881430014749,270.6414817555253,271.6978759765625,41475500,0.0,0.0,0.0,0.002529424548229464
2019-09-18 00:00:00-04:00,271.3095130844703,271.96863296095114,269.2780097922511,271.86029052734375,73375800,0.0,0.0,0.0,0.000597597702042485
2019-09-19 00:00:00-04:00,272.2485052514616,273.24169007108816,271.5081286082832,271.8421936035156,76560500,0.0,0.0,0.0,-6.656921519709869e-05
2019-09-20 00:00:00-04:00,272.44450325727587,272.7257172981861,269.7686931121249,270.5578308105469,89565000,1.384,0.0,0.0,-0.004735859644802609
2019-09-23 00:00:00-04:00,269.89569132762455,271.21093939721106,269.64171563544,270.4943542480469,43476800,0.0,0.0,0.0,-0.0002346411845071117
2019-09-24 00:00:00-04:00,271.582733535712,271.9727625422939,267.4102536031992,268.3717346191406,94869400,0.0,0.0,0.0,-0.00787813763427625
2019-09-25 00:00:00-04:00,268.453505394503,270.4036791164658,266.97499296973297,269.959228515625,71854000,0.0,0.0,0.0,0.005897853205181214
2019-09-26 00:00:00-04:00,269.9682417151954,270.1768477756016,267.99085778219984,269.39678955078125,56179700,0.0,0.0,0.0,-0.002085595227917736
2019-09-27 00:00:00-04:00,270.1495830366901,270.2584534548734,266.39437020670596,267.9454345703125,84746600,0.0,0.0,0.0,-0.005401989438789556
2019-09-30 00:00:00-04:00,268.4623823226864,269.89552405150636,268.417040423399,269.1880187988281,51662400,0.0,0.0,0.0,0.0046267326577851264
2019-10-01 00:00:00-04:00,270.06803711359674,270.72112142464823,265.76858154658476,265.98626708984375,88242400,0.0,0.0,0.0,-0.011965410122124709
2019-10-02 00:00:00-04:00,264.4079776780748,264.4170571356595,259.9996795705218,261.2876892089844,122539500,0.0,0.0,0.0,-0.017822622178552905
2019-10-03 00:00:00-04:00,261.0608435391244,263.4554943744778,258.3487439616913,263.42828369140625,85278800,0.0,0.0,0.0,0.008159104994275523
2019-10-04 00:00:00-04:00,264.0813879558739,267.2470176140269,264.0269389043035,266.9930419921875,65091200,0.0,0.0,0.0,0.013441435323442441
2019-10-07 00:00:00-04:00,266.19480049123445,267.818445039267,265.5598476544299,265.8410339355469,59610500,0.0,0.0,0.0,-0.004324084752376223
2019-10-08 00:00:00-04:00,263.9907492254181,264.7254656083408,261.677729624761,261.7140197753906,95708100,0.0,0.0,0.0,-0.01564613331777398
2019-10-09 00:00:00-04:00,263.72761868689645,265.13355020756165,263.10174525349936,264.19927978515625,62359400,0.0,0.0,0.0,0.009451286026968653
2019-10-10 00:00:00-04:00,264.1177256934721,266.8661164022148,263.9544615360279,265.98626708984375,55296300,0.0,0.0,0.0,0.006741013904016491
2019-10-11 00:00:00-04:00,268.73454237201105,270.97498072998906,268.6166478742334,268.7436218261719,98720400,0.0,0.0,0.0,0.010313166453256528
2019-10-14 00:00:00-04:00,268.42614651152667,269.0973894531063,268.0996183355658,268.4443054199219,40394800,0.0,0.0,0.0,-0.0011143825914325944
2019-10-15 00:00:00-04:00,269.4874853651235,271.8458464973218,269.3695631563232,271.10205078125,46754500,0.0,0.0,0.0,0.009851857314116863
2019-10-16 00:00:00-04:00,270.63938477659065,271.35596965464424,270.2312245406846,270.6665954589844,48928200,0.0,0.0,0.0,-0.0016075327321418698
2019-10-17 00:00:00-04:00,271.8276621175921,272.3356133684746,270.77546947468795,271.46484375,45736600,0.0,0.0,0.0,0.0029448536283327442
2019-10-18 00:00:00-04:00,270.929634312639,271.5736388782995,269.4239120539197,270.27655029296875,64304000,0.0,0.0,0.0,-0.004386946893307098
2019-10-21 00:00:00-04:00,271.5918227015919,272.3083799212792,271.1564240881151,272.10882568359375,39048600,0.0,0.0,0.0,0.006756385558553291
2019-10-22 00:00:00-04:00,272.64394157592534,272.93420726927076,271.12916766106264,271.2198791503906,48594700,0.0,0.0,0.0,-0.0032722266226370422
2019-10-23 00:00:00-04:00,270.9660114166438,272.0635461348605,270.75737767629226,272.0091247558594,34352200,0.0,0.0,0.0,0.0029057585479490555
2019-10-24 00:00:00-04:00,272.94334172458434,273.0884746005034,271.62809406743776,272.4535217285156,35453100,0.0,0.0,0.0,0.0016324244618504125
2019-10-25 00:00:00-04:00,271.8820987429654,274.1134858073228,271.82767736883653,273.5692443847656,45205400,0.0,0.0,0.0,0.00408673146371985
2019-10-28 00:00:00-04:00,274.7846778376868,275.6101055167936,274.7574671529367,275.1112060546875,42147000,0.0,0.0,0.0,0.005620633022713761
2019-10-29 00:00:00-04:00,274.8391882309899,275.9548820296619,274.7121865401747,275.0296630859375,44284900,0.0,0.0,0.0,-0.00029644396161554454
2019-10-30 00:00:00-04:00,275.22913658461215,276.24503908773704,273.9229683145181,275.8731689453125,49643900,0.0,0.0,0.0,0.003062269676230578
2019-10-31 00:00:00-04:00,275.864092158819,275.864092158819,273.68715424802167,275.138427734375,69053800,0.0,0.0,0.0,-0.002666882696616746
2019-11-01 00:00:00-04:00,276.5807027657832,277.7326588147076,276.41741095435447,277.68731689453125,71141500,0.0,0.0,0.0,0.00922137670578227
2019-11-04 00:00:00-05:00,279.23831607348995,279.3743694834143,278.43101970583336,278.80291748046875,60606900,0.0,0.0,0.0,0.0040094219503181705
2019-11-05 00:00:00-05:00,279.00248856877056,279.3018337699568,278.2042716072942,278.4945373535156,42933200,0.0,0.0,0.0,-0.0011066986068328788
2019-11-06 00:00:00-05:00,278.4945741205653,278.8301818233875,277.6147249920431,278.5580749511719,46487100,0.0,0.0,0.0,0.00022812063538868443
2019-11-07 00:00:00-05:00,279.89139471405895,280.8710069278483,279.0659671347833,279.5376281738281,54272300,0.0,0.0,0.0,0.0035103449929883013
2019-11-08 00:00:00-05:00,279.19298934454866,280.2814721535745,278.4945632788722,280.22705078125,49032100,0.0,0.0,0.0,0.0024632599445419956
2019-11-11 00:00:00-05:00,278.848365987301,279.86426864392786,278.71228485760133,279.6919250488281,35797300,0.0,0.0,0.0,-0.001911440470674819
2019-11-12 00:00:00-05:00,280.05472917772806,281.17947453569053,279.5104877305214,280.281494140625,46484600,0.0,0.0,0.0,0.0021057046261079293
2019-11-13 00:00:00-05:00,279.29288019631105,280.77139259616905,279.0661151701065,280.3722839355469,53917700,0.0,0.0,0.0,0.0003238711635082936
2019-11-14 00:00:00-05:00,280.09095744342886,280.8619636831978,279.4560046150865,280.7803039550781,51219900,0.0,0.0,0.0,0.0014542215441633033
2019-11-15 00:00:00-05:00,282.1138019169126,282.8575977885821,281.42445511407726,282.812255859375,62023600,0.0,0.0,0.0,0.0072107435527764
2019-11-18 00:00:00-05:00,282.57633203669667,283.2566268714091,282.1228021468884,283.0207824707031,49228000,0.0,0.0,0.0,0.0007370606049583728
2019-11-19 00:00:00-05:00,283.6193815961007,283.6284610498649,282.29508236581955,282.9390869140625,67804700,0.0,0.0,0.0,-0.0002886973498563705
2019-11-20 00:00:00-05:00,282.34957224467774,282.86660297199927,280.3358983899287,281.886962890625,79406200,0.0,0.0,0.0,-0.0037254841227323254
2019-11-21 00:00:00-05:00,281.99581092576324,282.1046536636578,280.635221339549,281.43341064453125,54664700,0.0,0.0,0.0,-0.001610282054074652
2019-11-22 00:00:00-05:00,282.1772483826184,282.31330182529547,281.052503014795,282.059326171875,44850200,0.0,0.0,0.0,0.002221557595593282
2019-11-25 00:00:00-05:00,282.98453205746335,284.2453308105469,282.98453205746335,284.2453308105469,48647200,0.0,0.0,0.0,0.007720280839518701
2019-11-26 00:00:00-05:00,284.2815982160428,285.07073576578375,283.9641217688007,284.8893127441406,37569000,0.0,0.0,0.0,0.002263022347068322
2019-11-27 00:00:00-05:00,285.37010586387197,286.1592712402344,285.15242034281846,286.1592712402344,44444600,0.0,0.0,0.0,0.004447819766491001
2019-11-29 00:00:00-05:00,285.59683323960326,285.84175709981287,284.87119647744976,285.09796142578125,36592700,0.0,0.0,0.0,-0.0037157027511973695
2019-12-02 00:00:00-05:00,285.35186501415745,285.41536582716174,282.24973680572754,282.6760559082031,75767800,0.0,0.0,0.0,-0.008531282281461827
2019-12-03 00:00:00-05:00,279.9639558052549,280.8619636831978,278.5852351006926,280.7803039550781,73941700,0.0,0.0,0.0,-0.006729036147083534
2019-12-04 00:00:00-05:00,281.8235316935288,283.1115412943075,281.4788444906727,282.51287841796875,49080000,0.0,0.0,0.0,0.006151609786241075
2019-12-05 00:00:00-05:00,283.2112849549353,283.2294161852713,281.71461417355385,283.0207824707031,40709000,0.0,0.0,0.0,0.0017961943714936979
2019-12-06 00:00:00-05:00,284.92569252553795,286.00509617699373,284.9166130672193,285.6059875488281,48927000,0.0,0.0,0.0,0.009092863813329188
2019-12-09 00:00:00-05:00,285.21592864485524,285.88714413985167,284.63539699848997,284.7079772949219,34838500,0.0,0.0,0.0,-0.0031491811578145956
2019-12-10 00:00:00-05:00,284.6535275182076,285.31566348978197,283.73738821573176,284.3904724121094,52649800,0.0,0.0,0.0,-0.0011158171874070533
2019-12-11 00:00:00-05:00,284.84398729797243,285.4517295424743,284.30882533883084,285.19775390625,53429100,0.0,0.0,0.0,0.002834616297826109
2019-12-12 00:00:00-05:00,285.20687172961357,288.43600314424464,284.97105495075266,287.65594482421875,96389600,0.0,0.0,0.0,0.008582316957392422
2019-12-13 00:00:00-05:00,287.42005905278955,289.0527834416107,286.6490526203965,287.8282470703125,81503900,0.0,0.0,0.0,0.0005988079383216771
2019-12-16 00:00:00-05:00,289.5516273932872,290.39518635483904,287.7647184989822,289.80560302734375,82749700,0.0,0.0,0.0,0.006846425916688048
2019-12-17 00:00:00-05:00,290.18661712815833,290.4859347171941,289.787508555263,289.869140625,61097700,0.0,0.0,0.0,0.00021921809982750062
2019-12-18 00:00:00-05:00,290.25913538779594,290.4859003373177,289.8328161754444,289.8872375488281,48133000,0.0,0.0,0.0,6.24294083353405e-05
2019-12-19 00:00:00-05:00,290.07769870351285,291.1480502526444,289.8237230792523,291.0754699707031,85310500,0.0,0.0,0.0,0.004090569199578731
2019-12-20 00:00:00-05:00,292.1054650052227,293.48186803995895,291.13016050237536,292.3515930175781,147142100,1.57,0.0,0.0,0.004374583089899353
2019-12-23 00:00:00-05:00,293.13550600154747,293.1901949374519,292.65240185614937,292.7982482910156,52990000,0.0,0.0,0.0,0.0015266358414693926
2019-12-24 00:00:00-05:00,293.02612879098643,293.0716936318886,292.50655608135855,292.807373046875,20270000,0.0,0.0,0.0,3.1163484528917706e-05
2019-12-26 00:00:00-05:00,293.1901602146185,294.37515192605576,293.1810639379538,294.36602783203125,30911200,0.0,0.0,0.0,0.005309022662830287
2019-12-27 00:00:00-05:00,295.0952016079266,295.1498905317027,293.7643914337797,294.2930603027344,42528800,0.0,0.0,0.0,-0.0002479109934476753
2019-12-30 00:00:00-05:00,294.37512695792304,294.51184926989555,292.1874586969327,292.6705627441406,49729100,0.0,0.0,0.0,-0.005528457394511577
2019-12-31 00:00:00-05:00,292.1693441370268,293.62778090007464,291.82296227634913,293.38165283203125,57077300,0.0,0.0,0.0,0.002426713586110907
2020-01-02 00:00:00-05:00,294.9129966046256,296.1435533670269,293.9923531023892,296.12530517578125,59151200,0.0,0.0,0.0,0.009308362240355805
2020-01-03 00:00:00-05:00,292.74359626818324,295.0041745676097,292.68890732538284,293.88299560546875,77709700,0.0,0.0,0.0,-0.0076009790475737304
2020-01-06 00:00:00-05:00,292.1326909393538,295.08603116778096,292.01418902850315,295.0039978027344,55653900,0.0,0.0,0.0,0.0038071941267681098
2020-01-07 00:00:00-05:00,294.43903377463585,294.9130417417363,293.7280496413541,294.1747131347656,40496400,0.0,0.0,0.0,-0.0028150549237953015
2020-01-08 00:00:00-05:00,294.3660286722624,296.9547400028766,294.1199284891358,295.742431640625,68296000,0.0,0.0,0.0,0.005315058937999773
2020-01-09 00:00:00-05:00,297.3011671355,297.8207398631898,296.7177813744384,297.747802734375,48473300,0.0,0.0,0.0,0.006757916506814787
2020-01-10 00:00:00-05:00,298.33120751452185,298.48615024274386,296.4261352089056,296.8909912109375,53029300,0.0,0.0,0.0,-0.0028817901728785955
2020-01-13 00:00:00-05:00,297.5107715003253,298.9418355342063,297.0823563543286,298.9327392578125,47086800,0.0,0.0,0.0,0.006853557300300572
2020-01-14 00:00:00-05:00,298.4952711557389,299.54351294484616,297.92100945963375,298.47705078125,62832800,0.0,0.0,0.0,-0.0015255476978692784
2020-01-15 00:00:00-05:00,298.38593822376356,299.90816033518473,298.30390480015734,299.151611328125,72056600,0.0,0.0,0.0,0.0022574581043821595
2020-01-16 00:00:00-05:00,300.5278686430947,301.6399230957031,300.29998886032536,301.6399230957031,54050300,0.0,0.0,0.0,0.008283492203881693
2020-01-17 00:00:00-05:00,302.35097758583424,302.7884890679203,301.5761805798231,302.578857421875,95846000,0.0,0.0,0.0,0.0031079308099286607
2020-01-21 00:00:00-05:00,301.62175645504635,302.7885001455664,301.5488471444855,301.9863586425781,77742400,0.0,0.0,0.0,-0.001960082893450732
2020-01-22 00:00:00-05:00,302.84318902456715,303.49038781097767,301.8678844320141,302.0228271484375,48914900,0.0,0.0,0.0,0.0001207548055939256
2020-01-23 00:00:00-05:00,301.3756489009387,302.77939649699647,300.2635941747511,302.36920166015625,51963000,0.0,0.0,0.0,0.0011461916541906092
2020-01-24 00:00:00-05:00,303.0255562651374,303.10758968515563,298.39502145229517,299.6802673339844,87578400,0.0,0.0,0.0,-0.008932661996570168
2020-01-27 00:00:00-05:00,294.44811064824233,296.35318285602233,294.1108529210448,294.87652587890625,84062500,0.0,0.0,0.0,-0.0161594183822249
2020-01-28 00:00:00-05:00,296.29842651664376,298.84157285281924,294.96761628432836,297.9665222167969,63834000,0.0,0.0,0.0,0.010424426262273911
2020-01-29 00:00:00-05:00,299.324680649757,299.55256045074896,297.5198626116515,297.72039794921875,53888900,0.0,0.0,0.0,-0.000826354493448811
2020-01-30 00:00:00-05:00,295.66036446661803,298.89627442765044,294.9129398382602,298.6866149902344,75491800,0.0,0.0,0.0,0.0032401291915311603
2020-01-31 00:00:00-05:00,298.0668814238513,298.221851981053,292.35166407869235,293.26318359375,113845600,0.0,0.0,0.0,-0.018324469973840962
2020-02-03 00:00:00-05:00,294.73979049796515,297.30115767312014,294.6212885304359,295.441650390625,69083000,0.0,0.0,0.0,0.007400913376730323
2020-02-04 00:00:00-05:00,299.04215432222543,300.81050405404096,298.7231169921296,299.9445495605469,62573200,0.0,0.0,0.0,0.015126266032749136
2020-02-05 00:00:00-05:00,302.8705625667215,303.6180152040548,301.4121536768775,303.4083557128906,65951100,0.0,0.0,0.0,0.011481984014667823
2020-02-06 00:00:00-05:00,304.3654472195234,304.62067153969036,303.35364621707834,304.42926025390625,50359700,0.0,0.0,0.0,0.0033591389350480227
2020-02-07 00:00:00-05:00,303.37183913632214,304.4383010658972,302.2597845544811,302.80670166015625,64139400,0.0,0.0,0.0,-0.005344092106242648
2020-02-10 00:00:00-05:00,301.9226265793127,305.13116533874893,301.88615800893024,305.0673522949219,42070000,0.0,0.0,0.0,0.007437925807699308
2020-02-11 00:00:00-05:00,306.41630901268127,307.20020220152,305.06725053223005,305.595947265625,54864500,0.0,0.0,0.0,0.0017312162139262455
2020-02-12 00:00:00-05:00,307.02705945948134,307.77451202465284,306.66245727222037,307.56488037109375,43992700,0.0,0.0,0.0,0.0064222624283249985
2020-02-13 00:00:00-05:00,306.1428600443528,308.20290257264736,305.8694153801374,307.2366943359375,54501900,0.0,0.0,0.0,-0.0010676162190543792
2020-02-14 00:00:00-05:00,307.64681793808313,307.84735325121005,306.4527301518042,307.7288513183594,64582200,0.0,0.0,0.0,0.0016006005246058663
2020-02-18 00:00:00-05:00,306.73540821888315,307.7927740817303,305.5504162851949,306.9359436035156,57226200,0.0,0.0,0.0,-0.0025799693140386992
2020-02-19 00:00:00-05:00,307.9020874174254,309.0779271915285,307.61951868249895,308.4034118652344,48814700,0.0,0.0,0.0,0.004769631685917375
2020-02-20 00:00:00-05:00,307.85649373249373,308.67688328776865,304.1557279094007,307.13641357421875,74163400,0.0,0.0,0.0,-0.0041167119591731804
2020-02-21 00:00:00-05:00,305.7873334144991,306.09724659050875,303.1530296923813,303.9734191894531,113788200,0.0,0.0,0.0,-0.01035173207905249
2020-02-24 00:00:00-05:00,294.5483849080448,304.0464012409805,292.8164758374308,293.89208984375,161088400,0.0,0.0,0.0,-0.03372760209186598
2020-02-25 00:00:00-05:00,295.27757219253857,295.8882745622072,284.1114604678439,284.98651123046875,218913200,0.0,0.0,0.0,-0.030770808482031953
2020-02-26 00:00:00-05:00,286.3810972156628,289.9633610159589,283.2090281846531,283.938232421875,194773800,0.0,0.0,0.0,-0.003685127098463248
2020-02-27 00:00:00-05:00,278.4327827430655,283.9930581364514,271.18621826171875,271.18621826171875,284353500,0.0,0.0,0.0,-0.04595098587828428
2020-02-28 00:00:00-05:00,263.15557910658106,271.5324419822393,260.2751753707995,270.0466613769531,384975800,0.0,0.0,0.0,-0.0042109731745760826
2020-03-02 00:00:00-05:00,271.8241810091955,281.80532914475464,268.40598340350584,281.74151611328125,238703600,0.0,0.0,0.0,0.04239527708597457
2020-03-03 00:00:00-05:00,282.1152700822015,286.07126116142535,271.24084970802795,273.6745910644531,300139100,0.0,0.0,0.0,-0.02905026431570601
2020-03-04 00:00:00-05:00,279.03434596352906,285.39676211227726,276.4911987598748,285.177978515625,176613400,0.0,0.0,0.0,0.04117369462649112
2020-03-05 00:00:00-05:00,277.99525887539363,281.1764533921752,273.46500533027745,275.6982116699219,186366800,0.0,0.0,0.0,-0.03380663987677668
2020-03-06 00:00:00-05:00,267.2118873410211,272.3437456449538,264.5502664620457,271.1405334472656,228667200,0.0,0.0,0.0,-0.016669571428336027
2020-03-09 00:00:00-04:00,250.9412162354038,259.04463500455796,249.2549280257215,249.96591186523438,309417300,0.0,0.0,0.0,-0.08131270404668989
2020-03-10 00:00:00-04:00,259.4548490211814,262.9915202948296,249.3005113667445,262.900390625,276444100,0.0,0.0,0.0,0.050450661539514385
2020-03-11 00:00:00-04:00,255.86349945004477,256.9937745724308,246.91237251975267,250.08444213867188,255316300,0.0,0.0,0.0,-0.049976588179868386
2020-03-12 00:00:00-04:00,233.3489770719644,243.06577765843556,225.76512864095778,226.15708923339844,392220700,0.0,0.0,0.0,-0.10056878646992562
2020-03-13 00:00:00-04:00,239.8115967480577,247.45925662714072,226.53076847464146,245.49037170410156,329566100,0.0,0.0,0.0,0.08202788442153697
2020-03-16 00:00:00-04:00,219.84020754106757,234.1692913616769,216.35821121478764,218.62789916992188,297240000,0.0,0.0,0.0,-0.11588653316086184
2020-03-17 00:00:00-04:00,223.35872879137676,233.50395903282416,216.09393128193696,230.43212890625,262070500,0.0,0.0,0.0,0.05258517330080892
2020-03-18 00:00:00-04:00,215.34645080566406,226.39406110097966,207.8446502974257,218.7646484375,327597100,0.0,0.0,0.0,-0.051959880196105424
2020-03-19 00:00:00-04:00,218.0809829271714,225.49163896080339,211.67300364288351,219.2294921875,289322000,0.0,0.0,0.0,0.0021226033931140975
2020-03-20 00:00:00-04:00,222.37074721498362,224.14949538908877,209.50693107809147,209.78199768066406,347158800,1.406,0.0,0.0,-0.04405020544515548
2020-03-23 00:00:00-04:00,209.22272735900054,210.5888688079637,200.11810699641129,204.41827392578125,326025200,0.0,0.0,0.0,-0.025900628128018965
2020-03-24 00:00:00-04:00,214.93484144271505,223.81024024329707,214.3663807599711,222.93919372558594,235494500,0.0,0.0,0.0,0.08673080330017147
2020-03-25 00:00:00-04:00,224.51625036542322,235.04203577073906,219.82183239457268,226.2766571044922,299430300,0.0,0.0,0.0,0.01485933669441053
2020-03-26 00:00:00-04:00,228.77974835482536,240.9558914934752,228.34881392408727,239.48890686035156,257632800,0.0,0.0,0.0,0.0567487007714611
2020-03-27 00:00:00-04:00,232.2180949971664,239.13136087018935,230.18262121161507,232.35562133789062,224341200,0.0,0.0,0.0,-0.030238049223053842
2020-03-30 00:00:00-04:00,234.44602980585432,240.61662346155654,232.45640344110245,239.90145874023438,171369500,0.0,0.0,0.0,0.031959201800702886
2020-03-31 00:00:00-04:00,238.90208181788717,241.4418275508448,234.92282878626662,236.32565307617188,194881100,0.0,0.0,0.0,-0.015017510671138545
2020-04-01 00:00:00-04:00,227.36774076850008,236.24314028710725,223.62687128450554,225.68984985351562,189554600,0.0,0.0,0.0,-0.046049028811428805
2020-04-02 00:00:00-04:00,224.80964222485147,231.67705936295383,224.25950903784965,230.89772033691406,177660400,0.0,0.0,0.0,0.02281313240384719
2020-04-03 00:00:00-04:00,229.91666012342145,232.26388300481995,224.83715469449982,227.56028747558594,135561200,0.0,0.0,0.0,-0.014559640188921641
2020-04-06 00:00:00-04:00,236.40816732964865,244.80678550079665,227.5419457283824,242.8446502685547,188061200,0.0,0.0,0.0,0.06500673641783106
2020-04-07 00:00:00-04:00,251.41744466183374,252.16929234238347,242.87215154323118,243.09219360351562,201427200,0.0,0.0,0.0,0.001018829337578353
2020-04-08 00:00:00-04:00,245.68696224301036,253.05867943513024,243.20222724698658,251.25242614746094,153774500,0.0,0.0,0.0,0.03301734670213552
2020-04-09 00:00:00-04:00,254.50742362725188,257.8265512385249,252.57282112817146,255.07591247558594,189999200,0.0,0.0,0.0,0.015103081203493574
2020-04-13 00:00:00-04:00,254.10393966346695,254.443180523553,248.8502112627236,252.7469482421875,114839100,0.0,0.0,0.0,-0.009172413225658538
2020-04-14 00:00:00-04:00,257.6248038351175,261.2189556921162,252.60947200950213,260.20123291015625,134143400,0.0,0.0,0.0,0.029066520771658944
2020-04-15 00:00:00-04:00,254.4981997482188,260.3387165438089,252.5635698315606,254.6724090576172,121775000,0.0,0.0,0.0,-0.02147725548470092
2020-04-16 00:00:00-04:00,255.94694057675252,256.7537991200917,252.83873321200886,255.90110778808594,131798300,0.0,0.0,0.0,0.004813023244836678
2020-04-17 00:00:00-04:00,261.65902364519036,263.4194162623719,258.9267132107058,262.8143005371094,146684800,0.0,0.0,0.0,0.026656629032200563
2020-04-20 00:00:00-04:00,259.11925837284326,262.95183530213035,257.96400942467557,258.1840515136719,100109300,0.0,0.0,0.0,-0.01777499262831661
2020-04-21 00:00:00-04:00,253.72799788074695,254.9291074264228,249.40947658688037,250.34471130371094,126385700,0.0,0.0,0.0,-0.030833895205527817
2020-04-22 00:00:00-04:00,255.2134480724144,257.64317347159806,253.89313917984944,255.90110778808594,92951600,0.0,0.0,0.0,0.021952258801643865
2020-04-23 00:00:00-04:00,257.1755244120986,260.33876990913046,255.58016302104355,255.88272094726562,104709700,0.0,0.0,0.0,-7.185393439979038e-05
2020-04-24 00:00:00-04:00,257.3955098331214,260.1186421969253,255.35085912854342,259.4493103027344,85063200,0.0,0.0,0.0,0.013842129294891592
2020-04-27 00:00:00-04:00,261.4207061930067,264.308871327073,260.9622663945535,263.1902770996094,77896600,0.0,0.0,0.0,0.014315910152828515
2020-04-28 00:00:00-04:00,266.83015946053325,267.17857801356905,261.6773031279873,261.9798889160156,105270000,0.0,0.0,0.0,-0.004609516705543548
2020-04-29 00:00:00-04:00,267.29784515422165,270.36939668055743,266.2709447231819,268.83819580078125,118745600,0.0,0.0,0.0,0.02584195507487763
2020-04-30 00:00:00-04:00,267.46276523477655,268.93895497474483,264.60210723194473,266.33502197265625,122901700,0.0,0.0,0.0,-0.009354698626319546
2020-05-01 00:00:00-04:00,261.5948274910563,266.5001372793607,258.1198471539412,259.2843017578125,125180000,0.0,0.0,0.0,-0.02682984753814388
2020-05-04 00:00:00-04:00,257.4046365732007,260.3019779656264,255.92847461294295,259.9994201660156,80873200,0.0,0.0,0.0,0.0027542510195459613
2020-05-05 00:00:00-04:00,262.81430977989436,265.20735144767355,260.1278320243504,262.4017028808594,79569900,0.0,0.0,0.0,0.00919714580396569
2020-05-06 00:00:00-04:00,264.09796681903833,264.48304052192884,260.1920513755059,260.62298583984375,73632600,0.0,0.0,0.0,-0.0068016823555403505
2020-05-07 00:00:00-04:00,263.8320410550969,265.6933050734505,263.2635803176103,263.7678527832031,75250400,0.0,0.0,0.0,0.011994506446318276
2020-05-08 00:00:00-04:00,266.8944094168429,268.5998195757135,265.7666377314456,268.1322021484375,76452400,0.0,0.0,0.0,0.016410779704124856
2020-05-11 00:00:00-04:00,266.20676247386785,269.56254444611375,265.7850057832069,268.1872253417969,79514200,0.0,0.0,0.0,0.00020518814248404738
2020-05-12 00:00:00-04:00,269.36987907895167,269.7824578248255,262.70415109271556,262.8417053222656,95870800,0.0,0.0,0.0,-0.020133368552876618
2020-05-13 00:00:00-04:00,262.2825114779081,263.31858964743844,255.7726623265701,258.1932373046875,144721100,0.0,0.0,0.0,-0.017843683694970913
2020-05-14 00:00:00-04:00,255.7635079143885,261.41146013220174,250.29888679853764,261.2831115722656,121977900,0.0,0.0,0.0,0.011896251732332885
2020-05-15 00:00:00-04:00,258.89925085277906,262.53008571070245,257.954866120157,262.4842529296875,111146300,0.0,0.0,0.0,0.004586553284820383
2020-05-18 00:00:00-04:00,268.6915050760796,272.0839701507051,268.3706196611589,270.47943115234375,119703800,0.0,0.0,0.0,0.03000496390010987
2020-05-19 00:00:00-04:00,269.8835330443974,271.58891577815547,267.6830274604417,267.70135498046875,95189300,0.0,0.0,0.0,-0.010324043216402679
2020-05-20 00:00:00-04:00,271.23127021904025,273.1108617924765,271.00205036955106,272.2489929199219,85861700,0.0,0.0,0.0,0.016845050629151537
2020-05-21 00:00:00-04:00,272.1206583812847,272.92751677002803,269.278326504917,270.3694152832031,78293900,0.0,0.0,0.0,-0.006927834094115681
2020-05-22 00:00:00-04:00,270.0851015880697,271.0569912617553,268.84730912262285,270.8827819824219,63958200,0.0,0.0,0.0,0.0018969598858218362
2020-05-26 00:00:00-04:00,276.83335693039163,277.07175449936034,270.90114681308035,274.2202453613281,88951400,0.0,0.0,0.0,0.012245410191431993
2020-05-27 00:00:00-04:00,277.00767242380675,278.3371590944921,272.1940543126953,278.30047607421875,104817400,0.0,0.0,0.0,0.014769780492557949
2020-05-28 00:00:00-04:00,279.3273381718324,281.3353065447308,277.11765518674065,277.7869873046875,90405200,0.0,0.0,0.0,-0.0018467919141889055
2020-05-29 00:00:00-04:00,277.3193091660714,279.61150744849493,274.5778489741923,279.02471923828125,119090800,0.0,0.0,0.0,0.004445790049675047
2020-06-01 00:00:00-04:00,278.3828651183529,280.75757894742645,277.8694149921172,280.1524353027344,55758300,0.0,0.0,0.0,0.004033489509359889
2020-06-02 00:00:00-04:00,281.06934373149255,282.51802872321025,279.739885508997,282.47216796875,74267200,0.0,0.0,0.0,0.008246158442043239
2020-06-03 00:00:00-04:00,284.45263612777273,287.18494662104723,284.1775835194625,286.23138427734375,92567600,0.0,0.0,0.0,0.013220494393022975
2020-06-04 00:00:00-04:00,285.2502418961064,286.9831568169976,283.38897845196175,285.4794616699219,75794400,0.0,0.0,0.0,-0.002630431261917643
2020-06-05 00:00:00-04:00,290.86169285851645,294.565865879508,290.797504578311,292.7962951660156,150524700,0.0,0.0,0.0,0.025307040486033827
2020-06-08 00:00:00-04:00,293.60310815038525,296.52795553104175,293.0621526886974,296.3354187011719,73641200,0.0,0.0,0.0,0.012014855172260752
2020-06-09 00:00:00-04:00,293.67635110366086,296.4086607698084,292.81448255061196,294.1256408691406,77479200,0.0,0.0,0.0,-0.007484958112075724
2020-06-10 00:00:00-04:00,294.7033572907335,295.59273133209695,291.76933233464445,292.4844970703125,95000800,0.0,0.0,0.0,-0.005595362147492011
2020-06-11 00:00:00-04:00,285.5712235543959,286.20387252008595,275.0729721884442,275.6230773925781,209243600,0.0,0.0,0.0,-0.059377393067913786
2020-06-12 00:00:00-04:00,282.6188812960742,283.38905659074294,273.7801789307393,278.9238586425781,194678900,0.0,0.0,0.0,0.011904565753705576
2020-06-15 00:00:00-04:00,273.2483818586524,282.65557322051234,272.0747773753375,281.5278015136719,135782700,0.0,0.0,0.0,0.009292368256948791
2020-06-16 00:00:00-04:00,289.2571484357814,289.4038525103005,282.0963219351536,286.94659423828125,137627500,0.0,0.0,0.0,0.01906491090961726
2020-06-17 00:00:00-04:00,287.9643213952654,288.25772952024136,285.02111835943526,285.754638671875,83398900,0.0,0.0,0.0,-0.004162579785066178
2020-06-18 00:00:00-04:00,284.2417577526698,286.34139118127837,283.78331810749904,285.8646240234375,80828700,0.0,0.0,0.0,0.0003848203169400932
2020-06-19 00:00:00-04:00,289.32364222607004,289.5170263493881,282.2878438676283,284.2309875488281,135549600,1.366,0.0,0.0,-0.005731112160602514
2020-06-22 00:00:00-04:00,283.6324035882066,286.45039927000624,282.49047877976056,286.0544128417969,74649400,0.0,0.0,0.0,0.006394803393425796
2020-06-23 00:00:00-04:00,288.6973956071107,289.627527981212,286.9660723422408,287.37127685546875,68471200,0.0,0.0,0.0,0.004592979883249804
2020-06-24 00:00:00-04:00,285.3359654871181,285.9529901790608,278.20810074244577,280.04071044921875,132813500,0.0,0.0,0.0,-0.025840040236576378
2020-06-25 00:00:00-04:00,279.469847494696,283.31007226818923,277.4530430466422,283.0429992675781,89468000,0.0,0.0,0.0,0.010663839914231588
2020-06-26 00:00:00-04:00,281.9470509652658,282.1588713157659,275.7400992165521,276.32025146484375,127961000,0.0,0.0,0.0,-0.02403830252889616
2020-06-29 00:00:00-04:00,277.5727838921979,280.5196928041572,275.28890629956817,280.3815612792969,79773300,0.0,0.0,0.0,0.014590869917875615
2020-06-30 00:00:00-04:00,279.9486930198918,285.6675903215087,279.792153347328,283.97308349609375,113394800,0.0,0.0,0.0,0.012728062882225721
2020-07-01 00:00:00-04:00,285.08739818187286,287.22392574002134,284.62694111006857,285.9622497558594,72396500,0.0,0.0,0.0,0.006980350999833185
2020-07-02 00:00:00-04:00,289.38809746937955,290.7326525675876,286.87401944452057,287.5370788574219,69344200,0.0,0.0,0.0,0.005492013613091373
2020-07-06 00:00:00-04:00,291.34952382314395,292.55591877461336,290.6035858181609,291.9757385253906,61713800,0.0,0.0,0.0,0.015318889714175832
2020-07-07 00:00:00-04:00,290.43782329412807,292.408564378623,288.58677740634266,288.96435546875,82910000,0.0,0.0,0.0,-0.01036736854716569
2020-07-08 00:00:00-04:00,289.72884039147516,291.28518783880827,287.96991877388723,291.1746826171875,54638600,0.0,0.0,0.0,0.00762002795367156
2020-07-09 00:00:00-04:00,291.7825007695843,292.0219474951097,286.1096649721641,289.5170593261719,83354200,0.0,0.0,0.0,-0.005709148843410006
2020-07-10 00:00:00-04:00,289.45251680342045,292.74018697945144,288.02511114921197,292.4731140136719,57550400,0.0,0.0,0.0,0.010158522407597737
2020-07-13 00:00:00-04:00,294.8122566026346,297.18820278628755,289.2867716039281,289.94061279296875,102997500,0.0,0.0,0.0,-0.008696626008226183
2020-07-14 00:00:00-04:00,288.52234618472755,294.47147088494086,287.32516922126496,293.6979064941406,93657000,0.0,0.0,0.0,0.012875591600429281
2020-07-15 00:00:00-04:00,296.9120110782605,297.4921916391001,294.020326411243,296.39630126953125,87196500,0.0,0.0,0.0,0.009145704358905604
2020-07-16 00:00:00-04:00,294.49912983927373,295.87128286396967,293.85447872341933,295.4200439453125,54622500,0.0,0.0,0.0,-0.0032991931285177856
2020-07-17 00:00:00-04:00,296.42389995374253,297.059333070297,294.45312985797676,296.27655029296875,62774900,0.0,0.0,0.0,0.002895088307869109
2020-07-20 00:00:00-04:00,296.0094429242622,299.4168366870497,295.26350467471246,298.6708984375,56308800,0.0,0.0,0.0,0.008048983406315102
2020-07-21 00:00:00-04:00,300.6323928502155,301.07441359288947,298.3208896684092,299.3062744140625,57292200,0.0,0.0,0.0,0.0021250851855940667
2020-07-22 00:00:00-04:00,298.94711028029644,301.323084234717,298.8366050924752,301.00994873046875,57792900,0.0,0.0,0.0,0.005675938195760288
2020-07-23 00:00:00-04:00,300.65084417889534,301.3507479273714,296.05549155599056,297.4184265136719,75738000,0.0,0.0,0.0,-0.012003325669128984
2020-07-24 00:00:00-04:00,295.56746146986495,296.5251921252175,294.00189588834417,295.50299072265625,73766600,0.0,0.0,0.0,-0.006461033110435999
2020-07-27 00:00:00-04:00,296.19361733148213,297.83284336537673,295.4016165623497,297.6578674316406,48293000,0.0,0.0,0.0,0.007265773387697294
2020-07-28 00:00:00-04:00,296.9303522871835,298.04467867981947,295.47532024869815,295.77001953125,57495000,0.0,0.0,0.0,-0.006362539781166632
2020-07-29 00:00:00-04:00,296.64482019059875,299.96933442324314,296.60797576059025,299.4075622558594,48454200,0.0,0.0,0.0,0.012223538411830326
2020-07-30 00:00:00-04:00,296.44230479428404,298.7538086591065,294.3610576063959,298.3393859863281,61861700,0.0,0.0,0.0,-0.0035740120788796403
2020-07-31 00:00:00-04:00,300.12590663768805,300.7981840639859,295.9173223565921,300.6968688964844,84986800,0.0,0.0,0.0,0.007870959601616434
2020-08-03 00:00:00-04:00,302.3544922923563,303.5516692549566,301.811156402926,302.7873229980469,53077900,0.0,0.0,0.0,0.006927977537455554
2020-08-04 00:00:00-04:00,301.9308868941844,303.9569091796875,301.9308868941844,303.9569091796875,41917900,0.0,0.0,0.0,0.003855290477498663
2020-08-05 00:00:00-04:00,305.2553866917395,306.1026399985558,304.988313743364,305.8447570800781,42697700,0.0,0.0,0.0,0.006191698173564575
2020-08-06 00:00:00-04:00,305.264638297825,308.00894452980793,304.942312718452,307.88922119140625,43679400,0.0,0.0,0.0,0.006662403406402007
2020-08-07 00:00:00-04:00,306.9221816638764,308.39564951602836,306.0196759297187,308.11016845703125,57308300,0.0,0.0,0.0,0.0007173619935771924
2020-08-10 00:00:00-04:00,308.5615137232704,309.21535494485994,306.6275882566364,309.03118896484375,44282100,0.0,0.0,0.0,0.0029847981520552125
2020-08-11 00:00:00-04:00,310.20997475019243,310.8454078392464,305.75275309496504,306.4802551269531,69601100,0.0,0.0,0.0,-0.008288874130973234
2020-08-12 00:00:00-04:00,308.91146746286313,311.52686046889016,308.88384116049235,310.7532958984375,53774400,0.0,0.0,0.0,0.013846003770218829
2020-08-13 00:00:00-04:00,309.98892606516085,311.49923889521347,309.2706140885454,310.1915283203125,41816100,0.0,0.0,0.0,-0.001809396614576464
2020-08-14 00:00:00-04:00,309.80475825655594,310.73489061846544,309.07722814860483,310.20074462890625,47260400,0.0,0.0,0.0,2.9711229480255952e-05
2020-08-17 00:00:00-04:00,311.2137224910681,311.5820825212489,310.2099294645962,311.18609619140625,35481000,0.0,0.0,0.0,0.0031714620383720415
2020-08-18 00:00:00-04:00,311.5820463337453,312.28194998264934,309.98885496076423,311.85833740234375,38733900,0.0,0.0,0.0,0.0021579246537051233
2020-08-19 00:00:00-04:00,312.2359484919656,312.7516581960092,309.99813372934017,310.5599060058594,68054200,0.0,0.0,0.0,-0.0041722211511778795
2020-08-20 00:00:00-04:00,308.83774337602864,312.0056901723592,308.70883001435334,311.5268249511719,42207800,0.0,0.0,0.0,0.003108633172370645
2020-08-21 00:00:00-04:00,311.1953645031958,312.8529989583211,310.85460261366353,312.6319885253906,55106600,0.0,0.0,0.0,0.0035412933545817538
2020-08-24 00:00:00-04:00,315.0631784958775,315.8735875319697,312.60435318835533,315.7999267578125,48588700,0.0,0.0,0.0,0.01008212660820984
2020-08-25 00:00:00-04:00,316.3616627587458,316.9878776871024,315.2013018413242,316.9049987792969,38463400,0.0,0.0,0.0,0.0034931706727023837
2020-08-26 00:00:00-04:00,317.49441695300277,320.3492287448196,316.95108089894495,320.0821838378906,50790200,0.0,0.0,0.0,0.009975746745061187
2020-08-27 00:00:00-04:00,320.9477683119042,322.22782424225835,319.12434835411756,320.781982421875,58034100,0.0,0.0,0.0,0.002183922581318498
2020-08-28 00:00:00-04:00,321.8041766053933,322.98294535067055,320.6161897272106,322.85400390625,48588900,0.0,0.0,0.0,0.0064385108547506675
2020-08-31 00:00:00-04:00,322.6422984405211,323.5171500758055,321.4543112428884,321.6845397949219,66099200,0.0,0.0,0.0,-0.0036288454929467306
2020-09-01 00:00:00-04:00,322.51323577806147,324.8155204333197,321.6199482076588,324.7142333984375,54908700,0.0,0.0,0.0,0.009374138427199696
2020-09-02 00:00:00-04:00,326.6206721827685,330.37798998883557,325.4787193923163,329.4110412597656,69540000,0.0,0.0,0.0,0.014360822805163487
2020-09-03 00:00:00-04:00,327.72577971733415,328.19545502122673,315.4960384795062,318.0746154785156,148011100,0.0,0.0,0.0,-0.03502034136280763
2020-09-04 00:00:00-04:00,318.7560217314167,320.32155893623025,308.3865193279406,315.4775695800781,139156300,0.0,0.0,0.0,-0.008198410505533715
2020-09-08 00:00:00-04:00,310.0809566891278,315.5419982728342,306.5538683027617,306.8577575683594,114465300,0.0,0.0,0.0,-0.027703274800281008
2020-09-09 00:00:00-04:00,310.8545526760322,315.37624441716423,309.98889114735533,312.91741943359375,91462300,0.0,0.0,0.0,0.019555010233699655
2020-09-10 00:00:00-04:00,314.78685053527204,315.4406916483202,306.52625029812896,307.4840087890625,90569500,0.0,0.0,0.0,-0.01751623809766567
2020-09-11 00:00:00-04:00,309.2614431412323,310.32048895230275,304.8226295252226,307.640625,84680200,0.0,0.0,0.0,0.0005092178258472302
2020-09-14 00:00:00-04:00,310.79933901286097,313.4607946662511,307.78795955439836,311.692626953125,65605700,0.0,0.0,0.0,0.013085232406342406
2020-09-15 00:00:00-04:00,314.1423078505726,314.97112516922874,311.70189037183303,313.2674560546875,52920900,0.0,0.0,0.0,0.005039785668539132
2020-09-16 00:00:00-04:00,314.50143147881846,315.92883731092843,311.74787878709503,312.024169921875,82096000,0.0,0.0,0.0,-0.003976665349709307
2020-09-17 00:00:00-04:00,307.1801324619214,310.9927306673699,306.65520463292705,309.2798156738281,91523300,0.0,0.0,0.0,-0.008834233032266603
2020-09-18 00:00:00-04:00,310.08323122180803,310.1941787550104,303.24119391420174,305.7191162109375,105877900,1.339,0.0,0.0,-0.01157965994932919
2020-09-21 00:00:00-04:00,301.142417821237,302.4645898682485,297.4717524188794,302.316650390625,99450800,0.0,0.0,0.0,-0.011191780227594705
2020-09-22 00:00:00-04:00,303.7959671425477,305.9502737084909,301.29027968535905,305.3955078125,63612100,0.0,0.0,0.0,0.010132704185346952
2020-09-23 00:00:00-04:00,305.95029107636867,306.2276881483939,297.8138181951708,298.3131103515625,93112200,0.0,0.0,0.0,-0.023464042705429122
2020-09-24 00:00:00-04:00,297.0001882528296,302.1594468796686,295.6872430633771,299.1082763671875,76681300,0.0,0.0,0.0,0.0026619953783448835
2020-09-25 00:00:00-04:00,298.25762343564503,304.7298270780176,297.38852490576954,303.9439392089844,71069400,0.0,0.0,0.0,0.01603763774734901
2020-09-28 00:00:00-04:00,308.0953240484511,309.7041195983492,307.1059949203024,308.9921875,64584600,0.0,0.0,0.0,0.01647271950284601
2020-09-29 00:00:00-04:00,308.78884527571864,309.52851442541044,306.616028350716,307.3094787597656,51304000,0.0,0.0,0.0,-0.005460679448875183
2020-09-30 00:00:00-04:00,307.9752282610911,312.78316294549495,307.7810700245136,309.6395263671875,104081100,0.0,0.0,0.0,0.007553488753497817
2020-10-01 00:00:00-04:00,312.2284568205525,313.1992764062935,309.7505333659049,311.6274719238281,88698700,0.0,0.0,0.0,0.006399671467915979
2020-10-02 00:00:00-04:00,306.6900399805022,311.5996670640401,306.2184846303253,308.6686706542969,89431100,0.0,0.0,0.0,-0.009540035821614445
2020-10-05 00:00:00-04:00,310.72123983393703,314.32717611812427,310.67502109585257,314.14227294921875,45713100,0.0,0.0,0.0,0.017577543496962278
2020-10-06 00:00:00-04:00,314.28094252067115,316.3705485681372,309.16790315798374,309.6764221191406,90128900,0.0,0.0,0.0,-0.014318029129165133
2020-10-07 00:00:00-04:00,312.625996081442,315.87135369140464,312.5982591880481,315.06695556640625,56999600,0.0,0.0,0.0,0.01725722086686865
2020-10-08 00:00:00-04:00,316.99932011187576,317.9239207082548,316.08394633419226,317.85919189453125,45242500,0.0,0.0,0.0,0.00882331834182093
2020-10-09 00:00:00-04:00,319.50498071538817,321.1600236881462,318.8855141153723,320.6977233886719,59528600,0.0,0.0,0.0,0.008890515858304582
2020-10-12 00:00:00-04:00,323.2311624863126,327.3271369060572,322.74112523312164,325.8570251464844,80388500,0.0,0.0,0.0,0.01595970420275794
2020-10-13 00:00:00-04:00,325.718262626604,325.8939389787219,322.7687847777624,323.7303771972656,73255500,0.0,0.0,0.0,-0.006547711791942135
2020-10-14 00:00:00-04:00,324.30360807019053,325.39462982999737,320.96581398724754,321.69622802734375,57727900,0.0,0.0,0.0,-0.006303291151715129
2020-10-15 00:00:00-04:00,317.7944015372411,321.77942707857534,317.2581457104829,321.29864501953125,60357700,0.0,0.0,0.0,-0.0012366601201598826
2020-10-16 00:00:00-04:00,322.6486204375523,324.30366342738694,320.9288768497177,321.10455322265625,89501900,0.0,0.0,0.0,-0.0006042678595372664
2020-10-19 00:00:00-04:00,322.36198948401005,322.9907111121093,315.3257925506402,316.22265625,68425600,0.0,0.0,0.0,-0.015320207218675108
2020-10-20 00:00:00-04:00,317.56327447111846,320.72542054305353,316.8051235185024,317.48931884765625,60051900,0.0,0.0,0.0,0.00399760248911285
2020-10-21 00:00:00-04:00,317.4431044735385,319.6066946596672,316.58323270677243,316.88836669921875,63575000,0.0,0.0,0.0,-0.0018946200091622956
2020-10-22 00:00:00-04:00,317.10097125484754,319.2090592108434,314.9651464132425,318.6265563964844,55399300,0.0,0.0,0.0,0.005470191079434805
2020-10-23 00:00:00-04:00,319.8470279304944,319.9025017003484,317.25815794875194,319.7083435058594,49143900,0.0,0.0,0.0,0.003389406235434933
2020-10-26 00:00:00-04:00,316.3336594798121,317.11957576154066,310.31449956101216,313.8002624511719,91473000,0.0,0.0,0.0,-0.018652476984807542
2020-10-27 00:00:00-04:00,314.14230712329396,314.475149793473,312.5057460118679,312.7184143066406,65994100,0.0,0.0,0.0,-0.003453525840225957
2020-10-28 00:00:00-04:00,307.05976563946336,312.74605184793154,301.5399007132188,302.0299377441406,127094300,0.0,0.0,0.0,-0.03477700675805906
2020-10-29 00:00:00-04:00,302.26117045534187,308.2618190207296,300.57839067530114,305.0997009277344,90597700,0.0,0.0,0.0,0.01011246741395766
2020-10-30 00:00:00-04:00,303.52783260839107,304.8315226203362,298.2761088587803,301.9190368652344,120287300,0.0,0.0,0.0,-0.01047971989658425
2020-11-02 00:00:00-05:00,305.30316162109375,307.3002742972392,302.56632324038145,305.30316162109375,86068300,0.0,0.0,0.0,0.011146363889848132
2020-11-03 00:00:00-05:00,308.52995012960014,312.746126248305,305.38631400131226,310.6935119628906,93294200,0.0,0.0,0.0,0.017501678709912483
2020-11-04 00:00:00-05:00,315.15928696801785,321.70547377095147,313.9850545875487,317.6372375488281,126959700,0.0,0.0,0.0,0.02210303500848365
2020-11-05 00:00:00-05:00,322.9074612913422,325.63504398286517,322.55610859572175,323.8320617675781,82039700,0.0,0.0,0.0,0.0193150843457639
2020-11-06 00:00:00-05:00,323.5454798982403,325.0063646417054,321.43739166729375,323.7581481933594,74973000,0.0,0.0,0.0,-0.0002282726743016994
2020-11-09 00:00:00-05:00,336.52688050400957,336.90597013486416,327.3640851994297,327.8263854980469,172304200,0.0,0.0,0.0,0.012487374881020585
2020-11-10 00:00:00-05:00,326.83706430106344,328.39964160698554,324.08177251066513,327.3456115722656,85552000,0.0,0.0,0.0,-0.0014676268650886115
2020-11-11 00:00:00-05:00,329.5276530081711,330.6001931058199,328.28869157206935,329.7773132324219,58649000,0.0,0.0,0.0,0.007401089410482342
2020-11-12 00:00:00-05:00,328.76942360523407,329.82348168786507,324.7751710085161,326.578125,67546200,0.0,0.0,0.0,-0.00974841794970871
2020-11-13 00:00:00-05:00,328.48285175165734,331.8391565132532,327.965077662347,331.0994873046875,62892200,0.0,0.0,0.0,0.013749695752821367
2020-11-16 00:00:00-05:00,333.76224964666625,335.4265190156994,332.4770415964014,335.23236083984375,74541100,0.0,0.0,0.0,0.01240500974165748
2020-11-17 00:00:00-05:00,332.8283977244911,334.63137974023823,331.32129460037004,333.42938232421875,66111000,0.0,0.0,0.0,-0.005392810052717856
2020-11-18 00:00:00-05:00,333.6976230414402,334.24313403742127,329.3797256027603,329.4167175292969,70591300,0.0,0.0,0.0,-0.012107527869528845
2020-11-19 00:00:00-05:00,328.7879360767462,331.1733928980095,327.44725409515723,330.8035583496094,59940900,0.0,0.0,0.0,0.00420115198140536
2020-11-20 00:00:00-05:00,330.5446951604477,330.7481084092092,328.46434393216515,328.5382995605469,70417300,0.0,0.0,0.0,-0.006871299538115494
2020-11-23 00:00:00-05:00,330.34129961206247,331.7651924296882,328.1130087910506,330.5077209472656,63230600,0.0,0.0,0.0,0.0059766000786023454
2020-11-24 00:00:00-05:00,333.0504387195171,336.37900716739796,332.1998218040776,335.83349609375,62415900,0.0,0.0,0.0,0.015985469366331273
2020-11-25 00:00:00-05:00,335.750145589235,335.7778824723925,334.2245605824417,335.3155822753906,45330900,0.0,0.0,0.0,-0.0015433647690397123
2020-11-27 00:00:00-05:00,336.40664748720786,336.7210082758483,335.24164181075275,336.2494812011719,28514100,0.0,0.0,0.0,0.0027812629887424833
2020-11-30 00:00:00-05:00,335.4727353400609,335.7408773444086,332.0887228617469,334.76080322265625,83872700,0.0,0.0,0.0,-0.004437131458377763
2020-12-01 00:00:00-05:00,338.00624890506265,339.95714263167446,337.41449097572354,338.42230224609375,74231400,0.0,0.0,0.0,0.010878273982639186
2020-12-02 00:00:00-05:00,337.3127825968703,339.2914131198718,336.73953476512753,339.1342468261719,45927000,0.0,0.0,0.0,0.002101506783657392
2020-12-03 00:00:00-05:00,339.03252352963375,340.4286793920205,337.94150165059074,339.0417785644531,62882000,0.0,0.0,0.0,-0.0002726969365767218
2020-12-04 00:00:00-05:00,339.62423252861316,341.9634704589844,339.53176684344106,341.9634704589844,50749900,0.0,0.0,0.0,0.008580579444353198
2020-12-07 00:00:00-05:00,341.19604390236077,341.75080980917244,339.9940746180739,341.2607727050781,48944300,0.0,0.0,0.0,-0.002057005466982176
2020-12-08 00:00:00-05:00,339.99411677063375,342.8233922079248,339.9478980295718,342.2593994140625,42458900,0.0,0.0,0.0,0.0029220130151372814
2020-12-09 00:00:00-05:00,342.9158052793327,343.0729715480787,338.35753202065183,339.1896667480469,74098300,0.0,0.0,0.0,-0.009009487525402093
2020-12-10 00:00:00-05:00,337.82132486772645,340.12357138803657,336.95219802540623,339.07879638671875,57735400,0.0,0.0,0.0,-0.0003269217672405844
2020-12-11 00:00:00-05:00,337.38665648334694,339.08791771318033,335.8703266070758,338.68109130859375,57698600,0.0,0.0,0.0,-0.0011735870800029247
2020-12-14 00:00:00-05:00,340.8447456280566,341.91725738932104,336.9891490851876,337.1648254394531,69216200,0.0,0.0,0.0,-0.0044870239666439105
2020-12-15 00:00:00-05:00,339.69817587761173,341.7230529785156,338.3297853661233,341.7230529785156,63865300,0.0,0.0,0.0,0.013428715352508114
2020-12-16 00:00:00-05:00,341.93578357691985,343.17474493301853,341.05740176418556,342.2593994140625,58420500,0.0,0.0,0.0,0.0015683049867813992
2020-12-17 00:00:00-05:00,343.8959099470601,344.3766920459077,343.0730019635639,344.17327880859375,64119500,0.0,0.0,0.0,0.005576320634618881
2020-12-18 00:00:00-05:00,344.461170106029,344.62830083764095,340.79341847573585,342.799072265625,136542300,1.58,0.0,0.0,-0.004000767640206071
2020-12-21 00:00:00-05:00,338.88983270358017,351.4158499609156,336.15991810187626,341.57330322265625,96386700,0.0,0.0,0.0,-0.003582173675103384
2020-12-22 00:00:00-05:00,341.89839793934385,342.0098184311258,339.87418344037354,340.9977111816406,47949000,0.0,0.0,0.0,-0.0016865415181843701
2020-12-23 00:00:00-05:00,341.96333381663726,343.2075762857532,340.9790818882792,341.3040771484375,46201400,0.0,0.0,0.0,0.0008980365950268521
2020-12-24 00:00:00-05:00,341.77771744079797,342.6598436511462,341.19275979993,342.6319885253906,26457900,0.0,0.0,0.0,0.00388314964574743
2020-12-28 00:00:00-05:00,345.1760229846463,345.96528896095197,344.5539160215251,345.5753173828125,39000400,0.0,0.0,0.0,0.008553663345016282
2020-12-29 00:00:00-05:00,347.09824735774396,347.27467258670123,344.33118227864804,344.9161682128906,53680500,0.0,0.0,0.0,-0.0019092179524156094
2020-12-30 00:00:00-05:00,345.73332055862136,346.4390215375945,345.01835342882407,345.4083251953125,49455300,0.0,0.0,0.0,0.0014258716603725574
2020-12-31 00:00:00-05:00,345.2132342407314,347.8874388872676,344.70254763729105,347.1631774902344,78520700,0.0,0.0,0.0,0.0050676530687781
2021-01-04 00:00:00-05:00,348.4909711220461,348.6209805572402,338.7505780933009,342.4368896484375,110210800,0.0,0.0,0.0,-0.013707544622779011
2021-01-05 00:00:00-05:00,341.7962383123607,345.88181651795514,341.74979422078724,344.79541015625,66426200,0.0,0.0,0.0,0.006863850165696128
2021-01-06 00:00:00-05:00,343.2911234562188,350.0416393473608,342.743287286381,346.8567199707031,107997700,0.0,0.0,0.0,0.005960556839355924
2021-01-07 00:00:00-05:00,349.2246280958658,352.7530761209453,349.0482028609267,352.01025390625,68766800,0.0,0.0,0.0,0.014748521660807867
2021-01-08 00:00:00-05:00,353.3937031789076,354.2293850911422,350.1531015213458,354.0158386230469,71677200,0.0,0.0,0.0,0.005681348416603171
2021-01-11 00:00:00-05:00,350.8495752953006,353.384476638568,350.72886031003054,351.6295471191406,51034700,0.0,0.0,0.0,-0.006763455550689912
2021-01-12 00:00:00-05:00,351.8151841603632,352.71584242095815,349.4659464169587,351.7037353515625,52547700,0.0,0.0,0.0,0.00021096181439439476
2021-01-13 00:00:00-05:00,351.6294773146356,353.6443970420134,350.84950564563337,352.65087890625,45303600,0.0,0.0,0.0,0.002689395671992223
2021-01-14 00:00:00-05:00,353.39372265354797,353.89514316325904,351.0816626236897,351.4159240722656,49989100,0.0,0.0,0.0,-0.0035080651303527333
2021-01-15 00:00:00-05:00,349.800282405299,350.59881478443,346.9960962553196,348.8531799316406,107160000,0.0,0.0,0.0,-0.007319344997742228
2021-01-19 00:00:00-05:00,351.3044700083426,352.13088573862603,349.82809207789774,351.5923156738281,51233300,0.0,0.0,0.0,0.007821164451033091
2021-01-20 00:00:00-05:00,353.87651262058415,357.2935676023044,353.48654097639,356.4578857421875,61836100,0.0,0.0,0.0,0.013743790051131022
2021-01-21 00:00:00-05:00,357.0150334029827,357.44218304043847,355.86365062010475,356.78289794921875,47840100,0.0,0.0,0.0,0.0009113674847505138
2021-01-22 00:00:00-05:00,354.93503377752586,356.6806965547213,354.5543283134063,355.52001953125,52860500,0.0,0.0,0.0,-0.0035459064120191286
2021-01-25 00:00:00-05:00,356.2535985157263,357.2749716933398,351.4158759647186,356.9221496582031,70402000,0.0,0.0,0.0,0.003936128426612839
2021-01-26 00:00:00-05:00,357.86925374578055,358.2778143535909,356.1328853310083,356.3650207519531,42665300,0.0,0.0,0.0,-0.001562145073284782
2021-01-27 00:00:00-05:00,353.05015999751345,353.14301984374345,345.4268398473695,347.65533447265625,123351100,0.0,0.0,0.0,-0.024743973937445318
2021-01-28 00:00:00-05:00,349.46593655582046,354.6379205656578,349.02954916525357,350.64520263671875,94198100,0.0,0.0,0.0,0.008563322741026447
2021-01-29 00:00:00-05:00,348.78814770996314,349.75383907984985,341.9540655846165,343.6254577636719,126765100,0.0,0.0,0.0,-0.020222614900226255
2021-02-01 00:00:00-05:00,347.01459668411917,350.3759130211794,343.9132708831619,349.3452453613281,75817600,0.0,0.0,0.0,0.016508396303207995
2021-02-02 00:00:00-05:00,352.52087154806475,355.8357724135965,349.42883997274356,354.28509521484375,64450700,0.0,0.0,0.0,0.014041267776441657
2021-02-03 00:00:00-05:00,355.11158757378746,356.2815595050007,353.2916532761181,354.5637512207031,52427100,0.0,0.0,0.0,0.0007862212702045568
2021-02-04 00:00:00-05:00,355.59433635934124,358.63995212915546,354.67508910571235,358.5935363769531,47142600,0.0,0.0,0.0,0.01130137240950635
2021-02-05 00:00:00-05:00,360.4599791681368,360.710675281438,358.54718510912704,360.0049743652344,48669800,0.0,0.0,0.0,0.003928312631457764
2021-02-08 00:00:00-05:00,361.4534473259199,362.6512741525483,360.59920475972706,362.6048583984375,38365200,0.0,0.0,0.0,0.0071958479773215345
2021-02-09 00:00:00-05:00,361.76912302259905,362.95768361802595,361.3605907389764,362.3634033203125,35551100,0.0,0.0,0.0,-0.0006661121591182706
2021-02-10 00:00:00-05:00,364.09983025590975,364.24840035419544,359.8099713889872,362.2055969238281,59154400,0.0,0.0,0.0,-0.0004355869459677919
2021-02-11 00:00:00-05:00,363.2827449986079,363.70060021262947,360.3671379983436,362.7906188964844,42913300,0.0,0.0,0.0,0.0016138624916024469
2021-02-12 00:00:00-05:00,361.9920628197405,364.8241042599518,361.9177635996305,364.58270263671875,50593300,0.0,0.0,0.0,0.004927558691766976
2021-02-16 00:00:00-05:00,365.8083200461877,366.0033342269587,363.55197027023985,364.2669372558594,50972400,0.0,0.0,0.0,-0.0008664761106604857
2021-02-17 00:00:00-05:00,362.5212357222634,364.6011599060725,361.5091004089487,364.3504638671875,52290600,0.0,0.0,0.0,0.00022927427087271468
2021-02-18 00:00:00-05:00,361.7506393479471,363.5427184335589,360.03283114692755,362.7998962402344,59712800,0.0,0.0,0.0,-0.0042647850079244876
2021-02-19 00:00:00-05:00,364.05338233465426,364.34122801938736,361.71343891444184,362.1591491699219,83241000,0.0,0.0,0.0,-0.0017676784398057421
2021-02-22 00:00:00-05:00,359.4013597570989,361.77842431901905,359.1042196026477,359.3735046386719,67414200,0.0,0.0,0.0,-0.007721503266462371
2021-02-23 00:00:00-05:00,357.1728509983925,361.15630279532843,353.0315629822929,359.8099060058594,107284100,0.0,0.0,0.0,0.0012136025783977544
2021-02-24 00:00:00-05:00,358.7236314134408,364.2020520817897,357.7393791246607,363.77490234375,72433900,0.0,0.0,0.0,0.010959423078045205
2021-02-25 00:00:00-05:00,362.5120335653563,363.8769912428288,353.57017085547034,355.0093994140625,146670500,0.0,0.0,0.0,-0.02439100984635445
2021-02-26 00:00:00-05:00,356.88510798823404,358.02719646343246,351.20243572701213,353.1802062988281,152701600,0.0,0.0,0.0,-0.005165840244711006
2021-03-01 00:00:00-05:00,358.03642977075657,362.9855734404292,353.37516012939244,361.7413024902344,105348800,0.0,0.0,0.0,0.023950896245391817
2021-03-02 00:00:00-05:00,361.9641644974679,362.19629994312015,358.41712808705853,358.9185485839844,79595300,0.0,0.0,0.0,-0.007833843769295079
2021-03-03 00:00:00-05:00,358.22218274333903,359.18784590388924,354.0623048857202,354.1644592285156,119940200,0.0,0.0,0.0,-0.013334099234503682
2021-03-04 00:00:00-05:00,353.9787065028338,356.5600515760826,345.306129482108,349.7817077636719,183433000,0.0,0.0,0.0,-0.012452111541657374
2021-03-05 00:00:00-05:00,353.27297148908974,357.26571784913307,346.01179684391315,356.2164611816406,152039600,0.0,0.0,0.0,0.018229315296658832
2021-03-08 00:00:00-05:00,357.1729699525269,359.9771565977927,354.16450293331104,354.44305419921875,123149200,0.0,0.0,0.0,-0.004990886986470322
2021-03-09 00:00:00-05:00,358.2778580660894,362.04773549523804,357.7764375613555,359.5035400390625,113633600,0.0,0.0,0.0,0.01417632811798697
2021-03-10 00:00:00-05:00,361.84345682354007,363.431255369481,360.4320834867978,361.7413024902344,109899400,0.0,0.0,0.0,0.006205298117280655
2021-03-11 00:00:00-05:00,364.201964598063,367.3775617218999,363.7469598417814,365.4090576171875,86245000,0.0,0.0,0.0,0.010088109512768284
2021-03-12 00:00:00-05:00,364.0534253078508,366.04049021562264,363.2455983981242,365.9012145996094,64653600,0.0,0.0,0.0,0.0013459596437215282
2021-03-15 00:00:00-04:00,366.15180845909873,368.34318144087337,364.0161740450138,368.08319091796875,73427200,0.0,0.0,0.0,0.005945583393010878
2021-03-16 00:00:00-04:00,368.6960693202915,369.401741761804,366.84825201962127,367.61895751953125,73722500,0.0,0.0,0.0,-0.0012620146917825537
2021-03-17 00:00:00-04:00,366.33762904443535,369.6710910137919,365.19551232371896,368.87255859375,97959300,0.0,0.0,0.0,0.003404254516044425
2021-03-18 00:00:00-04:00,366.2912411031278,368.37116601733726,362.8277694050452,363.505615234375,115349100,0.0,0.0,0.0,-0.014656470180381298
2021-03-19 00:00:00-04:00,363.20563537867605,364.7800131432064,360.6624031983592,362.8330078125,113624500,1.278,0.0,0.0,-0.0018520496991119018
2021-03-22 00:00:00-04:00,363.34528306947146,367.1088860050199,363.2893903689639,365.7301330566406,73778600,0.0,0.0,0.0,0.007953025213655707
2021-03-23 00:00:00-04:00,365.0967422553669,366.54068471271836,362.0690971295922,362.85162353515625,90686600,0.0,0.0,0.0,-0.007901719944517716
2021-03-24 00:00:00-04:00,364.248968775631,365.87923909623805,360.9604817803928,361.0070495605469,97588600,0.0,0.0,0.0,-0.005096514100934257
2021-03-25 00:00:00-04:00,359.5723222908005,363.8296338779466,357.6346142382813,363.0378112792969,116128600,0.0,0.0,0.0,0.005609506133312792
2021-03-26 00:00:00-04:00,364.18370331754596,369.28878794295866,363.587505033435,368.8882141113281,114409100,0.0,0.0,0.0,0.015986663212284036
2021-03-29 00:00:00-04:00,367.4162848468423,369.60551031662703,365.935071468474,368.7018737792969,108107600,0.0,0.0,0.0,-0.0005052680046953029
2021-03-30 00:00:00-04:00,367.434905450126,368.3944346099059,366.13066676878134,367.72369384765625,76262200,0.0,0.0,0.0,-0.0026565631339243723
2021-03-31 00:00:00-04:00,368.2920058783888,370.77001997622074,368.26405952663214,369.2142639160156,112734200,0.0,0.0,0.0,0.004045312323418315
2021-04-01 00:00:00-04:00,371.14265609357545,373.25736766767085,370.93770669938243,373.2014465332031,99682900,0.0,0.0,0.0,0.01074120845131965
2021-04-05 00:00:00-04:00,375.85639888988624,379.09831735793875,375.7818847728783,378.5579833984375,91684800,0.0,0.0,0.0,0.014250908750484292
2021-04-06 00:00:00-04:00,377.9991469225459,379.3778716395841,377.66376224160524,378.3345031738281,62021000,0.0,0.0,0.0,-0.0005905204109390993
2021-04-07 00:00:00-04:00,378.16675464905626,379.11695894712534,377.710288137678,378.77227783203125,55836300,0.0,0.0,0.0,0.0011564411202602543
2021-04-08 00:00:00-04:00,380.0206514166771,380.626174688792,379.089068404298,380.5702819824219,57863100,0.0,0.0,0.0,0.004735695339189938
2021-04-09 00:00:00-04:00,380.4491519037927,383.50474266034735,380.3280415787718,383.3370361328125,61104600,0.0,0.0,0.0,0.007243722327959112
2021-04-12 00:00:00-04:00,382.74087863290447,383.7469757570129,382.135355372954,383.4768371582031,56704900,0.0,0.0,0.0,0.00036462831935946127
2021-04-13 00:00:00-04:00,383.37434940887186,385.2375154018544,382.9923969687516,384.61334228515625,56551000,0.0,0.0,0.0,0.002959303443213379
2021-04-14 00:00:00-04:00,384.58539585907903,385.63808919365846,382.7595011466084,383.2998352050781,61659900,0.0,0.0,0.0,-0.0034209814327734733
2021-04-15 00:00:00-04:00,385.43314308577106,387.6875864651336,385.3865753074208,387.41741943359375,60229800,0.0,0.0,0.0,0.01068517249364831
2021-04-16 00:00:00-04:00,388.70295534718036,389.31780345743056,387.28695960911085,388.7122802734375,82037300,0.0,0.0,0.0,0.0033367156074861626
2021-04-19 00:00:00-04:00,387.78069983654575,388.22784142524785,385.4796889791716,386.8025207519531,78498500,0.0,0.0,0.0,-0.004925150053599836
2021-04-20 00:00:00-04:00,385.59152639170094,386.6907875184191,382.4986639809094,383.9705810546875,81851800,0.0,0.0,0.0,-0.007348342680630893
2021-04-21 00:00:00-04:00,383.3557132219947,387.80867863656937,383.2159530341772,387.6037292480469,66793000,0.0,0.0,0.0,0.009417563537176932
2021-04-22 00:00:00-04:00,387.43607511013636,388.2651692129653,383.00173084573123,384.063720703125,97582800,0.0,0.0,0.0,-0.009175023200941546
2021-04-23 00:00:00-04:00,384.6227137075241,389.6346353832558,384.5481995678462,388.2279357910156,73209200,0.0,0.0,0.0,0.01078415236074548
2021-04-26 00:00:00-04:00,388.88006841759574,389.60670212994864,388.2931664903758,389.0384216308594,52182400,0.0,0.0,0.0,0.0020854784871442433
2021-04-27 00:00:00-04:00,389.33648125494796,389.53213415675737,387.8179963971385,388.95452880859375,51303100,0.0,0.0,0.0,-0.00021566473717626877
2021-04-28 00:00:00-04:00,389.22463427069863,390.3425450797539,388.3768904526014,388.8426818847656,51238900,0.0,0.0,0.0,-0.00028759919182341775
2021-04-29 00:00:00-04:00,391.56296041556226,391.9355879172904,387.9484139465216,391.32073974609375,78544300,0.0,0.0,0.0,0.00635268490280172
2021-04-30 00:00:00-04:00,389.05704160482367,389.9047856090629,387.85529148566474,388.7496032714844,85527000,0.0,0.0,0.0,-0.006592087004655411
2021-05-03 00:00:00-04:00,390.73387217038277,391.1158246327663,389.0943053331574,389.5880432128906,68128300,0.0,0.0,0.0,0.002154438422713234
2021-05-04 00:00:00-04:00,387.6037940867692,388.0975320013042,383.504834060297,387.1845703125,101591200,0.0,0.0,0.0,-0.006188376183245303
2021-05-05 00:00:00-04:00,388.8241183887439,389.0570141395226,386.7466780571217,387.3056335449219,60162200,0.0,0.0,0.0,0.0003126268939359633
2021-05-06 00:00:00-04:00,387.38015025282107,390.52890537303807,385.3772524687335,390.39849853515625,74321400,0.0,0.0,0.0,0.007953876463451692
2021-05-07 00:00:00-04:00,391.16239525650957,393.8919265936675,390.4823294392389,393.23980712890625,67733800,0.0,0.0,0.0,0.007251613465717455
2021-05-10 00:00:00-04:00,393.59374911008047,393.8173198937431,389.22462332487686,389.3457336425781,81852400,0.0,0.0,0.0,-0.009951897709763458
2021-05-11 00:00:00-04:00,384.8368673639602,386.85838615611584,382.00484764015937,385.87091064453125,116888000,0.0,0.0,0.0,-0.008964839173074779
2021-05-12 00:00:00-04:00,383.0949779033297,384.3619174366485,376.3596209861511,377.67315673828125,134811000,0.0,0.0,0.0,-0.021473728281259596
2021-05-13 00:00:00-04:00,379.21955649395835,384.13831434726995,379.17296027905456,382.2099304199219,106394000,0.0,0.0,0.0,0.011940856861146543
2021-05-14 00:00:00-04:00,384.93930598535553,388.9264790784336,384.91135963961915,388.0787353515625,82201600,0.0,0.0,0.0,0.015238231471332853
2021-05-17 00:00:00-04:00,386.9703182241895,387.9019013257999,385.07917723544665,387.0914001464844,65129200,0.0,0.0,0.0,-0.0025474039666582016
2021-05-18 00:00:00-04:00,387.3522140021612,387.59443468838975,383.5979355139091,383.7563171386719,59810200,0.0,0.0,0.0,-0.008653080868645802
2021-05-19 00:00:00-04:00,379.0798024141684,382.92721668401646,377.5985602871788,382.7502136230469,106467100,0.0,0.0,0.0,-0.00262516770058685
2021-05-20 00:00:00-04:00,383.6258484249689,388.12541000565056,383.50476652206805,386.8677673339844,78022200,0.0,0.0,0.0,0.010700355501691128
2021-05-21 00:00:00-04:00,388.3490042918943,389.5880256140857,386.0945893314259,386.5510559082031,76578700,0.0,0.0,0.0,-0.0008189907821396503
2021-05-24 00:00:00-04:00,388.7868558465473,391.5629834929008,388.54463516280316,390.4916687011719,51376700,0.0,0.0,0.0,0.010142676715936716
2021-05-25 00:00:00-04:00,391.5723104358726,391.92631656128196,389.047728204707,389.62530517578125,57451400,0.0,0.0,0.0,-0.0022211127576348133
2021-05-26 00:00:00-04:00,390.21217056143115,390.90153289083105,389.1781270673312,390.39849853515625,43088600,0.0,0.0,0.0,0.001982487223938456
2021-05-27 00:00:00-04:00,391.4232522007512,391.9356114927395,390.3239626244938,390.60345458984375,56707700,0.0,0.0,0.0,0.00052485415323833
2021-05-28 00:00:00-04:00,392.16855054454425,392.42939268320663,391.0692892765859,391.30218505859375,58520200,0.0,0.0,0.0,0.0017872505819456208
2021-06-01 00:00:00-04:00,393.65904356804924,393.7987753351119,390.5196133395258,390.95745849609375,54216600,0.0,0.0,0.0,-0.0008813610357014667
2021-06-02 00:00:00-04:00,391.60953690489885,392.4107130596126,390.6034397848831,391.572265625,49097100,0.0,0.0,0.0,0.0015713326572939224
2021-06-03 00:00:00-04:00,389.2619476298755,391.2555203916502,387.79935555163786,390.1189880371094,58138800,0.0,0.0,0.0,-0.0037182948010876515
2021-06-04 00:00:00-04:00,391.96354696648706,393.9850945840739,390.18422002621526,393.6869812011719,55938800,0.0,0.0,0.0,0.009104339465825895
2021-06-07 00:00:00-04:00,393.67771179486715,393.8547148640748,392.3735010978064,393.3050842285156,51555000,0.0,0.0,0.0,-0.0009705231333532183
2021-06-08 00:00:00-04:00,394.1620869131879,394.2552509032389,391.5629906976117,393.3888854980469,47134300,0.0,0.0,0.0,0.00021304668161459261
2021-06-09 00:00:00-04:00,394.2272923071258,394.3018348687151,392.57840061009364,392.8019714355469,48436300,0.0,0.0,0.0,-0.001493057738725767
2021-06-10 00:00:00-04:00,394.0223758472598,395.5781321168516,392.70884027859677,394.6278991699219,51020100,0.0,0.0,0.0,0.00463769809920489
2021-06-11 00:00:00-04:00,395.1775077811149,395.3917536695252,393.89191873202867,395.27996826171875,45570800,0.0,0.0,0.0,0.0016510007478078847
2021-06-14 00:00:00-04:00,395.3917787091995,396.26746903201445,394.1527857880061,396.1650085449219,42358500,0.0,0.0,0.0,0.002236518464465931
2021-06-15 00:00:00-04:00,396.3140447697688,396.3512876197017,394.56266421460623,395.4383544921875,51508500,0.0,0.0,0.0,-0.0018359049260432414
2021-06-16 00:00:00-04:00,395.5781066988787,395.8016775286566,391.19035858653814,393.2304992675781,80386100,0.0,0.0,0.0,-0.005598955713264964
2021-06-17 00:00:00-04:00,392.82060361942723,394.0782178856841,390.63137795315737,393.1000671386719,90949700,0.0,0.0,0.0,-0.0003317488488301379
2021-06-18 00:00:00-04:00,389.82509911514796,390.51671667728624,387.5913466663332,387.7969665527344,118676300,1.376,0.0,0.0,-0.013582282637814025
2021-06-21 00:00:00-04:00,389.5541254102761,393.53566194360144,388.74100113745214,393.3487243652344,72822000,0.0,0.0,0.0,0.014214637185331114
2021-06-22 00:00:00-04:00,393.339353041914,396.28343417143736,392.61966911686017,395.45159912109375,57700300,0.0,0.0,0.0,0.005331842990046631
2021-06-23 00:00:00-04:00,395.52640432656335,396.33017311106846,394.8908622379778,394.9749755859375,49445400,0.0,0.0,0.0,-0.001205990810975166
2021-06-24 00:00:00-04:00,397.115289475811,397.7321206963649,396.86292090837077,397.3115539550781,45110300,0.0,0.0,0.0,0.005898333636157105
2021-06-25 00:00:00-04:00,398.05922899461444,399.1714418641056,397.73210252899935,398.7228088378906,58129500,0.0,0.0,0.0,0.0035457171883850336
2021-06-28 00:00:00-04:00,399.2462030135846,399.6948074887242,398.0498768754374,399.5265808105469,53159600,0.0,0.0,0.0,0.002013837416535935
2021-06-29 00:00:00-04:00,399.9098343658785,400.5453764693619,399.2088612604478,399.7416076660156,35970500,0.0,0.0,0.0,0.0005380593491803864
2021-06-30 00:00:00-04:00,399.2835611544407,400.75093815402226,399.25552337520446,400.0780029296875,64827900,0.0,0.0,0.0,0.0008411778832400074
2021-07-01 00:00:00-04:00,400.83506919032,402.4519905914438,400.76963819499144,402.2930908203125,53441000,0.0,0.0,0.0,0.0055213691899380635
2021-07-02 00:00:00-04:00,403.45209077508554,405.72323677808726,402.37724253484845,405.3680725097656,57697700,0.0,0.0,0.0,0.007614570779853835
2021-07-06 00:00:00-04:00,405.4240804253988,405.6390557421083,401.90053315862076,404.629638671875,68710400,0.0,0.0,0.0,-0.0018232990841058339
2021-07-07 00:00:00-04:00,405.3119686849688,406.34006819983387,403.3025183056718,406.0596618652344,63549500,0.0,0.0,0.0,0.0035279229061311312
2021-07-08 00:00:00-04:00,400.7509751205796,403.50814726468866,399.57333123869796,402.7510986328125,97595200,0.0,0.0,0.0,-0.008181349330985022
2021-07-09 00:00:00-04:00,404.2558779418757,407.3495037546776,402.55484295981864,407.0504150390625,76238600,0.0,0.0,0.0,0.010618297764626305
2021-07-12 00:00:00-04:00,406.9662573135737,408.76076088893643,406.5363351584208,408.5083923339844,52889600,0.0,0.0,0.0,0.003575410712064908
2021-07-13 00:00:00-04:00,407.72328794262097,409.2187027689948,406.85408823599073,407.11578369140625,52911300,0.0,0.0,0.0,-0.0034148325584002492
2021-07-14 00:00:00-04:00,408.8074721795963,409.29349840963926,406.4802508086064,407.7232971191406,64130400,0.0,0.0,0.0,0.0014911251917251178
2021-07-15 00:00:00-04:00,406.3868556009662,407.0597909836697,404.4334804606937,406.3307800292969,55126400,0.0,0.0,0.0,-0.003421193965285063
2021-07-16 00:00:00-04:00,407.5083537824567,407.555073909898,402.75108678868395,403.14361572265625,75874700,0.0,0.0,0.0,-0.007874692005644057
2021-07-19 00:00:00-04:00,398.33037543616894,403.209150241089,394.3862316013664,397.19012451171875,147987000,0.0,0.0,0.0,-0.014877795918751602
2021-07-20 00:00:00-04:00,397.8536396448114,404.1530707517098,397.0591977452092,402.8819580078125,99608200,0.0,0.0,0.0,0.014228541769595537
2021-07-21 00:00:00-04:00,404.0782727663207,406.28401626491234,402.83522636423976,406.143798828125,64724400,0.0,0.0,0.0,0.00806367032749744
2021-07-22 00:00:00-04:00,406.3213274734552,407.23727579624176,405.33997668113454,406.9942626953125,47878500,0.0,0.0,0.0,0.0020918075725191443
2021-07-23 00:00:00-04:00,408.91963853760046,411.5179109011736,408.2373763394922,411.18145751953125,63766600,0.0,0.0,0.0,0.010235530771779189
2021-07-26 00:00:00-04:00,410.5926462837905,412.20021236866125,410.5459261537889,412.19085693359375,43719200,0.0,0.0,0.0,0.002451867525842033
2021-07-27 00:00:00-04:00,411.15338725210887,411.18142503169713,407.4896224241449,410.3122253417969,67397100,0.0,0.0,0.0,-0.004568091960105214
2021-07-28 00:00:00-04:00,410.93845431834467,411.51792083805464,408.7233839343774,410.1440124511719,52472400,0.0,0.0,0.0,-0.0004100472035766245
2021-07-29 00:00:00-04:00,411.0693312306445,412.9198819868287,411.05997579525564,411.8450622558594,47435300,0.0,0.0,0.0,0.004138868229055959
2021-07-30 00:00:00-04:00,409.28412555399376,411.29357581662805,409.1532635675781,409.84490966796875,68951200,0.0,0.0,0.0,-0.004868397100484145
2021-08-02 00:00:00-04:00,411.55528082300833,412.1067095157106,408.62988215553224,408.98504638671875,58783300,0.0,0.0,0.0,-0.0021002250612829343
2021-08-03 00:00:00-04:00,409.7795364098606,412.4338844991458,407.5925037276187,412.3123779296875,58053900,0.0,0.0,0.0,0.008102666947690018
2021-08-04 00:00:00-04:00,411.03193395699765,412.28433581198715,410.050583021591,410.28424072265625,46732200,0.0,0.0,0.0,-0.004931071367503925
2021-08-05 00:00:00-04:00,411.4431070974712,412.96655962509095,411.1253360982536,412.8824462890625,38969700,0.0,0.0,0.0,0.0063127292095828125
2021-08-06 00:00:00-04:00,413.2002671340216,413.9853535543252,412.9198607907698,413.56475830078125,46930000,0.0,0.0,0.0,0.0016511935982190806
2021-08-09 00:00:00-04:00,413.5368092234863,413.8545803292005,412.461989317138,413.2283935546875,41222600,0.0,0.0,0.0,-0.0008136612256555154
2021-08-10 00:00:00-04:00,413.6769396016709,414.4526991663154,412.9946773475972,413.74237060546875,43339300,0.0,0.0,0.0,0.0012430357619317434
2021-08-11 00:00:00-04:00,414.80780947459465,414.8638850355054,413.6862412110491,414.7704162597656,44034300,0.0,0.0,0.0,0.0024816664225610907
2021-08-12 00:00:00-04:00,414.620958878903,416.15376725903695,413.7237211934941,416.0135498046875,38909400,0.0,0.0,0.0,0.002992678057124998
2021-08-13 00:00:00-04:00,416.4621552133837,416.7892817139917,415.9761574416634,416.7705993652344,39470300,0.0,0.0,0.0,0.001818117623493265
2021-08-16 00:00:00-04:00,415.4713908619817,417.8827255582406,413.9199004513762,417.75189208984375,73740000,0.0,0.0,0.0,0.002351747704652851
2021-08-17 00:00:00-04:00,415.2003062311289,415.8732414325838,412.0319231944984,415.0133972167969,92673900,0.0,0.0,0.0,-0.006576894545103684
2021-08-18 00:00:00-04:00,414.0039719428465,415.5648176300806,410.22808476985836,410.4710693359375,89351900,0.0,0.0,0.0,-0.01100535239899969
2021-08-19 00:00:00-04:00,407.7513380397817,412.3030136509168,407.61114913490746,411.1066589355469,92812200,0.0,0.0,0.0,0.0015472418604733917
2021-08-20 00:00:00-04:00,411.45246811100355,414.70496457219946,410.96644191047403,414.3778381347656,72008700,0.0,0.0,0.0,0.007925518489457772
2021-08-23 00:00:00-04:00,416.06015823361497,418.9294809997778,414.4525924726287,418.02288818359375,54973000,0.0,0.0,0.0,0.008757977335083211
2021-08-24 00:00:00-04:00,418.6865234375,419.21926979163254,418.1724879522138,418.6865234375,38744700,0.0,0.0,0.0,0.0015862983823300425
2021-08-25 00:00:00-04:00,418.87350683269574,420.0791600532625,418.49963168684314,419.56512451171875,40529700,0.0,0.0,0.0,0.0020962712047349896
2021-08-26 00:00:00-04:00,419.2845852292662,419.5182428600146,416.994757561528,417.0882263183594,57829600,0.0,0.0,0.0,-0.005920983707686567
2021-08-27 00:00:00-04:00,417.8921060042868,421.19135148689224,417.83603043980827,420.8175048828125,77235100,0.0,0.0,0.0,0.008901486289259353
2021-08-30 00:00:00-04:00,421.4904164695936,423.4531466839395,421.2474033554113,422.6680603027344,48357400,0.0,0.0,0.0,0.0043878839554460924
2021-08-31 00:00:00-04:00,422.5746776161247,422.9111310526147,421.44378220213764,422.04193115234375,59300200,0.0,0.0,0.0,-0.0014824715497532281
2021-09-01 00:00:00-04:00,422.97644169749003,423.49047714229727,422.03245562039876,422.26611328125,48721400,0.0,0.0,0.0,0.0005310434637042505
2021-09-02 00:00:00-04:00,423.6867531244278,424.36901521225076,422.36892054735074,423.56524658203125,42501000,0.0,0.0,0.0,0.003071851870265263
2021-09-03 00:00:00-04:00,422.4344228744772,423.9765579301553,422.0325099688313,423.4624938964844,47170500,0.0,0.0,0.0,-0.00024261941171577206
2021-09-07 00:00:00-04:00,423.1166526229062,423.21012139664674,421.27542901861193,421.9483642578125,51671500,0.0,0.0,0.0,-0.0035820009715186174
2021-09-08 00:00:00-04:00,421.41564382630884,422.1446546206983,419.51831615140816,421.434326171875,56181900,0.0,0.0,0.0,-0.0012189914624123332
2021-09-09 00:00:00-04:00,421.23815097875956,422.98590616883826,419.38757155961514,419.6305847167969,57970400,0.0,0.0,0.0,-0.0042891914691391975
2021-09-10 00:00:00-04:00,421.5558988174952,421.9764655786585,416.2004538773262,416.32196044921875,89948200,0.0,0.0,0.0,-0.00791585973021025
2021-09-13 00:00:00-04:00,419.31275573342043,419.57445120398825,415.07885103030503,417.38739013671875,83738600,0.0,0.0,0.0,0.002555879376298087
2021-09-14 00:00:00-04:00,418.8267538323482,419.032373751366,414.24706856986353,415.1349792480469,78197100,0.0,0.0,0.0,-0.0054110651372552
2021-09-15 00:00:00-04:00,415.555451086405,419.09770903207215,414.45259382841397,418.60235595703125,78792200,0.0,0.0,0.0,0.008317719630065668
2021-09-16 00:00:00-04:00,418.0789706250188,419.0509659215077,414.99467250347925,417.93878173828125,77786700,0.0,0.0,0.0,-0.0015864715505973237
2021-09-17 00:00:00-04:00,417.168134146106,417.59004823430996,413.51137369740354,413.86767578125,118425000,1.428,0.0,0.0,-0.009788667609594626
2021-09-20 00:00:00-04:00,407.7544290834885,409.3296324653092,402.10990737755776,406.9668273925781,166445500,0.0,0.0,0.0,-0.01681462207505291
2021-09-21 00:00:00-04:00,409.30147394535885,410.59540113058426,406.0572991890718,406.5823669433594,92526100,0.0,0.0,0.0,-0.0009451437737633128
2021-09-22 00:00:00-04:00,408.851302198654,412.58305938264414,406.69477650086463,410.54840087890625,102350100,0.0,0.0,0.0,0.00970729590779218
2021-09-23 00:00:00-04:00,412.4143728690153,417.14001100580157,412.17996661282217,415.5366516113281,76396000,0.0,0.0,0.0,0.012076992185787283
2021-09-24 00:00:00-04:00,413.90516505538227,416.9337039803391,413.6895010133059,416.2210998535156,62094800,0.0,0.0,0.0,0.0016457878402080794
2021-09-27 00:00:00-04:00,415.18971469523467,416.3523605127942,414.33647253059087,415.03033447265625,61371100,0.0,0.0,0.0,-0.002864996428735722
2021-09-28 00:00:00-04:00,412.2643708805607,412.5925453791143,405.93540163406385,406.666748046875,130436300,0.0,0.0,0.0,-0.020357563499776354
2021-09-29 00:00:00-04:00,408.045029638689,409.77964162679973,406.7886155612909,407.3511962890625,82329200,0.0,0.0,0.0,0.0016816543375961501
2021-09-30 00:00:00-04:00,408.82330398006496,409.52652283633495,402.03490711070083,402.3724670410156,140506000,0.0,0.0,0.0,-0.01229750893365189
2021-10-01 00:00:00-04:00,404.0975677717047,408.8325618141087,400.5814745875316,407.1542053222656,129240100,0.0,0.0,0.0,0.011813801961916504
2021-10-04 00:00:00-04:00,405.99156459254795,406.891676446688,399.7657217841494,401.9035339355469,128570000,0.0,0.0,0.0,-0.012979902052026482
2021-10-05 00:00:00-04:00,403.4037961536202,408.32632771246665,402.60683774485324,406.0854187011719,90682500,0.0,0.0,0.0,0.010351433873985627
2021-10-06 00:00:00-04:00,402.49420829771526,407.9793193826561,400.8721356232664,407.7730407714844,113032200,0.0,0.0,0.0,0.004147218645977446
2021-10-07 00:00:00-04:00,411.0454355366307,414.13020116989895,410.86728449835147,411.298583984375,72437500,0.0,0.0,0.0,0.008608685441703123
2021-10-08 00:00:00-04:00,412.06737716353257,412.4518067836504,409.92020825664594,410.54840087890625,74557400,0.0,0.0,0.0,-0.001825603372983764
2021-10-11 00:00:00-04:00,409.8921372238028,412.7987803671197,407.5105617770027,407.5762023925781,65233300,0.0,0.0,0.0,-0.00726591414192157
2021-10-12 00:00:00-04:00,408.49511604042164,408.89828794249456,405.785365924999,406.5729675292969,71181200,0.0,0.0,0.0,-0.002464500138620984
2021-10-13 00:00:00-04:00,407.5948986632403,408.8513125536215,404.6226438533049,408.03558349609375,72974000,0.0,0.0,0.0,0.00359097025599997
2021-10-14 00:00:00-04:00,411.6924184380236,415.049132337177,411.22360588560923,414.89910888671875,70236800,0.0,0.0,0.0,0.01668099450564675
2021-10-15 00:00:00-04:00,417.0087938325293,418.4246169939427,416.3899577874224,418.0589294433594,66260200,0.0,0.0,0.0,0.007587022559584433
2021-10-18 00:00:00-04:00,416.27732497087453,419.6340094982905,415.6209761000303,419.2964782714844,62213200,0.0,0.0,0.0,0.002955852957462035
2021-10-19 00:00:00-04:00,420.91859501540216,422.59692303340495,420.30911592133424,422.53131103515625,46996800,0.0,0.0,0.0,0.007685297935139168
2021-10-20 00:00:00-04:00,422.99078957769177,424.49099536699856,422.8782791509517,424.1909484863281,49571600,0.0,0.0,0.0,0.003920151048099285
2021-10-21 00:00:00-04:00,423.59087874148474,425.5223841474882,423.1595792098458,425.29736328125,41305400,0.0,0.0,0.0,0.0026048985141438052
2021-10-22 00:00:00-04:00,424.86601382430814,426.30996431243693,422.91573783259383,424.85662841796875,58845100,0.0,0.0,0.0,-0.0010368354605594376
2021-10-25 00:00:00-04:00,425.9442668817109,427.4632147429343,424.17217058163135,427.1350402832031,45214500,0.0,0.0,0.0,0.005348449709709158
2021-10-26 00:00:00-04:00,428.68223642849716,429.8917522879476,427.1445174247861,427.5195617675781,56075100,0.0,0.0,0.0,0.0008998290289383704
2021-10-27 00:00:00-04:00,427.9789668380812,428.6446726137015,425.5504927707311,425.6255187988281,72438000,0.0,0.0,0.0,-0.004440150036932877
2021-10-28 00:00:00-04:00,427.05070773419686,429.80732773792477,427.0413509410185,429.7323303222656,51437900,0.0,0.0,0.0,0.009602631425465802
2021-10-29 00:00:00-04:00,427.4350712129975,430.8949094853391,427.1444097745334,430.604248046875,70162400,0.0,0.0,0.0,0.0020269230555767237
2021-11-01 00:00:00-04:00,431.5887947913139,431.9638676988326,429.6198050970678,431.34503173828125,48433600,0.0,0.0,0.0,0.00171885722551135
2021-11-02 00:00:00-04:00,431.5137556913935,433.3983909976397,431.3824744636354,433.0889587402344,48908400,0.0,0.0,0.0,0.004034846817888571
2021-11-03 00:00:00-04:00,432.52643344894864,436.1362956921223,432.0857485213813,435.7331237792969,52509800,0.0,0.0,0.0,0.006086800176761109
2021-11-04 00:00:00-04:00,436.3331630823048,437.8708818410705,435.9862464051318,437.7864990234375,52847100,0.0,0.0,0.0,0.004701391869621041
2021-11-05 00:00:00-04:00,440.0087303388537,441.29327221929213,437.7959487141084,439.3055114746094,66390600,0.0,0.0,0.0,0.003463750556829126
2021-11-08 00:00:00-05:00,440.40253164977514,440.8994718203254,438.99609396549533,439.6805419921875,50405200,0.0,0.0,0.0,0.000853325348805889
2021-11-09 00:00:00-05:00,440.0461676231419,440.2805738708811,436.8207353651275,438.2271728515625,51149100,0.0,0.0,0.0,-0.003310986892541834
2021-11-10 00:00:00-05:00,436.53945827784827,438.2272005366199,433.2202862022842,434.70172119140625,69429700,0.0,0.0,0.0,-0.008077337918115823
2021-11-11 00:00:00-05:00,436.1924978999976,436.2675239203641,434.8235734757579,434.8423156738281,34848500,0.0,0.0,0.0,0.0003233751890334702
2021-11-12 00:00:00-05:00,436.1081050332003,438.67718819768925,435.161094692695,438.1239929199219,53466700,0.0,0.0,0.0,0.0075184865041455495
2021-11-15 00:00:00-05:00,439.40862530276064,439.56800554034606,437.14894545673525,438.2740783691406,46980500,0.0,0.0,0.0,0.00034250520534673257
2021-11-16 00:00:00-05:00,438.01152112700873,441.1431852512349,437.9365237158013,440.0086669921875,48857500,0.0,0.0,0.0,0.00394996004985515
2021-11-17 00:00:00-05:00,439.74610202390977,439.9242530537252,438.32092239942926,438.93975830078125,47858300,0.0,0.0,0.0,-0.0024322455962204614
2021-11-18 00:00:00-05:00,439.97114731825366,440.69313688366196,437.25204053194824,440.43060302734375,50625600,0.0,0.0,0.0,0.003390712765564352
2021-11-19 00:00:00-05:00,440.31806790988196,441.5651251990252,439.27731788187225,439.64300537109375,57315600,0.0,0.0,0.0,-0.0017898454379103867
2021-11-22 00:00:00-05:00,441.5183178536928,444.00301876282515,438.1991168315422,438.4053955078125,72762000,0.0,0.0,0.0,-0.0028190033297175177
2021-11-23 00:00:00-05:00,438.0771968516729,439.83993660377723,435.47998564656854,438.9866943359375,73206500,0.0,0.0,0.0,0.001325060756546037
2021-11-24 00:00:00-05:00,436.9894839645097,440.28055671099236,436.17375483241744,440.1586608886719,61858800,0.0,0.0,0.0,0.00266615125701275
2021-11-26 00:00:00-05:00,433.50152742675596,434.96422009835896,429.21657442443677,430.34173583984375,112669600,0.0,0.0,0.0,-0.02255562727848126
2021-11-29 00:00:00-05:00,435.1236653350825,437.4583425612124,432.9296261441328,435.62060546875,86268800,0.0,0.0,0.0,0.012192066022671533
2021-11-30 00:00:00-05:00,433.1826850458105,435.08606236584416,426.9005870421709,427.1443786621094,148559600,0.0,0.0,0.0,-0.01964961417901101
2021-12-01 00:00:00-05:00,432.8451797070104,435.68618205628803,422.2031311937479,422.4000244140625,131939200,0.0,0.0,0.0,-0.01116928921778726
2021-12-02 00:00:00-05:00,422.6157168413784,430.43550572803196,422.22190176024696,428.8696594238281,127637800,0.0,0.0,0.0,0.015200258386723675
2021-12-03 00:00:00-05:00,430.5292522904625,431.58874442702455,420.9185967447433,425.1379089355469,137331600,0.0,0.0,0.0,-0.008739440675765486
2021-12-06 00:00:00-05:00,427.6789180869,432.0482542479885,425.2692148441158,430.1730041503906,98977500,0.0,0.0,0.0,0.011773855104506126
2021-12-07 00:00:00-05:00,435.44238012792107,439.63356454550274,430.04165158605986,439.07098388671875,95484700,0.0,0.0,0.0,0.020473631500842693
2021-12-08 00:00:00-05:00,439.46481188962696,440.68371284123066,437.71142925167635,440.233642578125,72238800,0.0,0.0,0.0,0.0026444973311594566
2021-12-09 00:00:00-05:00,438.9491577219033,440.3368530852221,437.06455084489505,437.2614440917969,61272600,0.0,0.0,0.0,-0.006774305401713754
2021-12-10 00:00:00-05:00,439.9617388281514,441.52755637554407,437.4113979747184,441.3775329589844,77159800,0.0,0.0,0.0,0.009369306587079684
2021-12-13 00:00:00-05:00,440.86191039613635,441.2088270752524,437.18640772794674,437.46771240234375,87724700,0.0,0.0,0.0,-0.00889769017224129
2021-12-14 00:00:00-05:00,434.20476780499797,436.6894683893485,431.5419161774256,434.4579162597656,97264100,0.0,0.0,0.0,-0.006903818395092465
2021-12-15 00:00:00-05:00,434.5141069927306,441.4900093337228,432.00125072662127,441.2462463378906,116899300,0.0,0.0,0.0,0.015504016872363913
2021-12-16 00:00:00-05:00,443.09351636782804,443.3747924623618,435.8081507648726,437.3552551269531,116568600,0.0,0.0,0.0,-0.00885729569621585
2021-12-17 00:00:00-05:00,434.2811459384775,437.28267979708494,430.9973478702641,432.7004089355469,135511600,1.633,0.0,0.0,-0.010700213323063146
2021-12-20 00:00:00-05:00,427.62896667138153,428.4945962518149,424.4863000014907,428.09942626953125,107134800,0.0,0.0,0.0,-0.010690119337698256
2021-12-21 00:00:00-05:00,431.51492459595994,435.84315849906136,429.35082200169626,435.7020263671875,69806300,0.0,0.0,0.0,0.01760311097248035
2021-12-22 00:00:00-05:00,435.44797367017134,440.1713773813337,435.2503599777173,440.0584716796875,58890200,0.0,0.0,0.0,0.009949024320437871
2021-12-23 00:00:00-05:00,441.05577241344565,444.2925360057626,440.95228510851217,442.7964782714844,56439700,0.0,0.0,0.0,0.0062026392221259385
2021-12-27 00:00:00-05:00,444.1702284294298,449.1100532638039,444.12319396445406,449.0630187988281,56808600,0.0,0.0,0.0,0.0140529840793997
2021-12-28 00:00:00-05:00,449.4958929694086,450.5214913868531,447.93396375035627,448.69610595703125,47274600,0.0,0.0,0.0,-0.0008173971215850173
2021-12-29 00:00:00-05:00,448.7995600259367,450.28619942831625,447.802188171838,449.27001953125,54503000,0.0,0.0,0.0,0.001278252343987596
2021-12-30 00:00:00-05:00,449.6934621372565,450.70025247373695,447.56700448030426,448.0280456542969,55329000,0.0,0.0,0.0,-0.0027682544257450203
2021-12-31 00:00:00-05:00,447.5387725895835,448.68666632067624,446.6260799179109,446.89892578125,65237400,0.0,0.0,0.0,-0.002523380137643194
2022-01-03 00:00:00-05:00,448.15975083339737,449.61819265083415,445.8545162929149,449.4864501953125,72668200,0.0,0.0,0.0,0.005773257061886916
2022-01-04 00:00:00-05:00,450.9072238974489,451.62233155714586,447.4822648058163,449.33587646484375,71178700,0.0,0.0,0.0,-0.0003350467103695465
2022-01-05 00:00:00-05:00,448.969002462942,449.74056308734737,440.6136354927347,440.7077331542969,104538900,0.0,0.0,0.0,-0.01938874344806507
2022-01-06 00:00:00-05:00,440.2466056724417,443.0034914570786,437.93192425280233,440.29364013671875,86858900,0.0,0.0,0.0,-0.0009400508571868471
2022-01-07 00:00:00-05:00,440.3031029677847,441.47925183914367,437.1980527186537,438.552978515625,85111600,0.0,0.0,0.0,-0.003961246161225951
2022-01-10 00:00:00-05:00,435.36331312046167,438.2236867337772,429.6237004184561,438.0072937011719,119362000,0.0,0.0,0.0,-0.0012450595862976144
2022-01-11 00:00:00-05:00,437.74373029781276,442.09077122122125,434.75158623525874,441.9966735839844,74303100,0.0,0.0,0.0,0.009066793697710906
2022-01-12 00:00:00-05:00,443.72810332210804,445.24299823820036,441.23467306567045,443.1917724609375,67605400,0.0,0.0,0.0,0.0027002150975441452
2022-01-13 00:00:00-05:00,444.2925567024861,444.9417931268879,436.0595152339108,437.0851135253906,91173100,0.0,0.0,0.0,-0.013874627395371597
2022-01-14 00:00:00-05:00,433.9424425259686,437.6120209390258,432.7286489573756,437.2638854980469,95890900,0.0,0.0,0.0,0.0004089258988049238
2022-01-18 00:00:00-05:00,432.5781900809837,432.7851934565631,428.4099248561453,429.52020263671875,109709100,0.0,0.0,0.0,-0.017868091933248564
2022-01-19 00:00:00-05:00,431.0632797435182,432.45582165960354,424.7873365975809,425.0602111816406,109357600,0.0,0.0,0.0,-0.01043794563075906
2022-01-20 00:00:00-05:00,426.94202425230395,431.6372011815895,418.2385229314581,420.3555908203125,122379700,0.0,0.0,0.0,-0.01112983437212911
2022-01-21 00:00:00-05:00,419.2358518525332,421.58814926561837,412.0754723100945,412.10369873046875,202271200,0.0,0.0,0.0,-0.019825984258975637
2022-01-24 00:00:00-05:00,406.50533543462075,414.3620167798547,395.90118600682246,413.8539123535156,251783900,0.0,0.0,0.0,0.004238029214031158
2022-01-25 00:00:00-05:00,407.47441758472695,413.7409421509055,401.9135823339121,408.8011169433594,167997300,0.0,0.0,0.0,-0.012284271706501926
2022-01-26 00:00:00-05:00,414.68194835284964,417.8058072699386,403.52263070334715,407.7756042480469,186391100,0.0,0.0,0.0,-0.002511737618394072
2022-01-27 00:00:00-05:00,412.36717163695266,415.5004192840026,404.0776775137982,405.76190185546875,149878300,0.0,0.0,0.0,-0.004950494574666564
2022-01-28 00:00:00-05:00,407.1168944257264,415.88626787051186,402.54404110046244,415.8392333984375,164457400,0.0,0.0,0.0,0.02453218844860139
2022-01-31 00:00:00-05:00,415.17107731403024,423.67699284659494,413.8255700778436,423.328857421875,152251400,0.0,0.0,0.0,0.017850590319214987
2022-02-01 00:00:00-05:00,424.053395889453,426.8291186076498,420.5343677869096,426.1893005371094,123155400,0.0,0.0,0.0,0.006734297315953874
2022-02-02 00:00:00-05:00,428.5886396673794,431.05384305532795,426.2833764423959,430.329345703125,117361000,0.0,0.0,0.0,0.009667220734819182
2022-02-03 00:00:00-05:00,424.30741975423217,426.2080657307745,419.3769848400867,420.21441650390625,118024400,0.0,0.0,0.0,-0.023785739266004136
2022-02-04 00:00:00-05:00,419.97926396514714,426.0293671450485,417.6081293545503,422.1904296875,118454400,0.0,0.0,0.0,0.004691370940451911
2022-02-07 00:00:00-05:00,422.95248633834746,424.3450280068108,419.50871953612705,420.8354187011719,84472900,0.0,0.0,0.0,-0.0032146396360159812
2022-02-08 00:00:00-05:00,420.3368642432255,425.2202374171449,418.9160669960065,424.2981262207031,81012000,0.0,0.0,0.0,0.008194508233734688
2022-02-09 00:00:00-05:00,428.32514818742595,430.82799617234946,428.1275632375704,430.5080871582031,92589900,0.0,0.0,0.0,0.014529773160013804
2022-02-10 00:00:00-05:00,424.6744500762086,430.66810052892527,420.7790596867854,422.7738037109375,140103700,0.0,0.0,0.0,-0.01812881617229145
2022-02-11 00:00:00-05:00,422.85846290665194,424.92846773085336,413.00703862428105,414.4372253417969,153214600,0.0,0.0,0.0,-0.01991577661650279
2022-02-14 00:00:00-05:00,413.92909493615394,415.5098319487012,409.6196698794952,413.0822448730469,123006300,0.0,0.0,0.0,-0.003274803139886373
2022-02-15 00:00:00-05:00,417.5139841588956,419.91331604233613,416.9964614975675,419.74395751953125,88482700,0.0,0.0,0.0,0.015998187163357436
2022-02-16 00:00:00-05:00,417.7021502270157,421.5881501559702,415.8297306709073,420.21441650390625,84863600,0.0,0.0,0.0,0.0011201960671387567
2022-02-17 00:00:00-05:00,417.0341632264874,420.186247943638,410.63592485416507,411.23809814453125,102259100,0.0,0.0,0.0,-0.021592735515407746
2022-02-18 00:00:00-05:00,411.49211293034836,412.74355133918664,406.30766852315804,408.5752868652344,132642900,0.0,0.0,0.0,-0.006496162888356416
2022-02-22 00:00:00-05:00,406.37355193227506,409.7702560003978,400.6997823601273,404.19061279296875,124391800,0.0,0.0,0.0,-0.010789617554466169
2022-02-23 00:00:00-05:00,407.09801689358864,407.66257403498787,396.4562253293039,397.0207824707031,132578000,0.0,0.0,0.0,-0.017897952426235264
2022-02-24 00:00:00-05:00,386.7365259239518,403.4284488931798,386.3790008159794,402.99560546875,213942900,0.0,0.0,0.0,0.014937029233440313
2022-02-25 00:00:00-05:00,404.22820402320997,411.97197784953823,402.5815957478885,411.8872985839844,121804500,0.0,0.0,0.0,0.021824107459251785
2022-02-28 00:00:00-05:00,406.5052626502716,412.3107459178309,405.25385292778066,410.83349609375,145615000,0.0,0.0,0.0,-0.0025617513823785742
2022-03-01 00:00:00-05:00,409.3374336179091,411.34159579885494,401.8759236906789,404.5763854980469,137785900,0.0,0.0,0.0,-0.015347455446447889
2022-03-02 00:00:00-05:00,406.82521187285215,413.7409734291532,406.07248803205465,412.01910400390625,117726500,0.0,0.0,0.0,0.018229159242431514
2022-03-03 00:00:00-05:00,414.446680076633,415.04885343146157,408.17073639481583,409.9678955078125,105501700,0.0,0.0,0.0,-0.004990864223058722
2022-03-04 00:00:00-05:00,406.2417642897953,407.76604842308336,402.6004124792588,406.636962890625,113978200,0.0,0.0,0.0,-0.008158048673724494
2022-03-07 00:00:00-05:00,406.05365494553234,406.75934432063025,394.58384800510765,394.64971923828125,137896600,0.0,0.0,0.0,-0.02992221958463137
2022-03-08 00:00:00-05:00,394.82848568696517,401.97005852746355,390.59434954887394,391.6575927734375,164772700,0.0,0.0,0.0,-0.007610614479811595
2022-03-09 00:00:00-05:00,400.02235763522094,404.134169484024,397.8394184443937,402.1582336425781,116990800,0.0,0.0,0.0,0.02645765694405533
2022-03-10 00:00:00-05:00,397.55708322285636,401.2360799371363,395.5999843486872,400.34222412109375,93972700,0.0,0.0,0.0,-0.004525885571250221
2022-03-11 00:00:00-05:00,402.8262482347944,403.43783985789673,394.7437572588801,395.2518615722656,95636300,0.0,0.0,0.0,-0.012796555688874278
2022-03-14 00:00:00-04:00,396.0234704863825,399.46720926881693,391.22477713105775,392.36328125,95729200,0.0,0.0,0.0,-0.007335037422057766
2022-03-15 00:00:00-04:00,394.969610741959,401.62191584683524,393.6993928949382,400.99151611328125,106219100,0.0,0.0,0.0,0.021752121741338115
2022-03-16 00:00:00-04:00,404.49176069614015,409.9396620822366,399.7024567937387,409.8832092285156,144954800,0.0,0.0,0.0,0.021931993321077314
2022-03-17 00:00:00-04:00,407.9730846505351,415.01116943359375,407.596722776026,415.01116943359375,102676900,0.0,0.0,0.0,0.012433170587228481
2022-03-18 00:00:00-04:00,413.4028311487186,419.8775739934096,412.66663547827596,419.5566711425781,106345500,1.366,0.0,0.0,0.010893174732611755
2022-03-21 00:00:00-04:00,419.3868421211315,421.3877829881189,415.9323761926658,419.4340515136719,88349800,0.0,0.0,0.0,-0.00029230270721214424
2022-03-22 00:00:00-04:00,420.8213779356856,425.27631330286863,420.8213779356856,424.3419189453125,74650400,0.0,0.0,0.0,0.01163323667114824
2022-03-23 00:00:00-04:00,421.8125310374547,423.3037890750717,418.79222440449075,418.8771667480469,79426100,0.0,0.0,0.0,-0.012961824039201986
2022-03-24 00:00:00-04:00,420.897026967389,425.2009454427064,419.78329999434203,425.1914978027344,64736900,0.0,0.0,0.0,0.01496193168393134
2022-03-25 00:00:00-04:00,425.8238364518409,427.5416361124458,423.2471369609336,427.2679138183594,77101300,0.0,0.0,0.0,0.004871598797214993
2022-03-28 00:00:00-04:00,426.6733001787727,430.3070983886719,424.7856157896072,430.3070983886719,68529800,0.0,0.0,0.0,0.00708788677520289
2022-03-29 00:00:00-04:00,434.18632404591193,436.12121804126116,431.50581537302486,435.6304016113281,86581500,0.0,0.0,0.0,0.012295045039558694
2022-03-30 00:00:00-04:00,434.48834654789084,435.3000658769964,430.8356815763662,432.9404602050781,79666900,0.0,0.0,0.0,-0.00619396787186588
2022-03-31 00:00:00-04:00,432.1758685328461,432.9970065427643,425.8238008960685,426.27685546875,121699900,0.0,0.0,0.0,-0.015511182602405249
2022-04-01 00:00:00-04:00,427.8531604316954,427.9947310191564,423.91735408137134,427.4850769042969,89048800,0.0,0.0,0.0,0.0028303492960031207
2022-04-04 00:00:00-04:00,427.68314952394616,431.25087129409127,426.86201155519603,431.14703369140625,59601000,0.0,0.0,0.0,0.008529797441250153
2022-04-05 00:00:00-04:00,429.6558116325977,432.119225743506,424.5590699380688,425.70111083984375,74214500,0.0,0.0,0.0,-0.012711695108961862
2022-04-06 00:00:00-04:00,421.793612229182,423.71902938512,418.5656595556562,421.4443664550781,106898000,0.0,0.0,0.0,-0.010049702973486063
2022-04-07 00:00:00-04:00,420.56664291276263,425.38024389891154,418.6223302828864,423.56805419921875,78097200,0.0,0.0,0.0,0.0050264165672686545
2022-04-08 00:00:00-04:00,422.8130169818533,425.3236408416978,420.8970183524694,422.43548583984375,79272700,0.0,0.0,0.0,-0.002677456966472924
2022-04-11 00:00:00-04:00,419.16969873165914,420.0097320215141,414.7147916975716,415.21502685546875,89770500,0.0,0.0,0.0,-0.017240215855713004
2022-04-12 00:00:00-04:00,418.1975577653763,420.71762892299597,412.12865978994853,413.67657470703125,84363600,0.0,0.0,0.0,-0.003712075046071739
2022-04-13 00:00:00-04:00,413.4311873130841,419.16973507105604,413.25185499529334,418.4146728515625,74070400,0.0,0.0,0.0,0.01138853309357124
2022-04-14 00:00:00-04:00,418.64113099890267,419.7548865120772,413.1007827575576,413.2046203613281,97869500,0.0,0.0,0.0,-0.012530062009133758
2022-04-18 00:00:00-04:00,412.2797123367979,415.05461073103595,411.1470901663332,413.37457275390625,66002500,0.0,0.0,0.0,0.0004112186621405556
2022-04-19 00:00:00-04:00,413.27067735850744,420.7647857423862,413.10079269782085,420.0474853515625,77821000,0.0,0.0,0.0,0.016013627501727967
2022-04-20 00:00:00-04:00,421.82193478222695,422.4354264021452,418.57511557097627,419.73602294921875,65224400,0.0,0.0,0.0,-0.0007417683570736244
2022-04-21 00:00:00-04:00,423.3510108398269,424.73846009934624,412.55345319655066,413.45953369140625,85417300,0.0,0.0,0.0,-0.015066350114157245
2022-04-22 00:00:00-04:00,412.37409241070765,413.4783716367902,401.5482213990768,402.1145324707031,132471800,0.0,0.0,0.0,-0.027822692091834078
2022-04-25 00:00:00-04:00,399.87760832355883,404.6156854519276,395.31883470061024,404.44580078125,119647700,0.0,0.0,0.0,0.0057807821845861085
2022-04-26 00:00:00-04:00,401.9163240296101,402.11455163658286,392.70444345361744,392.7327575683594,103996300,0.0,0.0,0.0,-0.029388362496151288
2022-04-27 00:00:00-04:00,393.80869150273776,399.169736833569,391.70394193167726,393.8370056152344,122030000,0.0,0.0,0.0,0.00280775799936972
2022-04-28 00:00:00-04:00,398.57509707971343,405.51234242525084,394.14847523083597,403.78509521484375,105449100,0.0,0.0,0.0,0.02494566151983424
2022-04-29 00:00:00-04:00,399.8021034252902,401.9540624319965,388.11733269096055,388.86297607421875,145491100,0.0,0.0,0.0,-0.03765575892280637
2022-05-02 00:00:00-04:00,388.929072135393,392.56287045835074,382.2749671742883,391.2037353515625,158312500,0.0,0.0,0.0,0.006001451590562645
2022-05-03 00:00:00-04:00,391.7039501067172,395.4037953011167,390.1465874755705,392.99700927734375,100028200,0.0,0.0,0.0,0.004573515299225228
2022-05-04 00:00:00-04:00,393.65769528593023,405.53124638806986,390.4769516548114,404.9649353027344,144247900,0.0,0.0,0.0,0.029998481999905735
2022-05-05 00:00:00-04:00,400.7081437907731,401.132884248546,386.4467037789483,390.5712890625,172929100,0.0,0.0,0.0,-0.03618997282222303
2022-05-06 00:00:00-04:00,388.01350785652954,391.50570647733946,382.9450801949944,388.2400207519531,151770800,0.0,0.0,0.0,-0.005986752488362335
2022-05-09 00:00:00-04:00,382.35045035687074,383.5868812355381,374.23340232623997,375.80963134765625,155586100,0.0,0.0,0.0,-0.03254104297863858
2022-05-10 00:00:00-04:00,381.7747515433738,383.27545730002635,372.64781289944233,376.6780090332031,132497200,0.0,0.0,0.0,0.00230801949276227
2022-05-11 00:00:00-04:00,375.71530920049423,381.3500488525497,369.94841780135306,370.6940612792969,142361000,0.0,0.0,0.0,-0.016013645321916847
2022-05-12 00:00:00-04:00,367.5038249274551,373.5727232304534,363.5208097766853,370.3070373535156,125090800,0.0,0.0,0.0,-0.001044597536193237
2022-05-13 00:00:00-04:00,374.43161982347493,380.53827982576547,373.3933876739787,379.1602783203125,104174400,0.0,0.0,0.0,0.023626521424746194
2022-05-16 00:00:00-04:00,377.51804786382434,381.2839693671578,375.27169861489534,377.6218566894531,78622400,0.0,0.0,0.0,-0.004065697851078021
2022-05-17 00:00:00-04:00,383.70013247510735,385.62557844782094,379.9719446127917,385.3896179199219,83029700,0.0,0.0,0.0,0.02036150138566839
2022-05-18 00:00:00-04:00,380.8402784851767,381.123419587076,368.61751205317614,369.85394287109375,117674500,0.0,0.0,0.0,-0.04114663845633082
2022-05-19 00:00:00-04:00,366.7959211904098,372.0059481432004,365.3707103676318,367.5887451171875,98510700,0.0,0.0,0.0,-0.006143405894766474
2022-05-20 00:00:00-04:00,371.1659411793916,374.7336635050742,359.1697150107811,367.7492370605469,131432200,0.0,0.0,0.0,0.00043651205240990976
2022-05-23 00:00:00-04:00,370.7694520093487,375.39430099984236,368.45705631787473,374.6297912597656,76414900,0.0,0.0,0.0,0.018537030172258717
2022-05-24 00:00:00-04:00,370.5146932699092,372.95924112163084,365.22917116715337,371.77001953125,91448800,0.0,0.0,0.0,-0.0076628790117716505
2022-05-25 00:00:00-04:00,370.27878652330077,377.01783466440037,369.8823888701669,375.05462646484375,91472900,0.0,0.0,0.0,0.008796249908938236
2022-05-26 00:00:00-04:00,376.28154835892093,384.18150224653084,376.07390194163645,382.54864501953125,82168300,0.0,0.0,0.0,0.01978413576759319
2022-05-27 00:00:00-04:00,385.00257520796123,392.0530757619011,384.8043764625249,391.9398193359375,84768700,0.0,0.0,0.0,0.024252484200545155
2022-05-31 00:00:00-04:00,390.3259307298854,393.0725149914447,387.00361655148845,389.7407531738281,95937000,0.0,0.0,0.0,-0.005626523265137351
2022-06-01 00:00:00-04:00,391.8549424707136,392.86483164009155,384.0776638781302,386.5882873535156,86585800,0.0,0.0,0.0,-0.00812151287277807
2022-06-02 00:00:00-04:00,386.42789374965014,393.9974979722233,384.18154466114504,393.9503173828125,79609600,0.0,0.0,0.0,0.01886453356912199
2022-06-03 00:00:00-04:00,389.2405486758481,390.7884638335638,386.5128594774759,387.4850158691406,71874300,0.0,0.0,0.0,-0.016547624012795303
2022-06-06 00:00:00-04:00,391.48684319664267,393.21406164588547,387.4943805595861,388.6647644042969,57508900,0.0,0.0,0.0,0.003040004580833866
2022-06-07 00:00:00-04:00,385.18200495505744,392.84599895820924,384.7195026936411,392.3929443359375,59272400,0.0,0.0,0.0,0.00954656283250177
2022-06-08 00:00:00-04:00,390.6846048993001,392.4684805286195,387.33397652533813,388.1268005371094,64350000,0.0,0.0,0.0,-0.010931654992286433
2022-06-09 00:00:00-04:00,386.352312221375,388.6175274447086,378.8959655761719,378.8959655761719,86289800,0.0,0.0,0.0,-0.024070421501309447
2022-06-10 00:00:00-04:00,372.7044641742221,373.55391651113854,367.8625484088817,367.90972900390625,132893900,0.0,0.0,0.0,-0.029424063782941268
2022-06-13 00:00:00-04:00,358.5184050405398,360.3683273758739,352.3362223896235,353.9407653808594,170004900,0.0,0.0,0.0,-0.03870803675770507
2022-06-14 00:00:00-04:00,355.6870198972679,356.7158046732903,349.7785571614299,352.8743591308594,104011800,0.0,0.0,0.0,-0.0030174992644624865
2022-06-15 00:00:00-04:00,356.1682429235863,362.3409783554577,351.22251951050276,357.9049377441406,125666800,0.0,0.0,0.0,0.014155343676381271
2022-06-16 00:00:00-04:00,349.702968623294,350.10881384000515,343.63404163139757,346.0597229003906,134473300,0.0,0.0,0.0,-0.03365604441084802
2022-06-17 00:00:00-04:00,346.4739460122469,350.1423885814665,343.30789944734585,346.8056945800781,111113900,1.577,0.0,0.0,0.002153295428240831
2022-06-21 00:00:00-04:00,352.5216653163301,356.91999511391333,352.4458155848116,355.5360412597656,76811900,0.0,0.0,0.0,0.024861960859155374
2022-06-22 00:00:00-04:00,351.3178358414842,358.99598772773135,350.90074904768903,354.8915100097656,90059400,0.0,0.0,0.0,-0.0018144888262972003
2022-06-23 00:00:00-04:00,357.0242713419827,359.10018760142196,353.4695746409906,358.37030029296875,79292100,0.0,0.0,0.0,0.009754673018727011
2022-06-24 00:00:00-04:00,361.53641078181903,369.7738317116263,361.5079743602973,369.76434326171875,98050300,0.0,0.0,0.0,0.031299082440464865
2022-06-27 00:00:00-04:00,370.6837404864147,370.97759308364846,367.26176653170177,368.35186767578125,66009600,0.0,0.0,0.0,-0.0038272491218842575
2022-06-28 00:00:00-04:00,369.90658420443964,372.68398100101825,360.71175479299797,360.82550048828125,86548900,0.0,0.0,0.0,-0.02064418018032388
2022-06-29 00:00:00-04:00,361.3753088463661,362.3611241546952,358.71165775298255,360.5316467285156,65676000,0.0,0.0,0.0,-0.0008147247924377155
2022-06-30 00:00:00-04:00,356.6451313576215,360.8349471944622,353.1567954408799,357.6025390625,112508300,0.0,0.0,0.0,-0.008157594965973125
2022-07-01 00:00:00-04:00,356.9484497006856,361.8207682477801,354.33218346585994,361.38470458984375,74839700,0.0,0.0,0.0,0.010520911039410663
2022-07-05 00:00:00-04:00,356.3039239194396,362.08623764291843,353.4791138897527,362.0672607421875,81438000,0.0,0.0,0.0,0.001886943121520268
2022-07-06 00:00:00-04:00,362.2093668453206,365.7735520504945,359.83010948727616,363.2900085449219,70426200,0.0,0.0,0.0,0.00337143918649474
2022-07-07 00:00:00-04:00,365.06257601057655,369.52726658852333,363.3089200011575,368.73101806640625,64525900,0.0,0.0,0.0,0.014865992990777066
2022-07-08 00:00:00-04:00,367.1006548819058,370.29516685698064,365.5745188691098,368.4277648925781,72397800,0.0,0.0,0.0,-0.0008227621998013745
2022-07-11 00:00:00-04:00,365.7545879256405,366.7214549866304,363.52697227080625,364.2189636230469,58366900,0.0,0.0,0.0,-0.011489432505204178
2022-07-12 00:00:00-04:00,363.6692023712076,366.04848886653093,359.2518953418649,360.9960632324219,62219200,0.0,0.0,0.0,-0.008888182093910402
2022-07-13 00:00:00-04:00,355.56449960571507,362.02931552702955,355.1474128412304,359.1002197265625,84224600,0.0,0.0,0.0,-0.005265539986957002
2022-07-14 00:00:00-04:00,354.1521096552973,359.3087928722651,351.715979081912,358.2281799316406,89704800,0.0,0.0,0.0,-0.0024313556382962176
2022-07-15 00:00:00-04:00,362.62649570213034,365.1858892356065,360.7211976903377,365.0721435546875,79060400,0.0,0.0,0.0,0.018924830151264338
2022-07-18 00:00:00-04:00,368.15297671533693,368.8259914543638,360.8350370842649,362.057861328125,63203600,0.0,0.0,0.0,-0.008290950650034823
2022-07-19 00:00:00-04:00,365.97264856832055,372.4090283274704,365.31861090466685,371.84027099609375,78506000,0.0,0.0,0.0,0.026660346044762306
2022-07-20 00:00:00-04:00,372.02988023942527,375.62250240338216,370.6648741646818,374.2100830078125,71843800,0.0,0.0,0.0,0.006352975960731477
2022-07-21 00:00:00-04:00,373.6318507302927,378.068105826219,371.2336162126565,378.0207214355469,64903900,0.0,0.0,0.0,0.010131653748118197
2022-07-22 00:00:00-04:00,378.143943990978,379.3383025244326,372.29526973672574,374.5133972167969,72197300,0.0,0.0,0.0,-0.00932143680264197
2022-07-25 00:00:00-04:00,375.13906335562353,375.8215664094441,372.73134023128426,374.96844482421875,53631500,0.0,0.0,0.0,0.0012142993674064684
2022-07-26 00:00:00-04:00,373.3285714235852,373.537114847819,369.64118001606494,370.5322265625,52946400,0.0,0.0,0.0,-0.011901453065631173
2022-07-27 00:00:00-04:00,373.82147154826214,381.89776315262577,373.52761885571124,380.1535949707031,82342100,0.0,0.0,0.0,0.025634946117241597
2022-07-28 00:00:00-04:00,380.95930457713075,385.61356292258694,377.4140666940386,384.9216003417969,73966600,0.0,0.0,0.0,0.012464309729377732
2022-07-29 00:00:00-04:00,386.3528761831323,391.5190471453721,385.5850639824012,390.533203125,87003700,0.0,0.0,0.0,0.014473314798426173
2022-08-01 00:00:00-04:00,387.8411758992656,391.8793213752261,387.1302364241008,389.3768005371094,69997500,0.0,0.0,0.0,-0.002965479170461194
2022-08-02 00:00:00-04:00,387.8127144423944,391.49064571833276,385.63251176391105,386.80792236328125,63435400,0.0,0.0,0.0,-0.006619268526125488
2022-08-03 00:00:00-04:00,388.93125481134643,394.0310649800449,388.6468906090099,392.8651428222656,67820600,0.0,0.0,0.0,0.015538159768301973
2022-08-04 00:00:00-04:00,392.78929793981433,393.4718009620609,390.9598207163616,392.5997314453125,45656600,0.0,0.0,0.0,-0.0006758071449137759
2022-08-05 00:00:00-04:00,388.3246175842232,392.5807659148732,388.26774474140564,391.9361877441406,56814900,0.0,0.0,0.0,-0.001691557628305418
2022-08-08 00:00:00-04:00,393.6234467801919,395.8700106498597,390.3815503961838,391.48114013671875,53886100,0.0,0.0,0.0,-0.0011616992435650175
2022-08-09 00:00:00-04:00,390.7512903773344,391.25368644325886,388.8554517997777,389.9266052246094,44931800,0.0,0.0,0.0,-0.003978811247135283
2022-08-10 00:00:00-04:00,396.96966387104465,398.2588492285253,395.01695232609546,398.11663818359375,68665700,0.0,0.0,0.0,0.02078649343168326
2022-08-11 00:00:00-04:00,400.9603962309802,402.81833898357877,397.37726224840134,398.11663818359375,59489700,0.0,0.0,0.0,0.0
2022-08-12 00:00:00-04:00,400.0503354779772,404.96054995020353,399.10241628589347,404.8562927246094,61694500,0.0,0.0,0.0,0.016787148246431904
2022-08-15 00:00:00-04:00,402.6476112740378,407.04597006301,402.59073843868015,406.52459716796875,54048300,0.0,0.0,0.0,0.004112265435780138
2022-08-16 00:00:00-04:00,405.45355110579476,409.24522847882577,404.64781387838514,407.3209533691406,59289000,0.0,0.0,0.0,0.0019570210952490896
2022-08-17 00:00:00-04:00,403.7283280008868,407.1313549468698,402.42968313864895,404.4297790527344,63563400,0.0,0.0,0.0,-0.007123335837541767
2022-08-18 00:00:00-04:00,404.628809463559,406.28766820146114,403.33965312992564,405.6051940917969,49023200,0.0,0.0,0.0,0.0029021360879850633
2022-08-19 00:00:00-04:00,402.84675039895933,403.11216664311075,399.28256461046794,400.1546630859375,68016900,0.0,0.0,0.0,-0.013529128051227524
2022-08-22 00:00:00-04:00,395.3296712046477,395.50031863762473,390.9218529286444,391.8223876953125,77695600,0.0,0.0,0.0,-0.021042485591006077
2022-08-23 00:00:00-04:00,391.3958251809502,393.7846000380237,390.3246718748115,390.8744812011719,49105200,0.0,0.0,0.0,-0.0024221559974080265
2022-08-24 00:00:00-04:00,390.64695191540625,393.4907094010359,389.96447788992435,392.125732421875,49177800,0.0,0.0,0.0,0.00319604583505928
2022-08-25 00:00:00-04:00,393.6139571012594,397.70897496462175,392.52385581312956,397.6615905761719,50942300,0.0,0.0,0.0,0.014018834324786233
2022-08-26 00:00:00-04:00,397.5478603350803,398.088152311537,384.14426851779484,384.2011413574219,103087000,0.0,0.0,0.0,-0.034435147593689486
2022-08-29 00:00:00-04:00,381.2531072601776,384.7035180462259,380.3051880764658,381.66070556640625,65370800,0.0,0.0,0.0,-0.006634212472780732
2022-08-30 00:00:00-04:00,382.8172261577202,383.0542059895712,375.3760536519589,377.470947265625,85652400,0.0,0.0,0.0,-0.011038403753279802
2022-08-31 00:00:00-04:00,379.10137171228644,380.3431437236325,374.4660612189248,374.5987548828125,76029700,0.0,0.0,0.0,-0.007638138695161167
2022-09-01 00:00:00-04:00,372.42798580847113,376.1153764284115,369.7264103214383,375.7741394042969,78740100,0.0,0.0,0.0,0.00313280368133384
2022-09-02 00:00:00-04:00,379.43310730382876,380.6464427581479,370.00129941700374,371.81182861328125,99632100,0.0,0.0,0.0,-0.01060038059450008
2022-09-06 00:00:00-04:00,372.6555609471726,373.5939919026862,368.19086864195987,370.40899658203125,76637400,0.0,0.0,0.0,-0.003780097927915449
2022-09-07 00:00:00-04:00,370.0961715004415,377.8311974242417,369.87816854830936,377.0633850097656,70964200,0.0,0.0,0.0,0.017805512009690716
2022-09-08 00:00:00-04:00,374.79784580059123,379.9829368756566,373.59396971166063,379.5279541015625,80821700,0.0,0.0,0.0,0.006514951154443338
2022-09-09 00:00:00-04:00,381.7650275183075,386.28662130528346,381.49961125899546,385.42401123046875,76706900,0.0,0.0,0.0,0.01541580167293155
2022-09-12 00:00:00-04:00,387.49049096842776,390.2868647682197,387.18714981782034,389.5664367675781,69256300,0.0,0.0,0.0,0.010690363987773566
2022-09-13 00:00:00-04:00,380.9024232007864,382.1062993004574,371.5085678123265,372.6271057128906,122947100,0.0,0.0,0.0,-0.04445621712380987
2022-09-14 00:00:00-04:00,373.92568555402255,375.56559617352946,370.7501504689949,374.0489196777344,85023700,0.0,0.0,0.0,0.0038083871316922924
2022-09-15 00:00:00-04:00,372.4943947202488,375.3381528851013,368.53209861998994,369.80230712890625,87633800,0.0,0.0,0.0,-0.01141803234870764
2022-09-16 00:00:00-04:00,365.629459872336,367.6377713603656,363.6972515966094,366.98101806640625,103084800,1.596,0.0,0.0,-0.007658432962402095
2022-09-19 00:00:00-04:00,363.84011191988435,369.8269958496094,363.7639505998914,369.8269958496094,73278500,0.0,0.0,0.0,0.007725192677337844
2022-09-20 00:00:00-04:00,366.5051690967704,367.51408871168167,362.83118428153335,365.5819091796875,77274900,0.0,0.0,0.0,-0.011544961698779055
2022-09-21 00:00:00-04:00,367.50461804644806,370.5504322147043,359.1953065563563,359.204833984375,106746600,0.0,0.0,0.0,-0.017597561827870756
2022-09-22 00:00:00-04:00,358.4337649769324,360.0708846733697,355.44508694272207,356.1875,89472600,0.0,0.0,0.0,-0.00843551638251494
2022-09-23 00:00:00-04:00,352.722940486398,352.7610211494688,345.78424282582023,350.2196960449219,122346900,0.0,0.0,0.0,-0.01689661704938583
2022-09-26 00:00:00-04:00,348.75391014864755,352.3707890222306,345.5367765894628,346.7550964355469,92581200,0.0,0.0,0.0,-0.009941903735623647
2022-09-27 00:00:00-04:00,350.2862401271678,352.5515599107997,343.48078239742836,345.8698425292969,108294100,0.0,0.0,0.0,-0.002556230186042008
2022-09-28 00:00:00-04:00,346.8216184313589,354.3599609694806,345.1273924881979,352.6752624511719,110802200,0.0,0.0,0.0,0.019485170509005556
2022-09-29 00:00:00-04:00,349.13459770031216,349.42013004160674,342.3672197883283,345.3083190917969,112952300,0.0,0.0,0.0,-0.021110000667763806
2022-09-30 00:00:00-04:00,344.36596930372804,348.2779362644351,339.83535868204586,339.9685974121094,153711200,0.0,0.0,0.0,-0.015584443673319903
2022-10-03 00:00:00-04:00,343.6807182327434,350.7907644280534,341.90083208876825,348.9442443847656,89756500,0.0,0.0,0.0,0.026058898437795186
2022-10-04 00:00:00-04:00,354.4551993806732,359.7853586515844,348.90614168269303,359.7568054199219,103602800,0.0,0.0,0.0,0.03051611143975652
2022-10-05 00:00:00-04:00,355.3975589353477,361.1750432151708,353.0751323104993,358.91925048828125,88065700,0.0,0.0,0.0,-0.0023308284836858206
2022-10-06 00:00:00-04:00,357.52010776378955,360.4707348086878,354.7217743328191,355.21673583984375,82333500,0.0,0.0,0.0,-0.010369307511668424
2022-10-07 00:00:00-04:00,351.19051769873397,355.30235769557754,343.547458861724,345.3083190917969,107789500,0.0,0.0,0.0,-0.02829043020887756
2022-10-10 00:00:00-04:00,346.42192984075376,346.65988314467035,340.43504562807703,342.6717834472656,76042800,0.0,0.0,0.0,-0.0076646069907910785
2022-10-11 00:00:00-04:00,340.9774934330555,345.5366860181765,338.5694076088321,340.5015869140625,92482800,0.0,0.0,0.0,-0.006353303355346007
2022-10-12 00:00:00-04:00,340.9109745209168,342.4814606200205,339.1310592917608,339.3785400390625,76991800,0.0,0.0,0.0,-0.0033036644311472685
2022-10-13 00:00:00-04:00,332.3826842498608,349.8008834901985,331.3356839052994,348.3350830078125,147254500,0.0,0.0,0.0,0.026048777018996994
2022-10-14 00:00:00-04:00,350.7907569397952,352.41837848921915,339.7592450066515,340.39697265625,123737000,0.0,0.0,0.0,-0.023052395536726777
2022-10-17 00:00:00-04:00,346.46954168027236,350.24824134925336,340.06382821256403,349.1441345214844,93168200,0.0,0.0,0.0,0.025372326672174594
2022-10-18 00:00:00-04:00,357.0536821558411,357.35826934412756,349.81036876588746,353.2464294433594,97162900,0.0,0.0,0.0,0.011681083938102077
2022-10-19 00:00:00-04:00,351.2095126771094,353.9317132956456,347.9352732315164,350.7431335449219,79746900,0.0,0.0,0.0,-0.007111771483175211
2022-10-20 00:00:00-04:00,350.2958396474553,354.71226720130164,347.04062545500517,347.8020935058594,88283100,0.0,0.0,0.0,-0.008420521114637758
2022-10-21 00:00:00-04:00,347.5259812950986,356.7395247837277,346.02212943460694,356.2541198730469,131038400,0.0,0.0,0.0,0.024010674889053618
2022-10-24 00:00:00-04:00,357.77704931693273,361.7460937798273,355.1309809456278,360.6134338378906,85436900,0.0,0.0,0.0,0.01216226812953991
2022-10-25 00:00:00-04:00,360.53735873384517,366.6860643599622,360.4231457883191,366.3719787597656,78846300,0.0,0.0,0.0,0.01584258848994846
2022-10-26 00:00:00-04:00,363.23094435236135,368.9037428227225,362.97396524839513,363.6116638183594,104087300,0.0,0.0,0.0,-0.007562712194228105
2022-10-27 00:00:00-04:00,364.6110821532887,366.44807462100994,361.05128110498777,361.66998291015625,81971800,0.0,0.0,0.0,-0.005354293895922346
2022-10-28 00:00:00-04:00,361.5652682350303,370.75025961760167,361.3844214069697,370.27435302734375,100302000,0.0,0.0,0.0,0.023512078934164293
2022-10-31 00:00:00-04:00,367.81868945232327,369.68423516133385,366.69555686556424,367.5997619628906,96631300,0.0,0.0,0.0,-0.007249482597915247
2022-11-01 00:00:00-04:00,371.34039469961164,371.5783479860967,364.8204688405162,365.9911804199219,85407600,0.0,0.0,0.0,-0.004385507039804004
2022-11-02 00:00:00-04:00,365.4010542504777,369.9031408055681,356.70149735976,356.8061828613281,126990400,0.0,0.0,0.0,-0.02541650669475981
2022-11-03 00:00:00-04:00,353.5700586148132,356.1685191668986,351.01920615203176,353.1322326660156,87100100,0.0,0.0,0.0,-0.010350145625919183
2022-11-04 00:00:00-04:00,358.8336081280306,360.61349432188257,352.170915138916,358.2149353027344,103505200,0.0,0.0,0.0,0.014290600609550452
2022-11-07 00:00:00-05:00,359.50933724612685,362.231537963315,357.4343915475703,361.64141845703125,68286900,0.0,0.0,0.0,0.009519979965116221
2022-11-08 00:00:00-05:00,362.74546276276726,366.56224244323937,359.5188315812918,363.59259033203125,84641100,0.0,0.0,0.0,0.0053808193192175224
2022-11-09 00:00:00-05:00,361.6224654419228,362.77418059320405,355.6069976603484,356.1019592285156,78495500,0.0,0.0,0.0,-0.02081689129689579
2022-11-10 00:00:00-05:00,369.351119187772,376.0043135418382,367.0572748219786,375.6711730957031,141455800,0.0,0.0,0.0,0.05349712894391079
2022-11-11 00:00:00-05:00,376.5277909851231,380.1066180137116,374.64319033872147,379.3070983886719,93839900,0.0,0.0,0.0,0.009631941845990255
2022-11-14 00:00:00-05:00,377.5462448649226,380.89661702699635,375.80441036199727,376.0804443359375,71903500,0.0,0.0,0.0,-0.008543094755595781
2022-11-15 00:00:00-05:00,381.8198514474499,382.9239582221826,375.4807721813481,379.28802490234375,93194500,0.0,0.0,0.0,0.008492808415105024
2022-11-16 00:00:00-05:00,377.66039937041876,378.61221246717844,375.76630060291683,376.3945007324219,68508500,0.0,0.0,0.0,-0.00765807918783068
2022-11-17 00:00:00-05:00,371.6449453937852,375.91860608551974,371.34038726892305,375.2427978515625,74496300,0.0,0.0,0.0,-0.0030645200400769568
2022-11-18 00:00:00-05:00,378.5741867367159,378.6408206344442,374.1006819611119,376.94659423828125,92922500,0.0,0.0,0.0,0.004530240172392119
2022-11-21 00:00:00-05:00,375.62359686049797,376.746729530004,373.73899615884227,375.57598876953125,51243200,0.0,0.0,0.0,-0.003642699940906269
2022-11-22 00:00:00-05:00,377.5176474312929,380.79188693120494,376.1089535381112,380.63006591796875,60429000,0.0,0.0,0.0,0.013367130221094037
2022-11-23 00:00:00-05:00,380.29692789864373,383.51406095455076,380.06850204043604,383.0286560058594,68261600,0.0,0.0,0.0,0.006281858392333639
2022-11-25 00:00:00-05:00,382.46708656258517,383.49506108811516,382.1910816475926,382.9429931640625,30545400,0.0,0.0,0.0,-0.0002236710516552165
2022-11-28 00:00:00-05:00,379.8590951809206,381.4962149118125,376.0708685003482,376.83233642578125,67881600,0.0,0.0,0.0,-0.016085777628998876
2022-11-29 00:00:00-05:00,376.96561491269216,378.15538144006086,374.34812855248094,376.1851501464844,52310000,0.0,0.0,0.0,-0.0017189147667595606
2022-11-30 00:00:00-05:00,376.4325818837763,388.0351867675781,374.51945716113363,388.0351867675781,144566700,0.0,0.0,0.0,0.03101458026370363
2022-12-01 00:00:00-05:00,389.07263892248426,390.2433795179694,385.24636063389784,387.7496337890625,76398200,0.0,0.0,0.0,-0.0007361654516691019
2022-12-02 00:00:00-05:00,382.86685419503635,388.20651222768515,382.76216868711776,387.30230712890625,85342700,0.0,0.0,0.0,-0.0011543141464711582
2022-12-05 00:00:00-05:00,384.48500420879964,385.41776267708946,378.98352435280736,380.3350830078125,77289800,0.0,0.0,0.0,-0.018152881904075713
2022-12-06 00:00:00-05:00,380.1732617355015,380.7157732131678,372.76815579992063,374.85260009765625,77972200,0.0,0.0,0.0,-0.014519779261182642
2022-12-07 00:00:00-05:00,374.0054742055746,376.5753814167961,373.0822142567911,374.2148742675781,65927900,0.0,0.0,0.0,-0.0017027197308117081
2022-12-08 00:00:00-05:00,376.0995130057314,378.21251059995166,374.3195977744953,377.146484375,60737900,0.0,0.0,0.0,0.007803502137283758
2022-12-09 00:00:00-05:00,375.90905369871786,378.45990573812827,374.2053001815389,374.32904052734375,81447700,0.0,0.0,0.0,-0.007498466565170503
2022-12-12 00:00:00-05:00,375.11908962319546,379.72589111328125,374.45283780553007,379.72589111328125,75405800,0.0,0.0,0.0,0.014314455119960101
2022-12-13 00:00:00-05:00,390.45280046353844,390.70977956297014,379.8400894083029,382.600341796875,123782500,0.0,0.0,0.0,0.007541297104224576
2022-12-14 00:00:00-05:00,382.2577351529548,385.9603029263179,377.21313615399055,380.15423583984375,108111300,0.0,0.0,0.0,-0.006413896197847713
2022-12-15 00:00:00-05:00,375.2999009475401,376.2041350287874,369.19880442028864,370.8549499511719,117705900,0.0,0.0,0.0,-0.02476603848441794
2022-12-16 00:00:00-05:00,368.3028770994123,369.6415286124747,364.3442912550409,366.4765625,119858000,1.781,0.0,0.0,-0.011876445917194722
2022-12-19 00:00:00-05:00,366.6678648941245,367.0025351167428,361.70526779936387,363.3690185546875,79878100,0.0,0.0,0.0,-0.008515671821592186
2022-12-20 00:00:00-05:00,362.61367325179793,365.48222528681765,361.2941346468216,363.86627197265625,74427200,0.0,0.0,0.0,0.0013675175062015654
2022-12-21 00:00:00-05:00,366.4575070608886,370.4352358837999,365.92204637130624,369.30694580078125,78167400,0.0,0.0,0.0,0.014841714254981042
2022-12-22 00:00:00-05:00,366.2662256920997,369.28777027212345,358.34902428686854,364.038330078125,100120900,0.0,0.0,0.0,-0.014368965193666483
2022-12-23 00:00:00-05:00,363.01518610522345,366.27577647509355,361.466172965727,366.1323547363281,59857300,0.0,0.0,0.0,0.005735728488201808
2022-12-27 00:00:00-05:00,366.01764723973866,366.3618594408892,363.0152157544233,364.68853759765625,51638200,0.0,0.0,0.0,-0.003951225347398335
2022-12-28 00:00:00-05:00,364.62164360006597,366.59140954936333,359.92680568793685,360.1562805175781,70911500,0.0,0.0,0.0,-0.012505617846672479
2022-12-29 00:00:00-05:00,362.9961017998292,367.5092910145083,362.47018314198056,366.63916015625,66970900,0.0,0.0,0.0,0.017840099749305338
2022-12-30 00:00:00-05:00,363.9619438366809,365.8169142160752,361.8487558844561,365.6734924316406,84022200,0.0,0.0,0.0,-0.002637311484145144
2023-01-03 00:00:00-05:00,367.52841345608357,369.49815002254616,361.274962367188,364.13397216796875,74850700,0.0,0.0,0.0,-0.0042189827370808786
2023-01-04 00:00:00-05:00,366.3905264117615,368.9722345195995,363.34986872415914,366.94512939453125,85934100,0.0,0.0,0.0,0.0076904703626228255
2023-01-05 00:00:00-05:00,364.9945470716449,365.10928447945327,362.1642506841692,362.757080078125,76970500,0.0,0.0,0.0,-0.011478916326812083
2023-01-06 00:00:00-05:00,365.8455692406558,372.19464540653735,362.7857977564851,371.0758972167969,104189600,0.0,0.0,0.0,0.02267320702994713
2023-01-09 00:00:00-05:00,373.26550947515705,376.44961824670435,370.6838304181261,370.865478515625,73978100,0.0,0.0,0.0,-0.0005672111401135993
2023-01-10 00:00:00-05:00,370.2822289287242,373.5332484725184,369.34515816722075,373.46630859375,65358100,0.0,0.0,0.0,0.006988390682805878
2023-01-11 00:00:00-05:00,375.04405606095594,378.26639143115705,374.231293835196,378.18988037109375,68881100,0.0,0.0,0.0,0.012568602582734734
2023-01-12 00:00:00-05:00,379.28959161131144,381.02982464220713,375.22580884533295,379.5668640136719,90157700,0.0,0.0,0.0,0.003634372556780896
2023-01-13 00:00:00-05:00,376.3730941204777,381.61299228704434,376.10536380133436,381.0392761230469,63903900,0.0,0.0,0.0,0.003871685675300718
2023-01-17 00:00:00-05:00,381.0201591163604,382.69348088927234,379.66236518124305,380.34124755859375,62677300,0.0,0.0,0.0,-0.0018335871178960517
2023-01-18 00:00:00-05:00,381.5269162830095,382.58826631918953,374.1356048315,374.3363952636719,99632300,0.0,0.0,0.0,-0.01591402390672325
2023-01-19 00:00:00-05:00,372.2997219516563,373.9443593060729,370.2917592534764,371.6112976074219,86958900,0.0,0.0,0.0,-0.00730643664519004
2023-01-20 00:00:00-05:00,373.00734634342695,378.68708106087394,371.36270886328373,378.5340881347656,91806400,0.0,0.0,0.0,0.01845772086354902
2023-01-23 00:00:00-05:00,379.337245503758,385.0074085420892,378.38106168560785,383.075927734375,84178800,0.0,0.0,0.0,0.011927084325548343
2023-01-24 00:00:00-05:00,381.40265563212273,383.57318267652687,380.21699688122226,382.6648254394531,59524900,0.0,0.0,0.0,-0.0010737376395733023
2023-01-25 00:00:00-05:00,378.6010544265812,383.14292828207675,376.3157607326886,382.8082580566406,84800300,0.0,0.0,0.0,0.00037475548640042433
2023-01-26 00:00:00-05:00,385.46642861189923,387.17800600043023,382.5022526217131,387.01544189453125,72287400,0.0,0.0,0.0,0.010930361653139542
2023-01-27 00:00:00-05:00,385.97324291614746,390.2760709827511,385.7628812656745,387.90472412109375,68346200,0.0,0.0,0.0,0.002295159310439665
2023-01-30 00:00:00-05:00,385.1508780562935,387.37880296998725,382.7413050405992,383.0377197265625,74202000,0.0,0.0,0.0,-0.01262628382335862
2023-01-31 00:00:00-05:00,383.5540574493801,388.7174447402499,383.20981606709955,388.6696472167969,86811800,0.0,0.0,0.0,0.014596277609700614
2023-02-01 00:00:00-05:00,387.45531934075285,395.5446571758706,384.7206470447407,392.8003845214844,101459200,0.0,0.0,0.0,0.01057180853740558
2023-02-02 00:00:00-05:00,396.6824246845757,399.98127069479483,394.78919930515946,398.518310546875,101654500,0.0,0.0,0.0,0.014451890445198678
2023-02-03 00:00:00-05:00,393.5556701552829,398.69994345136115,393.0775782754304,394.2823791503906,94736800,0.0,0.0,0.0,-0.010686094905817178
2023-02-06 00:00:00-05:00,391.834637420615,393.2689133762878,390.2186841761235,391.87286376953125,60295300,0.0,0.0,0.0,-0.006129890877057065
2023-02-07 00:00:00-05:00,390.9548967397829,398.241013206568,389.7118693730586,396.99798583984375,90990700,0.0,0.0,0.0,0.012993747156540003
2023-02-08 00:00:00-05:00,395.02829871801737,396.36695047559357,391.9684982603406,392.6569519042969,76227500,0.0,0.0,0.0,-0.010994872467090744
2023-02-09 00:00:00-05:00,396.25217230001425,396.40516522520073,388.028984948847,389.2528991699219,78694900,0.0,0.0,0.0,-0.008707075977298473
2023-02-10 00:00:00-05:00,388.0768126828916,390.5437836705012,387.2640796514173,390.16131591796875,70769700,0.0,0.0,0.0,0.0023310253823929372
2023-02-13 00:00:00-05:00,390.81149214644563,394.875273798094,390.3525133608386,394.74139404296875,64913500,0.0,0.0,0.0,0.01167056770594499
2023-02-14 00:00:00-05:00,393.2210725630297,396.86413102531327,390.61070909281807,394.55975341796875,88389300,0.0,0.0,0.0,-0.00046025684566863845
2023-02-15 00:00:00-05:00,392.3700513500147,395.9174852871057,391.52860488743005,395.84100341796875,61555700,0.0,0.0,0.0,0.0032420290875494473
2023-02-16 00:00:00-05:00,390.8784407346895,394.8179138959173,390.25692701019995,390.3907775878906,76431500,0.0,0.0,0.0,-0.013864392830801542
2023-02-17 00:00:00-05:00,388.26803395095567,389.6545122847336,386.34609496505783,389.41546630859375,89257800,0.0,0.0,0.0,-0.0025014208221154632
2023-02-21 00:00:00-05:00,385.39947527197734,386.4512833840668,381.3452649276504,381.6034240722656,82655900,0.0,0.0,0.0,-0.020264897986375985
2023-02-22 00:00:00-05:00,382.0145255408099,383.5539965692342,379.624066139242,381.0774841308594,83742300,0.0,0.0,0.0,-0.0013791875976387757
2023-02-23 00:00:00-05:00,383.965204449082,384.577176151522,378.88787027584414,383.1046447753906,96242400,0.0,0.0,0.0,0.005305450946468504
2023-02-24 00:00:00-05:00,378.0942785897589,379.84408241701556,376.39227228887677,379.01220703125,108194400,0.0,0.0,0.0,-0.01073976272894317
2023-02-27 00:00:00-05:00,382.3492886397092,383.7070827492521,379.36599925020045,380.3030700683594,80444700,0.0,0.0,0.0,0.003400074566195954
2023-02-28 00:00:00-05:00,379.82502171973454,381.7851874586126,378.7923265475118,378.89752197265625,96438600,0.0,0.0,0.0,-0.003702709708826468
2023-03-01 00:00:00-05:00,378.0846868266854,379.30860107550785,376.1436346387775,377.44403076171875,99706800,0.0,0.0,0.0,-0.0038434831326501495
2023-03-02 00:00:00-05:00,375.47425838003477,381.22093252105213,375.13958820432623,380.3794860839844,85127800,0.0,0.0,0.0,0.007747107178906809
2023-03-03 00:00:00-05:00,382.1962660076362,386.7285976253681,381.54606794616154,386.47998046875,90120000,0.0,0.0,0.0,0.01591066771680527
2023-03-06 00:00:00-05:00,387.3023155770407,389.5971805098177,386.30790523195174,386.74774169921875,72795900,0.0,0.0,0.0,0.0006925805516155847
2023-03-07 00:00:00-05:00,386.699921017692,386.93896700217493,380.20742390861926,380.8193664550781,108310600,0.0,0.0,0.0,-0.01544749134999801
2023-03-08 00:00:00-05:00,380.93405020632537,382.1961905528292,379.21290198405563,381.4408264160156,74746600,0.0,0.0,0.0,0.0016305720918987632
2023-03-09 00:00:00-05:00,382.22502128661864,383.88880145673494,373.41857393091925,374.4034423828125,111945300,0.0,0.0,0.0,-0.018621792043709284
2023-03-10 00:00:00-05:00,373.8583475978051,375.93327957719293,367.4806170891498,369.0009460449219,189253000,0.0,0.0,0.0,-0.014534731115089627
2023-03-13 00:00:00-04:00,365.08059523708437,373.28466995051247,363.97141834242984,368.47503662109375,157790000,0.0,0.0,0.0,-0.001426241736241174
2023-03-14 00:00:00-04:00,373.38980130348455,376.21055539266825,370.0909552792131,374.56591796875,149752400,0.0,0.0,0.0,0.016394837297827536
2023-03-15 00:00:00-04:00,368.98181836154816,372.4240570496017,366.89731528704147,372.2232666015625,172996900,0.0,0.0,0.0,-0.00627395013200438
2023-03-16 00:00:00-04:00,369.8710106095369,379.09817809644744,369.3642343818118,378.7539367675781,143254200,0.0,0.0,0.0,0.017392897601178348
2023-03-17 00:00:00-04:00,377.42565051475987,378.5582467760813,372.943216125859,374.32537841796875,140553400,1.506,0.0,0.0,-0.01176133591784101
2023-03-20 00:00:00-04:00,375.10286177523193,378.33752477252494,374.4022021758944,377.9247741699219,93055800,0.0,0.0,0.0,0.009569750724425674
2023-03-21 00:00:00-04:00,381.28408976671983,383.3669404738883,379.6907633119906,382.88702392578125,91524200,0.0,0.0,0.0,0.013044803289413487
2023-03-22 00:00:00-04:00,382.71428861761933,386.3232414014182,376.3217962204962,376.36016845703125,111746600,0.0,0.0,0.0,-0.017193389237440293
2023-03-23 00:00:00-04:00,379.22048781510506,383.25179889041164,374.6708879123496,377.37762451171875,119351300,0.0,0.0,0.0,0.0026997629206730878
2023-03-24 00:00:00-04:00,376.1010222149094,379.9403548581303,373.75902695920195,379.8539733886719,107682400,0.0,0.0,0.0,0.006540555655002223
2023-03-27 00:00:00-04:00,382.1288028794633,382.8966870426311,379.6716321408978,380.56427001953125,74010400,0.0,0.0,0.0,0.0018681741097061888
2023-03-28 00:00:00-04:00,379.87314668350865,380.564227707631,377.8767066648121,379.7099914550781,62871700,0.0,0.0,0.0,-0.0022472914506606045
2023-03-29 00:00:00-04:00,383.8660888939379,385.4690232440617,382.6662973806607,385.22906494140625,77497900,0.0,0.0,0.0,0.014430350266129821
2023-03-30 00:00:00-04:00,387.8590304445402,388.10859647318574,385.62263176835995,387.4847106933594,69840000,0.0,0.0,0.0,0.005838260504995141
2023-03-31 00:00:00-04:00,388.4060846284512,393.2436518891425,388.3004877505952,392.94610595703125,112062600,0.0,0.0,0.0,0.013996075756234738
2023-04-03 00:00:00-04:00,392.42779542260035,394.84656445369103,392.03426030988214,394.4434509277344,67391100,0.0,0.0,0.0,0.0038033188592958567
2023-04-04 00:00:00-04:00,395.08655642138893,395.37452397054454,390.88248211307797,392.25506591796875,66601500,0.0,0.0,0.0,-0.0055634798020660625
2023-04-05 00:00:00-04:00,391.5255732993779,392.28384974684195,389.57711302940226,391.22802734375,65200200,0.0,0.0,0.0,-0.002621726419692827
2023-04-06 00:00:00-04:00,390.4313714897771,393.0325407601975,389.3851567329968,392.7541809082031,63743300,0.0,0.0,0.0,0.0038933421605484853
2023-04-10 00:00:00-04:00,390.2777272293107,393.23402961478297,389.66344926995697,393.1572265625,63681000,0.0,0.0,0.0,0.0010256771585179791
2023-04-11 00:00:00-04:00,393.78116601430696,394.6641961280183,392.4949930804865,393.2628479003906,59297900,0.0,0.0,0.0,0.00026861302745384563
2023-04-12 00:00:00-04:00,395.3264818376402,395.61444936283374,391.0744279375137,391.659912109375,86420400,0.0,0.0,0.0,-0.004084320396823493
2023-04-13 00:00:00-04:00,392.7445207254535,397.2173467130726,391.6023169352439,396.8622131347656,85814800,0.0,0.0,0.0,0.013195258171635693
2023-04-14 00:00:00-04:00,396.22870868146754,398.41712702758065,393.5891675964206,395.89276123046875,78161500,0.0,0.0,0.0,-0.0024457806482569566
2023-04-17 00:00:00-04:00,395.8064701519047,397.3326016491202,394.5778846470639,397.31341552734375,66436400,0.0,0.0,0.0,0.0035820593877220475
2023-04-18 00:00:00-04:00,398.8874765900454,399.0218673008723,396.1999552913603,397.572509765625,63560000,0.0,0.0,0.0,0.0006519029692508838
2023-04-19 00:00:00-04:00,395.6624479202901,398.4075568472331,395.60486027089866,397.5053405761719,55227300,0.0,0.0,0.0,-0.00016896254771570085
2023-04-20 00:00:00-04:00,394.6929889766768,397.0829934844094,393.7907434550367,395.3360900878906,75840400,0.0,0.0,0.0,-0.005472105309767272
2023-04-21 00:00:00-04:00,395.6337333570347,396.1040423518819,393.69488042492657,395.6433410644531,73457400,0.0,0.0,0.0,0.0007768874383202728
2023-04-24 00:00:00-04:00,395.4416314735753,396.4782676301581,394.10747868962846,396.0559387207031,64332100,0.0,0.0,0.0,0.001042309129587693
2023-04-25 00:00:00-04:00,394.08826140218645,394.6449810037149,389.71142480850085,389.7690124511719,97766700,0.0,0.0,0.0,-0.016001172781137107
2023-04-26 00:00:00-04:00,390.3833550986097,391.4583635816679,387.56144318468967,388.1181335449219,80447000,0.0,0.0,0.0,-0.0042445267112771745
2023-04-27 00:00:00-04:00,390.65217716252755,396.1136313192731,390.40261111578326,395.8448791503906,92968400,0.0,0.0,0.0,0.019712654013620323
2023-04-28 00:00:00-04:00,394.9617272106124,399.2329963765921,394.904139565875,399.223388671875,89433100,0.0,0.0,0.0,0.008498716383218863
2023-05-01 00:00:00-04:00,398.7818194253997,400.84545452606756,398.5898411078488,398.8202209472656,62122300,0.0,0.0,0.0,-0.0010103902945877152
2023-05-02 00:00:00-04:00,398.11002828382885,398.1580375216088,391.4392047424731,394.337890625,103998500,0.0,0.0,0.0,-0.011302609087704418
2023-05-03 00:00:00-04:00,394.83694265774216,397.2461331896153,391.3911452329056,391.631103515625,91531800,0.0,0.0,0.0,-0.006887797943111451
2023-05-04 00:00:00-04:00,390.58489620304397,390.91123595861524,387.52302611509293,388.8572082519531,94901900,0.0,0.0,0.0,-0.007108131925151362
2023-05-05 00:00:00-04:00,392.4853583991723,397.10215328992234,392.2262140059175,396.0559387207031,87891800,0.0,0.0,0.0,0.018343258346130042
2023-05-08 00:00:00-04:00,396.3823627822816,396.64150723066325,394.76024214675766,396.1615905761719,50046800,0.0,0.0,0.0,0.00026672435836871955
2023-05-09 00:00:00-04:00,394.616142133201,395.5375736025284,394.19381327397207,394.4241638183594,49220100,0.0,0.0,0.0,-0.004395296892749201
2023-05-10 00:00:00-04:00,397.25577792419296,397.88927136463667,392.44700411687967,396.26715087890625,96142900,0.0,0.0,0.0,0.0046617190903210926
2023-05-11 00:00:00-04:00,395.4032868637811,395.8639880395315,393.5028066384593,395.5760498046875,70157100,0.0,0.0,0.0,-0.0017455507582839758
2023-05-12 00:00:00-04:00,396.8143117058912,397.02547621204064,392.6390308249023,395.05780029296875,70481500,0.0,0.0,0.0,-0.0013109724201125772
2023-05-15 00:00:00-04:00,395.66240845072787,396.8237983199805,393.75234992228525,396.4206848144531,54289400,0.0,0.0,0.0,0.003443898714020399
2023-05-16 00:00:00-04:00,395.31692397910456,396.2383850257728,393.7619987390595,393.7716064453125,57705500,0.0,0.0,0.0,-0.006704920619339028
2023-05-17 00:00:00-04:00,395.78721992832476,399.1562144912637,394.14591338269895,398.5515441894531,87287000,0.0,0.0,0.0,0.012065773238937538
2023-05-18 00:00:00-04:00,398.23477512417634,402.8131980774416,398.01403224251106,402.390869140625,97177200,0.0,0.0,0.0,0.00958709214047282
2023-05-19 00:00:00-04:00,403.29314851307697,403.8210450825171,400.5864117249465,401.8053894042969,103793300,0.0,0.0,0.0,-0.0014560620832231308
2023-05-22 00:00:00-04:00,401.8246282749285,403.5043365562108,400.5864351115969,401.9685974121094,60745400,0.0,0.0,0.0,0.0004061042351022337
2023-05-23 00:00:00-04:00,400.32725913165393,401.9013998007867,397.0638317760762,397.4573669433594,86383500,0.0,0.0,0.0,-0.011286294307846667
2023-05-24 00:00:00-04:00,395.85441436146004,396.2383417764392,393.4164298740769,394.57781982421875,89213700,0.0,0.0,0.0,-0.007271292625503634
2023-05-25 00:00:00-04:00,398.0812240048889,399.4442000783956,395.84482546980115,397.9948425292969,90961600,0.0,0.0,0.0,0.008622663987181589
2023-05-26 00:00:00-04:00,398.64745889564364,403.86895317673464,398.57068513788386,403.1490783691406,93830000,0.0,0.0,0.0,0.012867368322732275
2023-05-30 00:00:00-04:00,405.0784624260676,405.606359045202,401.92060254264607,403.3027648925781,72216000,0.0,0.0,0.0,0.0003811424738682234
2023-05-31 00:00:00-04:00,401.4790359496369,402.3812815149699,399.50178187032054,401.0663146972656,110811800,0.0,0.0,0.0,-0.005560770584172481
2023-06-01 00:00:00-04:00,401.29664281865877,405.93265339027886,400.04887142591303,404.8768310546875,88865000,0.0,0.0,0.0,0.009456113055990478
2023-06-02 00:00:00-04:00,407.44919955900986,411.5188830151562,406.92130300774403,410.7318420410156,91426200,0.0,0.0,0.0,0.014357649101763847
2023-06-05 00:00:00-04:00,411.07732872105703,412.3635015907827,409.2440439412278,409.9447326660156,65460200,0.0,0.0,0.0,-0.0019181968648904757
2023-06-06 00:00:00-04:00,409.53201283462573,411.36526832885664,408.87930404707026,410.8373718261719,64022200,0.0,0.0,0.0,0.002175094966609059
2023-06-07 00:00:00-04:00,411.2309384070294,412.3635345526036,408.9945106484148,409.4168395996094,85373300,0.0,0.0,0.0,-0.0034636424340899197
2023-06-08 00:00:00-04:00,409.48405866767195,412.34437231335727,408.71620378018724,411.89324951171875,61952800,0.0,0.0,0.0,0.00603040788043252
2023-06-09 00:00:00-04:00,412.6899118726264,414.63837227354514,411.6436971048215,412.63232421875,85742800,0.0,0.0,0.0,0.0017927276691445115
2023-06-12 00:00:00-04:00,413.61131547404943,416.45241340725585,412.8914406087862,416.3756103515625,76104300,0.0,0.0,0.0,0.009030822063867738
2023-06-13 00:00:00-04:00,417.8345546921649,419.76379931662035,417.1722675057486,419.1207275390625,95899700,0.0,0.0,0.0,0.00657124858875946
2023-06-14 00:00:00-04:00,419.45671780561304,421.4243641568749,416.1740753599218,419.619873046875,100612100,0.0,0.0,0.0,0.0011902263140468605
2023-06-15 00:00:00-04:00,418.8040012480244,426.0699454976172,418.7080413628314,424.8221740722656,110303100,0.0,0.0,0.0,0.012321430131831512
2023-06-16 00:00:00-04:00,426.8047878199797,427.3731894001626,422.90303570152577,423.3750915527344,114165800,1.638,0.0,0.0,-0.0034121400343360975
2023-06-20 00:00:00-04:00,421.4387558395076,422.32506614292663,419.1073181445954,421.1786193847656,76160400,0.0,0.0,0.0,-0.005201509606266086
2023-06-21 00:00:00-04:00,420.1958856547502,420.9954934589653,418.43284996744785,419.0205383300781,76982300,0.0,0.0,0.0,-0.0051370815616245125
2023-06-22 00:00:00-04:00,418.0667832912389,420.6390407754928,417.72958794220574,420.5330810546875,70637200,0.0,0.0,0.0,0.003603210863837525
2023-06-23 00:00:00-04:00,417.08416191308544,419.1362056994903,416.64100677536294,417.3539123535156,92074500,0.0,0.0,0.0,-0.007588574551442129
2023-06-26 00:00:00-04:00,416.7855767008928,418.7027308704278,415.4079234976651,415.6487731933594,72823600,0.0,0.0,0.0,-0.00409396409238294
2023-06-27 00:00:00-04:00,416.52534656947205,420.82209563920264,416.07254809930254,420.2055358886719,72813700,0.0,0.0,0.0,0.010903354302850055
2023-06-28 00:00:00-04:00,419.1265310456325,421.4290677123489,418.509971256602,420.4175109863281,75636000,0.0,0.0,0.0,0.0005043285523447238
2023-06-29 00:00:00-04:00,420.00325329466176,422.2383451446893,419.5986423394109,422.0745544433594,67882300,0.0,0.0,0.0,0.003933676438642841
2023-06-30 00:00:00-04:00,425.2827392627515,428.0380455282395,424.96480121636677,427.0553894042969,104964000,0.0,0.0,0.0,0.011731754661603588
2023-07-03 00:00:00-04:00,426.70853977944085,427.82605633249915,426.4291459408796,427.54669189453125,32793400,0.0,0.0,0.0,0.001149780828084701
2023-07-05 00:00:00-04:00,425.7354801650757,427.6430199831629,425.7258367708566,426.91082763671875,58418400,0.0,0.0,0.0,-0.0014883463733585955
2023-07-06 00:00:00-04:00,423.3366343156822,423.991738320798,421.06299828536083,423.5678405761719,80658300,0.0,0.0,0.0,-0.007861465319692229
2023-07-07 00:00:00-04:00,422.57550143257924,426.43873894163033,422.25756345371417,422.4984130859375,86134200,0.0,0.0,0.0,-0.002528000744967507
2023-07-10 00:00:00-04:00,422.1420000351028,423.7412452715391,421.57359837767063,423.5678405761719,62443500,0.0,0.0,0.0,0.002528000744967507
2023-07-11 00:00:00-04:00,424.32890870557475,426.7566624993896,423.3558667490492,426.26531982421875,64463800,0.0,0.0,0.0,0.006348277362922872
2023-07-12 00:00:00-04:00,430.0515811101132,431.10168221706397,428.6257403792626,429.6950988769531,91924500,0.0,0.0,0.0,0.008013915909260483
2023-07-13 00:00:00-04:00,431.50622355890425,433.89546265173254,431.07271183277675,433.10546875,72425200,0.0,0.0,0.0,0.007905390334608242
2023-07-14 00:00:00-04:00,433.9918445617416,434.83961069702235,432.07466121110787,432.83575439453125,69815800,0.0,0.0,0.0,-0.0006229391949057472
2023-07-17 00:00:00-04:00,432.6912500682276,435.3887545883977,432.64306249429234,434.3386535644531,52680200,0.0,0.0,0.0,0.003466201633372634
2023-07-18 00:00:00-04:00,434.0110663595222,438.2114701147798,433.5775252322227,437.5660095214844,80668200,0.0,0.0,0.0,0.007403035752056475
2023-07-19 00:00:00-04:00,438.35601441060516,439.724023983291,437.48893213427476,438.5390625,65891700,0.0,0.0,0.0,0.002221316619882785
2023-07-20 00:00:00-04:00,437.5467608684042,438.44271452207744,434.91667207150675,435.62957763671875,70591600,0.0,0.0,0.0,-0.006656600278340363
2023-07-21 00:00:00-04:00,437.3444259913096,437.5467608684042,435.61996364299455,435.62957763671875,71275600,0.0,0.0,0.0,0.0
2023-07-24 00:00:00-04:00,436.7760157789645,438.38490436691495,435.74517222742827,437.5756530761719,54023400,0.0,0.0,0.0,0.004457322501081329
2023-07-25 00:00:00-04:00,437.3059387900186,440.0227007047043,437.2577512159894,438.7702941894531,55191200,0.0,0.0,0.0,0.002726416107757146
2023-07-26 00:00:00-04:00,437.83576473919794,440.263518637083,436.7856637889011,438.83770751953125,71052900,0.0,0.0,0.0,0.00015362970729349001
2023-07-27 00:00:00-04:00,442.2192452897237,442.62388566589414,435.0226560753175,435.9282531738281,92194400,0.0,0.0,0.0,-0.006651985113221848
2023-07-28 00:00:00-04:00,439.1941327220315,441.0245840745933,435.92819754722996,440.1960754394531,80011800,0.0,0.0,0.0,0.009742580781992416
2023-07-31 00:00:00-04:00,440.66814456102355,441.39069349037516,439.35790721415856,441.03424072265625,62040400,0.0,0.0,0.0,0.0019022621455020428
2023-08-01 00:00:00-04:00,439.569820909262,440.5139620189602,438.81837125887813,439.77215576171875,55291500,0.0,0.0,0.0,-0.002865750815882251
2023-08-02 00:00:00-04:00,436.66043160748643,436.9205386548979,432.9031828085776,433.6546325683594,93933400,0.0,0.0,0.0,-0.014008325169748481
2023-08-03 00:00:00-04:00,431.64118850447414,434.2905350935038,430.99569839924794,432.4118957519531,64276100,0.0,0.0,0.0,-0.0028698434328093825
2023-08-04 00:00:00-04:00,434.2230076857938,436.32320952695244,429.9358722590493,430.45611572265625,100128900,0.0,0.0,0.0,-0.0045332156310529115
2023-08-07 00:00:00-04:00,432.28658168791264,434.36752621178806,431.59293351328745,434.21337890625,58357500,0.0,0.0,0.0,0.008690688997683438
2023-08-08 00:00:00-04:00,431.67964426037906,434.2037733620173,428.9724964679823,432.32513427734375,71361300,0.0,0.0,0.0,-0.004358138937520906
2023-08-09 00:00:00-04:00,432.5948520910791,432.7586427817327,428.67381291504086,429.4349060058594,78789600,0.0,0.0,0.0,-0.006707758478667003
2023-08-10 00:00:00-04:00,431.7856284811605,435.16716703483127,428.42337671620794,429.5890808105469,93005500,0.0,0.0,0.0,0.0003589534371775116
2023-08-11 00:00:00-04:00,427.720120293532,430.3502093181606,427.1228178060312,429.338623046875,68690900,0.0,0.0,0.0,-0.0005831870823245211
2023-08-14 00:00:00-04:00,428.4234541589641,431.7086181640625,428.11515948967104,431.7086181640625,47867400,0.0,0.0,0.0,0.005504926997786264
2023-08-15 00:00:00-04:00,429.9358890851779,430.2923712690211,426.1111954097984,426.67962646484375,75707500,0.0,0.0,0.0,-0.011717423368196478
2023-08-16 00:00:00-04:00,426.26534575201464,427.9223925566891,423.44259484772283,423.548583984375,80107200,0.0,0.0,0.0,-0.007365214646971374
2023-08-17 00:00:00-04:00,425.01294414487614,425.27305119137833,419.8009540161682,420.3211975097656,95711300,0.0,0.0,0.0,-0.007649052688063485
2023-08-18 00:00:00-04:00,417.5079955464786,421.5542809321435,417.1611862051528,420.5234375,98852000,0.0,0.0,0.0,0.0004810401011408061
2023-08-21 00:00:00-04:00,421.5350602162778,424.00135836533855,419.3867000805202,423.2595520019531,68719000,0.0,0.0,0.0,0.006485373907951342
2023-08-22 00:00:00-04:00,425.032225506542,425.032225506542,421.5543703601319,422.1131286621094,64994200,0.0,0.0,0.0,-0.002712233477240922
2023-08-23 00:00:00-04:00,423.1728380844883,427.43107286328376,423.0283341735705,426.8144836425781,68441000,0.0,0.0,0.0,0.01107609877622373
2023-08-24 00:00:00-04:00,428.41372832126285,428.9243284062607,420.8703007742917,420.89923095703125,88517300,0.0,0.0,0.0,-0.013956005648807057
2023-08-25 00:00:00-04:00,422.62369316256587,425.1477928046301,419.0783933508206,423.8664855957031,102325100,0.0,0.0,0.0,0.007025064544484039
2023-08-28 00:00:00-04:00,426.05336574379237,427.1709115909124,423.8664616174519,426.5543518066406,61595400,0.0,0.0,0.0,0.0063212824592246974
2023-08-29 00:00:00-04:00,426.4483889303442,432.999517120143,426.26534084235647,432.7201232910156,83081900,0.0,0.0,0.0,0.01435135684495581
2023-08-30 00:00:00-04:00,433.05734340842935,435.1382880533624,432.3540517986095,434.50244140625,69053900,0.0,0.0,0.0,0.004110411092180577
2023-08-31 00:00:00-04:00,435.1189223908011,436.2557255535454,433.68346804802377,433.86651611328125,66084600,0.0,0.0,0.0,-0.0014646433434615247
2023-09-01 00:00:00-04:00,436.5833209067049,437.06502016743536,433.2210400744053,434.67578125,58944100,0.0,0.0,0.0,0.001863502499224623
2023-09-05 00:00:00-04:00,434.23266409054196,434.55057269413254,432.72976461783867,432.79718017578125,55166200,0.0,0.0,0.0,-0.0043312105265247425
2023-09-06 00:00:00-04:00,431.9879890619317,432.09397821162366,427.56599237416026,429.8877868652344,70758500,0.0,0.0,0.0,-0.006744998352655962
2023-09-07 00:00:00-04:00,426.8915071469469,429.24220190465525,426.5446977895423,428.5678405761719,70355400,0.0,0.0,0.0,-0.0030751672819384623
2023-09-08 00:00:00-04:00,428.61604594030854,430.74514868706615,428.25959315019446,429.2133483886719,61659700,0.0,0.0,0.0,0.0015050643279561626
2023-09-11 00:00:00-04:00,431.8337369226589,432.344336954817,430.12853215124545,432.03607177734375,60180100,0.0,0.0,0.0,0.006554973343901871
2023-09-12 00:00:00-04:00,430.59105211482444,432.11320909412444,429.08815252492514,429.6661682128906,67565400,0.0,0.0,0.0,-0.00550053006653517
2023-09-13 00:00:00-04:00,429.8876594387545,431.32311372742333,428.7893710886088,430.16705322265625,60199300,0.0,0.0,0.0,0.001165074932991672
2023-09-14 00:00:00-04:00,432.63336626870154,434.56977723810513,431.33277242916336,433.8761291503906,83430800,0.0,0.0,0.0,0.008585447547865499
2023-09-15 00:00:00-04:00,432.2935859212208,432.62229333118586,428.21370176743056,428.64874267578125,111848900,1.583,0.0,0.0,-0.012121274755426903
2023-09-18 00:00:00-04:00,428.3393267614431,430.1955896700722,427.86560575276553,428.90008544921875,55752200,0.0,0.0,0.0,0.0005861888498737144
2023-09-19 00:00:00-04:00,427.9816479077142,428.57140936349316,425.33263382268484,428.0106506347656,66514600,0.0,0.0,0.0,-0.0020759108187364816
2023-09-20 00:00:00-04:00,429.2674693964477,429.68318495179983,423.8727265693422,424.0757751464844,82562600,0.0,0.0,0.0,-0.009235925700382452
2023-09-21 00:00:00-04:00,421.2333589486901,421.4943834516094,416.91177626347593,417.06646728515625,104095800,0.0,0.0,0.0,-0.016666551166331978
2023-09-22 00:00:00-04:00,418.091288955446,419.6864977783781,415.71294757869936,416.1286926269531,100829700,0.0,0.0,0.0,-0.0022510333696352802
2023-09-25 00:00:00-04:00,414.920205158679,417.9172517040119,414.485134786977,417.87860107421875,70874500,0.0,0.0,0.0,0.004196392593756926
2023-09-26 00:00:00-04:00,414.84285049792544,415.54862280920696,410.90798029741677,411.73944091796875,96168400,0.0,0.0,0.0,-0.014800237962131924
2023-09-27 00:00:00-04:00,412.90925504168933,413.4700137261174,408.2686420542666,411.9037780761719,104705800,0.0,0.0,0.0,0.000399049385933381
2023-09-28 00:00:00-04:00,411.35267675993066,415.96428646714304,410.7629154217767,414.2917175292969,92258300,0.0,0.0,0.0,0.005780583688167695
2023-09-29 00:00:00-04:00,417.33713532740484,417.5111516485618,411.76837701603733,413.2862548828125,115111300,0.0,0.0,0.0,-0.00242989343535438
2023-10-02 00:00:00-04:00,412.454856073705,414.3691244055631,410.36657139466814,413.1219482421875,83798600,0.0,0.0,0.0,-0.0003976403965229025
2023-10-03 00:00:00-04:00,410.94667474306095,413.1799731499237,406.2287013020404,407.5918884277344,103760600,0.0,0.0,0.0,-0.013476423234975776
2023-10-04 00:00:00-04:00,408.0559666596498,411.3043900178651,406.59609392791054,410.5599670410156,87453000,0.0,0.0,0.0,0.00725560081377985
2023-10-05 00:00:00-04:00,410.2699077129364,411.24638199806213,407.18585282564163,410.4052734375,70142700,0.0,0.0,0.0,-0.00037685786856478387
2023-10-06 00:00:00-04:00,407.9592344326086,416.8150963910029,406.63472757769614,415.27789306640625,113273300,0.0,0.0,0.0,0.01180277470020119
2023-10-09 00:00:00-04:00,413.3829806224,418.5070215863633,412.8319288458573,417.9366149902344,80374400,0.0,0.0,0.0,0.006381864266304937
2023-10-10 00:00:00-04:00,418.5650575162268,422.70294712015226,418.1686672417201,420.1119384765625,78607300,0.0,0.0,0.0,0.005191413702419823
2023-10-11 00:00:00-04:00,421.17540990507433,422.08417183466213,418.797068320578,421.83282470703125,62451700,0.0,0.0,0.0,0.004087889615028928
2023-10-12 00:00:00-04:00,422.44187816631086,422.8189135801861,416.91179922986146,419.2611083984375,81154200,0.0,0.0,0.0,-0.006115189330448523
2023-10-13 00:00:00-04:00,420.7596289275812,421.9584770278049,415.60661494268294,417.1728210449219,95143100,0.0,0.0,0.0,-0.00499332133474617
2023-10-16 00:00:00-04:00,419.4158131019472,422.6255856986061,419.1741138914331,421.5621032714844,75433200,0.0,0.0,0.0,0.01046653041166401
2023-10-17 00:00:00-04:00,418.43931518310666,423.59235858221746,418.09128250171426,421.542724609375,75324700,0.0,0.0,0.0,-4.596975719195484e-05
2023-10-18 00:00:00-04:00,419.7734596144878,420.7305789017386,414.842790566168,415.92559814453125,93559800,0.0,0.0,0.0,-0.0134147419023396
2023-10-19 00:00:00-04:00,416.64115074369084,418.449056290601,411.5944695651963,412.2712097167969,121323000,0.0,0.0,0.0,-0.008824984858925689
2023-10-20 00:00:00-04:00,411.83610400929126,412.37750784711915,407.0987761718527,407.20513916015625,123919900,0.0,0.0,0.0,-0.012364322908580583
2023-10-23 00:00:00-04:00,405.67757598059893,410.3568982821464,403.9276761980999,406.4993591308594,92035100,0.0,0.0,0.0,-0.0017347334512001211
2023-10-24 00:00:00-04:00,408.61667642933105,410.7146385432617,406.7700909338865,409.56414794921875,78564200,0.0,0.0,0.0,0.007511188040751016
2023-10-25 00:00:00-04:00,407.88192884542195,407.91093157015536,403.17360349885,403.6860046386719,94223200,0.0,0.0,0.0,-0.014456180942413965
2023-10-26 00:00:00-04:00,402.6225515026816,403.47330792914914,397.9335809780985,398.8520202636719,115156800,0.0,0.0,0.0,-0.012046887965105668
2023-10-27 00:00:00-04:00,400.43762562519,400.83401590980566,395.6229662582375,397.0441589355469,107367700,0.0,0.0,0.0,-0.004542965488900208
2023-10-30 00:00:00-04:00,399.82851071417565,402.84491222424634,398.53300645045545,401.7911071777344,86562700,0.0,0.0,0.0,0.011884813599209565
2023-10-31 00:00:00-04:00,402.361504611754,404.63348310254605,400.45691364342605,404.314453125,79665200,0.0,0.0,0.0,0.006260604847403428
2023-11-01 00:00:00-04:00,405.28129461149234,409.4385097088223,404.74953858461424,408.62640380859375,98068100,0.0,0.0,0.0,0.010608375959465732
2023-11-02 00:00:00-04:00,412.41619465013827,416.61211901779166,412.39686933434086,416.4574279785156,94938900,0.0,0.0,0.0,0.018982942162478977
2023-11-03 00:00:00-04:00,418.7584345746445,421.80383898984763,418.63274625361095,420.2569580078125,100167800,0.0,0.0,0.0,0.00908208633601415
2023-11-06 00:00:00-05:00,421.01096687249964,421.6683815579989,419.2803924905788,421.2236633300781,67831700,0.0,0.0,0.0,0.002297630445741383
2023-11-07 00:00:00-05:00,421.223666855701,423.0605747296388,420.08285380291056,422.4224853515625,64256100,0.0,0.0,0.0,0.002842003914232727
2023-11-08 00:00:00-05:00,423.0219913930459,423.5440700044392,420.43098266202935,422.7319641113281,61746000,0.0,0.0,0.0,0.0007323602775670679
2023-11-09 00:00:00-05:00,423.8727442351021,423.91142437106953,419.00975716373983,419.4351501464844,83174400,0.0,0.0,0.0,-0.00782939810897787
2023-11-10 00:00:00-05:00,421.50413223667414,426.28975929301595,419.4254952530958,425.9803771972656,89462200,0.0,0.0,0.0,0.015484356780987696
2023-11-13 00:00:00-05:00,424.64619358239656,426.6764433760795,423.86309048956497,425.5743103027344,52236100,0.0,0.0,0.0,-0.0009537072163903204
2023-11-14 00:00:00-05:00,431.50076562505876,435.1165763059157,431.2783917339626,433.83074951171875,97176900,0.0,0.0,0.0,0.0192149048807444
2023-11-15 00:00:00-05:00,435.16489156652574,436.39274237985995,433.8983901244557,434.7491760253906,77327600,0.0,0.0,0.0,0.0021147779932695343
2023-11-16 00:00:00-05:00,434.3045010394223,435.60000533429076,433.2410185572766,435.2809753417969,66665800,0.0,0.0,0.0,0.0012224849490563017
2023-11-17 00:00:00-05:00,435.29057073108856,436.43141334936854,434.3721314970017,435.82232666015625,83133200,0.0,0.0,0.0,0.0012429097371260411
2023-11-20 00:00:00-05:00,435.57099160312566,440.0182630951851,435.5613141930735,439.1771545410156,69936200,0.0,0.0,0.0,0.007668220135037984
2023-11-21 00:00:00-05:00,438.13293202095787,439.05140070988807,436.9534388382608,438.2199401855469,49244600,0.0,0.0,0.0,-0.0021819418846638072
2023-11-22 00:00:00-05:00,439.8732756356209,441.2267854299995,438.8194705277012,439.91192626953125,59394900,0.0,0.0,0.0,0.003853608421453103
2023-11-24 00:00:00-05:00,439.9602422808771,440.3759578384197,439.6315348978691,440.1825866699219,29737400,0.0,0.0,0.0,0.000615071233700526
2023-11-27 00:00:00-05:00,439.55413995178077,440.3662456876674,439.00305871890555,439.3898010253906,50506000,0.0,0.0,0.0,-0.00180266199873369
2023-11-28 00:00:00-05:00,439.00310690168646,441.1203943936042,438.4423777026132,439.82489013671875,62115000,0.0,0.0,0.0,0.000989722194630005
2023-11-29 00:00:00-05:00,441.97120588419773,443.1023712619962,439.1191726740231,439.5155334472656,63146000,0.0,0.0,0.0,-0.0007036107835345362
2023-11-30 00:00:00-05:00,440.35662667945024,441.59412543023933,438.28766732031204,441.2460632324219,79752700,0.0,0.0,0.0,0.003929626401917297
2023-12-01 00:00:00-05:00,440.6369952391435,444.3881717849613,440.0472633152973,443.8564453125,89183400,0.0,0.0,0.0,0.00589850242952128
2023-12-04 00:00:00-05:00,440.47265370720123,443.8757680204174,439.25448022667734,441.5264587402344,72430900,0.0,0.0,0.0,-0.0052632413395734545
2023-12-05 00:00:00-05:00,440.14388801429857,442.3965114095888,439.7668231281598,441.43939208984375,69793500,0.0,0.0,0.0,-0.00019721408385375838
2023-12-06 00:00:00-05:00,443.57603770145914,443.60504042530386,439.2254520989698,439.6605224609375,69124700,0.0,0.0,0.0,-0.004037844100190924
2023-12-07 00:00:00-05:00,441.7391409339485,443.66305717468333,441.13973162302386,443.01531982421875,66995400,0.0,0.0,0.0,0.007601462182430296
2023-12-08 00:00:00-05:00,442.27087844484373,445.451648340426,442.02917923250493,444.919921875,83194400,0.0,0.0,0.0,0.004289963687276632
2023-12-11 00:00:00-05:00,444.42689151598506,446.8245585692723,444.214195007191,446.6505126953125,65002200,0.0,0.0,0.0,0.003882122884898642
2023-12-12 00:00:00-05:00,446.30240990232363,448.78708475043413,445.30661038207074,448.6903991699219,68327600,0.0,0.0,0.0,0.004556677746189841
2023-12-13 00:00:00-05:00,449.06747102737427,455.12930631637573,448.70976090431213,454.8779296875,93278000,0.0,0.0,0.0,0.013695980793079876
2023-12-14 00:00:00-05:00,456.8115200961749,458.00069086527446,453.66943027540754,456.3377990722656,119026000,0.0,0.0,0.0,0.0032042261513645087
2023-12-15 00:00:00-05:00,455.74168294193043,456.9162712434612,453.7420093093976,455.58636474609375,141553700,1.906,0.0,0.0,-0.0016480197061516932
2023-12-18 00:00:00-05:00,457.1881393985243,459.12957270241793,456.13006180277284,458.1491394042969,70375300,0.0,0.0,0.0,0.00560945999491036
2023-12-19 00:00:00-05:00,458.69270565753243,461.012732509764,458.61506136543755,460.93505859375,55761800,0.0,0.0,0.0,0.0060623993493029715
2023-12-20 00:00:00-05:00,460.0808267995912,461.96401935450547,454.12064234016117,454.5477600097656,102921000,0.0,0.0,0.0,-0.013954171717553976
2023-12-21 00:00:00-05:00,457.52788134560456,459.1295875723286,455.1108062836296,458.8577880859375,86667500,0.0,0.0,0.0,0.00943734154873166
2023-12-22 00:00:00-05:00,459.98371888478914,461.4592269639175,457.88699725724837,459.7798767089844,67160400,0.0,0.0,0.0,0.0020075138829183103
2023-12-26 00:00:00-05:00,460.18759438735214,462.62407274345054,460.1099204752376,461.7213134765625,55387000,0.0,0.0,0.0,0.004213645431478064
2023-12-27 00:00:00-05:00,461.5175089754055,462.7017844285322,460.98362668768385,462.5561828613281,68000300,0.0,0.0,0.0,0.0018065345421218737
2023-12-28 00:00:00-05:00,462.91536504878167,463.5657286208665,462.3135254600746,462.7309265136719,77158100,0.0,0.0,0.0,0.000377706881789841
2023-12-29 00:00:00-05:00,462.53673484415077,463.060930093317,459.44014657654174,461.39129638671875,122283100,0.0,0.0,0.0,-0.002899250839615064
2024-01-02 00:00:00-05:00,458.3335624378489,459.7993540123723,456.7124526493962,458.8092041015625,123623700,0.0,0.0,0.0,-0.005612035769785528
2024-01-03 00:00:00-05:00,456.6542463475319,457.39200051317124,454.4604467676884,455.0622863769531,103585900,0.0,0.0,0.0,-0.008200143586027053
2024-01-04 00:00:00-05:00,454.5865557790852,457.1686653982138,453.3731600721968,453.596435546875,84232200,0.0,0.0,0.0,-0.0032264084772437585
2024-01-05 00:00:00-05:00,453.8003122508208,456.66393818647634,452.7713549830218,454.2177429199219,86118900,0.0,0.0,0.0,0.0013687987801720425
2024-01-08 00:00:00-05:00,454.71275316529835,460.8476889622242,454.5865552720958,460.70208740234375,74879100,0.0,0.0,0.0,0.01417490984685621
2024-01-09 00:00:00-05:00,458.05205442710235,461.02244496424106,457.54729244084217,460.0032043457031,65931400,0.0,0.0,0.0,-0.0015181474400867145
2024-01-10 00:00:00-05:00,460.2749615048287,463.4686272393253,459.9934454114867,462.60467529296875,67310600,0.0,0.0,0.0,0.005639400874821732
2024-01-11 00:00:00-05:00,463.6045274671268,464.1190060691037,458.43062113494074,462.4008483886719,77940700,0.0,0.0,0.0,-0.00044070419554742557
2024-01-12 00:00:00-05:00,463.847256832393,464.5850109920546,461.31370050606375,462.7212219238281,58026400,0.0,0.0,0.0,0.0006926081611151602
2024-01-16 00:00:00-05:00,461.3428140279713,462.6532578332319,459.2072255045687,461.0224609375,85014900,0.0,0.0,0.0,-0.003677996251269633
2024-01-17 00:00:00-05:00,458.0035703058881,458.94516670999695,456.1106608508071,458.4598083496094,68843900,0.0,0.0,0.0,-0.005574135160253846
2024-01-18 00:00:00-05:00,460.12935459709723,463.09002818161,458.58591886010277,462.5367126464844,91856200,0.0,0.0,0.0,0.008853303640594667
2024-01-19 00:00:00-05:00,463.66277131466796,468.5843115147551,462.5852901238366,468.30279541015625,110834500,0.0,0.0,0.0,0.012389152946588489
2024-01-22 00:00:00-05:00,469.83653714242234,471.0110958989677,468.6425450951434,469.2929382324219,75844900,0.0,0.0,0.0,0.002112089794816363
2024-01-23 00:00:00-05:00,469.8365966379768,470.9043613024555,468.74939868030367,470.66168212890625,49945300,0.0,0.0,0.0,0.002912363712657573
2024-01-24 00:00:00-05:00,473.52526505734005,474.45714470411593,470.6810725123754,471.1761474609375,81765000,0.0,0.0,0.0,0.001092471266360029
2024-01-25 00:00:00-05:00,473.30199623812143,474.0106300348732,471.1761540957068,473.73883056640625,72525000,0.0,0.0,0.0,0.0054241692601904035
2024-01-26 00:00:00-05:00,473.3117152908374,474.79691054106985,472.29247468488353,473.1369934082031,76641600,0.0,0.0,0.0,-0.0012712062638220445
2024-01-29 00:00:00-05:00,473.4476261562877,477.0295728420406,472.9040272208165,476.8839416503906,61322800,0.0,0.0,0.0,0.007888179160842057
2024-01-30 00:00:00-05:00,476.1947226231299,477.2236798269538,475.7578883130134,476.51507568359375,58618400,0.0,0.0,0.0,-0.0007737914105119259
2024-01-31 00:00:00-05:00,474.31155855924624,474.75807991768903,468.7202212489611,468.7396545410156,126011100,0.0,0.0,0.0,-0.016451854235812746
2024-02-01 00:00:00-05:00,470.43842101293257,474.90372358641025,469.6327095934461,474.8746032714844,91891600,0.0,0.0,0.0,0.013003269341093748
2024-02-02 00:00:00-05:00,475.31139921660196,481.5239798187347,474.971642466127,479.873779296875,99228200,0.0,0.0,0.0,0.010472333454108806
2024-02-05 00:00:00-05:00,479.24278207992484,479.9028622372628,475.8743943997294,478.1264343261719,75757100,0.0,0.0,0.0,-0.0036479050495934473
2024-02-06 00:00:00-05:00,479.0680669349689,479.84465802363434,477.6411122849623,479.5146179199219,55918600,0.0,0.0,0.0,0.0028991751404685573
2024-02-07 00:00:00-05:00,481.75695184930976,483.93134756331705,480.8541628931194,483.5139465332031,70556500,0.0,0.0,0.0,0.008305779812443959
2024-02-08 00:00:00-05:00,483.5140107138251,484.10613370157176,482.69861221283804,483.7275695800781,52343600,0.0,0.0,0.0,0.0004417160487628635
2024-02-09 00:00:00-05:00,484.2322866772762,486.9599980744067,483.8925299274153,486.523193359375,63979400,0.0,0.0,0.0,0.005762698928283072
2024-02-12 00:00:00-05:00,486.49406987855394,488.75582660767503,485.59128089218916,486.30963134765625,56502300,0.0,0.0,0.0,-0.00043905182828041234
2024-02-13 00:00:00-05:00,480.04846760997253,482.5334996770295,476.35003982173856,479.61163330078125,113099200,0.0,0.0,0.0,-0.013868843459832192
2024-02-14 00:00:00-05:00,482.2423099561509,484.4555426281319,479.9222830533005,483.9701843261719,68387800,0.0,0.0,0.0,0.009046623071212956
2024-02-15 00:00:00-05:00,484.66906756169146,487.4938562363656,484.19339631478,487.3094177246094,61683000,0.0,0.0,0.0,0.0068759738136829895
2024-02-16 00:00:00-05:00,487.00856229426716,488.1442842020213,484.144936285217,484.8826904296875,75532900,0.0,0.0,0.0,-0.004992289722713927
2024-02-20 00:00:00-05:00,483.1450448811934,483.814841673976,479.9708124113375,482.2131652832031,71736700,0.0,0.0,0.0,-0.005520718367128197
2024-02-21 00:00:00-05:00,480.9124629140013,482.8053426352379,479.1069145137689,482.6500244140625,59293400,0.0,0.0,0.0,0.0009055359669147833
2024-02-22 00:00:00-05:00,489.25088043870596,493.5996718242251,488.2898508655614,492.638671875,76402500,0.0,0.0,0.0,0.02048418436041466
2024-02-23 00:00:00-05:00,494.3568250348437,495.1916567031526,492.25038663284334,492.9784240722656,61321800,0.0,0.0,0.0,0.000689420287288911
2024-02-26 00:00:00-05:00,493.4152350521733,493.8520693709636,491.0466841824756,491.1728820800781,50386700,0.0,0.0,0.0,-0.0036692407084490952
2024-02-27 00:00:00-05:00,491.86211180789684,492.30863314805396,489.9692025931845,492.0853576660156,48854500,0.0,0.0,0.0,0.0018560248182950545
2024-02-28 00:00:00-05:00,490.53217814092545,492.0173732682764,490.17301775947533,491.4349670410156,56506600,0.0,0.0,0.0,-0.0013225770804474735
2024-02-29 00:00:00-05:00,493.1920036518268,494.8130838290683,490.5516532421677,493.2016906738281,83924800,0.0,0.0,0.0,0.0035885836972422425
2024-03-01 00:00:00-05:00,494.0753617325155,498.25911842016706,493.6676477127876,497.8320007324219,76844800,0.0,0.0,0.0,0.009344472930841619
2024-03-04 00:00:00-05:00,497.03610351614157,499.14254217920546,497.0069535759895,497.29815673828125,49799300,0.0,0.0,0.0,-0.0010729130080999738
2024-03-05 00:00:00-05:00,495.2984545471132,495.745005535815,490.1245478315941,492.32806396484375,72855600,0.0,0.0,0.0,-0.010044468216387159
2024-03-06 00:00:00-05:00,495.5993458504527,497.0748540345267,493.53174438668293,494.8227844238281,68382400,0.0,0.0,0.0,0.005054396243673764
2024-03-07 00:00:00-05:00,498.1135389799133,500.7830096761973,494.8810360564722,499.734619140625,58652100,0.0,0.0,0.0,0.009877508597217144
2024-03-08 00:00:00-05:00,500.36560770630734,503.04473579557066,496.1623881738849,496.735107421875,86532500,0.0,0.0,0.0,-0.006020294843485985
2024-03-11 00:00:00-04:00,495.53145243574386,496.8904498381802,493.6094227797772,496.3080139160156,62557200,0.0,0.0,0.0,-0.0008601711708502435
2024-03-12 00:00:00-04:00,498.41443934118087,502.2293483869414,495.9002573325016,501.6469421386719,73114400,0.0,0.0,0.0,0.010699839960646607
2024-03-13 00:00:00-04:00,501.9671962175004,502.1419180781509,499.4239237216424,500.8605651855469,55104100,0.0,0.0,0.0,-0.001568820400177806
2024-03-14 00:00:00-04:00,501.8312904786425,501.98663830049765,496.8321359535948,499.8704833984375,110171800,0.0,0.0,0.0,-0.00197871768154112
2024-03-15 00:00:00-04:00,496.8082251389179,498.2591072807726,494.7731270644701,496.4382019042969,107646300,1.595,0.0,0.0,-0.006890023389313882
2024-03-18 00:00:00-04:00,500.4985887866016,501.93969410963876,498.97956820958467,499.3885192871094,88893300,0.0,0.0,0.0,0.005925380293966498
2024-03-19 00:00:00-04:00,498.69724067048253,502.4460879024091,497.6942674328087,502.1637268066406,60755300,0.0,0.0,0.0,0.005541826965087537
2024-03-20 00:00:00-04:00,502.2220766323413,506.94465591796825,501.5501987684062,506.8083190917969,69594600,0.0,0.0,0.0,0.009206647718752237
2024-03-21 00:00:00-04:00,509.6419901809582,510.34304922248214,508.20082532016534,508.4832458496094,60256100,0.0,0.0,0.0,0.003299403511454635
2024-03-22 00:00:00-04:00,508.3954886770838,508.8823549532907,507.2854193036717,507.5191650390625,79070800,0.0,0.0,0.0,-0.0018977929374361935
2024-03-25 00:00:00-04:00,506.1463075448143,507.26612405969263,505.9612959318849,506.11712646484375,48512100,0.0,0.0,0.0,-0.002766356098510059
2024-03-26 00:00:00-04:00,507.5386367689601,507.87947884663447,504.7830162330491,505.1822204589844,65463700,0.0,0.0,0.0,-0.0018489209451884037
2024-03-27 00:00:00-04:00,508.00612262936903,509.46672172053235,505.8444050698442,509.427734375,82999800,0.0,0.0,0.0,0.008368809460892024
2024-03-28 00:00:00-04:00,509.46668962011773,510.8298796934876,509.04799170553036,509.3303527832031,96294900,0.0,0.0,0.0,-0.00019117706808113866
2024-04-01 00:00:00-04:00,510.07045141241963,510.6059925472889,507.2855305336226,508.44427490234375,62477500,0.0,0.0,0.0,-0.0017412069049944634
2024-04-02 00:00:00-04:00,504.62721155274875,505.3477642225264,502.9134325371014,505.21148681640625,74230300,0.0,0.0,0.0,-0.0063784948866674185
2024-04-03 00:00:00-04:00,504.1208992573895,507.266096506351,504.07222450545925,505.7665100097656,59155800,0.0,0.0,0.0,0.0010979927374537013
2024-04-04 00:00:00-04:00,509.76853565111946,510.1093183056524,499.2911628340767,499.593017578125,96858100,0.0,0.0,0.0,-0.012281317992400176
2024-04-05 00:00:00-04:00,500.94653513579135,506.7694375345306,500.5083435441168,504.8122253417969,74546500,0.0,0.0,0.0,0.010392726993540435
2024-04-08 00:00:00-04:00,505.5133007732254,506.516214442084,504.2863881936749,505.09454345703125,48401800,0.0,0.0,0.0,0.0005590973965334811
2024-04-09 00:00:00-04:00,506.8278303713481,507.0712635271461,500.8393509659492,505.6788330078125,68049200,0.0,0.0,0.0,0.0011561238739901114
2024-04-10 00:00:00-04:00,499.9922448100833,502.6018412987628,498.6388015333815,500.6154479980469,82652800,0.0,0.0,0.0,-0.010063512906369532
2024-04-11 00:00:00-04:00,502.1344876196163,505.8346601112469,498.6290735605831,504.3935546875,70099000,0.0,0.0,0.0,0.007518588345199362
2024-04-12 00:00:00-04:00,500.85886371567153,502.2707879594682,495.70780962230026,497.43133544921875,92561100,0.0,0.0,0.0,-0.013899297956509571
2024-04-15 00:00:00-04:00,501.59888962975333,501.7644075343254,490.3522600316743,491.1994323730469,92101400,0.0,0.0,0.0,-0.012607306635637805
2024-04-16 00:00:00-04:00,491.6766166443132,493.19563735543574,489.0183155418661,490.30364990234375,73484000,0.0,0.0,0.0,-0.0018253283878477689
2024-04-17 00:00:00-04:00,492.7574157801548,492.9229634124424,486.00945537176443,487.4018859863281,75910300,0.0,0.0,0.0,-0.0059358821848221055
2024-04-18 00:00:00-04:00,488.79439084700124,490.8879103775737,485.4642116695209,486.39898681640625,74548100,0.0,0.0,0.0,-0.0020597630429559644
2024-04-19 00:00:00-04:00,486.3210783246666,487.31427501412566,480.8876330360681,482.15350341796875,102212600,0.0,0.0,0.0,-0.00876671245358196
2024-04-22 00:00:00-04:00,484.75331996273405,489.18382142190774,482.4163675078979,486.59368896484375,67961000,0.0,0.0,0.0,0.009166925437466666
2024-04-23 00:00:00-04:00,488.5996095177476,492.79639521919916,486.4087108687592,492.3679504394531,64633600,0.0,0.0,0.0,0.011796843117986455
2024-04-24 00:00:00-04:00,493.2540334865075,494.0427545951939,489.914137461728,492.1342468261719,55928100,0.0,0.0,0.0,-0.00047476505043864137
2024-04-25 00:00:00-04:00,486.0678932982719,491.0241892900092,484.4222826199273,490.2646789550781,69122400,0.0,0.0,0.0,-0.0038061322727660496
2024-04-26 00:00:00-04:00,493.0495906841402,496.48686615025724,492.41667033113185,494.909423828125,64306100,0.0,0.0,0.0,0.009429357257033644
2024-04-29 00:00:00-04:00,496.69128964862307,497.33395677101214,493.9258924563797,496.6620788574219,46415400,0.0,0.0,0.0,0.003535109368902667
2024-04-30 00:00:00-04:00,495.20145909113546,496.1751917116098,488.7943115234375,488.7943115234375,77483600,0.0,0.0,0.0,-0.01596810287541839
2024-05-01 00:00:00-04:00,488.2101273744075,494.84124497607075,486.7397814235659,487.2071838378906,80242800,0.0,0.0,0.0,-0.0032523087148499386
2024-05-02 00:00:00-04:00,490.90730120185356,492.60161619088024,486.4281251448712,491.7641906738281,62550200,0.0,0.0,0.0,0.009309852910503125
2024-05-03 00:00:00-04:00,497.73318173027803,499.08665465274976,495.20147091341136,497.8597717285156,72756700,0.0,0.0,0.0,0.01231914014914004
2024-05-06 00:00:00-04:00,500.255195688938,503.0400570645358,499.8170040691018,503.0011291503906,47264700,0.0,0.0,0.0,0.010273960430724927
2024-05-07 00:00:00-04:00,503.96507290224616,504.9485523975052,502.8842439138016,503.5561218261719,52561300,0.0,0.0,0.0,0.001102754426507424
2024-05-08 00:00:00-04:00,501.72550045922026,504.14033844049237,501.6086572944442,503.60479736328125,42047200,0.0,0.0,0.0,9.665890766719087e-05
2024-05-09 00:00:00-04:00,503.78980752288453,506.54548758690595,503.13742328274043,506.5065002441406,43643700,0.0,0.0,0.0,0.005745328994023247
2024-05-10 00:00:00-04:00,508.1034888313709,508.91170366265516,505.9418306327187,507.15899658203125,52233200,0.0,0.0,0.0,0.0012873998968183642
2024-05-13 00:00:00-04:00,508.8337334335511,508.94082976185797,506.0878002167031,507.22705078125,36716400,0.0,0.0,0.0,0.00013417810605265146
2024-05-14 00:00:00-04:00,507.4217834719146,510.07036706182174,506.88624242560803,509.55426025390625,57535900,0.0,0.0,0.0,0.004577608795894861
2024-05-15 00:00:00-04:00,512.0178797101214,516.1562436643347,511.38492968552964,515.8641357421875,59504900,0.0,0.0,0.0,0.012307083930095608
2024-05-16 00:00:00-04:00,515.9614174721102,517.5583531460086,514.6565896819933,514.8026733398438,50244800,0.0,0.0,0.0,-0.002059759309742226
2024-05-17 00:00:00-04:00,514.9195214966393,515.6108930215729,513.4686694664939,515.542724609375,59187600,0.0,0.0,0.0,0.0014365112869265673
2024-05-20 00:00:00-04:00,515.6596602461204,517.5973789121299,515.2701433728218,516.1367797851562,37764200,0.0,0.0,0.0,0.0011516274945968519
2024-05-21 00:00:00-04:00,515.3772666864285,517.5584184029028,515.1727614260365,517.402587890625,33437000,0.0,0.0,0.0,0.002449464002916457
2024-05-22 00:00:00-04:00,516.7113097871478,517.4221156794935,513.7413773413039,515.912841796875,48390000,0.0,0.0,0.0,-0.00288343149268222
2024-05-23 00:00:00-04:00,518.9605372397859,519.0676335599267,510.9369308576571,512.1444091796875,57211200,0.0,0.0,0.0,-0.007331205517892236
2024-05-24 00:00:00-04:00,513.9847589456947,516.3412347653415,513.0402667962413,515.5330200195312,41291100,0.0,0.0,0.0,0.006594721309514995
2024-05-28 00:00:00-04:00,516.3413100648252,516.5749964273494,513.2642811397658,515.8933715820312,36269600,0.0,0.0,0.0,0.0006987441471268951
2024-05-29 00:00:00-04:00,511.871810616093,513.4589997088932,511.56995584928654,512.28076171875,45190300,0.0,0.0,0.0,-0.007027262431294368
2024-05-30 00:00:00-04:00,510.74230907986095,511.4044402025134,507.63609930287237,508.8824462890625,46377600,0.0,0.0,0.0,-0.00665579791433224
2024-05-31 00:00:00-04:00,509.8367164200918,513.6439850215788,504.7440541264526,513.5173950195312,90785800,0.0,0.0,0.0,0.009066864636823269
2024-06-03 00:00:00-04:00,515.1240809646227,515.4064420460951,508.87267437322015,513.9360961914062,46835700,0.0,0.0,0.0,0.0008150270520932423
2024-06-04 00:00:00-04:00,512.6313840068518,515.2507275789484,511.17078482758455,514.5106811523438,34632700,0.0,0.0,0.0,0.00111738406571682
2024-06-05 00:00:00-04:00,516.8281493311971,520.6451650598835,514.84169649016,520.6256713867188,47610400,0.0,0.0,0.0,0.011814987182765968
2024-06-06 00:00:00-04:00,520.927446289771,521.3558910101924,518.6878732006264,520.6158447265625,30808500,0.0,0.0,0.0,-1.8874891184239573e-05
2024-06-07 00:00:00-04:00,519.6421901069427,522.7873872843439,518.55161418802,519.9830322265625,43224500,0.0,0.0,0.0,-0.0012162468978642593
2024-06-10 00:00:00-04:00,519.1747009286601,521.9108869486413,518.5807383516342,521.5895385742188,35686100,0.0,0.0,0.0,0.0030847732872940625
2024-06-11 00:00:00-04:00,520.0414093421914,522.9041857425336,518.0744503489441,522.8457641601562,36383400,0.0,0.0,0.0,0.0024055605712183237
2024-06-12 00:00:00-04:00,527.4028194115604,529.8274041983666,526.1077383475028,527.139892578125,63251300,0.0,0.0,0.0,0.008179449559839291
2024-06-13 00:00:00-04:00,528.8829186945259,529.0581834417079,525.4164327979901,528.2012939453125,44760900,0.0,0.0,0.0,0.0020114854581949615
2024-06-14 00:00:00-04:00,526.6725890295746,528.551886156822,525.6696157422205,528.522705078125,40089900,0.0,0.0,0.0,0.0006083161601724285
2024-06-17 00:00:00-04:00,527.8409678567655,534.1215548157255,527.3832826445532,532.7290649414062,55839500,0.0,0.0,0.0,0.007927208245233963
2024-06-18 00:00:00-04:00,532.7874995764366,534.2091705580833,532.3688016931667,534.0825805664062,41376400,0.0,0.0,0.0,0.0025374982677801583
2024-06-20 00:00:00-04:00,535.0076850141029,535.669816103357,530.8595742964317,532.6317749023438,70328200,0.0,0.0,0.0,-0.0027201406846861786
2024-06-21 00:00:00-04:00,531.8101607226251,533.031253064821,530.4620700069489,531.9176025390625,64338600,1.759,0.0,0.0,-0.0013417366738570635
2024-06-24 00:00:00-04:00,531.7418545665156,534.3012597413704,530.0713785197397,530.1885986328125,45528700,0.0,0.0,0.0,-0.0032558051759181694
2024-06-25 00:00:00-04:00,531.4096852385123,532.5917242597523,529.8955424418219,532.2302856445312,37936200,0.0,0.0,0.0,0.0038434737094741322
2024-06-26 00:00:00-04:00,531.1167351250136,533.6077524053179,530.4720243887124,532.8946533203125,38550600,0.0,0.0,0.0,0.0012474926417294085
2024-06-27 00:00:00-04:00,532.7578670304722,534.311123211826,532.0154331135317,533.7347412109375,35041500,0.0,0.0,0.0,0.001575220162959745
2024-06-28 00:00:00-04:00,534.5063503169283,537.5542520433446,530.3937489459842,531.6343383789062,76144500,0.0,0.0,0.0,-0.003943057093807489
2024-07-01 00:00:00-04:00,533.0117265646933,533.2559450469041,529.9736629556671,532.7284545898438,40297800,0.0,0.0,0.0,0.002055909138398704
2024-07-02 00:00:00-04:00,531.1265210220305,536.313720703125,531.0776892361615,536.313720703125,40434800,0.0,0.0,0.0,0.006707461385348168
2024-07-03 00:00:00-04:00,536.0010708200014,539.068469909586,535.9620173191718,538.70703125,32789900,0.0,0.0,0.0,0.00445259218780425
2024-07-05 00:00:00-04:00,539.0097918869257,542.2139076372644,538.3747999305978,541.8134155273438,41488400,0.0,0.0,0.0,0.005749808520088884
2024-07-08 00:00:00-04:00,542.5948722312855,543.3861377502993,541.3737797869028,542.4385986328125,36110500,0.0,0.0,0.0,0.001153206388531558
2024-07-09 00:00:00-04:00,543.3959524424528,544.2946598471173,542.6730752067231,542.9661254882812,27289700,0.0,0.0,0.0,0.0009720372231329932
2024-07-10 00:00:00-04:00,544.1872136667199,548.6808102777995,543.894163387503,548.3389282226562,38701200,0.0,0.0,0.0,0.009846643936390898
2024-07-11 00:00:00-04:00,548.4561564855596,549.3255886798729,542.9759074999535,543.61083984375,53054200,0.0,0.0,0.0,-0.008659955000958952
2024-07-12 00:00:00-04:00,544.7343860301963,550.6346849623752,544.2655054755963,547.039794921875,53084400,0.0,0.0,0.0,0.006287928080106475
2024-07-15 00:00:00-04:00,549.0325654558818,551.7775792240066,546.6880438244344,548.5441284179688,40584300,0.0,0.0,0.0,0.0027461783793221173
2024-07-16 00:00:00-04:00,549.8529666577103,552.0899862587529,549.1007547307731,551.7969360351562,36475300,0.0,0.0,0.0,0.005912379711631388
2024-07-17 00:00:00-04:00,545.8772131422685,547.5476892504238,543.7378565645935,544.0602416992188,57119000,0.0,0.0,0.0,-0.014120129952404525
2024-07-18 00:00:00-04:00,545.5939606590898,546.5806130354061,537.7008012722223,539.8792114257812,56270400,0.0,0.0,0.0,-0.007714547149779705
2024-07-19 00:00:00-04:00,539.6447995873152,541.2664440605769,535.2390876445896,536.2941284179688,65509100,0.0,0.0,0.0,-0.006662674380151223
2024-07-22 00:00:00-04:00,540.211436930268,542.4289604616175,538.277245078338,541.8233032226562,43346700,0.0,0.0,0.0,0.010257181860285236
2024-07-23 00:00:00-04:00,541.7157018138391,543.8648365993427,540.484890622907,540.9733276367188,34439600,0.0,0.0,0.0,-0.0015699638072330657
2024-07-24 00:00:00-04:00,536.1671163330532,536.4699449259502,527.7952979520205,528.7135620117188,74515300,0.0,0.0,0.0,-0.02292316113286752
2024-07-25 00:00:00-04:00,528.8308137450439,534.7995603016705,525.0210402154329,525.9588012695312,61158300,0.0,0.0,0.0,-0.0052239294452922636
2024-07-26 00:00:00-04:00,529.7392825093052,534.5357078065754,528.9675138593225,531.8493041992188,53763800,0.0,0.0,0.0,0.011137301344200878
2024-07-29 00:00:00-04:00,533.3927359573876,534.3988851266782,530.169004207153,532.161865234375,39515800,0.0,0.0,0.0,0.0005875145921887537
2024-07-30 00:00:00-04:00,533.6271909452782,534.6822315404584,526.0661958644091,529.4656982421875,46853600,0.0,0.0,0.0,-0.005079319493173529
2024-07-31 00:00:00-04:00,536.2842643515584,540.6997538692295,534.9166765387299,538.0719604492188,65663400,0.0,0.0,0.0,0.01612392516838046
2024-08-01 00:00:00-04:00,539.7913062018092,542.0381046138815,526.9551667505608,530.452392578125,76428700,0.0,0.0,0.0,-0.014262093335322135
2024-08-02 00:00:00-04:00,523.3602388903765,524.5715530952934,516.3755660291246,520.576171875,82789100,0.0,0.0,0.0,-0.01879399235603696
2024-08-05 00:00:00-04:00,499.8078827767836,511.47176200774925,498.4695402072865,505.4151306152344,146267400,0.0,0.0,0.0,-0.029556088600677377
2024-08-06 00:00:00-04:00,507.2125052074326,517.4990173620844,505.89374911647377,510.0747985839844,84826300,0.0,0.0,0.0,0.009177246447340082
2024-08-07 00:00:00-04:00,516.2485672171777,519.2964689099484,506.06955696870784,506.6654357910156,70698300,0.0,0.0,0.0,-0.006706483045015865
2024-08-08 00:00:00-04:00,511.7941139882875,519.0034500456989,509.77203694963987,518.3782958984375,63276600,0.0,0.0,0.0,0.022854380872307622
2024-08-09 00:00:00-04:00,517.5576103421191,522.1489300560904,516.3365178449808,520.6640625,45619600,0.0,0.0,0.0,0.0043997634367700655
2024-08-12 00:00:00-04:00,521.8560083095788,523.340816607706,518.6713887529162,520.937744140625,42542100,0.0,0.0,0.0,0.0005255014827705295
2024-08-13 00:00:00-04:00,524.122235093717,529.739260585726,523.8780165940644,529.5047607421875,52333100,0.0,0.0,0.0,0.0163116144142883
2024-08-14 00:00:00-04:00,530.2961433616041,532.3573932676823,527.6292958362486,531.1753540039062,42446900,0.0,0.0,0.0,0.0031500442403018525
2024-08-15 00:00:00-04:00,536.7922766972661,540.5629961238054,536.1866195717042,540.2797241210938,60846800,0.0,0.0,0.0,0.016994812814473903
2024-08-16 00:00:00-04:00,538.6678476452682,542.1846298407453,538.5115740387317,541.4910278320312,44430700,0.0,0.0,0.0,0.002239484132851466
2024-08-19 00:00:00-04:00,541.901367537868,546.6685180664062,541.0514918139045,546.6685180664062,39121800,0.0,0.0,0.0,0.009516121648052156
2024-08-20 00:00:00-04:00,546.2191462607274,547.8700657821756,544.4412283435015,545.779541015625,33732300,0.0,0.0,0.0,-0.0016274956774617877
2024-08-21 00:00:00-04:00,546.8247712917706,549.1106230342316,541.9012882335657,547.6550903320312,41514600,0.0,0.0,0.0,0.0034305684163449257
2024-08-22 00:00:00-04:00,549.5502187339081,550.155875826028,542.1454973391976,543.3568115234375,56121500,0.0,0.0,0.0,-0.007879475998180396
2024-08-23 00:00:00-04:00,546.5904001832064,550.0680696349215,544.4021520897437,549.1302490234375,50639400,0.0,0.0,0.0,0.010569445544611256
2024-08-26 00:00:00-04:00,550.1559102385648,550.8690092024209,546.1214157161334,547.8211669921875,35788600,0.0,0.0,0.0,-0.0023867650537399143
2024-08-27 00:00:00-04:00,546.5512887213379,549.0618623501647,545.4083627021253,548.5734252929688,32693900,0.0,0.0,0.0,0.0013722402939952971
2024-08-28 00:00:00-04:00,548.2314695905903,548.661296528156,542.2041141850556,545.3887329101562,41066000,0.0,0.0,0.0,-0.0058223245759290165
2024-08-29 00:00:00-04:00,547.352316743397,550.644377643334,544.2946960843145,545.4376220703125,38715200,0.0,0.0,0.0,8.963692519170507e-05
2024-08-30 00:00:00-04:00,547.8017316610252,551.1524028130747,544.2556737558524,550.6444091796875,62700100,0.0,0.0,0.0,0.009500796704648984
2024-09-03 00:00:00-04:00,547.508549729637,547.8407131286382,536.8020487007664,539.3126220703125,60600100,0.0,0.0,0.0,-0.020793838817915855
2024-09-04 00:00:00-04:00,537.4761456891545,541.6083040829072,536.7532683896355,538.2088012695312,47224900,0.0,0.0,0.0,-0.002048815295904838
2024-09-05 00:00:00-04:00,538.1502077884983,540.9928852935313,534.4478166491117,536.8997802734375,44264300,0.0,0.0,0.0,-0.0024351431389026956
2024-09-06 00:00:00-04:00,537.2220554393132,538.8436399407501,526.964879098129,527.8635864257812,68493800,0.0,0.0,0.0,-0.016973556894264163
2024-09-09 00:00:00-04:00,532.054494369654,535.0437266855093,530.1300214174476,533.7737426757812,40445800,0.0,0.0,0.0,0.01113415503470172
2024-09-10 00:00:00-04:00,535.6786451567546,536.4504138231891,530.8138314182086,536.0986938476562,36394600,0.0,0.0,0.0,0.00434622811525287
2024-09-11 00:00:00-04:00,536.0108196239122,542.5167747623394,527.4729497044474,541.5985107421875,75248600,0.0,0.0,0.0,0.010206697423129185
2024-09-12 00:00:00-04:00,542.1748597619055,546.4633510224045,539.9573366553728,546.1605224609375,51819600,0.0,0.0,0.0,0.00838795786058899
2024-09-13 00:00:00-04:00,546.7660805022687,550.0093088180744,546.5120837631322,549.0128784179688,39310500,0.0,0.0,0.0,0.005208969473217806
2024-09-16 00:00:00-04:00,548.7491943236346,550.0875069413107,546.9517795427174,549.8237915039062,36656100,0.0,0.0,0.0,0.0014759486197428728
2024-09-17 00:00:00-04:00,552.0314851715059,553.477299266029,547.8211605278194,550.0484619140625,49321000,0.0,0.0,0.0,0.0004085391054875487
2024-09-18 00:00:00-04:00,550.702966140304,555.5385046014119,547.8602888957543,548.4171142578125,59044900,0.0,0.0,0.0,-0.00297023209645797
2024-09-19 00:00:00-04:00,557.8048475354702,559.6315971955383,554.9426137920285,557.7755126953125,75315500,0.0,0.0,0.0,0.01692041961709556
2024-09-20 00:00:00-04:00,556.4095588022268,557.8499393877719,553.7932621282835,556.811279296875,77503100,1.746,0.0,0.0,-0.0017302082635666238
2024-09-23 00:00:00-04:00,557.8794446150124,558.8495067502496,556.6643550711399,558.2027587890625,44116900,0.0,0.0,0.0,0.0024958972120714407
2024-09-24 00:00:00-04:00,558.9963649353333,559.8586555458002,556.174333811357,559.7998657226562,46805700,0.0,0.0,0.0,0.0028570738296895826
2024-09-25 00:00:00-04:00,559.6431398003925,560.3780425284191,557.4579883539482,558.5652465820312,38428600,0.0,0.0,0.0,-0.002207900852033262
2024-09-26 00:00:00-04:00,562.8179934718497,563.1413674659622,558.428192996937,560.7798461914062,48336000,0.0,0.0,0.0,0.003956961107473234
2024-09-27 00:00:00-04:00,561.847824630314,562.6610738881527,558.9375788488986,559.9664306640625,42100900,0.0,0.0,0.0,-0.0014515607804650443
2024-09-30 00:00:00-04:00,558.9376557740085,562.8179640810873,556.6447925339722,562.21044921875,63557400,0.0,0.0,0.0,0.003999407911630115
2024-10-01 00:00:00-04:00,561.8576982708267,562.5043864049716,554.6066335561335,557.1738891601562,72668800,0.0,0.0,0.0,-0.008998864597382195
2024-10-02 00:00:00-04:00,556.2821816369686,558.4280999557304,553.8912957466886,557.4089965820312,38097800,0.0,0.0,0.0,0.0004218751756726036
2024-10-03 00:00:00-04:00,555.9393137222664,558.3302001396713,554.106960667849,556.3900756835938,40846500,0.0,0.0,0.0,-0.0018296319471806655
2024-10-04 00:00:00-04:00,560.828843806913,561.8185225581165,556.6643942780399,561.4461669921875,42939100,0.0,0.0,0.0,0.009046272783035825
2024-10-07 00:00:00-04:00,559.7999074826037,560.446655391967,555.2239297880301,556.370361328125,49964700,0.0,0.0,0.0,-0.009081706026014658
2024-10-08 00:00:00-04:00,558.9376805045769,562.2300906410503,558.0656412646009,561.63232421875,37398700,0.0,0.0,0.0,0.009413218435386561
2024-10-09 00:00:00-04:00,561.6225357741174,566.0809942856702,561.0248291372598,565.5224609375,37912200,0.0,0.0,0.0,0.0069026050649680926
2024-10-10 00:00:00-04:00,564.1799758679994,565.9535388259317,562.9257131010544,564.53271484375,44138100,0.0,0.0,0.0,-0.0017516779145614336
2024-10-11 00:00:00-04:00,564.4542373683208,568.6481106846586,564.3170411817416,567.9132080078125,42268000,0.0,0.0,0.0,0.0059702686672507
2024-10-14 00:00:00-04:00,569.5202272995722,573.4887501402064,569.0401003876937,572.557861328125,36217200,0.0,0.0,0.0,0.008145193900972458
2024-10-15 00:00:00-04:00,572.8224884018784,573.1262458468478,566.8942243784207,568.1093139648438,54203600,0.0,0.0,0.0,-0.007799943775756546
2024-10-16 00:00:00-04:00,568.1091978334298,571.097790111378,567.3056970578953,570.5784301757812,30725400,0.0,0.0,0.0,0.004336781691913316
2024-10-17 00:00:00-04:00,574.1157772582931,574.3215715502484,570.4412636582532,570.62744140625,34393700,0.0,0.0,0.0,8.589375803147448e-05
2024-10-18 00:00:00-04:00,572.3128969974695,573.6063330690159,570.8528997080355,572.8224487304688,37416800,0.0,0.0,0.0,0.0038392762802468283
2024-10-21 00:00:00-04:00,572.0971955701107,573.0770657756304,568.9126174021713,571.8816528320312,36439000,0.0,0.0,0.0,-0.0016437367682691217
2024-10-22 00:00:00-04:00,569.3536172092114,572.7341816541917,568.6971208640092,571.5779418945312,34183800,0.0,0.0,0.0,-0.000531214126048063
2024-10-23 00:00:00-04:00,569.5594810059998,570.0004346494243,562.8571411229607,566.3552856445312,49314600,0.0,0.0,0.0,-0.009179260776987164
2024-10-24 00:00:00-04:00,568.3051725972728,568.3835789691921,564.9638411001258,567.580078125,34979900,0.0,0.0,0.0,0.002160251802550306
2024-10-25 00:00:00-04:00,569.8044050522926,572.6950344865168,566.443456997856,567.3840942382812,47268200,0.0,0.0,0.0,-0.00034535696093129786
2024-10-28 00:00:00-04:00,570.8528957024953,570.9802836348513,568.8343651367928,569.1381225585938,30174700,0.0,0.0,0.0,0.0030866615487337157
2024-10-29 00:00:00-04:00,568.1777490973657,571.176149715264,566.7863500672389,570.0591430664062,42899700,0.0,0.0,0.0,0.0016169643946266632
2024-10-30 00:00:00-04:00,569.5889199783458,571.578085865319,567.629178914475,568.334716796875,41435800,0.0,0.0,0.0,-0.0030295799183033267
2024-10-31 00:00:00-04:00,563.9742291931302,564.0428273008541,556.9975564307639,557.1935424804688,60182500,0.0,0.0,0.0,-0.019797882685782753
2024-11-01 00:00:00-04:00,559.8195584319851,563.9643910438907,559.1336371976272,559.545166015625,45667500,0.0,0.0,0.0,0.0042115975622021296
2024-11-04 00:00:00-05:00,559.6822611574623,560.9756970155746,556.4585096866238,558.33984375,38217000,0.0,0.0,0.0,-0.00215643419882916
2024-11-05 00:00:00-05:00,559.2512590975022,565.1304818819561,559.0357163025479,565.09130859375,39478300,0.0,0.0,0.0,0.012019510248949317
2024-11-06 00:00:00-05:00,577.3397109306703,580.014738259286,573.6064067155438,579.1426391601562,68182000,0.0,0.0,0.0,0.024561475348294337
2024-11-07 00:00:00-05:00,581.1415036340469,584.6396478381987,581.0630972629532,583.6205444335938,47233200,0.0,0.0,0.0,0.007702217397189237
2024-11-08 00:00:00-05:00,584.1693242787533,587.5695056932594,584.1693242787533,586.148681640625,46444900,0.0,0.0,0.0,0.004322461365743102
2024-11-11 00:00:00-05:00,587.7361274635068,588.0888664930864,584.9826937261699,586.707275390625,37586800,0.0,0.0,0.0,0.0009525360533606531
2024-11-12 00:00:00-05:00,586.6288429184635,587.2265495486535,582.4056036057904,584.8847045898438,43006100,0.0,0.0,0.0,-0.0031112747477548552
2024-11-13 00:00:00-05:00,585.3451927424278,587.1677373847895,582.9837313260188,585.1688232421875,47388600,0.0,0.0,0.0,0.0004856507008774713
2024-11-14 00:00:00-05:00,585.296183408181,585.7763103260314,580.7202054727688,581.4060668945312,38904100,0.0,0.0,0.0,-0.006450969292049358
2024-11-15 00:00:00-05:00,577.8491019104924,578.3194803370213,572.1070761341368,573.9590454101562,75988800,0.0,0.0,0.0,-0.012891378731031189
2024-11-18 00:00:00-05:00,574.4195277074432,577.6237226660043,573.5572968817456,576.3107299804688,37001700,0.0,0.0,0.0,0.004088932695932357
2024-11-19 00:00:00-05:00,572.9400384688264,579.142574989824,572.2737337790142,578.41748046875,49412000,0.0,0.0,0.0,0.003648915488092541
2024-11-20 00:00:00-05:00,578.495884693383,578.8976052377521,572.8616299600318,578.6134643554688,50032600,0.0,0.0,0.0,0.0003387703491766203
2024-11-21 00:00:00-05:00,581.4550801704302,583.1404284379229,575.6248397212988,581.7196044921875,46750300,0.0,0.0,0.0,0.005353889567877523
2024-11-22 00:00:00-05:00,581.7098478799927,584.1497754660484,581.2101642027249,583.5226440429688,38226400,0.0,0.0,0.0,0.0030947058297172703
2024-11-25 00:00:00-05:00,587.451946771504,588.7649396726674,583.2188992835091,585.5020141601562,42441400,0.0,0.0,0.0,0.003386364855228585
2024-11-26 00:00:00-05:00,586.7463470552605,589.2254477201681,586.0310608458545,588.5591430664062,45621300,0.0,0.0,0.0,0.005207796539103526
2024-11-27 00:00:00-05:00,588.3729502321648,588.7550542016285,585.256969810655,586.7757568359375,34000200,0.0,0.0,0.0,-0.0030346884096896787
2024-11-29 00:00:00-05:00,587.5890586237147,591.2047827973582,587.3147260107087,590.4208984375,30177400,0.0,0.0,0.0,0.006192938512434409
2024-12-02 00:00:00-05:00,590.8324390421951,592.1552999944694,590.3425038316959,591.4791870117188,31746000,0.0,0.0,0.0,0.0017908262637087446
2024-12-03 00:00:00-05:00,591.2439870884159,591.9984465923378,590.2151351783115,591.7534790039062,26906600,0.0,0.0,0.0,0.0004636315493637966
2024-12-04 00:00:00-05:00,593.438872844782,595.6729460981672,592.7725681970518,595.427978515625,42787600,0.0,0.0,0.0,0.006190311046931463
2024-12-05 00:00:00-05:00,595.4279293312596,596.231430112411,594.095320145877,594.4480590820312,28762200,0.0,0.0,0.0,-0.0016470953682024003
2024-12-06 00:00:00-05:00,595.212464951605,596.8096584526629,594.800936138575,595.5750122070312,31241500,0.0,0.0,0.0,0.0018940027115066371
2024-12-09 00:00:00-05:00,595.457476264727,595.6240374954255,591.9201582931329,592.508056640625,34742700,0.0,0.0,0.0,-0.005162875323061478
2024-12-10 00:00:00-05:00,593.184106485161,593.6054435570935,590.0093361336401,590.6658325195312,37234500,0.0,0.0,0.0,-0.0031140403395983896
2024-12-11 00:00:00-05:00,593.5859415432025,596.1825623151827,593.3115491139272,595.2321166992188,28677700,0.0,0.0,0.0,0.00770101128828049
2024-12-12 00:00:00-05:00,594.3698085144841,594.9380902901107,592.1651000976562,592.1651000976562,31543800,0.0,0.0,0.0,-0.005165960268392666
2024-12-13 00:00:00-05:00,594.1934038090473,594.9086900260288,590.6756429397628,592.0474853515625,35904700,0.0,0.0,0.0,-0.00019863789310381463
2024-12-16 00:00:00-05:00,593.8014854078001,595.5456834945226,593.0274092921627,594.5755615234375,43695200,0.0,0.0,0.0,0.0042609656090446535
2024-12-17 00:00:00-05:00,592.0278303510687,592.9880840930309,590.7540109408761,592.1257934570312,55773500,0.0,0.0,0.0,-0.004128707759649686
2024-12-18 00:00:00-05:00,591.822113059209,594.2031909866316,574.0962907751041,574.4784545898438,108248700,0.0,0.0,0.0,-0.030256507563296786
2024-12-19 00:00:00-05:00,579.456129686489,581.0631314525076,574.057034359764,574.302001953125,85919500,0.0,0.0,0.0,-0.0003071999303285722
2024-12-20 00:00:00-05:00,571.9778279294948,585.7225012446567,571.132257605004,581.199951171875,125716700,1.966,0.0,0.0,0.011939453918031084
2024-12-23 00:00:00-05:00,580.9442707021165,585.2800160502417,577.7685966184363,584.6802978515625,57635800,0.0,0.0,0.0,0.005970350764072485
2024-12-24 00:00:00-05:00,586.0272849416975,591.2184422848073,585.4471892507113,591.1790771484375,33160100,0.0,0.0,0.0,0.011053780080501951
2024-12-26 00:00:00-05:00,589.4093887705021,592.3392110668057,588.0133066034633,591.2184448242188,41219100,0.0,0.0,0.0,6.658957764127393e-05
2024-12-27 00:00:00-05:00,587.4823797773107,587.7183905820746,580.8165297326684,584.9949951171875,64969300,0.0,0.0,0.0,-0.010582276265711954
2024-12-30 00:00:00-05:00,577.9948115421023,581.7799853973963,574.5733451400716,578.3192138671875,56578800,0.0,0.0,0.0,-0.011477302487702623
2024-12-31 00:00:00-05:00,579.9808236627084,580.698577374324,574.5832389413312,576.21533203125,57052700,0.0,0.0,0.0,-0.003644558185285973
2025-01-02 00:00:00-05:00,579.4695486945864,581.180251846637,570.7291685588775,574.7994995117188,50204000,0.0,0.0,0.0,-0.0024601476798054023
2025-01-03 00:00:00-05:00,577.6408633877121,582.6254735449975,576.5593423217554,581.9864501953125,37888500,0.0,0.0,0.0,0.012425882521837295
2025-01-06 00:00:00-05:00,586.2337058999022,589.6059655334043,583.6086036715416,585.3389892578125,47679400,0.0,0.0,0.0,0.005743982212337961
2025-01-07 00:00:00-05:00,587.3643786767495,587.6888410122485,576.903513754268,578.7223510742188,60393100,0.0,0.0,0.0,-0.01136831748402134
2025-01-08 00:00:00-05:00,578.7912506935644,580.6396120913392,575.3501612839806,579.5679321289062,47304700,0.0,0.0,0.0,0.0014600505886361859
2025-01-10 00:00:00-05:00,576.0185903209236,576.0874192959229,568.8119506064235,570.7192993164062,73105000,0.0,0.0,0.0,-0.015385387434853293
2025-01-13 00:00:00-05:00,566.0788468496604,571.9581742427216,565.6658729466735,571.604248046875,47910100,0.0,0.0,0.0,0.001549383989404518
2025-01-14 00:00:00-05:00,574.5242054496483,575.1534475548353,568.6153544470202,572.3907470703125,48420600,0.0,0.0,0.0,0.0013750045248617226
2025-01-15 00:00:00-05:00,580.3937160773642,583.9429389739179,579.2827311805529,582.802490234375,56900200,0.0,0.0,0.0,0.01802646478633463
2025-01-16 00:00:00-05:00,584.1690862304802,584.34604932179,580.9836305712422,581.6817016601562,43319700,0.0,0.0,0.0,-0.00192495343106458
2025-01-17 00:00:00-05:00,586.9122299431212,589.27179809953,585.5849165977943,587.5217895507812,58070600,0.0,0.0,0.0,0.009989940166919453
2025-01-21 00:00:00-05:00,590.5596519481012,592.9094384516549,588.5933154613438,592.8995971679688,42532900,0.0,0.0,0.0,0.009111737358868055
2025-01-22 00:00:00-05:00,595.7213992287225,597.5894432517595,595.1708273073808,596.232666015625,48196000,0.0,0.0,0.0,0.005605898821563038
2025-01-23 00:00:00-05:00,595.6032899728609,599.48681640625,595.3280340779654,599.48681640625,41152100,0.0,0.0,0.0,0.00544301313564155
2025-01-24 00:00:00-05:00,599.54587252364,600.4995770008244,596.5865262707722,597.73681640625,34604700,0.0,0.0,0.0,-0.0029234325123494997
2025-01-27 00:00:00-05:00,584.7983708814467,589.5962372876534,584.6312490621345,589.2816162109375,70361100,0.0,0.0,0.0,-0.0142463553507719
2025-01-28 00:00:00-05:00,590.5105293609671,595.1805787054238,587.1972570477369,594.3449096679688,44433300,0.0,0.0,0.0,0.008555611473282987
2025-01-29 00:00:00-05:00,593.5583671362218,593.9614997638901,589.1341095636221,591.6805419921875,37177400,0.0,0.0,0.0,-0.004492942633025798
2025-01-30 00:00:00-05:00,593.7943006280343,596.389819126707,590.6087851839717,594.8560791015625,39281300,0.0,0.0,0.0,0.005352628203258547
2025-01-31 00:00:00-05:00,597.2747575383468,599.6933732210748,590.9333098394596,591.6903686523438,66566900,0.0,0.0,0.0,-0.0053360202909491505
2025-02-03 00:00:00-05:00,582.694241567132,590.1859779526204,580.5509422345103,587.7084350585938,65857200,0.0,0.0,0.0,-0.00675250595700394
2025-02-04 00:00:00-05:00,587.767535135661,592.1622687341741,587.2268045597665,591.6510620117188,33457800,0.0,0.0,0.0,0.006686072652766661
2025-02-05 00:00:00-05:00,590.5302274178379,594.1974260072697,588.5049031019603,594.0499267578125,30653100,0.0,0.0,0.0,0.0040463287824170635
2025-02-06 00:00:00-05:00,595.7902226770135,596.2425017541303,592.4867911796968,596.1146850585938,35771500,0.0,0.0,0.0,0.0034697055377472807
2025-02-07 00:00:00-05:00,596.6750666805723,597.8941858585465,589.9501686239648,590.6580810546875,50788500,0.0,0.0,0.0,-0.009195766218253354
2025-02-10 00:00:00-05:00,593.8631663388722,595.3083949100401,592.5948408497425,594.6693115234375,26048700,0.0,0.0,0.0,0.006768165160238482
2025-02-11 00:00:00-05:00,592.407967252875,595.6622514865878,592.2899918734154,595.1215209960938,30056700,0.0,0.0,0.0,0.0007601495692712845
2025-02-12 00:00:00-05:00,589.1145136580423,594.3744405625547,588.4361250659014,593.2044677734375,45076100,0.0,0.0,0.0,-0.0032264797771732745
2025-02-13 00:00:00-05:00,594.3055297285264,599.6736500230521,593.0471055616473,599.4671630859375,40921300,0.0,0.0,0.0,0.01050205724930997
2025-02-14 00:00:00-05:00,599.6735728207366,600.7058873577524,598.8182213465388,599.4376220703125,26910400,0.0,0.0,0.0,-4.928000287751644e-05
2025-02-18 00:00:00-05:00,600.5979135172886,601.1976318359375,598.1399925315113,601.1976318359375,26749000,0.0,0.0,0.0,0.0029317996794979706
2025-02-19 00:00:00-05:00,599.8113366176324,602.908280775238,599.3000698962699,602.6133422851562,31011100,0.0,0.0,0.0,0.0023520488387482885
2025-02-20 00:00:00-05:00,601.2467721645895,601.3844301402796,596.8028918726411,600.1063232421875,36554000,0.0,0.0,0.0,-0.004168922727060931
2025-02-21 00:00:00-05:00,599.8899930676969,600.0276510429451,589.3799206723878,589.842041015625,76519800,0.0,0.0,0.0,-0.017252070958460486
2025-02-24 00:00:00-05:00,591.8869345556642,592.8799440315161,586.4499856464254,587.1578979492188,50737200,0.0,0.0,0.0,-0.004560998910307923
2025-02-25 00:00:00-05:00,587.098968367302,587.8265033006376,579.6366946428752,584.2379150390625,58266500,0.0,0.0,0.0,-0.00498548641852814
2025-02-26 00:00:00-05:00,585.899394022331,589.4879818072211,581.8978924126887,584.5327758789062,43321600,0.0,0.0,0.0,0.0005045657773434797
2025-02-27 00:00:00-05:00,586.8038868268065,587.9542367689231,574.8092833927938,575.2025146484375,74196700,0.0,0.0,0.0,-0.01609067623252436
2025-02-28 00:00:00-05:00,575.7040488167072,584.7098443771037,572.6365684069419,584.178955078125,88744100,0.0,0.0,0.0,0.01548518763817075
2025-03-03 00:00:00-05:00,586.1452445030724,587.2857532860544,570.1392964764723,573.9441528320312,74249200,0.0,0.0,0.0,-0.017675268948049272
2025-03-04 00:00:00-05:00,569.9525173224438,575.5369060706639,562.6180601948478,567.1504516601562,109648200,0.0,0.0,0.0,-0.011907481495598837
2025-03-05 00:00:00-05:00,566.9833769883293,575.0355284425119,563.4341535288585,573.2461547851562,71230500,0.0,0.0,0.0,0.010690598597663303
2025-03-06 00:00:00-05:00,565.7936477589768,570.4047092717689,560.5238803180225,563.0703125,80094900,0.0,0.0,0.0,-0.017910704641201036
2025-03-07 00:00:00-05:00,561.2907933786839,567.6715458955733,556.1094773560538,566.2262573242188,81158800,0.0,0.0,0.0,0.005589236918640772
2025-03-10 00:00:00-04:00,558.0365509948175,559.9536812738498,546.2385307775894,551.14453125,99326600,0.0,0.0,0.0,-0.026996664322728847
2025-03-11 00:00:00-04:00,549.984271043128,554.5265029627828,542.7284855075093,546.5628051757812,88102100,0.0,0.0,0.0,-0.008347858357648619
2025-03-12 00:00:00-04:00,552.7077001878538,553.631880779765,544.3704523001988,549.4632568359375,69588200,0.0,0.0,0.0,0.005292681499864393
2025-03-13 00:00:00-04:00,549.0896174558009,549.6991769603108,540.4279077137791,542.1386108398438,74079400,0.0,0.0,0.0,-0.01342019676663675
2025-03-14 00:00:00-04:00,546.7497351697265,554.3398260143258,542.2075022062043,553.3369750976562,62660300,0.0,0.0,0.0,0.020445465861842038
2025-03-17 00:00:00-04:00,553.3172833424321,560.1208513978755,552.8846868765244,557.6039428710938,49008700,0.0,0.0,0.0,0.007681756404855022
2025-03-18 00:00:00-04:00,555.2933708486255,555.5096990502625,549.6499951496645,551.5770263671875,66041400,0.0,0.0,0.0,-0.010867434596180559
2025-03-19 00:00:00-04:00,553.3566169353411,561.3399385264869,552.1768030039566,557.584228515625,66556000,0.0,0.0,0.0,0.010832078490410346
2025-03-20 00:00:00-04:00,553.848245552193,560.966374832501,553.1304918485869,555.9718627929688,62958200,0.0,0.0,0.0,-0.002895887979129874
2025-03-21 00:00:00-04:00,551.5204692681951,557.0526205906217,550.2878120115934,556.1552124023438,83763000,1.696,0.0,0.0,0.00032972780741680197
2025-03-24 00:00:00-04:00,562.880651498493,567.1703352751009,562.2890000340255,566.1151733398438,58766800,0.0,0.0,0.0,0.017750129678794302
2025-03-25 00:00:00-04:00,567.3181993393742,568.4127846067184,565.73055113845,567.4760131835938,38355700,0.0,0.0,0.0,0.002400936975589296
2025-03-26 00:00:00-04:00,567.2097618801449,568.3339598573967,559.3207546377017,560.7013549804688,51848300,0.0,0.0,0.0,-0.012010061230411928
2025-03-27 00:00:00-04:00,559.3108687859911,562.9792883535321,557.101956447335,559.2122802734375,42164200,0.0,0.0,0.0,-0.0026592686037236746
2025-03-28 00:00:00-04:00,557.6838014665011,558.4135249923543,547.3689030262066,547.95068359375,71662700,0.0,0.0,0.0,-0.020343861653928208
2025-03-31 00:00:00-04:00,542.201606334121,552.93066066187,539.2826520783074,551.6289672851562,95328200,0.0,0.0,0.0,0.006690370104205812
2025-04-01 00:00:00-04:00,549.7159501655996,555.1297722698289,545.998235889195,553.1870727539062,54609600,0.0,0.0,0.0,0.00282057183324369
2025-04-02 00:00:00-04:00,547.3491617248258,559.5475341360295,547.1125011420022,556.6878051757812,76014500,0.0,0.0,0.0,0.006308357997637515
2025-04-03 00:00:00-04:00,537.5470765410741,540.3673821784607,529.2537841796875,529.2537841796875,125986000,0.0,0.0,0.0,-0.05053652932226349
2025-04-04 00:00:00-04:00,516.404523136506,518.5740121118964,498.05273494035157,498.2696838378906,217965100,0.0,0.0,0.0,-0.06032659580996569
2025-04-07 00:00:00-04:00,482.4029468413161,515.9114867336431,475.1154617622772,497.3822021484375,256611400,0.0,0.0,0.0,-0.0017827152983578287
2025-04-08 00:00:00-04:00,514.6196789750944,517.6963871548359,482.37337814369187,489.5918273925781,165816600,0.0,0.0,0.0,-0.015786710319124708
2025-04-09 00:00:00-04:00,486.59399925019795,541.0084228515625,486.20939567811143,541.0084228515625,241867300,0.0,0.0,0.0,0.0998628091253142
2025-04-10 00:00:00-04:00,524.7866027854379,526.0981670837639,502.25365007002944,517.3019409179688,162331200,0.0,0.0,0.0,-0.04480811874838242
2025-04-11 00:00:00-04:00,515.7536352571723,528.9874258955272,512.8544231608307,526.531982421875,97866300,0.0,0.0,0.0,0.01768534605119232
2025-04-14 00:00:00-04:00,536.5017912856171,536.7286411738348,526.453165817952,531.6401977539062,68034000,0.0,0.0,0.0,0.009654865452840333
2025-04-15 00:00:00-04:00,532.1825399641931,535.6931457102869,529.3622343758641,530.151123046875,56892900,0.0,0.0,0.0,-0.0028048367962441034
2025-04-16 00:00:00-04:00,524.3033791384568,530.4272422697393,513.0713913810127,518.3668823242188,83484800,0.0,0.0,0.0,-0.022478845134469516
2025-04-17 00:00:00-04:00,520.3194821276195,523.800475242003,516.6411916080497,519.1065063476562,79868100,0.0,0.0,0.0,0.001425818063028217
2025-04-21 00:00:00-04:00,513.9293312369678,514.4618777265953,501.4055507612705,506.7503662109375,69368100,0.0,0.0,0.0,-0.024090568657221034
2025-04-22 00:00:00-04:00,512.9235348557764,521.9564215250564,511.9867032226325,519.9348754882812,75948100,0.0,0.0,0.0,0.025685056289011854
2025-04-23 00:00:00-04:00,532.9319549297188,537.8625838932508,526.4728430251603,527.991455078125,90590700,0.0,0.0,0.0,0.01537653572440334
2025-04-24 00:00:00-04:00,529.2734571828396,539.8348871004667,528.0211182344198,539.1051635742188,64150400,0.0,0.0,0.0,0.020830560538645848
2025-04-25 00:00:00-04:00,539.0657336001437,543.4046513367819,536.1467793425768,543.0003662109375,61119600,0.0,0.0,0.0,0.007199333805528951
2025-04-28 00:00:00-04:00,543.7399439376,545.8699492792146,537.4583271221219,543.2073974609375,47613800,0.0,0.0,0.0,0.000381200097129053
2025-04-29 00:00:00-04:00,541.294298062473,547.7435994540236,540.9393072120234,546.6292724609375,47775100,0.0,0.0,0.0,0.006279631323147683
2025-04-30 00:00:00-04:00,539.9729233205555,548.7987614609631,534.0068741379372,546.84619140625,93101500,0.0,0.0,0.0,0.00039675137728512055
2025-05-01 00:00:00-04:00,552.5954041380958,556.2440822591161,550.1202183270924,550.7217407226562,63186100,0.0,0.0,0.0,0.007062096677786123
2025-05-02 00:00:00-04:00,556.8948640346016,560.4942476694231,554.5774922291787,558.896728515625,60717300,0.0,0.0,0.0,0.014735038993648253
2025-05-05 00:00:00-04:00,554.7649336459477,558.7883447426168,553.9070088060607,555.69189453125,38659200,0.0,0.0,0.0,-0.005750718696199364
2025-05-06 00:00:00-04:00,550.1891944565425,555.533979770925,549.2326812616892,551.047119140625,48264700,0.0,0.0,0.0,-0.008393672949749131
2025-05-07 00:00:00-04:00,552.3784980322621,555.9975635671368,548.325474465382,553.3646240234375,55588000,0.0,0.0,0.0,0.004196819345195557
2025-05-08 00:00:00-04:00,557.3977713110521,562.3974366423718,553.9069074354913,557.2202758789062,65130800,0.0,0.0,0.0,0.006943489590997665
2025-05-09 00:00:00-04:00,558.6205786168767,559.6264462916283,554.9522191721212,556.5103149414062,37603400,0.0,0.0,0.0,-0.0012749241863660998
2025-05-12 00:00:00-04:00,573.4026196086874,574.9114211824733,569.0340889310521,574.9015502929688,78993600,0.0,0.0,0.0,0.03251310332807478
2025-05-13 00:00:00-04:00,575.3157161654024,580.907093658496,574.7536773375426,578.6981811523438,67947200,0.0,0.0,0.0,0.006582256329714653
2025-05-14 00:00:00-04:00,579.6546018902411,580.8083522191259,577.4160770724685,579.4376831054688,66283500,0.0,0.0,0.0,0.0012770557867174404
2025-05-15 00:00:00-04:00,577.4358426248243,582.770756919371,576.9822030720642,582.2678833007812,71268100,0.0,0.0,0.0,0.004872501047651134
2025-05-16 00:00:00-04:00,583.0469103495059,586.2518193704545,581.1042713102905,585.9559936523438,76052100,0.0,0.0,0.0,0.006314068180388155
2025-05-19 00:00:00-04:00,579.9405744991373,587.2773530559552,579.9405744991373,586.596923828125,68168500,0.0,0.0,0.0,0.0010932218581514164
2025-05-20 00:00:00-04:00,584.8614766498325,585.8081190582527,581.4198464644389,584.624755859375,60614500,0.0,0.0,0.0,-0.0033677140150292217
2025-05-21 00:00:00-04:00,580.2759146876367,584.3584902721909,573.7477661832594,574.7733154296875,95197700,0.0,0.0,0.0,-0.01699446941251015
2025-05-22 00:00:00-04:00,574.5760350084579,578.4811148637216,573.3433777523152,575.0001220703125,70860400,0.0,0.0,0.0,0.0003945240621661128
2025-05-23 00:00:00-04:00,567.9886780015129,573.7378078530255,567.61394540951,571.0752563476562,76029000,0.0,0.0,0.0,-0.006849254665543647
2025-05-27 00:00:00-04:00,577.9387671986972,583.1060568711622,570.4047514802384,582.9483032226562,72588500,0.0,0.0,0.0,0.020577510273195543
2025-05-28 00:00:00-04:00,583.3526236048898,584.545857588394,578.8460211072919,579.5757446289062,68445500,0.0,0.0,0.0,-0.005802147596664753
2025-05-29 00:00:00-04:00,584.8318350718904,584.9699071457442,577.9388245287198,581.8635864257812,69973300,0.0,0.0,0.0,0.003939671569296088
2025-05-30 00:00:00-04:00,580.7591289651484,582.9286180198035,575.1480700909575,581.2127685546875,90601200,0.0,0.0,0.0,-0.0011191319232546348
2025-06-02 00:00:00-04:00,579.6052986473595,584.5654800276525,576.9427470010985,584.4866333007812,61630500,0.0,0.0,0.0,0.0056170112957714124
2025-06-03 00:00:00-04:00,584.121791379625,588.7960181097066,583.6385391723649,587.8197631835938,63606200,0.0,0.0,0.0,0.005686463665883323
2025-06-04 00:00:00-04:00,588.6777258495218,589.6539808386906,587.2280895107962,587.6619873046875,57314200,0.0,0.0,0.0,-0.0002684446267045004
2025-06-05 00:00:00-04:00,589.3383724752952,590.6893600195378,582.8496477946317,584.8218994140625,92278700,0.0,0.0,0.0,-0.004844575652615646
2025-06-06 00:00:00-04:00,590.3540722792903,592.4940086999786,588.5790577947733,590.8274536132812,66588700,0.0,0.0,0.0,0.010216662684453759
2025-06-09 00:00:00-04:00,591.3993476813894,592.9081490758875,590.1864321834666,591.3599243164062,53016400,0.0,0.0,0.0,0.0009008229136489021
2025-06-10 00:00:00-04:00,591.8924637491524,595.0973729509094,590.7781968461302,594.7128295898438,66247000,0.0,0.0,0.0,0.005653808661982396
2025-06-11 00:00:00-04:00,595.8074157747775,596.6653405011278,590.9556931519085,593.0166625976562,73658200,0.0,0.0,0.0,-0.002856152274401502
2025-06-12 00:00:00-04:00,591.6853731206485,595.3734741210938,591.2021810906274,595.3734741210938,64129000,0.0,0.0,0.0,0.003966398812071503
2025-06-13 00:00:00-04:00,590.1964131264232,593.4999111629836,587.2182933354198,588.7172241210938,89506000,0.0,0.0,0.0,-0.011242922732304983
2025-06-16 00:00:00-04:00,592.0699627819344,596.0637602908375,591.892407169678,594.3182983398438,79984100,0.0,0.0,0.0,0.009469058135844755
2025-06-17 00:00:00-04:00,591.8826784891205,593.401290785268,588.480531921813,589.2398681640625,82209400,0.0,0.0,0.0,-0.00858168442641638
2025-06-18 00:00:00-04:00,590.1371267775953,592.8785252065284,588.1944276516227,589.1510009765625,76605000,0.0,0.0,0.0,-0.00015082803167576486
2025-06-20 00:00:00-04:00,591.8225009850784,592.8906824249698,586.3629740326184,587.7674560546875,94051400,1.761,0.0,0.0,-0.002351132401640754
2025-06-23 00:00:00-04:00,588.5189525073708,593.9586781700418,585.403509483969,593.572998046875,87426000,0.0,0.0,0.0,0.00982881557858395
2025-06-24 00:00:00-04:00,597.7072083922786,601.1885919192599,596.7972471416377,600.13037109375,67735300,0.0,0.0,0.0,0.010986714416363341
2025-06-25 00:00:00-04:00,601.2479344884113,601.9402753154866,598.9039119654944,600.4666137695312,62114800,0.0,0.0,0.0,0.0005601258187581948
2025-06-26 00:00:00-04:00,602.3162291844003,605.5998534219981,601.7030284305531,605.1646728515625,78548400,0.0,0.0,0.0,0.007793564938162412
2025-06-27 00:00:00-04:00,606.1636033457827,609.6351477759472,604.1360808658505,608.1713256835938,86258400,0.0,0.0,0.0,0.004956020409532691
2025-06-30 00:00:00-04:00,610.6142201701539,612.4340220516922,608.2998373553096,611.0790405273438,92502500,0.0,0.0,0.0,0.004769685434341753
2025-07-01 00:00:00-04:00,609.6053849111585,612.0483479268365,608.7746241554748,610.8812866210938,70030100,0.0,0.0,0.0,-0.00032366665853711396
2025-07-02 00:00:00-04:00,610.4757300098587,613.6901136433279,609.8526292762224,613.6505737304688,66510400,0.0,0.0,0.0,0.004523021278821204
2025-07-03 00:00:00-04:00,615.6287169448548,619.4167617045248,615.6089168033244,618.487060546875,51065800,0.0,0.0,0.0,0.007850602922943928
2025-07-07 00:00:00-04:00,616.5286747873084,617.1913758193931,611.0988485499288,613.8780517578125,74814500,0.0,0.0,0.0,-0.007479975264697458
2025-07-08 00:00:00-04:00,614.5406899285775,615.2923708557059,612.7307881009865,613.5418090820312,59024600,0.0,0.0,0.0,-0.0005478853567879582
2025-07-09 00:00:00-04:00,615.945166968477,617.8737488887257,614.1055045789822,617.2210083007812,66113300,0.0,0.0,0.0,0.005978747694234343
2025-07-10 00:00:00-04:00,617.3594282689005,620.0001509389845,616.1824670185033,618.961669921875,57529000,0.0,0.0,0.0,0.0028161901993613014
2025-07-11 00:00:00-04:00,615.9154666088177,618.0122289852302,614.7187654701638,616.7858276367188,63670200,0.0,0.0,0.0,-0.0035215034430642334
2025-07-14 00:00:00-04:00,616.3308265898004,618.3089087938923,614.9857451789246,617.9627685546875,51898500,0.0,0.0,0.0,0.0019063658432800779
2025-07-15 00:00:00-04:00,620.6431287961128,620.9793689858044,615.242942324076,615.3220825195312,74317300,0.0,0.0,0.0,-0.0042823684543158436
2025-07-16 00:00:00-04:00,616.9044910111767,617.8836320494379,611.276844692317,617.3792114257812,88987500,0.0,0.0,0.0,0.0033375982096872647
2025-07-17 00:00:00-04:00,617.5573456006476,621.5135103761386,617.3397251475282,621.1574096679688,68885700,0.0,0.0,0.0,0.006101087198508992
2025-07-18 00:00:00-04:00,622.4035753929759,622.5716954836944,619.5947323692288,620.7024536132812,65621600,0.0,0.0,0.0,-0.0007327011500946057
2025-07-21 00:00:00-04:00,621.87939453125,624.6189973413707,621.4541141003111,621.87939453125,63375000,0.0,0.0,0.0,0.0018943480812732005
2025-07-22 00:00:00-04:00,622.2057439990875,622.8288447335428,619.3276609031153,621.9683837890625,60046300,0.0,0.0,0.0,0.000143087055369584
2025-07-23 00:00:00-04:00,624.6288825447934,627.259765625,622.8288205336723,627.259765625,70511000,0.0,0.0,0.0,0.008471492550937043
2025-07-24 00:00:00-04:00,627.6454884244192,629.1785504969665,627.0421878119985,627.4674682617188,71307100,0.0,0.0,0.0,0.00033107217729266836
2025-07-25 00:00:00-04:00,628.1301201477661,630.5928227551882,627.8828598800927,630.1180419921875,56865400,0.0,0.0,0.0,0.00421534382150579
2025-07-28 00:00:00-04:00,630.4939604147171,631.0478210681617,628.5752180855901,629.9598999023438,54917100,0.0,0.0,0.0,-0.00025100366479868796
2025-07-29 00:00:00-04:00,631.3543820995848,631.6708825055948,627.3883778702398,628.2982788085938,60556300,0.0,0.0,0.0,-0.002641146447957432
2025-07-30 00:00:00-04:00,628.9510415464463,630.6917636576716,624.6190364089183,627.507080078125,80418900,0.0,0.0,0.0,-0.001260066027838569
2025-07-31 00:00:00-04:00,632.4522656090571,632.8379457731452,623.8574957354674,625.1531372070312,103385200,0.0,0.0,0.0,-0.003758314680045949
2025-08-01 00:00:00-04:00,619.4364414435403,619.476041722763,612.5032535330552,614.9066162109375,140103600,0.0,0.0,0.0,-0.01652622653760183
2025-08-04 00:00:00-04:00,618.813325728958,624.3024917393647,618.7243458354196,624.2530517578125,73218000,0.0,0.0,0.0,0.015085405109180883
2025-08-05 00:00:00-04:00,624.866279158634,625.6773001361546,620.1683337507773,621.088134765625,68051400,0.0,0.0,0.0,-0.005082822025413769
2025-08-06 00:00:00-04:00,622.1563552914652,626.4982606508958,621.2464542892866,625.8455200195312,64357500,0.0,0.0,0.0,0.007630571713426626
2025-08-07 00:00:00-04:00,629.2675537310744,629.9994345491891,622.2156852544556,625.3212890625,74205800,0.0,0.0,0.0,-0.0008379873633206358
2025-08-08 00:00:00-04:00,627.1114619051468,630.6621463802445,626.794961476664,630.197265625,64051600,0.0,0.0,0.0,0.007767310261872495
2025-08-11 00:00:00-04:00,630.4742118551501,631.947873553624,627.70484826023,628.9510498046875,58742300,0.0,0.0,0.0,-0.0019794589913795235
2025-08-12 00:00:00-04:00,631.2950454377703,635.8050706066525,629.8114837326607,635.6468505859375,64730800,0.0,0.0,0.0,0.010589711326313811
2025-08-13 00:00:00-04:00,637.8424936799373,639.10849531226,635.6369512596368,637.82275390625,60092800,0.0,0.0,0.0,0.0034172868046882243
2025-08-14 00:00:00-04:00,635.7457782923831,638.5447818220973,635.300758040457,637.8821411132812,59327500,0.0,0.0,0.0,9.310492937064652e-05
2025-08-15 00:00:00-04:00,638.9107148606824,639.0096552004113,635.4787708739423,636.388671875,68592500,0.0,0.0,0.0,-0.002344038499325407
2025-08-18 00:00:00-04:00,635.8150025688236,636.9425240091701,635.1424618060598,636.2501831054688,43804900,0.0,0.0,0.0,-0.00021764032983284665
2025-08-19 00:00:00-04:00,636.0721245937336,637.0512656505922,631.4829592777961,632.7984008789062,69750700,0.0,0.0,0.0,-0.005439966259086049
2025-08-20 00:00:00-04:00,632.3929060531275,632.6500060324975,626.013578858981,631.1170043945312,88890300,0.0,0.0,0.0,-0.0026606171097007802
2025-08-21 00:00:00-04:00,629.3071240874224,630.9785456585483,626.864161086776,628.5850830078125,54805800,0.0,0.0,0.0,-0.004019878702386848
2025-08-22 00:00:00-04:00,630.7709103705197,639.4151205943501,630.2664897119097,638.2381591796875,84083200,0.0,0.0,0.0,0.015240110357538583
2025-08-25 00:00:00-04:00,636.9820009718095,638.2183023325629,635.3105191174199,635.42919921875,51274300,0.0,0.0,0.0,-0.004410829085847112
2025-08-26 00:00:00-04:00,635.1622594491828,638.4359833484747,634.5391586749303,638.0897827148438,51581600,0.0,0.0,0.0,0.004178323848530674
2025-08-27 00:00:00-04:00,637.5062179210042,640.2755208793137,637.3578376120881,639.5436401367188,48341100,0.0,0.0,0.0,0.0022758610152147085
2025-08-28 00:00:00-04:00,640.1470117905141,642.362454403162,638.2678697444891,641.80859375,61519500,0.0,0.0,0.0,0.0035352589433896853
2025-08-29 00:00:00-04:00,640.374419619015,640.7404203673219,636.0919150690585,637.98095703125,74522200,0.0,0.0,0.0,-0.005981683674969318
2025-09-02 00:00:00-04:00,630.5136938017484,633.4709169972102,627.9619508913343,633.2533569335938,81983500,0.0,0.0,0.0,-0.007437844999217624
2025-09-03 00:00:00-04:00,635.6270215222661,637.1501834379544,633.4412793439511,636.685302734375,70820900,0.0,0.0,0.0,0.005404913267993194
2025-09-04 00:00:00-04:00,637.3579636453977,642.0361699407296,636.4579626433318,642.0064697265625,65219200,0.0,0.0,0.0,0.008322877840182485
2025-09-05 00:00:00-04:00,644.3404359625918,645.062476969223,636.2797877246134,640.1469116210938,85178900,0.0,0.0,0.0,-0.002900681675646055
2025-09-08 00:00:00-04:00,641.5119451283233,642.7186068708459,640.1371632720919,641.7196655273438,63133100,0.0,0.0,0.0,0.0024538508507303547
2025-09-09 00:00:00-04:00,641.8579832056892,643.7272854003053,640.1271612550325,643.203125,66133900,0.0,0.0,0.0,0.0023090261028819725
2025-09-10 00:00:00-04:00,646.4570825189741,647.3768835600082,643.4998590892842,645.0625610351562,78034500,0.0,0.0,0.0,0.0028867295722738717
2025-09-11 00:00:00-04:00,647.0108918753651,651.115436538164,646.4273914384058,650.423095703125,69934400,0.0,0.0,0.0,0.008275761656661551
2025-09-12 00:00:00-04:00,650.393364548417,651.8868261792371,649.7010841125947,650.2054443359375,72780100,0.0,0.0,0.0,-0.0003346864420068485
2025-09-15 00:00:00-04:00,652.4111340519337,653.795755474802,652.1144337731963,653.6671752929688,63772400,0.0,0.0,0.0,0.0053099344807998605
2025-09-16 00:00:00-04:00,654.2210123755038,654.5276730798186,651.9858301119879,652.7671508789062,61169000,0.0,0.0,0.0,-0.0013778336016097015
2025-09-17 00:00:00-04:00,652.7770978636573,654.4683196962441,647.1296508296768,651.9561767578125,101952200,0.0,0.0,0.0,-0.0012431359328903824
2025-09-18 00:00:00-04:00,654.6364399867887,657.603563340362,653.0341982051615,655.0023803710938,90459200,0.0,0.0,0.0,0.004661523676906754
2025-09-19 00:00:00-04:00,656.8877828567474,659.0895125014193,654.9438659954435,658.2465209960938,97945600,1.831,0.0,0.0,0.004940643347549845
2025-09-22 00:00:00-04:00,656.7588293222589,661.8069717744121,656.7290467709187,661.3607177734375,69452200,0.0,0.0,0.0,0.004719893112429041
2025-09-23 00:00:00-04:00,661.2417286303936,661.8566899635472,656.540685502851,657.7606201171875,81708900,0.0,0.0,0.0,-0.005458340322640254
2025-09-24 00:00:00-04:00,659.0498612769777,659.1490153831234,654.2496039734066,655.6678466796875,68082200,0.0,0.0,0.0,-0.0031867364861728475
2025-09-25 00:00:00-04:00,652.5338627083877,653.9917550046746,649.0328388399253,652.6429443359375,89622100,0.0,0.0,0.0,-0.004624142450810886
2025-09-26 00:00:00-04:00,654.0910020825955,656.9274877414105,652.4743904900326,656.3820190429688,69179200,0.0,0.0,0.0,0.005712778565140297
2025-09-29 00:00:00-04:00,658.9010899003678,659.8135740530697,656.4216318338509,658.2266845703125,73499000,0.0,0.0,0.0,0.0028064118744701716
2025-09-30 00:00:00-04:00,657.4828203674869,661.1722852976668,656.173659297658,660.7061157226562,86288000,0.0,0.0,0.0,0.0037597579990684693
2025-10-01 00:00:00-04:00,657.7208749627936,663.8699431635192,657.611793334362,662.95751953125,72545400,0.0,0.0,0.0,0.0034017796058662952
2025-10-02 00:00:00-04:00,664.9410037342527,665.0600128657511,661.3011766397112,663.7210693359375,56896000,0.0,0.0,0.0,0.0011510698904784178
2025-10-03 00:00:00-04:00,664.4848020775174,667.1527012490268,662.6698219114437,663.7112426757812,70494400,0.0,0.0,0.0,-1.4805515983873363e-05
2025-10-06 00:00:00-04:00,666.1014192164715,666.9841207809839,663.9591941673339,666.0914916992188,54623300,0.0,0.0,0.0,0.0035798566266853626
2025-10-07 00:00:00-04:00,667.0138297258598,667.4601442579947,662.1838505424819,663.6219482421875,72020100,0.0,0.0,0.0,-0.0037144037537206742
2025-10-08 00:00:00-04:00,664.7426772273783,667.6783772359653,663.919480237528,667.5791625976562,60702200,0.0,0.0,0.0,0.005945346619066427
2025-10-09 00:00:00-04:00,667.9957845708525,668.4023890582872,663.7112737749407,665.6452026367188,66501900,0.0,0.0,0.0,-0.0029011790781119373
2025-10-10 00:00:00-04:00,666.6071968358344,668.4122493878771,647.4757221413303,647.6542358398438,159422600,0.0,0.0,0.0,-0.027399832538963054
2025-10-13 00:00:00-04:00,655.2216030747315,659.664772492732,654.3488290056752,657.5919189453125,79560500,0.0,0.0,0.0,0.015227587680656463
2025-10-14 00:00:00-04:00,651.7701536094826,660.3590300864076,647.8030207789583,656.78857421875,88779600,0.0,0.0,0.0,-0.0012223931057615545
2025-10-15 00:00:00-04:00,661.3409343998026,664.7228887516702,653.5157497881946,659.7044677734375,81702600,0.0,0.0,0.0,0.0044297967857280796
2025-10-16 00:00:00-04:00,661.3408828539109,663.215367636124,651.7106461582608,655.211669921875,110563300,0.0,0.0,0.0,-0.006833615021649031
2025-10-17 00:00:00-04:00,654.0810128478913,660.2895852935891,652.7322022395391,658.9308471679688,96500900,0.0,0.0,0.0,0.005660249367837267
2025-10-20 00:00:00-04:00,661.8367798071084,666.6866142382812,661.7872027532737,665.7840576171875,60493400,0.0,0.0,0.0,0.010346787167761384
2025-10-21 00:00:00-04:00,665.9228395283285,667.4600912091562,664.4748144266518,665.7740478515625,56249000,0.0,0.0,0.0,-1.5034665906021871e-05
2025-10-22 00:00:00-04:00,666.4783066993808,666.4783066993808,657.8497808005621,662.3128051757812,80564000,0.0,0.0,0.0,-0.00521238577796268
2025-10-23 00:00:00-04:00,662.6301900162397,667.1825015615415,662.3128121266341,666.2402954101562,65604500,0.0,0.0,0.0,0.005912449677416554
2025-10-24 00:00:00-04:00,670.9016937183009,672.8951271271609,670.0983517375236,671.6851806640625,74356500,0.0,0.0,0.0,0.008139340211437585
2025-10-27 00:00:00-04:00,677.1201116013259,679.9070199177999,676.5151383891614,679.6094970703125,63339800,0.0,0.0,0.0,0.011728614603401688
2025-10-28 00:00:00-04:00,681.4046232640447,683.2493254549719,679.2028936555786,681.41455078125,61738100,0.0,0.0,0.0,0.0026524950416693116
2025-10-29 00:00:00-04:00,683.0608492697363,684.0328379014793,677.2589421639235,681.7418212890625,85657100,0.0,0.0,0.0,0.00048016576939513556
2025-10-30 00:00:00-04:00,678.2805222142791,680.303738053287,674.2439575195312,674.2439575195312,76335800,0.0,0.0,0.0,-0.011059024812133167
2025-10-31 00:00:00-04:00,679.4111219213156,679.4508319897004,673.6587916341136,676.4556274414062,87164100,0.0,0.0,0.0,0.0032748538951503647
2025-11-03 00:00:00-05:00,680.0359699637585,680.1649066224819,674.3530715971103,677.7251586914062,57315000,0.0,0.0,0.0,0.0018749809994726974
2025-11-04 00:00:00-05:00,670.5545580097922,674.3729598389511,669.0371611161902,669.6917114257812,78427000,0.0,0.0,0.0,-0.01192436080247461
2025-11-05 00:00:00-05:00,669.4337786331213,675.2654684624238,668.6304366940664,672.012451171875,74402400,0.0,0.0,0.0,0.0034593945896936873
2025-11-06 00:00:00-05:00,670.9115428502156,671.8140994484131,663.2252231578799,664.8021850585938,85035300,0.0,0.0,0.0,-0.010787338554331782
2025-11-07 00:00:00-05:00,662.4218719882706,665.5658682287408,655.7769731606511,665.4567260742188,100592400,0.0,0.0,0.0,0.0009840807123628892
2025-11-10 00:00:00-05:00,671.6752576501947,676.57466917413,669.4834554774103,675.8407592773438,75842900,0.0,0.0,0.0,0.015483874055295388
2025-11-11 00:00:00-05:00,674.3629519753922,677.9532020666294,673.1529450781785,677.3878784179688,58953400,0.0,0.0,0.0,0.0022865608539506255
2025-11-12 00:00:00-05:00,679.1631581075335,679.3318048264125,675.3547447293747,677.7647705078125,62312500,0.0,0.0,0.0,0.0005562356386343836
2025-11-13 00:00:00-05:00,674.9084518036677,675.2654792192372,665.010475070097,666.5179443359375,103457800,0.0,0.0,0.0,-0.016733219095931062
2025-11-14 00:00:00-05:00,659.9127671356764,670.1082678298286,657.8201189320223,666.408935546875,96846700,0.0,0.0,0.0,-0.00016356304453069015
2025-11-17 00:00:00-05:00,664.1972328051172,668.1742931923078,656.7290761218832,660.2003173828125,90456100,0.0,0.0,0.0,-0.009360199290175508
2025-11-18 00:00:00-05:00,656.6596720569411,659.6548768721069,650.4709542015795,654.6563110351562,114467500,0.0,0.0,0.0,-0.008432918209559936
2025-11-19 00:00:00-05:00,655.3505889035424,661.8566848395906,653.3372397764296,657.1853637695312,94703000,0.0,0.0,0.0,0.0038557333802780036
2025-11-20 00:00:00-05:00,667.3808213360044,670.0090710879778,646.5335791707308,647.1683349609375,165293500,0.0,0.0,0.0,-0.015359676983453419
2025-11-21 00:00:00-05:00,649.667590792559,659.0895314498267,645.5020891320908,653.6149291992188,123956200,0.0,0.0,0.0,0.009911946433390106
2025-11-24 00:00:00-05:00,657.2447591605586,664.5541959227929,656.1538219404428,663.235107421875,80437900,0.0,0.0,0.0,0.014611154045104158
2025-11-25 00:00:00-05:00,663.135941149376,670.6536740212097,659.020017057554,669.4734497070312,81077100,0.0,0.0,0.0,0.00936196862512606
2025-11-26 00:00:00-05:00,672.0620713400136,676.0986363282427,671.1595147067713,674.09521484375,71879600,0.0,0.0,0.0,0.006879861801814435
2025-11-28 00:00:00-05:00,675.2654787466182,678.0523870500939,674.9084513312986,677.7747192382812,49212000,0.0,0.0,0.0,0.005443590966696554
2025-12-01 00:00:00-05:00,673.2323336611282,677.3779800628074,673.1629015749381,674.6803588867188,61201200,0.0,0.0,0.0,-0.004575923889866829
2025-12-02 00:00:00-05:00,676.316803165018,678.2012155152329,673.7481184984898,675.9300537109375,62953800,0.0,0.0,0.0,0.0018505635218017957
2025-12-03 00:00:00-05:00,674.9779023816353,679.2822075879724,674.105128319461,678.2706298828125,57238500,0.0,0.0,0.0,0.003456767569100627
2025-12-04 00:00:00-05:00,679.6689755171525,679.7384076011712,675.7415530139849,678.7664794921875,61970300,0.0,0.0,0.0,0.0007307827148075319
2025-12-05 00:00:00-05:00,679.8375623637357,682.7336127271673,678.9549213715281,680.0557861328125,79241000,0.0,0.0,0.0,0.0018976831042039066
2025-12-08 00:00:00-05:00,680.9484564225444,680.9980334759979,675.9696853695019,678.0127563476562,55231500,0.0,0.0,0.0,-0.0030087308003299285
2025-12-09 00:00:00-05:00,677.5366323782647,679.7582167824522,676.9812362772177,677.427490234375,58310100,0.0,0.0,0.0,-0.0008635808935588685
2025-12-10 00:00:00-05:00,676.9515664343469,683.3088703732143,675.711837383319,681.92041015625,85671300,0.0,0.0,0.0,0.006610428840849281
2025-12-11 00:00:00-05:00,679.51034738166,683.5865617528303,676.5647198382891,683.5072021484375,86173700,0.0,0.0,0.0,0.002324242885118899
2025-12-12 00:00:00-05:00,682.5153843270051,683.2195721462687,673.5893360954813,676.1580810546875,113160300,0.0,0.0,0.0,-0.01081029684898649
2025-12-15 00:00:00-05:00,680.1053789946951,680.1252340287925,673.6687159286942,675.1365356445312,90811000,0.0,0.0,0.0,-0.0015119509722545388
2025-12-16 00:00:00-05:00,673.6488975485244,675.4837328267965,669.4338188610296,673.2918701171875,122030600,0.0,0.0,0.0,-0.0027360246494350093
2025-12-17 00:00:00-05:00,674.3034691132465,674.8489377460819,665.6848710067972,665.8832397460938,110625200,0.0,0.0,0.0,-0.011064581322954403
2025-12-18 00:00:00-05:00,672.0322187932205,675.1464323222394,669.3544527925658,670.9114990234375,108650100,0.0,0.0,0.0,0.00752289464579281
2025-12-19 00:00:00-05:00,673.0134542661981,677.4896664833268,672.8940327515619,676.9923095703125,103599500,1.993,0.0,0.0,0.009022679156543312
2025-12-22 00:00:00-05:00,680.3245900087294,681.7370666700199,676.9923229108747,681.2098999023438,69556700,0.0,0.0,0.0,0.006210568439740882
2025-12-23 00:00:00-05:00,680.3046207584179,684.562024812114,680.2548972126992,684.3233032226562,64840000,0.0,0.0,0.0,0.004559989765268391
2025-12-24 00:00:00-05:00,684.313382495532,687.1781631452748,684.164151137988,686.7305297851562,39445600,0.0,0.0,0.0,0.003511501850766763
2025-12-26 00:00:00-05:00,686.989161229118,688.0037280321676,685.6264081645946,686.660888671875,41613300,0.0,0.0,0.0,-0.00010141480775960332
2025-12-29 00:00:00-05:00,683.9055083361335,685.5567672531378,682.4433081832867,684.2138671875,62559500,0.0,0.0,0.0,-0.0035700184467799545
2025-12-30 00:00:00-05:00,683.8160334465714,684.9201512250444,682.9506372729019,683.3783569335938,47160700,0.0,0.0,0.0,-0.0012218705884974312
2025-12-31 00:00:00-05:00,683.5076844111845,683.726492314561,678.1063955310838,678.3152465820312,74144800,0.0,0.0,0.0,-0.007436524151640533
2026-01-02 00:00:00-05:00,682.0852055985325,683.2390468658663,676.2263268834449,679.55859375,89377200,0.0,0.0,0.0,0.001831315220198526
2026-01-05 00:00:00-05:00,682.910778712987,685.7855161168121,682.7516512212146,684.0845336914062,71927200,0.0,0.0,0.0,0.006638036696537952
2026-01-06 00:00:00-05:00,684.2934596862484,688.6602678554459,684.1442890432024,688.1529541015625,69273800,0.0,0.0,0.0,0.005929632978253885
2026-01-07 00:00:00-05:00,688.5309418430683,690.2916046822218,685.6761181181482,685.9347534179688,75588300,0.0,0.0,0.0,-0.003228618665792382
2026-01-08 00:00:00-05:00,685.1787573638412,686.9692300361542,683.8557710289468,685.8651123046875,64019200,0.0,0.0,0.0,-0.00010153246851984932
2026-01-09 00:00:00-05:00,686.9791831428475,691.6344363504869,685.5368360184962,690.4010009765625,80125500,0.0,0.0,0.0,0.0065916105199921304
2026-01-12 00:00:00-05:00,687.0289310253164,692.410366767912,686.979207477028,691.4852294921875,63976000,0.0,0.0,0.0,0.001569201160272371
2026-01-13 00:00:00-05:00,691.813478661017,692.4103433578374,687.6953490317495,690.1026000976562,78309700,0.0,0.0,0.0,-0.0020015084477309486
2026-01-14 00:00:00-05:00,687.3472637531122,688.0634285762314,682.4134612479594,686.7106323242188,94676700,0.0,0.0,0.0,-0.004927283608423316
2026-01-15 00:00:00-05:00,690.8983886882239,691.7737417111902,687.5959315038539,688.5806884765625,77862000,0.0,0.0,0.0,0.002719507171454083
2026-01-16 00:00:00-05:00,689.9931507530615,690.5800586110835,686.4519720383781,688.0037231445312,79289200,0.0,0.0,0.0,-0.0008382564279321159
2026-01-20 00:00:00-05:00,677.8874730475171,681.1501633341576,672.9934983300664,673.9981689453125,111623300,0.0,0.0,0.0,-0.020566855255717442
2026-01-21 00:00:00-05:00,676.0572511802958,685.0991655259935,674.5452667925615,681.77685546875,127844500,0.0,0.0,0.0,0.011475018699616868
2026-01-22 00:00:00-05:00,686.2033478813381,687.476610793547,683.2888434897402,685.3379516601562,77112200,0.0,0.0,0.0,0.005209663778085627
2026-01-23 00:00:00-05:00,684.5123006998919,687.3074439470811,683.5274830754288,685.5865478515625,63059600,0.0,0.0,0.0,0.00036266941646978523
2026-01-26 00:00:00-05:00,686.8399050563427,690.4606777697717,686.272910918868,689.0680541992188,60473800,0.0,0.0,0.0,0.005065292454212944
2026-01-27 00:00:00-05:00,690.5104039402848,692.8480177488461,689.9036431059924,691.8134765625,55506100,0.0,0.0,0.0,0.003976338186157058
2026-01-28 00:00:00-05:00,693.3652237572153,694.1510864943795,690.271678492269,691.7438354492188,61172200,0.0,0.0,0.0,-0.00010066964734356532
2026-01-29 00:00:00-05:00,692.7087686795362,693.375209936545,681.2098793986574,690.3711547851562,97486200,0.0,0.0,0.0,-0.0019863486397246888
2026-01-30 00:00:00-05:00,688.1330315570439,690.5402826440542,683.487735152998,688.3120727539062,101835100,0.0,0.0,0.0,-0.0029870292480627114
2026-02-02 00:00:00-05:00,685.9348095869553,693.2459322689688,685.7756213682558,691.7339477539062,79286500,0.0,0.0,0.0,0.004959083917284168
2026-02-03 00:00:00-05:00,692.529690413304,693.2757257351432,680.4140840721383,685.885009765625,107904600,0.0,0.0,0.0,-0.008491423699952705
2026-02-04 00:00:00-05:00,686.7006659106327,687.7948875474046,678.1561081391175,682.5626831054688,105204600,0.0,0.0,0.0,-0.0048556232072645145
2026-02-05 00:00:00-05:00,677.3404209861714,680.0758839506523,672.2176206040476,674.0379638671875,113610800,0.0,0.0,0.0,-0.012567930681256279
2026-02-06 00:00:00-05:00,677.8576866055596,688.6503070282812,677.2508650473027,686.96923828125,89127600,0.0,0.0,0.0,0.01900307879815699
2026-02-09 00:00:00-05:00,685.7755944360715,692.1915108078678,684.7013472083629,690.2816772460938,73885200,0.0,0.0,0.0,0.004810227845212012
2026-02-10 00:00:00-05:00,691.276360737094,692.8579216647231,688.0037135108784,688.4613037109375,65185700,0.0,0.0,0.0,-0.0026406293530794045
2026-02-11 00:00:00-05:00,692.7087599208829,693.4547952732178,685.5368515439336,688.3021850585938,76353900,0.0,0.0,0.0,-0.0002311488565025499
2026-02-12 00:00:00-05:00,690.5701102294341,691.6742279947084,676.7734344520502,677.668701171875,118829000,0.0,0.0,0.0,-0.01556943679538314
2026-02-13 00:00:00-05:00,678.0864377658819,682.6522007204912,673.9384983110481,678.1461181640625,96267500,0.0,0.0,0.0,0.000704251060116512
2026-02-17 00:00:00-05:00,676.5446598627462,681.31927396984,672.2077222570326,679.2402954101562,81354700,0.0,0.0,0.0,0.001612182753775393
2026-02-18 00:00:00-05:00,680.4041503420104,685.507036973797,679.2204384959671,682.662109375,73570300,0.0,0.0,0.0,0.005025060758005573
2026-02-19 00:00:00-05:00,680.225062656192,682.5526587813481,677.9471293624403,680.8616333007812,58649400,0.0,0.0,0.0,-0.002640917886957972
2026-02-20 00:00:00-05:00,678.7131823752115,686.4122580979458,678.126274472082,685.7855834960938,100034000,0.0,0.0,0.0,0.007205914505516553
2026-02-23 00:00:00-05:00,684.1940214696967,686.3525334522094,676.7734345413753,678.7827758789062,90558100,0.0,0.0,0.0,-0.010263859697353439
2026-02-24 00:00:00-05:00,678.295350173768,684.7112054782021,676.4053697086953,683.7164916992188,73798700,0.0,0.0,0.0,0.007242187209707929
2026-02-25 00:00:00-05:00,686.53156929616,690.0130676270821,686.4519751919497,689.4859008789062,56369500,0.0,0.0,0.0,0.008402902818122726
2026-02-26 00:00:00-05:00,689.615191050754,689.6350440416309,680.7323436648176,685.6561889648438,71671000,0.0,0.0,0.0,-0.005569928872744434
2026-02-27 00:00:00-05:00,679.4790749097389,683.2291046432514,678.0367277603054,682.3637084960938,83308900,0.0,0.0,0.0,-0.004813507218789148
2026-03-02 00:00:00-05:00,675.1123137702438,684.9798583327654,674.4359156260907,682.751708984375,87477200,0.0,0.0,0.0,0.000568450833916323
2026-03-03 00:00:00-05:00,671.4915420947397,679.0016196644848,666.1200629162043,676.7337036132812,105003100,0.0,0.0,0.0,-0.008853415600299286
2026-03-04 00:00:00-05:00,678.026741603972,683.4579005621853,676.0273572426378,681.5082397460938,79182200,0.0,0.0,0.0,0.0070304938268055395
2026-03-05 00:00:00-05:00,678.474445192334,681.9062201445739,672.0386149612469,677.70849609375,106606500,0.0,0.0,0.0,-0.005591092944311704
2026-03-06 00:00:00-05:00,669.8502072585248,672.5359467168151,666.2195382406165,668.82568359375,100687000,0.0,0.0,0.0,-0.013193785186652818
2026-03-09 00:00:00-04:00,662.8673651303956,676.3258117079225,658.888509802078,674.6845703125,102667700,0.0,0.0,0.0,0.008721814875850775
2026-03-10 00:00:00-04:00,674.1374043547928,679.7476047325034,671.1930903760745,673.6002807617188,81505300,0.0,0.0,0.0,-0.0016083986757946533
2026-03-11 00:00:00-04:00,673.9982140650914,676.4849986405864,669.7806371390539,672.7548217773438,68441700,0.0,0.0,0.0,-0.0012559228897517372
2026-03-12 00:00:00-04:00,667.6120785283837,668.0995392824933,662.3500644519811,662.5390625,108882200,0.0,0.0,0.0,-0.015301438459733419
2026-03-13 00:00:00-04:00,665.7321452917186,668.7859240392634,657.863924887251,658.7890014648438,97200200,0.0,0.0,0.0,-0.005676215023587616
2026-03-16 00:00:00-04:00,664.8468199428278,668.5173163233716,663.5934708305671,665.493408203125,82023100,0.0,0.0,0.0,0.010125429394262753
2026-03-17 00:00:00-04:00,668.8355969918504,670.8747480492216,666.1598145596139,667.2440185546875,87128000,0.0,0.0,0.0,0.002627091163271089
2026-03-18 00:00:00-04:00,664.8268919718373,666.1796881508768,657.6948111200146,657.9335327148438,82062600,0.0,0.0,0.0,-0.014051911808399709
2026-03-19 00:00:00-04:00,653.4971375917409,659.4753776238247,651.7066647804095,656.3121948242188,111272500,0.0,0.0,0.0,-0.002467329631242521
2026-03-20 00:00:00-04:00,654.8230422006715,655.0025723674255,643.063298812559,646.9034423828125,163617500,1.797,0.0,0.0,-0.014439538092529958
2026-03-23 00:00:00-04:00,656.3790129905765,660.9173090129275,652.2596206790361,653.6959228515625,134802700,0.0,0.0,0.0,0.010445249178189897
2026-03-24 00:00:00-04:00,649.6463809650626,655.3417305137531,648.2100787416998,651.5015869140625,96457500,0.0,0.0,0.0,-0.0033624612191456293
2026-03-25 00:00:00-04:00,656.9774239230809,659.1917509309695,652.5588148295345,655.1322021484375,90653800,0.0,0.0,0.0,0.005557218263224861
2026-03-26 00:00:00-04:00,650.3844333840033,653.1672421520028,643.1630473705688,643.432373046875,96494400,0.0,0.0,0.0,-0.01802012148702481
2026-03-27 00:00:00-04:00,640.8489947137006,641.0085567819559,631.4831091918358,632.4606323242188,103649400,0.0,0.0,0.0,-0.017198951843375276
2026-03-30 00:00:00-04:00,638.4651675144013,638.7245091624994,627.6630399662237,630.3460693359375,99275900,0.0,0.0,0.0,-0.0033489923071652328
2026-03-31 00:00:00-04:00,637.2981538716512,649.865752001465,636.3405988140365,648.6688842773438,152534100,0.0,0.0,0.0,0.028653407820693033
2026-04-01 00:00:00-04:00,652.219751792706,656.8278752918841,651.3220400966815,653.5562744140625,97841500,0.0,0.0,0.0,0.007506248903133894
2026-04-02 00:00:00-04:00,644.7589215344626,656.5086804928782,643.4522901873171,654.144775390625,68358700,0.0,0.0,0.0,0.0009000543608630451
2026-04-06 00:00:00-04:00,654.1746977251443,658.0247645183308,653.8356054757206,657.23681640625,39105800,0.0,0.0,0.0,0.00471570863127635
2026-04-07 00:00:00-04:00,654.9626585699763,657.9150134208243,649.386996170508,657.5260009765625,69980400,0.0,0.0,0.0,0.0004399037927642624
2026-04-08 00:00:00-04:00,674.6519776493207,675.3402070755335,669.734652974974,674.27294921875,93606100,0.0,0.0,0.0,0.025150689620179634
2026-04-09 00:00:00-04:00,673.1059235004034,679.4096297331154,672.0386657215836,678.162841796875,57134400,0.0,0.0,0.0,0.005752440641581202
2026-04-10 00:00:00-04:00,679.5692561407437,680.2774536083281,676.7066358948267,677.7140502929688,42253500,0.0,0.0,0.0,-0.0006619944965713387
2026-04-13 00:00:00-04:00,675.669302461078,684.536473353906,674.8414790590384,684.3369750976562,54185800,0.0,0.0,0.0,0.009725005713406176
2026-04-14 00:00:00-04:00,685.9229138241225,692.7952238870419,685.8929616905456,692.675537109375,63480500,0.0,0.0,0.0,0.012111239170364385
2026-04-15 00:00:00-04:00,693.4734516118131,698.480571570673,692.4161778504387,698.1414184570312,58240400,0.0,0.0,0.0,0.007859998349512232
2026-04-16 00:00:00-04:00,699.2585607342904,700.9741726960574,696.7350934539525,699.8569946289062,49972400,0.0,0.0,0.0,0.0024543333053879124
2026-04-17 00:00:00-04:00,704.3255249385737,710.5594650064761,703.9464965121796,708.3152465820312,70661900,0.0,0.0,0.0,0.012013237341879979
2026-04-20 00:00:00-04:00,706.9587079747221,708.0857482546458,704.3254772575062,706.8988037109375,43546800,0.0,0.0,0.0,-0.002001737254896163
2026-04-21 00:00:00-04:00,708.4548936431559,709.4523240430285,700.8345107773317,702.2708129882812,58941400,0.0,0.0,0.0,-0.0065684177504437
2026-04-22 00:00:00-04:00,707.3278031045794,709.6218808832724,706.4001392457644,709.3825073242188,42518500,0.0,0.0,0.0,0.010075780503951748
2026-04-23 00:00:00-04:00,707.6768673789517,710.5295037064266,700.4754491270062,706.6295776367188,56174000,0.0,0.0,0.0,-0.0038882904816341934
2026-04-24 00:00:00-04:00,708.9236633096505,712.6340752101273,707.1881441382454,712.10546875,45182000,0.0,0.0,0.0,0.007719437564376541
2026-04-27 00:00:00-04:00,711.3374146094498,713.7911152864904,710.4696550399041,713.332275390625,33135900,0.0,0.0,0.0,0.0017213055408076272
2026-04-28 00:00:00-04:00,709.9908768700561,711.0481506026886,707.4274735730012,709.8612060546875,43117400,0.0,0.0,0.0,-0.0048778697536606686
2026-04-29 00:00:00-04:00,709.1729992133655,710.3699278433978,706.5497524472755,709.7515258789062,41859200,0.0,0.0,0.0,-0.00015452126278159284
2026-04-30 00:00:00-04:00,712.7936806635566,717.9403946619685,708.6244289610544,716.8132934570312,67240900,0.0,0.0,0.0,0.009900461815237627
2026-05-01 00:00:00-04:00,719.3966516418469,723.0073446973263,718.6186267345964,718.7982177734375,43049800,0.0,0.0,0.0,0.002765268411019761
2026-05-04 00:00:00-04:00,718.2196821209096,720.2644021704073,713.152718877996,716.1649780273438,51950600,0.0,0.0,0.0,-0.0036701188010397345
2026-05-05 00:00:00-04:00,719.9153564929043,723.1769124909786,719.6360467603954,721.9102172851562,36933200,0.0,0.0,0.0,0.007990221711526857
2026-05-06 00:00:00-04:00,726.288861980811,732.7023927493656,725.9497697512824,731.9443359375,53288900,0.0,0.0,0.0,0.013803688898870625
2026-05-07 00:00:00-04:00,733.161188473549,734.238430329629,727.8748196364371,729.7001342773438,51724600,0.0,0.0,0.0,-0.0030707924798578645
2026-05-08 00:00:00-04:00,733.0415191543954,736.1834492768152,732.6824588199246,735.724609375,47227100,0.0,0.0,0.0,0.00822220187546474
2026-05-11 00:00:00-04:00,734.5576163199453,738.8864300819614,734.5576163199453,737.4002685546875,44024000,0.0,0.0,0.0,0.0022749733270961414
2026-05-12 00:00:00-04:00,734.9964788307154,736.9414802248905,729.9494836014034,736.2831420898438,54185300,0.0,0.0,0.0,-0.0015161013155964298
2026-05-13 00:00:00-04:00,736.5723674930287,741.9983910774667,733.5800764180441,740.4025268554688,44200200,0.0,0.0,0.0,0.005579244842588871
2026-05-14 00:00:00-04:00,741.7391534739264,747.6040491923611,741.649357949993,746.2474975585938,45307600,0.0,0.0,0.0,0.007863317827569993
2026-05-15 00:00:00-04:00,739.8838927249178,741.5496453663399,736.0637780312098,737.2706298828125,60410800,0.0,0.0,0.0,-0.012102281834028616
2026-05-18 00:00:00-04:00,737.9289136337939,739.5147938000424,731.5054597381557,736.751953125,47843900,0.0,0.0,0.0,-0.0007037568965344576
2026-05-19 00:00:00-04:00,732.8919551385734,735.7545755811656,729.650306265128,731.8446044921875,54255900,0.0,0.0,0.0,-0.0066830701355833355
2026-05-20 00:00:00-04:00,733.8195334397973,739.9636778498481,732.0042028263388,739.3452758789062,45768000,0.0,0.0,0.0,0.010196829759482995
2026-05-21 00:00:00-04:00,736.7419902854853,742.9559620700644,735.1361419849363,740.8114624023438,43332200,0.0,0.0,0.0,0.0019811239783802392
2026-05-22 00:00:00-04:00,744.3224328967863,747.015507083493,742.566945697205,743.7239990234375,41762000,0.0,0.0,0.0,0.003923840734942452
2026-05-26 00:00:00-04:00,748.0827892360243,750.1973368284331,746.4469887578754,748.6613159179688,41123600,0.0,0.0,0.0,0.006616702614766545
2026-05-27 00:00:00-04:00,748.9505199197505,749.4492351039673,746.2973210478585,748.5316162109375,42106300,0.0,0.0,0.0,-0.0001732571729027299
2026-05-28 00:00:00-04:00,748.3221518516883,753.2095851254732,747.3047533704411,752.6609497070312,41562600,0.0,0.0,0.0,0.005501418012009651
2026-05-29 00:00:00-04:00,753.9576670103595,756.1320579864754,752.7507543048832,754.5361328125,55075700,0.0,0.0,0.0,0.0024883063996865573
2026-06-01 00:00:00-04:00,753.4189990020213,758.3264003155792,752.7507376917755,756.5908203125,43634900,0.0,0.0,0.0,0.0027194125046703377
2026-06-02 00:00:00-04:00,755.0847737682097,758.4461093852723,754.805464031348,757.6182250976562,31581900,0.0,0.0,0.0,0.0013570186308609067
2026-06-03 00:00:00-04:00,756.2018667594974,756.8501599793441,751.6336185743088,752.3018798828125,51402500,0.0,0.0,0.0,-0.007041918531283109
2026-06-04 00:00:00-04:00,750.1673635570705,756.3614281257201,749.5389775481502,755.1445922851562,49923000,0.0,0.0,0.0,0.003771564462891952
2026-06-05 00:00:00-04:00,750.3768677170906,750.8855669656407,733.6400171295905,735.65478515625,93989400,0.0,0.0,0.0,-0.026148277086186944
2026-06-08 00:00:00-04:00,741.4498108327123,743.4247643242134,736.2931129658897,737.3204345703125,49319100,0.0,0.0,0.0,0.002261613232488635
2026-06-09 00:00:00-04:00,741.7191759970133,744.9807928982774,720.7332622187009,735.1560668945312,87683500,0.0,0.0,0.0,-0.0029397674358477843
2026-06-10 00:00:00-04:00,731.5054857614351,736.4826536495077,723.4661992814284,723.56591796875,60341300,0.0,0.0,0.0,-0.01589116082307207
2026-06-11 00:00:00-04:00,726.8873842592473,738.0984921563339,722.5485255148498,735.8642578125,86330500,0.0,0.0,0.0,0.016854017638559426
2026-06-12 00:00:00-04:00,738.8066884479139,742.5270843334097,733.1412911200548,739.843994140625,57079500,0.0,0.0,0.0,0.005393675844766577
2026-06-15 00:00:00-04:00,749.9179969688896,754.7356026867302,749.8282623277308,752.890380859375,60176400,0.0,0.0,0.0,0.017480295410686075
2026-06-16 00:00:00-04:00,752.6111046530555,753.4988323298886,747.9531216783239,748.4019775390625,67093100,0.0,0.0,0.0,-0.005979403902404812
2026-06-17 00:00:00-04:00,749.3594421826946,750.217278570044,737.3204502885575,739.0560302734375,85945200,0.0,0.0,0.0,-0.012566499634242057
2026-06-18 00:00:00-04:00,747.760009765625,748.22998046875,743.8599853515625,746.739990234375,80875700,1.904,0.0,0.0,0.010343315448327672
2026-06-22 00:00:00-04:00,747.7000122070312,750.1799926757812,743.1300048828125,744.3900146484375,46628100,0.0,0.0,0.0,-0.0031519418478263006
2026-06-23 00:00:00-04:00,733.8099975585938,739.6300048828125,732.2999877929688,733.5800170898438,66846800,0.0,0.0,0.0,-0.014628429664887754
2026-06-24 00:00:00-04:00,735.1699829101562,739.9500122070312,730.8400268554688,733.239990234375,57439500,0.0,0.0,0.0,-0.00046362452088377637
2026-06-25 00:00:00-04:00,738.9099731445312,739.3699951171875,729.5999755859375,734.2999877929688,53934400,0.0,0.0,0.0,0.001444591300819198
2026-06-26 00:00:00-04:00,728.9500122070312,736.530029296875,716.5800170898438,728.989990234375,71034000,0.0,0.0,0.0,-0.0072576467361811225
2026-06-29 00:00:00-04:00,736.530029296875,741.5599975585938,732.0900268554688,741.0,58035200,0.0,0.0,0.0,0.01634062419874116
2026-06-30 00:00:00-04:00,741.2899780273438,748.02001953125,740.8900146484375,746.77001953125,55626000,0.0,0.0,0.0,0.007756640320928376
2026-07-01 00:00:00-04:00,745.0,749.4400024414062,742.3800048828125,745.760009765625,47100900,0.0,0.0,0.0,-0.0013534198977209755
2026-07-02 00:00:00-04:00,747.4000244140625,751.3099975585938,740.030029296875,744.780029296875,57447800,0.0,0.0,0.0,-0.0013149336271025547
2026-07-06 00:00:00-04:00,748.739990234375,752.4099731445312,747.4099731445312,751.280029296875,50673300,0.0,0.0,0.0,0.008689545400113019
2026-07-07 00:00:00-04:00,750.219970703125,750.9600219726562,745.2100219726562,747.7100219726562,43721500,0.0,0.0,0.0,-0.004763225841267982
2026-07-08 00:00:00-04:00,743.1599731445312,746.1500244140625,739.510009765625,745.4000244140625,43767400,0.0,0.0,0.0,-0.003094211852911144
2026-07-09 00:00:00-04:00,747.3499755859375,751.969970703125,745.5900268554688,751.7100219726562,41441700,0.0,0.0,0.0,0.008429620706500884
2026-07-10 00:00:00-04:00,752.0499877929688,755.4199829101562,748.0999755859375,754.9500122070312,42191300,0.0,0.0,0.0,0.004300897555176597
2026-07-13 00:00:00-04:00,752.469970703125,753.9099731445312,748.0,749.1699829101562,44013600,0.0,0.0,0.0,-0.007685633815530224
2026-07-14 00:00:00-04:00,750.9099731445312,753.3400268554688,748.6599731445312,751.8300170898438,35143100,0.0,0.0,0.0,0.0035443530504952747
2026-07-15 00:00:00-04:00,754.239990234375,755.5800170898438,750.2000122070312,754.8099975585938,43844800,0.0,0.0,0.0,0.003955801420062244
2026-07-16 00:00:00-04:00,752.760009765625,754.5700073242188,747.8800048828125,750.719970703125,46409800,0.0,0.0,0.0,-0.005433351714811074
2026-07-17 00:00:00-04:00,742.0800170898438,747.2899780273438,740.7999877929688,743.2899780273438,62651000,0.0,0.0,0.0,-0.009946458438716554
2026-07-20 00:00:00-04:00,747.0599975585938,748.72998046875,741.510009765625,742.0900268554688,50422300,0.0,0.0,0.0,-0.001615682759917192
2026-07-21 00:00:00-04:00,746.2899780273438,749.0399780273438,744.1799926757812,748.280029296875,34324300,0.0,0.0,0.0,0.008306712831607221
2026-07-22 00:00:00-04:00,746.6199951171875,750.02001953125,746.3699951171875,747.4099731445312,32836200,0.0,0.0,0.0,-0.0011634178861417155
2026-07-23 00:00:00-04:00,739.3699951171875,742.5599975585938,735.2100219726562,738.1799926757812,55437300,0.0,0.0,0.0,-0.012426173368713656
2026-07-24 00:00:00-04:00,738.510009765625,743.719970703125,737.2899780273438,738.9299926757812,44782000,0.0,0.0,0.0,0.0010154965735651444
2026-07-27 00:00:00-04:00,744.9099731445312,745.530029296875,735.8699951171875,739.0900268554688,41461200,0.0,0.0,0.0,0.0002165521145833793
2026-07-28 00:00:00-04:00,739.1900024414062,742.7899780273438,735.97998046875,740.8599853515625,47322200,0.0,0.0,0.0,0.002391917734196447
2026-07-29 00:00:00-04:00,739.969970703125,742.6799926757812,729.0999755859375,729.4600219726562,70697200,0.0,0.0,0.0,-0.015507089295929255
2026-07-30 00:00:00-04:00,736.0499877929688,742.4500122070312,734.5900268554688,741.6900024414062,66811300,0.0,0.0,0.0,0.01662680489863888
2026-07-31 00:00:00-04:00,744.6799926757812,748.9000244140625,737.6799926757812,747.030029296875,62445900,0.0,0.0,0.0,0.007174014783580596
2026-08-03 00:00:00-04:00,749.4400024414062,758.5800170898438,748.7999877929688,757.6699829101562,59927500,0.0,0.0,0.0,0.014142527904258628
2026-08-04 00:00:00-04:00,760.6300048828125,773.4099731445312,760.52001953125,771.3300170898438,69154800,0.0,0.0,0.0,0.017868407620300175
2026-08-05 00:00:00-04:00,775.8499755859375,776.8499755859375,769.510009765625,769.7899780273438,44689100,0.0,0.0,0.0,-0.001998597876877284
2026-08-06 00:00:00-04:00,770.2100219726562,771.8200073242188,767.4600219726562,768.5599975585938,38416900,0.0,0.0,0.0,-0.0015990909095684458
2026-08-07 00:00:00-04:00,771.02001953125,773.9199829101562,769.6099853515625,773.260009765625,43586300,0.0,0.0,0.0,0.006096725613894627
2026-08-10 00:00:00-04:00,772.5999755859375,775.0499877929688,771.6199951171875,773.030029296875,39249500,0.0,0.0,0.0,-0.0002974609738615186
2026-08-11 00:00:00-04:00,774.530029296875,774.6099853515625,769.2000122070312,770.5599975585938,36740600,0.0,0.0,0.0,-0.0032003754929252892
2026-08-12 00:00:00-04:00,774.7100219726562,774.9000244140625,771.280029296875,772.489990234375,33179100,0.0,0.0,0.0,0.0025015309905516148
2026-08-13 00:00:00-04:00,774.8699951171875,779.3699951171875,774.1099853515625,777.8800048828125,35634500,0.0,0.0,0.0,0.006953225851213496
2026-08-14 00:00:00-04:00,778.5399780273438,778.7999877929688,775.4299926757812,776.3400268554688,31332500,0.0,0.0,0.0,-0.0019816737654361205
