contractSymbol,lastTradeDate,strike,lastPrice,bid,ask,change,percentChange,volume,openInterest,impliedVolatility,inTheMoney,contractSize,currency,cp,expiry,days_to_expiry,spot,snapshot_utc
XSP260824C00700000,2026-08-03 13:30:03+00:00,700.0,53.51,70.79,71.23,0.0,0.0,,0.0,1.0000000000000003e-05,True,REGULAR,USD,C,2026-08-24,6,778.5800170898438,2026-08-18T08:43:39+00:00
XSP260824C00710000,2026-07-29 20:00:17+00:00,710.0,29.25,60.79,61.2,0.0,0.0,1.0,0.0,1.0000000000000003e-05,True,REGULAR,USD,C,2026-08-24,6,778.5800170898438,2026-08-18T08:43:39+00:00
XSP260824C00715000,2026-07-27 13:33:11+00:00,715.0,37.36,55.81,56.22,0.0,0.0,,0.0,1.0000000000000003e-05,True,REGULAR,USD,C,2026-08-24,6,778.5800170898438,2026-08-18T08:43:39+00:00
XSP260824C00718000,2026-08-10 16:01:38+00:00,718.0,59.32,52.82,53.23,0.0,0.0,,,1.0000000000000003e-05,True,REGULAR,USD,C,2026-08-24,6,778.5800170898438,2026-08-18T08:43:39+00:00
XSP260824C00719000,2026-08-13 17:30:19+00:00,719.0,61.04,51.82,52.23,0.0,0.0,2.0,0.0,1.0000000000000003e-05,True,REGULAR,USD,C,2026-08-24,6,778.5800170898438,2026-08-18T08:43:39+00:00
XSP260824C00720000,2026-07-27 13:33:11+00:00,720.0,33.03,50.83,51.24,0.0,0.0,,0.0,1.0000000000000003e-05,True,REGULAR,USD,C,2026-08-24,6,778.5800170898438,2026-08-18T08:43:39+00:00
XSP260824C00724000,2026-08-13 17:30:19+00:00,724.0,56.05,46.84,47.25,0.0,0.0,2.0,0.0,1.0000000000000003e-05,True,REGULAR,USD,C,2026-08-24,6,778.5800170898438,2026-08-18T08:43:39+00:00
XSP260824C00725000,2026-07-28 17:49:27+00:00,725.0,26.12,45.85,46.26,0.0,0.0,,0.0,1.0000000000000003e-05,True,REGULAR,USD,C,2026-08-24,6,778.5800170898438,2026-08-18T08:43:39+00:00
XSP260824C00730000,2026-08-04 19:09:22+00:00,730.0,47.06,40.88,41.28,0.0,0.0,4.0,0.0,1.0000000000000003e-05,True,REGULAR,USD,C,2026-08-24,6,778.5800170898438,2026-08-18T08:43:39+00:00
XSP260824C00732000,2026-08-05 17:32:24+00:00,732.0,43.39,38.9,39.3,0.0,0.0,,0.0,1.0000000000000003e-05,True,REGULAR,USD,C,2026-08-24,6,778.5800170898438,2026-08-18T08:43:39+00:00
XSP260824C00733000,2026-08-04 14:44:43+00:00,733.0,37.2,37.9,38.3,0.0,0.0,1.0,0.0,1.0000000000000003e-05,True,REGULAR,USD,C,2026-08-24,6,778.5800170898438,2026-08-18T08:43:39+00:00
XSP260824C00735000,2026-08-11 18:51:51+00:00,735.0,38.48,35.92,36.32,0.0,0.0,4.0,0.0,1.0000000000000003e-05,True,REGULAR,USD,C,2026-08-24,6,778.5800170898438,2026-08-18T08:43:39+00:00
XSP260824C00736000,2026-08-06 19:39:24+00:00,736.0,37.46,34.93,35.33,0.0,0.0,3.0,0.0,1.0000000000000003e-05,True,REGULAR,USD,C,2026-08-24,6,778.5800170898438,2026-08-18T08:43:39+00:00
XSP260824C00737000,2026-08-13 02:45:26+00:00,737.0,38.91,33.94,34.34,0.0,0.0,4.0,0.0,1.0000000000000003e-05,True,REGULAR,USD,C,2026-08-24,6,778.5800170898438,2026-08-18T08:43:39+00:00
XSP260824C00738000,2026-08-13 02:45:26+00:00,738.0,37.94,32.96,33.35,0.0,0.0,4.0,0.0,1.0000000000000003e-05,True,REGULAR,USD,C,2026-08-24,6,778.5800170898438,2026-08-18T08:43:39+00:00
XSP260824C00739000,2026-08-13 02:44:34+00:00,739.0,36.88,31.97,32.36,0.0,0.0,8.0,0.0,1.0000000000000003e-05,True,REGULAR,USD,C,2026-08-24,6,778.5800170898438,2026-08-18T08:43:39+00:00
XSP260824C00740000,2026-07-29 18:57:17+00:00,740.0,14.55,30.98,31.37,0.0,0.0,1.0,0.0,1.0000000000000003e-05,True,REGULAR,USD,C,2026-08-24,6,778.5800170898438,2026-08-18T08:43:39+00:00
XSP260824C00742000,2026-08-11 00:57:58+00:00,742.0,34.91,29.02,29.4,0.0,0.0,3.0,0.0,1.0000000000000003e-05,True,REGULAR,USD,C,2026-08-24,6,778.5800170898438,2026-08-18T08:43:39+00:00
XSP260824C00743000,2026-08-17 00:58:32+00:00,743.0,36.39,28.04,28.42,0.0,0.0,5.0,0.0,1.0000000000000003e-05,True,REGULAR,USD,C,2026-08-24,6,778.5800170898438,2026-08-18T08:43:39+00:00
XSP260824C00744000,2026-08-17 14:10:01+00:00,744.0,34.0,27.06,27.44,0.0,0.0,31.0,0.0,1.0000000000000003e-05,True,REGULAR,USD,C,2026-08-24,6,778.5800170898438,2026-08-18T08:43:39+00:00
XSP260824C00745000,2026-08-17 14:10:01+00:00,745.0,32.99,26.09,26.46,0.0,0.0,31.0,0.0,1.0000000000000003e-05,True,REGULAR,USD,C,2026-08-24,6,778.5800170898438,2026-08-18T08:43:39+00:00
XSP260824C00746000,2026-08-03 13:51:06+00:00,746.0,15.01,25.12,25.49,0.0,0.0,1.0,0.0,1.0000000000000003e-05,True,REGULAR,USD,C,2026-08-24,6,778.5800170898438,2026-08-18T08:43:39+00:00
XSP260824C00747000,2026-08-17 00:58:32+00:00,747.0,32.44,24.15,24.51,0.0,0.0,5.0,0.0,1.0000000000000003e-05,True,REGULAR,USD,C,2026-08-24,6,778.5800170898438,2026-08-18T08:43:39+00:00
XSP260824C00748000,2026-08-17 02:20:38+00:00,748.0,31.26,23.18,23.54,0.0,0.0,2.0,0.0,1.0000000000000003e-05,True,REGULAR,USD,C,2026-08-24,6,778.5800170898438,2026-08-18T08:43:39+00:00
XSP260824C00749000,2026-08-13 02:44:34+00:00,749.0,27.16,21.66,22.61,0.0,0.0,8.0,0.0,1.0000000000000003e-05,True,REGULAR,USD,C,2026-08-24,6,778.5800170898438,2026-08-18T08:43:39+00:00
XSP260824C00750000,2026-08-13 02:44:34+00:00,750.0,26.2,20.93,21.65,0.0,0.0,8.0,0.0,1.0000000000000003e-05,True,REGULAR,USD,C,2026-08-24,6,778.5800170898438,2026-08-18T08:43:39+00:00
XSP260824C00751000,2026-08-06 19:39:24+00:00,751.0,22.56,19.75,20.69,0.0,0.0,,0.0,1.0000000000000003e-05,True,REGULAR,USD,C,2026-08-24,6,778.5800170898438,2026-08-18T08:43:39+00:00
XSP260824C00752000,2026-08-18 08:00:19+00:00,752.0,19.52,19.38,19.73,-7.289999,-27.191343,1.0,0.0,1.0000000000000003e-05,True,REGULAR,USD,C,2026-08-24,6,778.5800170898438,2026-08-18T08:43:39+00:00
XSP260824C00753000,2026-08-12 13:56:45+00:00,753.0,22.68,18.31,18.79,0.0,0.0,1.0,0.0,1.0000000000000003e-05,True,REGULAR,USD,C,2026-08-24,6,778.5800170898438,2026-08-18T08:43:39+00:00
XSP260824C00754000,2026-08-14 19:15:43+00:00,754.0,24.94,17.38,17.85,0.0,0.0,1.0,0.0,1.0000000000000003e-05,True,REGULAR,USD,C,2026-08-24,6,778.5800170898438,2026-08-18T08:43:39+00:00
XSP260824C00755000,2026-08-17 14:31:29+00:00,755.0,23.22,16.5,17.3,0.0,0.0,5.0,0.0,1.0000000000000003e-05,True,REGULAR,USD,C,2026-08-24,6,778.5800170898438,2026-08-18T08:43:39+00:00
XSP260824C00756000,2026-08-17 14:31:29+00:00,756.0,22.22,15.66,15.96,0.0,0.0,5.0,0.0,1.0000000000000003e-05,True,REGULAR,USD,C,2026-08-24,6,778.5800170898438,2026-08-18T08:43:39+00:00
XSP260824C00757000,2026-08-17 19:57:48+00:00,757.0,18.65,14.75,15.04,0.0,0.0,2.0,0.0,1.0000000000000003e-05,True,REGULAR,USD,C,2026-08-24,6,778.5800170898438,2026-08-18T08:43:39+00:00
XSP260824C00758000,2026-08-17 17:23:53+00:00,758.0,18.78,13.85,14.13,0.0,0.0,3.0,0.0,1.0000000000000003e-05,True,REGULAR,USD,C,2026-08-24,6,778.5800170898438,2026-08-18T08:43:39+00:00
XSP260824C00759000,2026-08-17 20:00:06+00:00,759.0,16.42,12.97,13.24,0.0,0.0,1.0,0.0,1.0000000000000003e-05,True,REGULAR,USD,C,2026-08-24,6,778.5800170898438,2026-08-18T08:43:39+00:00
XSP260824C00760000,2026-08-14 19:15:43+00:00,760.0,19.16,12.1,12.36,0.0,0.0,6.0,0.0,1.0000000000000003e-05,True,REGULAR,USD,C,2026-08-24,6,778.5800170898438,2026-08-18T08:43:39+00:00
XSP260824C00761000,2026-08-17 17:26:52+00:00,761.0,15.81,11.25,11.5,0.0,0.0,1.0,0.0,1.0000000000000003e-05,True,REGULAR,USD,C,2026-08-24,6,778.5800170898438,2026-08-18T08:43:39+00:00
XSP260824C00762000,2026-08-17 20:00:06+00:00,762.0,13.73,10.41,10.64,0.0,0.0,2.0,0.0,1.0000000000000003e-05,True,REGULAR,USD,C,2026-08-24,6,778.5800170898438,2026-08-18T08:43:39+00:00
XSP260824C00764000,2026-08-04 13:24:36+00:00,764.0,8.09,8.79,8.99,0.0,0.0,,0.0,1.0000000000000003e-05,True,REGULAR,USD,C,2026-08-24,6,778.5800170898438,2026-08-18T08:43:39+00:00
XSP260824C00765000,2026-08-17 17:44:38+00:00,765.0,12.24,8.03,8.2,0.0,0.0,1.0,0.0,1.0000000000000003e-05,True,REGULAR,USD,C,2026-08-24,6,778.5800170898438,2026-08-18T08:43:39+00:00
XSP260824C00766000,2026-08-14 19:40:57+00:00,766.0,13.88,7.27,7.43,0.0,0.0,,0.0,1.0000000000000003e-05,True,REGULAR,USD,C,2026-08-24,6,778.5800170898438,2026-08-18T08:43:39+00:00
XSP260824C00767000,2026-08-17 17:58:50+00:00,767.0,10.23,6.61,6.67,0.0,0.0,2.0,0.0,1.0000000000000003e-05,True,REGULAR,USD,C,2026-08-24,6,778.5800170898438,2026-08-18T08:43:39+00:00
XSP260824C00768000,2026-08-17 19:20:17+00:00,768.0,9.27,5.92,5.97,0.0,0.0,2.0,0.0,1.0000000000000003e-05,True,REGULAR,USD,C,2026-08-24,6,778.5800170898438,2026-08-18T08:43:39+00:00
XSP260824C00769000,2026-08-17 14:57:21+00:00,769.0,9.71,5.26,5.3,0.0,0.0,1.0,0.0,1.0000000000000003e-05,True,REGULAR,USD,C,2026-08-24,6,778.5800170898438,2026-08-18T08:43:39+00:00
XSP260824C00770000,2026-08-17 19:20:17+00:00,770.0,7.66,4.62,4.67,0.0,0.0,15.0,0.0,0.032480378417968754,True,REGULAR,USD,C,2026-08-24,6,778.5800170898438,2026-08-18T08:43:39+00:00
XSP260824C00771000,2026-08-17 15:08:32+00:00,771.0,8.35,4.05,4.09,0.0,0.0,12.0,0.0,0.04261211303710938,True,REGULAR,USD,C,2026-08-24,6,778.5800170898438,2026-08-18T08:43:39+00:00
XSP260824C00772000,2026-08-18 08:00:19+00:00,772.0,3.52,3.51,3.55,-2.4,-40.540543,1.0,0.0,0.048105222167968746,True,REGULAR,USD,C,2026-08-24,6,778.5800170898438,2026-08-18T08:43:39+00:00
XSP260824C00773000,2026-08-17 19:45:16+00:00,773.0,5.24,3.0,3.04,0.0,0.0,24.0,0.0,0.05152315673828125,True,REGULAR,USD,C,2026-08-24,6,778.5800170898438,2026-08-18T08:43:39+00:00
XSP260824C00774000,2026-08-18 05:57:06+00:00,774.0,3.06,2.55,2.59,-2.08,-40.466927,41.0,0.0,0.0543612631225586,True,REGULAR,USD,C,2026-08-24,6,778.5800170898438,2026-08-18T08:43:39+00:00
XSP260824C00775000,2026-08-18 07:33:20+00:00,775.0,2.4,2.14,2.18,-1.3899999,-36.675457,43.0,0.0,0.056466954956054694,False,REGULAR,USD,C,2026-08-24,6,778.5800170898438,2026-08-18T08:43:39+00:00
XSP260824C00776000,2026-08-17 19:52:50+00:00,776.0,3.32,1.78,1.82,0.0,0.0,27.0,0.0,0.058236956787109384,False,REGULAR,USD,C,2026-08-24,6,778.5800170898438,2026-08-18T08:43:39+00:00
XSP260824C00777000,2026-08-18 06:11:21+00:00,777.0,1.68,1.47,1.51,-1.0400001,-38.2353,7.0,0.0,0.05982385498046875,False,REGULAR,USD,C,2026-08-24,6,778.5800170898438,2026-08-18T08:43:39+00:00
XSP260824C00778000,2026-08-18 05:59:10+00:00,778.0,1.43,1.19,1.23,-0.7700001,-35.000004,45.0,0.0,0.06092247680664063,False,REGULAR,USD,C,2026-08-24,6,778.5800170898438,2026-08-18T08:43:39+00:00
XSP260824C00779000,2026-08-17 19:22:08+00:00,779.0,2.16,0.95,0.99,0.0,0.0,31.0,0.0,0.06177696044921876,False,REGULAR,USD,C,2026-08-24,6,778.5800170898438,2026-08-18T08:43:39+00:00
XSP260824C00780000,2026-08-18 06:34:19+00:00,780.0,0.96,0.75,0.79,-0.82,-46.067417,8.0,0.0,0.06263144409179688,False,REGULAR,USD,C,2026-08-24,6,778.5800170898438,2026-08-18T08:43:39+00:00
XSP260824C00781000,2026-08-18 01:43:24+00:00,781.0,1.12,0.6,0.63,-0.18999994,-14.503813,1.0,0.0,0.06360799682617188,False,REGULAR,USD,C,2026-08-24,6,778.5800170898438,2026-08-18T08:43:39+00:00
XSP260824C00782000,2026-08-17 20:07:53+00:00,782.0,1.0,0.47,0.5,0.0,0.0,22.0,0.0,0.06458454956054688,False,REGULAR,USD,C,2026-08-24,6,778.5800170898438,2026-08-18T08:43:39+00:00
XSP260824C00783000,2026-08-18 04:11:30+00:00,783.0,0.51,0.37,0.39,-0.32,-38.55422,2.0,0.0,0.06525592956542968,False,REGULAR,USD,C,2026-08-24,6,778.5800170898438,2026-08-18T08:43:39+00:00
XSP260824C00784000,2026-08-18 05:59:10+00:00,784.0,0.36,0.29,0.31,-0.26,-41.935482,6.0,0.0,0.06641558593750001,False,REGULAR,USD,C,2026-08-24,6,778.5800170898438,2026-08-18T08:43:39+00:00
XSP260824C00785000,2026-08-17 19:45:58+00:00,785.0,0.54,0.22,0.24,0.0,0.0,46.0,0.0,0.06714800048828126,False,REGULAR,USD,C,2026-08-24,6,778.5800170898438,2026-08-18T08:43:39+00:00
XSP260824C00786000,2026-08-18 05:59:10+00:00,786.0,0.2,0.17,0.18,-0.26999998,-57.446808,1.0,0.0,0.0675142077636719,False,REGULAR,USD,C,2026-08-24,6,778.5800170898438,2026-08-18T08:43:39+00:00
XSP260824C00787000,2026-08-18 08:26:35+00:00,787.0,0.15,0.14,0.15,-0.16,-51.612904,4.0,0.0,0.06934524414062501,False,REGULAR,USD,C,2026-08-24,6,778.5800170898438,2026-08-18T08:43:39+00:00
XSP260824C00788000,2026-08-17 19:57:39+00:00,788.0,0.21,0.11,0.12,0.0,0.0,15.0,0.0,0.07081007324218751,False,REGULAR,USD,C,2026-08-24,6,778.5800170898438,2026-08-18T08:43:39+00:00
XSP260824C00789000,2026-08-17 18:25:27+00:00,789.0,0.2,0.09,0.1,0.0,0.0,12.0,0.0,0.07251904052734376,False,REGULAR,USD,C,2026-08-24,6,778.5800170898438,2026-08-18T08:43:39+00:00
XSP260824C00790000,2026-08-17 19:45:58+00:00,790.0,0.14,0.07,0.09,0.0,0.0,51.0,0.0,0.07520456054687502,False,REGULAR,USD,C,2026-08-24,6,778.5800170898438,2026-08-18T08:43:39+00:00
XSP260824C00791000,2026-08-17 20:01:43+00:00,791.0,0.1,0.06,0.07,0.0,0.0,7.0,0.0,0.07618111328125002,False,REGULAR,USD,C,2026-08-24,6,778.5800170898438,2026-08-18T08:43:39+00:00
XSP260824C00792000,2026-08-17 18:46:12+00:00,792.0,0.09,0.05,0.07,0.0,0.0,26.0,0.0,0.07984318603515625,False,REGULAR,USD,C,2026-08-24,6,778.5800170898438,2026-08-18T08:43:39+00:00
XSP260824C00793000,2026-08-17 16:44:00+00:00,793.0,0.13,0.04,0.06,0.0,0.0,12.0,0.0,0.08155215332031251,False,REGULAR,USD,C,2026-08-24,6,778.5800170898438,2026-08-18T08:43:39+00:00
XSP260824C00794000,2026-08-17 18:25:27+00:00,794.0,0.06,0.03,0.05,0.0,0.0,4.0,0.0,0.08301698242187502,False,REGULAR,USD,C,2026-08-24,6,778.5800170898438,2026-08-18T08:43:39+00:00
XSP260824C00795000,2026-08-17 16:53:09+00:00,795.0,0.08,0.03,0.05,0.0,0.0,234.0,0.0,0.08692319335937501,False,REGULAR,USD,C,2026-08-24,6,778.5800170898438,2026-08-18T08:43:39+00:00
XSP260824C00796000,2026-08-17 16:34:23+00:00,796.0,0.08,0.03,0.05,0.0,0.0,3.0,0.0,0.0903411279296875,False,REGULAR,USD,C,2026-08-24,6,778.5800170898438,2026-08-18T08:43:39+00:00
XSP260824C00797000,2026-08-14 15:26:29+00:00,797.0,0.16,0.02,0.04,0.0,0.0,5.0,0.0,0.0913176806640625,False,REGULAR,USD,C,2026-08-24,6,778.5800170898438,2026-08-18T08:43:39+00:00
XSP260824C00798000,2026-08-17 16:53:09+00:00,798.0,0.06,0.02,0.04,0.0,0.0,12.0,0.0,0.09473561523437501,False,REGULAR,USD,C,2026-08-24,6,778.5800170898438,2026-08-18T08:43:39+00:00
XSP260824C00800000,2026-08-17 20:09:03+00:00,800.0,0.03,0.01,0.04,0.0,0.0,11.0,0.0,0.10157148437499999,False,REGULAR,USD,C,2026-08-24,6,778.5800170898438,2026-08-18T08:43:39+00:00
XSP260824C00801000,2026-08-17 01:17:27+00:00,801.0,0.07,0.01,0.04,0.0,0.0,1.0,0.0,0.1049894189453125,False,REGULAR,USD,C,2026-08-24,6,778.5800170898438,2026-08-18T08:43:39+00:00
XSP260824C00802000,2026-08-17 16:25:46+00:00,802.0,0.04,0.01,0.04,0.0,0.0,1.0,0.0,0.108407353515625,False,REGULAR,USD,C,2026-08-24,6,778.5800170898438,2026-08-18T08:43:39+00:00
XSP260824C00803000,2026-08-17 14:10:44+00:00,803.0,0.04,0.01,0.04,0.0,0.0,1.0,0.0,0.11133701171874999,False,REGULAR,USD,C,2026-08-24,6,778.5800170898438,2026-08-18T08:43:39+00:00
XSP260824C00804000,2026-08-17 14:50:18+00:00,804.0,0.04,0.01,0.04,0.0,0.0,3.0,0.0,0.11524322265625,False,REGULAR,USD,C,2026-08-24,6,778.5800170898438,2026-08-18T08:43:39+00:00
XSP260824C00805000,2026-08-17 18:27:59+00:00,805.0,0.02,0.01,0.04,0.0,0.0,2.0,0.0,0.118172880859375,False,REGULAR,USD,C,2026-08-24,6,778.5800170898438,2026-08-18T08:43:39+00:00
XSP260824C00807000,2026-08-11 14:14:07+00:00,807.0,0.16,0.0,0.04,0.0,0.0,,0.0,0.12500875,False,REGULAR,USD,C,2026-08-24,6,778.5800170898438,2026-08-18T08:43:39+00:00
XSP260824C00810000,2026-08-17 17:00:25+00:00,810.0,0.03,0.0,0.04,0.0,0.0,4.0,0.0,0.13477427734375003,False,REGULAR,USD,C,2026-08-24,6,778.5800170898438,2026-08-18T08:43:39+00:00
XSP260824C00815000,2026-08-13 15:45:22+00:00,815.0,0.07,0.0,0.04,0.0,0.0,2.0,0.0,0.15039912109375003,False,REGULAR,USD,C,2026-08-24,6,778.5800170898438,2026-08-18T08:43:39+00:00
XSP260824C00820000,2026-08-10 17:50:21+00:00,820.0,0.07,0.0,0.03,0.0,0.0,20.0,0.0,0.161141201171875,False,REGULAR,USD,C,2026-08-24,6,778.5800170898438,2026-08-18T08:43:39+00:00
XSP260824C00830000,2026-08-13 19:51:09+00:00,830.0,0.05,0.0,0.03,0.0,0.0,,0.0,0.1914143359375,False,REGULAR,USD,C,2026-08-24,6,778.5800170898438,2026-08-18T08:43:39+00:00
XSP260824C00835000,2026-08-13 19:42:40+00:00,835.0,0.05,,0.03,0.0,0.0,,0.0,0.20606262695312497,False,REGULAR,USD,C,2026-08-24,6,778.5800170898438,2026-08-18T08:43:39+00:00
XSP260824P00450000,2026-07-29 15:34:14+00:00,450.0,0.05,0.0,0.02,0.0,0.0,,0.0,1.171879140625,False,REGULAR,USD,P,2026-08-24,6,778.5800170898438,2026-08-18T08:43:39+00:00
XSP260824P00460000,2026-07-23 15:35:02+00:00,460.0,0.13,0.0,0.02,0.0,0.0,4.0,0.0,1.125004375,False,REGULAR,USD,P,2026-08-24,6,778.5800170898438,2026-08-18T08:43:39+00:00
XSP260824P00500000,2026-07-27 19:54:24+00:00,500.0,0.12,0.0,0.02,0.0,0.0,,0.0,0.9531254687499999,False,REGULAR,USD,P,2026-08-24,6,778.5800170898438,2026-08-18T08:43:39+00:00
XSP260824P00550000,2026-08-04 16:58:07+00:00,550.0,0.03,0.0,0.02,0.0,0.0,,0.0,0.7578149218750001,False,REGULAR,USD,P,2026-08-24,6,778.5800170898438,2026-08-18T08:43:39+00:00
XSP260824P00560000,2026-08-05 15:48:17+00:00,560.0,0.03,0.0,0.02,0.0,0.0,,0.0,0.7187528125,False,REGULAR,USD,P,2026-08-24,6,778.5800170898438,2026-08-18T08:43:39+00:00
XSP260824P00570000,2026-07-29 20:00:27+00:00,570.0,0.36,0.0,0.02,0.0,0.0,,0.0,0.6875031250000001,False,REGULAR,USD,P,2026-08-24,6,778.5800170898438,2026-08-18T08:43:39+00:00
XSP260824P00580000,2026-08-07 01:12:19+00:00,580.0,0.03,0.0,0.02,0.0,0.0,5.0,0.0,0.648441015625,False,REGULAR,USD,P,2026-08-24,6,778.5800170898438,2026-08-18T08:43:39+00:00
XSP260824P00590000,2026-07-24 13:30:13+00:00,590.0,0.51,0.0,0.02,0.0,0.0,,0.0,0.6093789062500001,False,REGULAR,USD,P,2026-08-24,6,778.5800170898438,2026-08-18T08:43:39+00:00
XSP260824P00600000,2026-07-30 18:30:35+00:00,600.0,0.3,0.0,0.02,0.0,0.0,,0.0,0.57812921875,False,REGULAR,USD,P,2026-08-24,6,778.5800170898438,2026-08-18T08:43:39+00:00
XSP260824P00610000,2026-07-27 16:16:12+00:00,610.0,0.61,0.0,0.02,0.0,0.0,,0.0,0.5390671093750001,False,REGULAR,USD,P,2026-08-24,6,778.5800170898438,2026-08-18T08:43:39+00:00
XSP260824P00620000,2026-07-27 19:54:24+00:00,620.0,0.64,0.0,0.02,0.0,0.0,,0.0,0.507817421875,False,REGULAR,USD,P,2026-08-24,6,778.5800170898438,2026-08-18T08:43:39+00:00
XSP260824P00630000,2026-07-27 16:16:19+00:00,630.0,0.82,0.0,0.03,0.0,0.0,2.0,0.0,0.5195360546875,False,REGULAR,USD,P,2026-08-24,6,778.5800170898438,2026-08-18T08:43:39+00:00
XSP260824P00640000,2026-07-23 13:52:13+00:00,640.0,1.1,0.0,0.03,0.0,0.0,1.0,0.0,0.48438015625,False,REGULAR,USD,P,2026-08-24,6,778.5800170898438,2026-08-18T08:43:39+00:00
XSP260824P00650000,2026-08-05 18:50:42+00:00,650.0,0.09,0.0,0.03,0.0,0.0,5.0,0.0,0.44727115234375,False,REGULAR,USD,P,2026-08-24,6,778.5800170898438,2026-08-18T08:43:39+00:00
XSP260824P00660000,2026-08-07 13:30:16+00:00,660.0,0.09,0.0,0.03,0.0,0.0,5.0,0.0,0.4101621484375,False,REGULAR,USD,P,2026-08-24,6,778.5800170898438,2026-08-18T08:43:39+00:00
XSP260824P00670000,2026-08-10 18:48:48+00:00,670.0,0.06,0.0,0.04,0.0,0.0,2.0,0.0,0.38672488281249995,False,REGULAR,USD,P,2026-08-24,6,778.5800170898438,2026-08-18T08:43:39+00:00
XSP260824P00675000,2026-08-12 17:08:55+00:00,675.0,0.05,0.0,0.04,0.0,0.0,1.0,0.0,0.36914693359375,False,REGULAR,USD,P,2026-08-24,6,778.5800170898438,2026-08-18T08:43:39+00:00
XSP260824P00680000,2026-08-17 14:22:45+00:00,680.0,0.03,0.01,0.06,0.0,0.0,3.0,0.0,0.366217275390625,False,REGULAR,USD,P,2026-08-24,6,778.5800170898438,2026-08-18T08:43:39+00:00
XSP260824P00685000,2026-07-31 18:45:10+00:00,685.0,0.89,0.01,0.04,0.0,0.0,1.0,0.0,0.3320379296875,False,REGULAR,USD,P,2026-08-24,6,778.5800170898438,2026-08-18T08:43:39+00:00
XSP260824P00690000,2026-08-11 20:01:08+00:00,690.0,0.09,0.01,0.05,0.0,0.0,1.0,0.0,0.32227240234374993,False,REGULAR,USD,P,2026-08-24,6,778.5800170898438,2026-08-18T08:43:39+00:00
XSP260824P00695000,2026-08-17 17:00:25+00:00,695.0,0.02,0.02,0.05,0.0,0.0,1.0,0.0,0.304694453125,False,REGULAR,USD,P,2026-08-24,6,778.5800170898438,2026-08-18T08:43:39+00:00
XSP260824P00700000,2026-08-10 18:48:48+00:00,700.0,0.16,0.03,0.06,0.0,0.0,2.0,0.0,0.2919992675781249,False,REGULAR,USD,P,2026-08-24,6,778.5800170898438,2026-08-18T08:43:39+00:00
XSP260824P00701000,2026-08-12 19:45:40+00:00,701.0,0.09,0.02,0.06,0.0,0.0,,0.0,0.2890696093749999,False,REGULAR,USD,P,2026-08-24,6,778.5800170898438,2026-08-18T08:43:39+00:00
XSP260824P00703000,2026-08-07 14:00:19+00:00,703.0,0.19,0.03,0.05,0.0,0.0,2.0,0.0,0.27539787109374997,False,REGULAR,USD,P,2026-08-24,6,778.5800170898438,2026-08-18T08:43:39+00:00
XSP260824P00704000,2026-08-04 13:35:03+00:00,704.0,0.53,0.04,0.05,0.0,0.0,,0.0,0.27149166015625,False,REGULAR,USD,P,2026-08-24,6,778.5800170898438,2026-08-18T08:43:39+00:00
XSP260824P00705000,2026-08-17 13:47:06+00:00,705.0,0.03,0.04,0.06,0.0,0.0,1.0,0.0,0.273444765625,False,REGULAR,USD,P,2026-08-24,6,778.5800170898438,2026-08-18T08:43:39+00:00
XSP260824P00706000,2026-07-31 13:53:26+00:00,706.0,2.55,0.04,0.06,0.0,0.0,5.0,0.0,0.270515107421875,False,REGULAR,USD,P,2026-08-24,6,778.5800170898438,2026-08-18T08:43:39+00:00
XSP260824P00708000,2026-07-31 19:30:03+00:00,708.0,1.69,0.04,0.06,0.0,0.0,9.0,0.0,0.26270268554687504,False,REGULAR,USD,P,2026-08-24,6,778.5800170898438,2026-08-18T08:43:39+00:00
XSP260824P00710000,2026-08-14 19:31:53+00:00,710.0,0.07,0.04,0.06,0.0,0.0,11.0,0.0,0.25586681640625003,False,REGULAR,USD,P,2026-08-24,6,778.5800170898438,2026-08-18T08:43:39+00:00
XSP260824P00711000,2026-08-13 14:50:36+00:00,711.0,0.08,0.05,0.07,0.0,0.0,4.0,0.0,0.256843369140625,False,REGULAR,USD,P,2026-08-24,6,778.5800170898438,2026-08-18T08:43:39+00:00
XSP260824P00712000,2026-07-31 19:50:00+00:00,712.0,1.79,0.05,0.07,0.0,0.0,2.0,0.0,0.252937158203125,False,REGULAR,USD,P,2026-08-24,6,778.5800170898438,2026-08-18T08:43:39+00:00
XSP260824P00713000,2026-08-17 18:59:42+00:00,713.0,0.05,0.05,0.07,0.0,0.0,1.0,0.0,0.249030947265625,False,REGULAR,USD,P,2026-08-24,6,778.5800170898438,2026-08-18T08:43:39+00:00
XSP260824P00714000,2026-08-04 13:35:03+00:00,714.0,0.75,0.05,0.07,0.0,0.0,1.0,0.0,0.245124736328125,False,REGULAR,USD,P,2026-08-24,6,778.5800170898438,2026-08-18T08:43:39+00:00
XSP260824P00715000,2026-08-17 17:29:19+00:00,715.0,0.07,0.06,0.07,0.0,0.0,2.0,0.0,0.2417068017578125,False,REGULAR,USD,P,2026-08-24,6,778.5800170898438,2026-08-18T08:43:39+00:00
XSP260824P00716000,2026-08-17 13:45:33+00:00,716.0,0.04,0.06,0.08,0.0,0.0,1.0,0.0,0.242195078125,False,REGULAR,USD,P,2026-08-24,6,778.5800170898438,2026-08-18T08:43:39+00:00
XSP260824P00717000,2026-08-06 13:30:15+00:00,717.0,0.51,0.06,0.08,0.0,0.0,5.0,0.0,0.23828886718749998,False,REGULAR,USD,P,2026-08-24,6,778.5800170898438,2026-08-18T08:43:39+00:00
XSP260824P00718000,2026-08-11 13:40:29+00:00,718.0,0.25,0.06,0.08,0.0,0.0,2.0,0.0,0.23438265625,False,REGULAR,USD,P,2026-08-24,6,778.5800170898438,2026-08-18T08:43:39+00:00
XSP260824P00719000,2026-08-10 14:08:11+00:00,719.0,0.25,0.07,0.08,0.0,0.0,2.0,0.0,0.2304764453125,False,REGULAR,USD,P,2026-08-24,6,778.5800170898438,2026-08-18T08:43:39+00:00
XSP260824P00720000,2026-08-14 17:29:01+00:00,720.0,0.09,0.07,0.09,0.0,0.0,1.0,0.0,0.2304764453125,False,REGULAR,USD,P,2026-08-24,6,778.5800170898438,2026-08-18T08:43:39+00:00
XSP260824P00721000,2026-08-13 14:50:36+00:00,721.0,0.11,0.07,0.09,0.0,0.0,4.0,0.0,0.22657023437499998,False,REGULAR,USD,P,2026-08-24,6,778.5800170898438,2026-08-18T08:43:39+00:00
XSP260824P00722000,2026-07-31 19:54:02+00:00,722.0,2.53,0.08,0.09,0.0,0.0,2.0,0.0,0.22266402343749997,False,REGULAR,USD,P,2026-08-24,6,778.5800170898438,2026-08-18T08:43:39+00:00
XSP260824P00723000,2026-08-04 14:30:06+00:00,723.0,0.91,0.08,0.1,0.0,0.0,4.0,0.0,0.22168747070312497,False,REGULAR,USD,P,2026-08-24,6,778.5800170898438,2026-08-18T08:43:39+00:00
XSP260824P00724000,2026-08-11 16:37:37+00:00,724.0,0.31,0.08,0.1,0.0,0.0,2.0,0.0,0.21778125976562498,False,REGULAR,USD,P,2026-08-24,6,778.5800170898438,2026-08-18T08:43:39+00:00
XSP260824P00725000,2026-08-18 02:12:55+00:00,725.0,0.09,0.09,0.11,0.0,0.0,3.0,0.0,0.21680470703125,False,REGULAR,USD,P,2026-08-24,6,778.5800170898438,2026-08-18T08:43:39+00:00
XSP260824P00726000,2026-08-05 18:49:06+00:00,726.0,0.66,0.1,0.11,0.0,0.0,2.0,0.0,0.21289849609375,False,REGULAR,USD,P,2026-08-24,6,778.5800170898438,2026-08-18T08:43:39+00:00
XSP260824P00727000,2026-08-04 16:45:20+00:00,727.0,0.92,0.1,0.11,0.0,0.0,1.0,0.0,0.20899228515624996,False,REGULAR,USD,P,2026-08-24,6,778.5800170898438,2026-08-18T08:43:39+00:00
XSP260824P00728000,2026-08-07 15:06:20+00:00,728.0,0.44,0.1,0.12,0.0,0.0,6.0,0.0,0.20752745605468748,False,REGULAR,USD,P,2026-08-24,6,778.5800170898438,2026-08-18T08:43:39+00:00
XSP260824P00729000,2026-08-17 14:51:01+00:00,729.0,0.06,0.11,0.12,0.0,0.0,2.0,0.0,0.2036212451171875,False,REGULAR,USD,P,2026-08-24,6,778.5800170898438,2026-08-18T08:43:39+00:00
XSP260824P00730000,2026-08-17 17:40:07+00:00,730.0,0.11,0.12,0.14,0.0,0.0,2.0,0.0,0.20410952148437497,False,REGULAR,USD,P,2026-08-24,6,778.5800170898438,2026-08-18T08:43:39+00:00
XSP260824P00731000,2026-08-10 14:45:06+00:00,731.0,0.39,0.12,0.14,0.0,0.0,1.0,0.0,0.20020331054687499,False,REGULAR,USD,P,2026-08-24,6,778.5800170898438,2026-08-18T08:43:39+00:00
XSP260824P00732000,2026-08-12 14:35:18+00:00,732.0,0.3,0.12,0.14,0.0,0.0,2.0,0.0,0.19605296142578127,False,REGULAR,USD,P,2026-08-24,6,778.5800170898438,2026-08-18T08:43:39+00:00
XSP260824P00733000,2026-08-14 14:16:39+00:00,733.0,0.13,0.14,0.16,0.0,0.0,3.0,0.0,0.1958088232421875,False,REGULAR,USD,P,2026-08-24,6,778.5800170898438,2026-08-18T08:43:39+00:00
XSP260824P00734000,2026-08-11 19:16:54+00:00,734.0,0.48,0.14,0.17,0.0,0.0,10.0,0.0,0.19361157958984376,False,REGULAR,USD,P,2026-08-24,6,778.5800170898438,2026-08-18T08:43:39+00:00
XSP260824P00735000,2026-08-17 14:24:28+00:00,735.0,0.1,0.15,0.17,0.0,0.0,1.0,0.0,0.18946123046875002,False,REGULAR,USD,P,2026-08-24,6,778.5800170898438,2026-08-18T08:43:39+00:00
XSP260824P00736000,2026-08-13 16:53:50+00:00,736.0,0.21,0.16,0.18,0.0,0.0,1.0,0.0,0.1870198486328125,False,REGULAR,USD,P,2026-08-24,6,778.5800170898438,2026-08-18T08:43:39+00:00
XSP260824P00737000,2026-08-18 02:31:24+00:00,737.0,0.15,0.17,0.19,0.060000002,66.666664,3.0,0.0,0.18433432861328125,False,REGULAR,USD,P,2026-08-24,6,778.5800170898438,2026-08-18T08:43:39+00:00
XSP260824P00738000,2026-08-17 14:10:01+00:00,738.0,0.1,0.19,0.21,0.0,0.0,31.0,0.0,0.18311363769531247,False,REGULAR,USD,P,2026-08-24,6,778.5800170898438,2026-08-18T08:43:39+00:00
XSP260824P00739000,2026-08-17 14:51:01+00:00,739.0,0.11,0.17,0.23,0.0,0.0,2.0,0.0,0.18164880859375,False,REGULAR,USD,P,2026-08-24,6,778.5800170898438,2026-08-18T08:43:39+00:00
XSP260824P00740000,2026-08-18 02:31:24+00:00,740.0,0.19,0.21,0.22,0.08,72.72727,3.0,0.0,0.17603363037109376,False,REGULAR,USD,P,2026-08-24,6,778.5800170898438,2026-08-18T08:43:39+00:00
XSP260824P00741000,2026-08-17 17:26:52+00:00,741.0,0.17,0.23,0.25,0.0,0.0,3.0,0.0,0.17554535400390625,False,REGULAR,USD,P,2026-08-24,6,778.5800170898438,2026-08-18T08:43:39+00:00
XSP260824P00742000,2026-08-13 13:50:19+00:00,742.0,0.27,0.24,0.26,0.0,0.0,29.0,0.0,0.17237155761718753,False,REGULAR,USD,P,2026-08-24,6,778.5800170898438,2026-08-18T08:43:39+00:00
XSP260824P00743000,2026-08-12 19:42:16+00:00,743.0,0.41,0.25,0.27,0.0,0.0,8.0,0.0,0.16895362304687503,False,REGULAR,USD,P,2026-08-24,6,778.5800170898438,2026-08-18T08:43:39+00:00
XSP260824P00744000,2026-08-18 03:43:18+00:00,744.0,0.26,0.27,0.29,0.11999999,85.71428,1.0,0.0,0.1667563793945313,False,REGULAR,USD,P,2026-08-24,6,778.5800170898438,2026-08-18T08:43:39+00:00
XSP260824P00745000,2026-08-18 08:18:16+00:00,745.0,0.32,0.29,0.31,0.13,68.42105,3.0,0.0,0.16431499755859375,False,REGULAR,USD,P,2026-08-24,6,778.5800170898438,2026-08-18T08:43:39+00:00
XSP260824P00746000,2026-08-13 19:56:13+00:00,746.0,0.33,0.32,0.34,0.0,0.0,6.0,0.0,0.1626060302734375,False,REGULAR,USD,P,2026-08-24,6,778.5800170898438,2026-08-18T08:43:39+00:00
XSP260824P00747000,2026-08-17 19:42:49+00:00,747.0,0.21,0.36,0.37,0.0,0.0,7.0,0.0,0.1606529248046875,False,REGULAR,USD,P,2026-08-24,6,778.5800170898438,2026-08-18T08:43:39+00:00
XSP260824P00748000,2026-08-13 14:49:44+00:00,748.0,0.34,0.38,0.4,0.0,0.0,6.0,0.0,0.15845568115234376,False,REGULAR,USD,P,2026-08-24,6,778.5800170898438,2026-08-18T08:43:39+00:00
XSP260824P00749000,2026-08-17 01:17:27+00:00,749.0,0.21,0.42,0.44,0.0,0.0,1.0,0.0,0.1568687829589844,False,REGULAR,USD,P,2026-08-24,6,778.5800170898438,2026-08-18T08:43:39+00:00
XSP260824P00750000,2026-08-17 19:35:42+00:00,750.0,0.27,0.45,0.48,0.0,0.0,10.0,0.0,0.1549156774902344,False,REGULAR,USD,P,2026-08-24,6,778.5800170898438,2026-08-18T08:43:39+00:00
XSP260824P00751000,2026-08-17 14:03:05+00:00,751.0,0.23,0.5,0.52,0.0,0.0,10.0,0.0,0.15271843383789066,False,REGULAR,USD,P,2026-08-24,6,778.5800170898438,2026-08-18T08:43:39+00:00
XSP260824P00752000,2026-08-17 16:44:07+00:00,752.0,0.22,0.55,0.57,0.0,0.0,20.0,0.0,0.15088739746093754,False,REGULAR,USD,P,2026-08-24,6,778.5800170898438,2026-08-18T08:43:39+00:00
XSP260824P00753000,2026-08-17 19:22:00+00:00,753.0,0.32,0.61,0.63,0.0,0.0,6.0,0.0,0.149422568359375,False,REGULAR,USD,P,2026-08-24,6,778.5800170898438,2026-08-18T08:43:39+00:00
XSP260824P00754000,2026-08-17 19:26:02+00:00,754.0,0.34,0.66,0.69,0.0,0.0,6.0,0.0,0.147469462890625,False,REGULAR,USD,P,2026-08-24,6,778.5800170898438,2026-08-18T08:43:39+00:00
XSP260824P00755000,2026-08-18 08:18:16+00:00,755.0,0.75,0.73,0.76,0.44,141.93549,3.0,0.0,0.1458825646972656,False,REGULAR,USD,P,2026-08-24,6,778.5800170898438,2026-08-18T08:43:39+00:00
XSP260824P00756000,2026-08-17 17:14:55+00:00,756.0,0.35,0.82,0.84,0.0,0.0,11.0,0.0,0.14429566650390624,False,REGULAR,USD,P,2026-08-24,6,778.5800170898438,2026-08-18T08:43:39+00:00
XSP260824P00757000,2026-08-18 02:16:27+00:00,757.0,0.67,0.91,0.93,0.21000001,45.652172,1.0,0.0,0.1428918719482422,False,REGULAR,USD,P,2026-08-24,6,778.5800170898438,2026-08-18T08:43:39+00:00
XSP260824P00758000,2026-08-17 19:24:15+00:00,758.0,0.51,1.01,1.03,0.0,0.0,29.0,0.0,0.14148807739257813,False,REGULAR,USD,P,2026-08-24,6,778.5800170898438,2026-08-18T08:43:39+00:00
XSP260824P00759000,2026-08-17 19:45:16+00:00,759.0,0.59,1.12,1.14,0.0,0.0,11.0,0.0,0.14002324829101562,False,REGULAR,USD,P,2026-08-24,6,778.5800170898438,2026-08-18T08:43:39+00:00
XSP260824P00760000,2026-08-18 04:21:28+00:00,760.0,1.03,1.23,1.26,0.41999996,68.85245,2.0,0.0,0.13855841918945314,False,REGULAR,USD,P,2026-08-24,6,778.5800170898438,2026-08-18T08:43:39+00:00
XSP260824P00761000,2026-08-18 04:21:28+00:00,761.0,1.14,1.38,1.41,0.41999996,58.333324,1.0,0.0,0.13770393554687502,False,REGULAR,USD,P,2026-08-24,6,778.5800170898438,2026-08-18T08:43:39+00:00
XSP260824P00762000,2026-08-18 06:54:39+00:00,762.0,1.3,1.54,1.56,0.52,66.66667,7.0,0.0,0.13636117553710939,False,REGULAR,USD,P,2026-08-24,6,778.5800170898438,2026-08-18T08:43:39+00:00
XSP260824P00763000,2026-08-18 02:59:12+00:00,763.0,1.26,1.71,1.74,0.36,40.0,3.0,0.0,0.1355066918945313,False,REGULAR,USD,P,2026-08-24,6,778.5800170898438,2026-08-18T08:43:39+00:00
XSP260824P00764000,2026-08-18 08:02:49+00:00,764.0,2.0,1.9,1.94,1.03,106.18556,16.0,0.0,0.13471324279785157,False,REGULAR,USD,P,2026-08-24,6,778.5800170898438,2026-08-18T08:43:39+00:00
XSP260824P00765000,2026-08-18 06:00:49+00:00,765.0,2.11,2.12,2.16,0.93999994,80.34187,4.0,0.0,0.1339808282470703,False,REGULAR,USD,P,2026-08-24,6,778.5800170898438,2026-08-18T08:43:39+00:00
XSP260824P00766000,2026-08-18 07:45:20+00:00,766.0,2.24,2.35,2.39,0.94000006,72.3077,2.0,0.0,0.13291272369384766,False,REGULAR,USD,P,2026-08-24,6,778.5800170898438,2026-08-18T08:43:39+00:00
XSP260824P00767000,2026-08-18 06:02:23+00:00,767.0,2.62,2.62,2.67,1.1599998,79.45204,15.0,0.0,0.1326380682373047,False,REGULAR,USD,P,2026-08-24,6,778.5800170898438,2026-08-18T08:43:39+00:00
XSP260824P00768000,2026-08-17 19:53:10+00:00,768.0,1.63,2.94,2.98,0.0,0.0,61.0,0.0,0.13257703369140628,False,REGULAR,USD,P,2026-08-24,6,778.5800170898438,2026-08-18T08:43:39+00:00
XSP260824P00769000,2026-08-18 04:21:28+00:00,769.0,2.69,3.29,3.33,1.0100001,60.119053,3.0,0.0,0.1328516891479492,False,REGULAR,USD,P,2026-08-24,6,778.5800170898438,2026-08-18T08:43:39+00:00
XSP260824P00770000,2026-08-18 07:45:20+00:00,770.0,3.45,3.64,3.68,1.4000001,68.292694,6.0,0.0,0.1324549645996094,False,REGULAR,USD,P,2026-08-24,6,778.5800170898438,2026-08-18T08:43:39+00:00
XSP260824P00771000,2026-08-18 06:00:49+00:00,771.0,3.94,4.06,4.11,1.6000001,68.376076,2.0,0.0,0.13337048278808594,False,REGULAR,USD,P,2026-08-24,6,778.5800170898438,2026-08-18T08:43:39+00:00
XSP260824P00772000,2026-08-18 08:21:29+00:00,772.0,4.63,4.51,4.56,2.0,76.04562,2.0,0.0,0.1341028973388672,False,REGULAR,USD,P,2026-08-24,6,778.5800170898438,2026-08-18T08:43:39+00:00
XSP260824P00773000,2026-08-18 04:56:12+00:00,773.0,4.0,5.01,5.06,1.1099999,38.408302,2.0,0.0,0.135323588256836,False,REGULAR,USD,P,2026-08-24,6,778.5800170898438,2026-08-18T08:43:39+00:00
XSP260824P00774000,2026-08-18 05:09:21+00:00,774.0,4.7,5.5,5.67,1.3699999,41.141136,8.0,0.0,0.13843635009765626,False,REGULAR,USD,P,2026-08-24,6,778.5800170898438,2026-08-18T08:43:39+00:00
XSP260824P00775000,2026-08-18 07:45:20+00:00,775.0,5.82,6.07,6.27,2.1100001,56.873318,1.0,0.0,0.14069462829589846,True,REGULAR,USD,P,2026-08-24,6,778.5800170898438,2026-08-18T08:43:39+00:00
XSP260824P00776000,2026-08-17 19:58:49+00:00,776.0,4.1,6.69,6.91,0.0,0.0,75.0,0.0,0.14328859649658204,True,REGULAR,USD,P,2026-08-24,6,778.5800170898438,2026-08-18T08:43:39+00:00
XSP260824P00777000,2026-08-17 19:55:58+00:00,777.0,4.71,7.36,7.6,0.0,0.0,90.0,0.0,0.14649291015625,True,REGULAR,USD,P,2026-08-24,6,778.5800170898438,2026-08-18T08:43:39+00:00
XSP260824P00778000,2026-08-18 06:00:38+00:00,778.0,7.75,8.07,8.34,2.56,49.325626,2.0,0.0,0.15030756927490235,True,REGULAR,USD,P,2026-08-24,6,778.5800170898438,2026-08-18T08:43:39+00:00
XSP260824P00779000,2026-08-18 06:00:38+00:00,779.0,8.5,8.82,9.12,2.63,44.80409,1.0,0.0,0.15461050476074223,True,REGULAR,USD,P,2026-08-24,6,778.5800170898438,2026-08-18T08:43:39+00:00
XSP260824P00780000,2026-08-17 20:06:10+00:00,780.0,6.62,9.63,9.94,0.0,0.0,489.0,0.0,0.15949326843261719,True,REGULAR,USD,P,2026-08-24,6,778.5800170898438,2026-08-18T08:43:39+00:00
XSP260824P00781000,2026-08-17 18:35:39+00:00,781.0,6.69,10.45,10.78,0.0,0.0,5.0,0.0,0.16446758392333982,True,REGULAR,USD,P,2026-08-24,6,778.5800170898438,2026-08-18T08:43:39+00:00
XSP260824P00782000,2026-08-17 19:38:12+00:00,782.0,7.66,11.32,11.65,0.0,0.0,2.0,,0.16986914123535157,True,REGULAR,USD,P,2026-08-24,6,778.5800170898438,2026-08-18T08:43:39+00:00
XSP260824P00783000,2026-08-17 19:38:12+00:00,783.0,8.42,12.21,12.56,0.0,0.0,2.0,0.0,0.1759725958251953,True,REGULAR,USD,P,2026-08-24,6,778.5800170898438,2026-08-18T08:43:39+00:00
XSP260824P00784000,2026-08-17 17:58:50+00:00,784.0,8.89,13.12,13.48,0.0,0.0,2.0,0.0,0.18207605041503905,True,REGULAR,USD,P,2026-08-24,6,778.5800170898438,2026-08-18T08:43:39+00:00
XSP260824P00785000,2026-08-17 17:58:50+00:00,785.0,9.72,14.06,14.4,0.0,0.0,2.0,0.0,0.18799640136718748,True,REGULAR,USD,P,2026-08-24,6,778.5800170898438,2026-08-18T08:43:39+00:00
XSP260824P00789000,2026-08-14 01:15:36+00:00,789.0,10.25,17.89,18.48,0.0,0.0,,0.0,0.22077195251464843,True,REGULAR,USD,P,2026-08-24,6,778.5800170898438,2026-08-18T08:43:39+00:00
XSP260827C00680000,2026-08-03 13:49:28+00:00,680.0,75.2,90.9,91.32,0.0,0.0,,0.0,1.0000000000000003e-05,True,REGULAR,USD,C,2026-08-27,9,778.5800170898438,2026-08-18T08:43:39+00:00
XSP260827C00700000,2026-08-07 17:10:10+00:00,700.0,75.81,71.0,71.44,0.0,0.0,1.0,0.0,1.0000000000000003e-05,True,REGULAR,USD,C,2026-08-27,9,778.5800170898438,2026-08-18T08:43:39+00:00
XSP260827C00715000,2026-08-07 17:10:10+00:00,715.0,60.91,56.07,56.49,0.0,0.0,1.0,0.0,1.0000000000000003e-05,True,REGULAR,USD,C,2026-08-27,9,778.5800170898438,2026-08-18T08:43:39+00:00
XSP260827C00725000,2026-07-29 19:27:56+00:00,725.0,22.68,46.18,46.59,0.0,0.0,,0.0,1.0000000000000003e-05,True,REGULAR,USD,C,2026-08-27,9,778.5800170898438,2026-08-18T08:43:39+00:00
XSP260827C00728000,2026-07-31 16:13:44+00:00,728.0,24.85,43.23,43.63,0.0,0.0,2.0,0.0,1.0000000000000003e-05,True,REGULAR,USD,C,2026-08-27,9,778.5800170898438,2026-08-18T08:43:39+00:00
XSP260827C00730000,2026-08-03 16:36:03+00:00,730.0,32.6,41.27,41.67,0.0,0.0,3.0,0.0,1.0000000000000003e-05,True,REGULAR,USD,C,2026-08-27,9,778.5800170898438,2026-08-18T08:43:39+00:00
XSP260827C00733000,2026-08-03 04:30:53+00:00,733.0,26.05,38.33,38.72,0.0,0.0,,0.0,1.0000000000000003e-05,True,REGULAR,USD,C,2026-08-27,9,778.5800170898438,2026-08-18T08:43:39+00:00
XSP260827C00735000,2026-07-31 13:30:06+00:00,735.0,20.43,36.38,36.76,0.0,0.0,1.0,0.0,1.0000000000000003e-05,True,REGULAR,USD,C,2026-08-27,9,778.5800170898438,2026-08-18T08:43:39+00:00
XSP260827C00737000,2026-08-03 04:03:35+00:00,737.0,22.55,34.44,34.82,0.0,0.0,4.0,0.0,1.0000000000000003e-05,True,REGULAR,USD,C,2026-08-27,9,778.5800170898438,2026-08-18T08:43:39+00:00
XSP260827C00738000,2026-08-03 04:30:53+00:00,738.0,21.94,33.47,33.85,0.0,0.0,6.0,0.0,1.0000000000000003e-05,True,REGULAR,USD,C,2026-08-27,9,778.5800170898438,2026-08-18T08:43:39+00:00
XSP260827C00740000,2026-08-03 13:30:35+00:00,740.0,19.35,31.54,31.91,0.0,0.0,1.0,0.0,1.0000000000000003e-05,True,REGULAR,USD,C,2026-08-27,9,778.5800170898438,2026-08-18T08:43:39+00:00
XSP260827C00741000,2026-08-12 17:45:35+00:00,741.0,35.59,30.58,30.95,0.0,0.0,1.0,0.0,1.0000000000000003e-05,True,REGULAR,USD,C,2026-08-27,9,778.5800170898438,2026-08-18T08:43:39+00:00
XSP260827C00745000,2026-08-10 19:44:54+00:00,745.0,32.7,26.79,27.12,0.0,0.0,1.0,0.0,1.0000000000000003e-05,True,REGULAR,USD,C,2026-08-27,9,778.5800170898438,2026-08-18T08:43:39+00:00
XSP260827C00747000,2026-08-18 02:10:18+00:00,747.0,28.03,24.91,25.23,-3.7699986,-11.855341,5.0,0.0,1.0000000000000003e-05,True,REGULAR,USD,C,2026-08-27,9,778.5800170898438,2026-08-18T08:43:39+00:00
XSP260827C00748000,2026-08-04 18:20:14+00:00,748.0,30.95,23.98,24.29,0.0,0.0,,0.0,1.0000000000000003e-05,True,REGULAR,USD,C,2026-08-27,9,778.5800170898438,2026-08-18T08:43:39+00:00
XSP260827C00749000,2026-08-05 19:58:17+00:00,749.0,28.48,23.05,23.36,0.0,0.0,,0.0,1.0000000000000003e-05,True,REGULAR,USD,C,2026-08-27,9,778.5800170898438,2026-08-18T08:43:39+00:00
XSP260827C00750000,2026-08-17 16:59:41+00:00,750.0,27.89,22.11,22.43,0.0,0.0,3.0,0.0,1.0000000000000003e-05,True,REGULAR,USD,C,2026-08-27,9,778.5800170898438,2026-08-18T08:43:39+00:00
XSP260827C00751000,2026-08-10 19:48:45+00:00,751.0,27.07,21.2,21.62,0.0,0.0,1.0,0.0,1.0000000000000003e-05,True,REGULAR,USD,C,2026-08-27,9,778.5800170898438,2026-08-18T08:43:39+00:00
XSP260827C00752000,2026-08-03 01:09:58+00:00,752.0,11.15,20.3,20.72,0.0,0.0,,0.0,1.0000000000000003e-05,True,REGULAR,USD,C,2026-08-27,9,778.5800170898438,2026-08-18T08:43:39+00:00
XSP260827C00753000,2026-08-18 02:10:18+00:00,753.0,22.37,19.4,19.81,-3.4899998,-13.495745,5.0,0.0,1.0000000000000003e-05,True,REGULAR,USD,C,2026-08-27,9,778.5800170898438,2026-08-18T08:43:39+00:00
XSP260827C00754000,2026-08-04 17:47:30+00:00,754.0,26.17,18.51,18.92,0.0,0.0,,0.0,1.0000000000000003e-05,True,REGULAR,USD,C,2026-08-27,9,778.5800170898438,2026-08-18T08:43:39+00:00
XSP260827C00755000,2026-08-13 13:23:37+00:00,755.0,24.02,17.63,17.91,0.0,0.0,5.0,0.0,1.0000000000000003e-05,True,REGULAR,USD,C,2026-08-27,9,778.5800170898438,2026-08-18T08:43:39+00:00
XSP260827C00756000,2026-08-04 13:38:21+00:00,756.0,15.59,16.79,17.06,0.0,0.0,,0.0,1.0000000000000003e-05,True,REGULAR,USD,C,2026-08-27,9,778.5800170898438,2026-08-18T08:43:39+00:00
XSP260827C00757000,2026-08-14 17:26:58+00:00,757.0,22.54,15.95,16.2,0.0,0.0,,0.0,1.0000000000000003e-05,True,REGULAR,USD,C,2026-08-27,9,778.5800170898438,2026-08-18T08:43:39+00:00
XSP260827C00758000,2026-08-03 14:01:07+00:00,758.0,8.96,15.08,15.32,0.0,0.0,5.0,0.0,1.0000000000000003e-05,True,REGULAR,USD,C,2026-08-27,9,778.5800170898438,2026-08-18T08:43:39+00:00
XSP260827C00759000,2026-08-13 15:32:51+00:00,759.0,21.62,14.25,14.49,0.0,0.0,2.0,0.0,1.0000000000000003e-05,True,REGULAR,USD,C,2026-08-27,9,778.5800170898438,2026-08-18T08:43:39+00:00
XSP260827C00760000,2026-08-17 13:40:46+00:00,760.0,19.35,13.44,13.65,0.0,0.0,61.0,0.0,1.0000000000000003e-05,True,REGULAR,USD,C,2026-08-27,9,778.5800170898438,2026-08-18T08:43:39+00:00
XSP260827C00761000,2026-08-17 19:52:26+00:00,761.0,16.07,12.65,12.83,0.0,0.0,2.0,0.0,1.0000000000000003e-05,True,REGULAR,USD,C,2026-08-27,9,778.5800170898438,2026-08-18T08:43:39+00:00
XSP260827C00762000,2026-08-17 13:40:46+00:00,762.0,17.51,11.84,12.03,0.0,0.0,61.0,0.0,1.0000000000000003e-05,True,REGULAR,USD,C,2026-08-27,9,778.5800170898438,2026-08-18T08:43:39+00:00
XSP260827C00763000,2026-08-07 13:30:35+00:00,763.0,15.95,11.07,11.25,0.0,0.0,5.0,0.0,1.0000000000000003e-05,True,REGULAR,USD,C,2026-08-27,9,778.5800170898438,2026-08-18T08:43:39+00:00
XSP260827C00765000,2026-08-17 07:32:15+00:00,765.0,16.62,9.64,9.74,0.0,0.0,2.0,0.0,0.05219453674316406,True,REGULAR,USD,C,2026-08-27,9,778.5800170898438,2026-08-18T08:43:39+00:00
XSP260827C00766000,2026-08-14 14:21:40+00:00,766.0,16.21,8.92,9.03,0.0,0.0,,0.0,0.06019006225585938,True,REGULAR,USD,C,2026-08-27,9,778.5800170898438,2026-08-18T08:43:39+00:00
XSP260827C00767000,2026-08-14 14:06:24+00:00,767.0,16.43,8.23,8.33,0.0,0.0,,0.0,0.06482868774414063,True,REGULAR,USD,C,2026-08-27,9,778.5800170898438,2026-08-18T08:43:39+00:00
XSP260827C00768000,2026-08-05 02:02:29+00:00,768.0,15.76,7.53,7.63,0.0,0.0,,0.0,0.06745317321777346,True,REGULAR,USD,C,2026-08-27,9,778.5800170898438,2026-08-18T08:43:39+00:00
XSP260827C00770000,2026-08-17 01:19:49+00:00,770.0,12.19,6.28,6.36,0.0,0.0,1.0,0.0,0.07200024688720702,True,REGULAR,USD,C,2026-08-27,9,778.5800170898438,2026-08-18T08:43:39+00:00
XSP260827C00771000,2026-08-14 07:48:03+00:00,771.0,12.81,5.7,5.76,0.0,0.0,,0.0,0.07337352416992188,True,REGULAR,USD,C,2026-08-27,9,778.5800170898438,2026-08-18T08:43:39+00:00
XSP260827C00772000,2026-08-17 16:43:57+00:00,772.0,8.73,5.13,5.2,0.0,0.0,10.0,0.0,0.07468576690673828,True,REGULAR,USD,C,2026-08-27,9,778.5800170898438,2026-08-18T08:43:39+00:00
XSP260827C00773000,2026-08-17 16:43:57+00:00,773.0,8.12,4.6,4.67,0.0,0.0,16.0,0.0,0.07569283691406252,True,REGULAR,USD,C,2026-08-27,9,778.5800170898438,2026-08-18T08:43:39+00:00
XSP260827C00774000,2026-08-18 03:21:24+00:00,774.0,4.89,4.12,4.18,-1.6800003,-25.57078,1.0,0.0,0.0766388723754883,True,REGULAR,USD,C,2026-08-27,9,778.5800170898438,2026-08-18T08:43:39+00:00
XSP260827C00775000,2026-08-18 00:59:22+00:00,775.0,5.32,3.65,3.71,-0.52,-8.904109,3.0,0.0,0.07718818328857424,False,REGULAR,USD,C,2026-08-27,9,778.5800170898438,2026-08-18T08:43:39+00:00
XSP260827C00777000,2026-08-17 15:26:03+00:00,777.0,5.86,2.83,2.88,0.0,0.0,42.0,0.0,0.07813421875000001,False,REGULAR,USD,C,2026-08-27,9,778.5800170898438,2026-08-18T08:43:39+00:00
XSP260827C00778000,2026-08-17 15:40:27+00:00,778.0,4.97,2.46,2.51,0.0,0.0,4.0,0.0,0.07831732238769533,False,REGULAR,USD,C,2026-08-27,9,778.5800170898438,2026-08-18T08:43:39+00:00
XSP260827C00779000,2026-08-13 14:00:10+00:00,779.0,7.32,2.12,2.18,0.0,0.0,,0.0,0.07862249511718751,False,REGULAR,USD,C,2026-08-27,9,778.5800170898438,2026-08-18T08:43:39+00:00
XSP260827C00780000,2026-08-18 08:18:44+00:00,780.0,1.85,1.84,1.88,-1.2699999,-40.705124,3.0,0.0,0.07880559875488281,False,REGULAR,USD,C,2026-08-27,9,778.5800170898438,2026-08-18T08:43:39+00:00
XSP260827C00781000,2026-08-17 19:04:53+00:00,781.0,2.83,1.57,1.62,0.0,0.0,5.0,0.0,0.07917180603027345,False,REGULAR,USD,C,2026-08-27,9,778.5800170898438,2026-08-18T08:43:39+00:00
XSP260827C00782000,2026-08-17 19:46:38+00:00,782.0,2.4,1.33,1.37,0.0,0.0,225.0,0.0,0.07904973693847657,False,REGULAR,USD,C,2026-08-27,9,778.5800170898438,2026-08-18T08:43:39+00:00
XSP260827C00783000,2026-08-17 18:25:33+00:00,783.0,2.27,1.13,1.16,0.0,0.0,3.0,0.0,0.07917180603027345,False,REGULAR,USD,C,2026-08-27,9,778.5800170898438,2026-08-18T08:43:39+00:00
XSP260827C00784000,2026-08-17 19:16:51+00:00,784.0,1.82,0.94,0.98,0.0,0.0,6.0,0.0,0.0794159442138672,False,REGULAR,USD,C,2026-08-27,9,778.5800170898438,2026-08-18T08:43:39+00:00
XSP260827C00785000,2026-08-17 19:41:29+00:00,785.0,1.48,0.79,0.83,0.0,0.0,20.0,0.0,0.07984318603515625,False,REGULAR,USD,C,2026-08-27,9,778.5800170898438,2026-08-18T08:43:39+00:00
XSP260827C00786000,2026-08-17 19:17:34+00:00,786.0,1.31,0.65,0.68,0.0,0.0,17.0,0.0,0.07953801330566407,False,REGULAR,USD,C,2026-08-27,9,778.5800170898438,2026-08-18T08:43:39+00:00
XSP260827C00787000,2026-08-14 19:43:05+00:00,787.0,2.3,0.54,0.56,0.0,0.0,,0.0,0.07959904785156251,False,REGULAR,USD,C,2026-08-27,9,778.5800170898438,2026-08-18T08:43:39+00:00
XSP260827C00788000,2026-08-17 14:31:02+00:00,788.0,1.45,0.44,0.47,0.0,0.0,4.0,0.0,0.08008732421875,False,REGULAR,USD,C,2026-08-27,9,778.5800170898438,2026-08-18T08:43:39+00:00
XSP260827C00789000,2026-08-14 14:31:01+00:00,789.0,2.16,0.36,0.39,0.0,0.0,3.0,0.0,0.08051456604003907,False,REGULAR,USD,C,2026-08-27,9,778.5800170898438,2026-08-18T08:43:39+00:00
XSP260827C00790000,2026-08-17 17:43:37+00:00,790.0,0.72,0.29,0.32,0.0,0.0,6.0,0.0,0.08081973876953125,False,REGULAR,USD,C,2026-08-27,9,778.5800170898438,2026-08-18T08:43:39+00:00
XSP260827C00791000,2026-08-17 14:06:24+00:00,791.0,0.9,0.24,0.26,0.0,0.0,3.0,0.0,0.08094180786132812,False,REGULAR,USD,C,2026-08-27,9,778.5800170898438,2026-08-18T08:43:39+00:00
XSP260827C00792000,2026-08-17 19:32:13+00:00,792.0,0.39,0.19,0.22,0.0,0.0,1.0,0.0,0.08179629150390627,False,REGULAR,USD,C,2026-08-27,9,778.5800170898438,2026-08-18T08:43:39+00:00
XSP260827C00793000,2026-08-17 19:53:07+00:00,793.0,0.3,0.16,0.18,0.0,0.0,17.0,0.0,0.08228456787109376,False,REGULAR,USD,C,2026-08-27,9,778.5800170898438,2026-08-18T08:43:39+00:00
XSP260827C00794000,2026-08-17 14:21:15+00:00,794.0,0.5,0.13,0.16,0.0,0.0,40.0,0.0,0.08399353515625002,False,REGULAR,USD,C,2026-08-27,9,778.5800170898438,2026-08-18T08:43:39+00:00
XSP260827C00795000,2026-08-17 18:34:09+00:00,795.0,0.23,0.11,0.13,0.0,0.0,1.0,0.0,0.08423767333984378,False,REGULAR,USD,C,2026-08-27,9,778.5800170898438,2026-08-18T08:43:39+00:00
XSP260827C00796000,2026-08-14 16:45:53+00:00,796.0,0.65,0.1,0.12,0.0,0.0,,0.0,0.08643491699218751,False,REGULAR,USD,C,2026-08-27,9,778.5800170898438,2026-08-18T08:43:39+00:00
XSP260827C00797000,2026-08-14 16:45:58+00:00,797.0,0.55,0.08,0.1,0.0,0.0,,0.0,0.08716733154296877,False,REGULAR,USD,C,2026-08-27,9,778.5800170898438,2026-08-18T08:43:39+00:00
XSP260827C00798000,2026-08-17 14:23:19+00:00,798.0,0.25,0.07,0.09,0.0,0.0,44.0,0.0,0.088876298828125,False,REGULAR,USD,C,2026-08-27,9,778.5800170898438,2026-08-18T08:43:39+00:00
XSP260827C00799000,2026-08-17 16:36:27+00:00,799.0,0.19,0.06,0.08,0.0,0.0,2.0,0.0,0.0903411279296875,False,REGULAR,USD,C,2026-08-27,9,778.5800170898438,2026-08-18T08:43:39+00:00
XSP260827C00800000,2026-08-17 17:43:37+00:00,800.0,0.11,0.05,0.07,0.0,0.0,2.0,0.0,0.09156181884765624,False,REGULAR,USD,C,2026-08-27,9,778.5800170898438,2026-08-18T08:43:39+00:00
XSP260827C00801000,2026-08-17 18:58:11+00:00,801.0,0.08,0.05,0.07,0.0,0.0,1.0,0.0,0.09473561523437501,False,REGULAR,USD,C,2026-08-27,9,778.5800170898438,2026-08-18T08:43:39+00:00
XSP260827C00802000,2026-08-14 13:54:44+00:00,802.0,0.46,0.04,0.06,0.0,0.0,,0.0,0.09571216796875001,False,REGULAR,USD,C,2026-08-27,9,778.5800170898438,2026-08-18T08:43:39+00:00
XSP260827C00804000,2026-08-14 17:48:34+00:00,804.0,0.17,0.04,0.06,0.0,0.0,,0.0,0.10157148437499999,False,REGULAR,USD,C,2026-08-27,9,778.5800170898438,2026-08-18T08:43:39+00:00
XSP260827C00805000,2026-08-17 14:53:32+00:00,805.0,0.09,0.03,0.05,0.0,0.0,7.0,0.0,0.10157148437499999,False,REGULAR,USD,C,2026-08-27,9,778.5800170898438,2026-08-18T08:43:39+00:00
XSP260827C00810000,2026-08-14 17:48:53+00:00,810.0,0.08,0.02,0.05,0.0,0.0,38.0,0.0,0.1157314990234375,False,REGULAR,USD,C,2026-08-27,9,778.5800170898438,2026-08-18T08:43:39+00:00
XSP260827C00815000,2026-08-17 13:41:17+00:00,815.0,0.05,0.01,0.05,0.0,0.0,3.0,0.0,0.129891513671875,False,REGULAR,USD,C,2026-08-27,9,778.5800170898438,2026-08-18T08:43:39+00:00
XSP260827C00820000,2026-08-12 14:43:25+00:00,820.0,0.08,0.0,0.07,0.0,0.0,2.0,0.0,0.149422568359375,False,REGULAR,USD,C,2026-08-27,9,778.5800170898438,2026-08-18T08:43:39+00:00
XSP260827C00830000,2026-08-13 13:35:27+00:00,830.0,0.05,0.0,0.07,0.0,0.0,3.0,0.0,0.176766044921875,False,REGULAR,USD,C,2026-08-27,9,778.5800170898438,2026-08-18T08:43:39+00:00
XSP260827C00840000,2026-08-04 15:23:50+00:00,840.0,0.16,0.0,0.07,0.0,0.0,,0.0,0.20313296874999998,False,REGULAR,USD,C,2026-08-27,9,778.5800170898438,2026-08-18T08:43:39+00:00
XSP260827C00850000,2026-08-12 14:43:25+00:00,850.0,0.03,0.0,0.06,0.0,0.0,1.0,0.0,0.22461712890624996,False,REGULAR,USD,C,2026-08-27,9,778.5800170898438,2026-08-18T08:43:39+00:00
XSP260827C00880000,2026-08-06 19:58:46+00:00,880.0,0.03,0.0,0.02,0.0,0.0,1.0,0.0,0.26563234375,False,REGULAR,USD,C,2026-08-27,9,778.5800170898438,2026-08-18T08:43:39+00:00
XSP260827P00450000,2026-07-30 17:15:31+00:00,450.0,0.04,0.0,0.02,0.0,0.0,,0.0,0.98437515625,False,REGULAR,USD,P,2026-08-27,9,778.5800170898438,2026-08-18T08:43:39+00:00
XSP260827P00550000,2026-07-29 19:53:54+00:00,550.0,0.33,0.0,0.02,0.0,0.0,,0.0,0.632816171875,False,REGULAR,USD,P,2026-08-27,9,778.5800170898438,2026-08-18T08:43:39+00:00
XSP260827P00560000,2026-08-06 19:58:46+00:00,560.0,0.04,0.0,0.03,0.0,0.0,1.0,0.0,0.6210975390625001,False,REGULAR,USD,P,2026-08-27,9,778.5800170898438,2026-08-18T08:43:39+00:00
XSP260827P00580000,2026-08-07 15:40:39+00:00,580.0,0.04,0.0,0.03,0.0,0.0,1.0,0.0,0.5585981640625001,False,REGULAR,USD,P,2026-08-27,9,778.5800170898438,2026-08-18T08:43:39+00:00
XSP260827P00600000,2026-08-12 00:56:47+00:00,600.0,0.03,0.0,0.03,0.0,0.0,2.0,0.0,0.500005,False,REGULAR,USD,P,2026-08-27,9,778.5800170898438,2026-08-18T08:43:39+00:00
XSP260827P00610000,2026-07-29 14:13:04+00:00,610.0,0.69,0.0,0.03,0.0,0.0,,0.0,0.49609878906250005,False,REGULAR,USD,P,2026-08-27,9,778.5800170898438,2026-08-18T08:43:39+00:00
XSP260827P00620000,2026-08-12 20:01:48+00:00,620.0,0.03,0.0,0.03,0.0,0.0,5.0,0.0,0.46484910156250003,False,REGULAR,USD,P,2026-08-27,9,778.5800170898438,2026-08-18T08:43:39+00:00
XSP260827P00630000,2026-08-11 07:21:34+00:00,630.0,0.11,0.01,0.05,0.0,0.0,2.0,0.0,0.45703667968750006,False,REGULAR,USD,P,2026-08-27,9,778.5800170898438,2026-08-18T08:43:39+00:00
XSP260827P00650000,2026-08-03 13:35:29+00:00,650.0,0.4,0.01,0.05,0.0,0.0,1.0,0.0,0.39258419921875,False,REGULAR,USD,P,2026-08-27,9,778.5800170898438,2026-08-18T08:43:39+00:00
XSP260827P00660000,2026-08-14 15:20:55+00:00,660.0,0.05,0.02,0.09,0.0,0.0,1.0,0.0,0.3857483300781249,False,REGULAR,USD,P,2026-08-27,9,778.5800170898438,2026-08-18T08:43:39+00:00
XSP260827P00670000,2026-08-14 14:49:43+00:00,670.0,0.05,0.03,0.07,0.0,0.0,4.0,0.0,0.3437565625,False,REGULAR,USD,P,2026-08-27,9,778.5800170898438,2026-08-18T08:43:39+00:00
XSP260827P00680000,2026-08-05 15:40:04+00:00,680.0,0.35,0.06,0.08,0.0,0.0,1.0,0.0,0.31641308593749995,False,REGULAR,USD,P,2026-08-27,9,778.5800170898438,2026-08-18T08:43:39+00:00
XSP260827P00685000,2026-08-06 15:23:04+00:00,685.0,0.33,0.07,0.09,0.0,0.0,1.0,0.0,0.304694453125,False,REGULAR,USD,P,2026-08-27,9,778.5800170898438,2026-08-18T08:43:39+00:00
XSP260827P00690000,2026-08-13 18:41:59+00:00,690.0,0.11,0.08,0.1,0.0,0.0,1.0,0.0,0.2924875439453124,False,REGULAR,USD,P,2026-08-27,9,778.5800170898438,2026-08-18T08:43:39+00:00
XSP260827P00695000,2026-08-04 17:46:00+00:00,695.0,0.57,0.1,0.12,0.0,0.0,1.0,0.0,0.2827220166015625,False,REGULAR,USD,P,2026-08-27,9,778.5800170898438,2026-08-18T08:43:39+00:00
XSP260827P00700000,2026-08-17 16:34:45+00:00,700.0,0.1,0.11,0.13,0.0,0.0,1.0,0.0,0.2690502783203125,False,REGULAR,USD,P,2026-08-27,9,778.5800170898438,2026-08-18T08:43:39+00:00
XSP260827P00705000,2026-08-11 15:31:55+00:00,705.0,0.31,0.14,0.16,0.0,0.0,1.0,0.0,0.25952888916015626,False,REGULAR,USD,P,2026-08-27,9,778.5800170898438,2026-08-18T08:43:39+00:00
XSP260827P00710000,2026-08-13 15:28:54+00:00,710.0,0.2,0.16,0.18,0.0,0.0,13.0,0.0,0.24658956542968752,False,REGULAR,USD,P,2026-08-27,9,778.5800170898438,2026-08-18T08:43:39+00:00
XSP260827P00715000,2026-08-11 13:34:34+00:00,715.0,0.43,0.2,0.22,0.0,0.0,6.0,0.0,0.23633576171874998,False,REGULAR,USD,P,2026-08-27,9,778.5800170898438,2026-08-18T08:43:39+00:00
XSP260827P00716000,2026-08-04 14:35:03+00:00,716.0,1.06,0.2,0.22,0.0,0.0,,0.0,0.2329178271484375,False,REGULAR,USD,P,2026-08-27,9,778.5800170898438,2026-08-18T08:43:39+00:00
XSP260827P00717000,2026-08-07 18:31:21+00:00,717.0,0.6,0.21,0.23,0.0,0.0,5.0,0.0,0.2309647216796875,False,REGULAR,USD,P,2026-08-27,9,778.5800170898438,2026-08-18T08:43:39+00:00
XSP260827P00718000,2026-08-07 18:51:39+00:00,718.0,0.62,0.22,0.24,0.0,0.0,15.0,0.0,0.22901161621093752,False,REGULAR,USD,P,2026-08-27,9,778.5800170898438,2026-08-18T08:43:39+00:00
XSP260827P00719000,2026-08-07 20:12:30+00:00,719.0,0.59,0.23,0.25,0.0,0.0,24.0,0.0,0.2268143725585937,False,REGULAR,USD,P,2026-08-27,9,778.5800170898438,2026-08-18T08:43:39+00:00
XSP260827P00720000,2026-08-13 13:37:24+00:00,720.0,0.24,0.24,0.26,0.0,0.0,10.0,0.0,0.22461712890624996,False,REGULAR,USD,P,2026-08-27,9,778.5800170898438,2026-08-18T08:43:39+00:00
XSP260827P00722000,2026-08-14 17:16:31+00:00,722.0,0.24,0.26,0.27,0.0,0.0,2.0,0.0,0.21875781249999998,False,REGULAR,USD,P,2026-08-27,9,778.5800170898438,2026-08-18T08:43:39+00:00
XSP260827P00725000,2026-08-12 17:47:25+00:00,725.0,0.41,0.29,0.31,0.0,0.0,1.0,0.0,0.21265435791015624,False,REGULAR,USD,P,2026-08-27,9,778.5800170898438,2026-08-18T08:43:39+00:00
XSP260827P00727000,2026-08-11 18:38:16+00:00,727.0,0.7,0.32,0.34,0.0,0.0,1.0,0.0,0.20862607788085932,False,REGULAR,USD,P,2026-08-27,9,778.5800170898438,2026-08-18T08:43:39+00:00
XSP260827P00728000,2026-08-07 14:04:20+00:00,728.0,0.9,0.33,0.35,0.0,0.0,5.0,0.0,0.2059405578613281,False,REGULAR,USD,P,2026-08-27,9,778.5800170898438,2026-08-18T08:43:39+00:00
XSP260827P00729000,2026-08-07 18:53:00+00:00,729.0,0.91,0.35,0.37,0.0,0.0,1.0,0.0,0.20410952148437497,False,REGULAR,USD,P,2026-08-27,9,778.5800170898438,2026-08-18T08:43:39+00:00
XSP260827P00730000,2026-08-13 18:51:21+00:00,730.0,0.36,0.36,0.39,0.0,0.0,15.0,0.0,0.2024005541992187,False,REGULAR,USD,P,2026-08-27,9,778.5800170898438,2026-08-18T08:43:39+00:00
XSP260827P00731000,2026-08-10 15:47:34+00:00,731.0,0.73,0.38,0.4,0.0,0.0,10.0,0.0,0.19947089599609374,False,REGULAR,USD,P,2026-08-27,9,778.5800170898438,2026-08-18T08:43:39+00:00
XSP260827P00732000,2026-08-11 18:38:16+00:00,732.0,0.86,0.4,0.42,0.0,0.0,1.0,0.0,0.19739572143554687,False,REGULAR,USD,P,2026-08-27,9,778.5800170898438,2026-08-18T08:43:39+00:00
XSP260827P00733000,2026-08-13 18:51:18+00:00,733.0,0.4,0.42,0.44,0.0,0.0,18.0,0.0,0.19519847778320312,False,REGULAR,USD,P,2026-08-27,9,778.5800170898438,2026-08-18T08:43:39+00:00
XSP260827P00734000,2026-08-12 17:47:25+00:00,734.0,0.58,0.44,0.47,0.0,0.0,3.0,0.0,0.19385571777343752,False,REGULAR,USD,P,2026-08-27,9,778.5800170898438,2026-08-18T08:43:39+00:00
XSP260827P00735000,2026-08-14 18:19:15+00:00,735.0,0.37,0.46,0.49,0.0,0.0,7.0,0.0,0.1914143359375,False,REGULAR,USD,P,2026-08-27,9,778.5800170898438,2026-08-18T08:43:39+00:00
XSP260827P00736000,2026-08-13 13:40:03+00:00,736.0,0.45,0.49,0.51,0.0,0.0,2.0,0.0,0.1889729541015625,False,REGULAR,USD,P,2026-08-27,9,778.5800170898438,2026-08-18T08:43:39+00:00
XSP260827P00737000,2026-08-11 18:49:47+00:00,737.0,1.02,0.49,0.56,0.0,0.0,30.0,0.0,0.188484677734375,False,REGULAR,USD,P,2026-08-27,9,778.5800170898438,2026-08-18T08:43:39+00:00
XSP260827P00738000,2026-08-17 16:28:40+00:00,738.0,0.29,0.55,0.57,0.0,0.0,2.0,0.0,0.18518881225585934,False,REGULAR,USD,P,2026-08-27,9,778.5800170898438,2026-08-18T08:43:39+00:00
XSP260827P00739000,2026-08-17 19:12:57+00:00,739.0,0.38,0.58,0.61,0.0,0.0,5.0,0.0,0.18372398315429686,False,REGULAR,USD,P,2026-08-27,9,778.5800170898438,2026-08-18T08:43:39+00:00
XSP260827P00740000,2026-08-17 16:34:10+00:00,740.0,0.32,0.62,0.64,0.0,0.0,6.0,0.0,0.18140467041015623,False,REGULAR,USD,P,2026-08-27,9,778.5800170898438,2026-08-18T08:43:39+00:00
XSP260827P00741000,2026-08-13 15:05:34+00:00,741.0,0.55,0.65,0.67,0.0,0.0,29.0,0.0,0.1790853576660156,False,REGULAR,USD,P,2026-08-27,9,778.5800170898438,2026-08-18T08:43:39+00:00
XSP260827P00742000,2026-08-13 13:43:55+00:00,742.0,0.6,0.69,0.71,0.0,0.0,3.0,0.0,0.1772543212890625,False,REGULAR,USD,P,2026-08-27,9,778.5800170898438,2026-08-18T08:43:39+00:00
XSP260827P00743000,2026-08-17 19:11:27+00:00,743.0,0.46,0.74,0.76,0.0,0.0,7.0,0.0,0.17566742309570313,False,REGULAR,USD,P,2026-08-27,9,778.5800170898438,2026-08-18T08:43:39+00:00
XSP260827P00744000,2026-08-11 19:39:40+00:00,744.0,1.34,0.78,0.81,0.0,0.0,10.0,0.0,0.17401949035644532,False,REGULAR,USD,P,2026-08-27,9,778.5800170898438,2026-08-18T08:43:39+00:00
XSP260827P00745000,2026-08-17 14:23:59+00:00,745.0,0.43,0.83,0.86,0.0,0.0,40.0,0.0,0.17212741943359378,False,REGULAR,USD,P,2026-08-27,9,778.5800170898438,2026-08-18T08:43:39+00:00
XSP260827P00746000,2026-08-17 15:22:18+00:00,746.0,0.42,0.88,0.91,0.0,0.0,25.0,0.0,0.17011327941894533,False,REGULAR,USD,P,2026-08-27,9,778.5800170898438,2026-08-18T08:43:39+00:00
XSP260827P00747000,2026-08-17 19:12:36+00:00,747.0,0.58,0.94,0.97,0.0,0.0,40.0,0.0,0.1684043121337891,False,REGULAR,USD,P,2026-08-27,9,778.5800170898438,2026-08-18T08:43:39+00:00
XSP260827P00748000,2026-08-13 14:49:13+00:00,748.0,0.73,1.0,1.03,0.0,0.0,10.0,0.0,0.1664512066650391,False,REGULAR,USD,P,2026-08-27,9,778.5800170898438,2026-08-18T08:43:39+00:00
XSP260827P00749000,2026-08-14 18:45:18+00:00,749.0,0.71,1.08,1.11,0.0,0.0,10.0,0.0,0.1651694812011719,False,REGULAR,USD,P,2026-08-27,9,778.5800170898438,2026-08-18T08:43:39+00:00
XSP260827P00750000,2026-08-17 18:39:33+00:00,750.0,0.71,1.15,1.19,0.0,0.0,7.0,0.0,0.1637046520996094,False,REGULAR,USD,P,2026-08-27,9,778.5800170898438,2026-08-18T08:43:39+00:00
XSP260827P00751000,2026-08-17 13:31:52+00:00,751.0,0.58,1.23,1.27,0.0,0.0,1.0,0.0,0.16199568481445312,False,REGULAR,USD,P,2026-08-27,9,778.5800170898438,2026-08-18T08:43:39+00:00
XSP260827P00752000,2026-08-17 13:35:04+00:00,752.0,0.69,1.32,1.36,0.0,0.0,19.0,0.0,0.16040878662109376,False,REGULAR,USD,P,2026-08-27,9,778.5800170898438,2026-08-18T08:43:39+00:00
XSP260827P00753000,2026-08-17 13:31:41+00:00,753.0,0.65,1.43,1.47,0.0,0.0,2.0,0.0,0.15931016479492188,False,REGULAR,USD,P,2026-08-27,9,778.5800170898438,2026-08-18T08:43:39+00:00
XSP260827P00754000,2026-08-17 16:50:16+00:00,754.0,0.74,1.52,1.56,0.0,0.0,12.0,0.0,0.157234990234375,False,REGULAR,USD,P,2026-08-27,9,778.5800170898438,2026-08-18T08:43:39+00:00
XSP260827P00755000,2026-08-17 07:30:24+00:00,755.0,0.75,1.64,1.68,0.0,0.0,10.0,0.0,0.15589223022460938,False,REGULAR,USD,P,2026-08-27,9,778.5800170898438,2026-08-18T08:43:39+00:00
XSP260827P00756000,2026-08-17 19:54:05+00:00,756.0,1.1,1.77,1.82,0.0,0.0,133.0,0.0,0.15497671203613284,False,REGULAR,USD,P,2026-08-27,9,778.5800170898438,2026-08-18T08:43:39+00:00
XSP260827P00757000,2026-08-17 20:09:53+00:00,757.0,1.21,1.9,1.94,0.0,0.0,10.0,0.0,0.1530846411132813,False,REGULAR,USD,P,2026-08-27,9,778.5800170898438,2026-08-18T08:43:39+00:00
XSP260827P00758000,2026-08-17 16:43:57+00:00,758.0,0.99,2.06,2.11,0.0,0.0,22.0,0.0,0.15241326110839848,False,REGULAR,USD,P,2026-08-27,9,778.5800170898438,2026-08-18T08:43:39+00:00
XSP260827P00759000,2026-08-17 14:51:02+00:00,759.0,1.03,2.22,2.27,0.0,0.0,9.0,0.0,0.1511315356445313,False,REGULAR,USD,P,2026-08-27,9,778.5800170898438,2026-08-18T08:43:39+00:00
XSP260827P00760000,2026-08-17 19:52:55+00:00,760.0,1.51,2.39,2.45,0.0,0.0,38.0,0.0,0.1500329138183594,False,REGULAR,USD,P,2026-08-27,9,778.5800170898438,2026-08-18T08:43:39+00:00
XSP260827P00761000,2026-08-17 17:44:13+00:00,761.0,1.58,2.57,2.63,0.0,0.0,46.0,0.0,0.1486596365356445,False,REGULAR,USD,P,2026-08-27,9,778.5800170898438,2026-08-18T08:43:39+00:00
XSP260827P00762000,2026-08-17 20:09:53+00:00,762.0,1.78,2.77,2.84,0.0,0.0,28.0,0.0,0.14771360107421877,False,REGULAR,USD,P,2026-08-27,9,778.5800170898438,2026-08-18T08:43:39+00:00
XSP260827P00763000,2026-08-17 16:43:57+00:00,763.0,1.45,3.01,3.07,0.0,0.0,17.0,0.0,0.14685911743164062,False,REGULAR,USD,P,2026-08-27,9,778.5800170898438,2026-08-18T08:43:39+00:00
XSP260827P00764000,2026-08-14 15:24:05+00:00,764.0,1.89,3.24,3.31,0.0,0.0,1.0,0.0,0.1458825646972656,False,REGULAR,USD,P,2026-08-27,9,778.5800170898438,2026-08-18T08:43:39+00:00
XSP260827P00765000,2026-08-17 19:41:29+00:00,765.0,2.24,3.5,3.57,0.0,0.0,17.0,0.0,0.14499756378173828,False,REGULAR,USD,P,2026-08-27,9,778.5800170898438,2026-08-18T08:43:39+00:00
XSP260827P00766000,2026-08-17 19:13:59+00:00,766.0,2.35,3.78,3.85,0.0,0.0,5.0,0.0,0.14417359741210936,False,REGULAR,USD,P,2026-08-27,9,778.5800170898438,2026-08-18T08:43:39+00:00
XSP260827P00767000,2026-08-17 20:09:53+00:00,767.0,2.69,4.09,4.16,0.0,0.0,22.0,0.0,0.14362428649902342,False,REGULAR,USD,P,2026-08-27,9,778.5800170898438,2026-08-18T08:43:39+00:00
XSP260827P00768000,2026-08-17 19:46:38+00:00,768.0,2.8,4.41,4.48,0.0,0.0,23.0,0.0,0.1428918719482422,False,REGULAR,USD,P,2026-08-27,9,778.5800170898438,2026-08-18T08:43:39+00:00
XSP260827P00769000,2026-08-17 19:13:59+00:00,769.0,3.02,4.77,4.84,0.0,0.0,11.0,0.0,0.14258669921875,False,REGULAR,USD,P,2026-08-27,9,778.5800170898438,2026-08-18T08:43:39+00:00
XSP260827P00770000,2026-08-17 16:53:31+00:00,770.0,2.72,5.14,5.2,0.0,0.0,4.0,0.0,0.14185428466796873,False,REGULAR,USD,P,2026-08-27,9,778.5800170898438,2026-08-18T08:43:39+00:00
XSP260827P00771000,2026-08-17 19:04:53+00:00,771.0,3.51,5.56,5.62,0.0,0.0,5.0,0.0,0.14191531921386719,False,REGULAR,USD,P,2026-08-27,9,778.5800170898438,2026-08-18T08:43:39+00:00
XSP260827P00772000,2026-08-17 19:52:43+00:00,772.0,3.99,5.96,6.05,0.0,0.0,26.0,0.0,0.14173221557617188,False,REGULAR,USD,P,2026-08-27,9,778.5800170898438,2026-08-18T08:43:39+00:00
XSP260827P00773000,2026-08-18 00:40:19+00:00,773.0,4.39,6.45,6.54,1.05,31.437124,1.0,0.0,0.14231204376220702,False,REGULAR,USD,P,2026-08-27,9,778.5800170898438,2026-08-18T08:43:39+00:00
XSP260827P00774000,2026-08-17 20:11:32+00:00,774.0,4.82,6.93,7.03,0.0,0.0,6.0,0.0,0.14246463012695312,False,REGULAR,USD,P,2026-08-27,9,778.5800170898438,2026-08-18T08:43:39+00:00
XSP260827P00775000,2026-08-18 00:40:19+00:00,775.0,5.17,7.48,7.58,-0.049999714,-0.95784897,1.0,0.0,0.1433496310424805,True,REGULAR,USD,P,2026-08-27,9,778.5800170898438,2026-08-18T08:43:39+00:00
XSP260827P00776000,2026-08-17 19:04:53+00:00,776.0,5.32,8.01,8.21,0.0,0.0,6.0,0.0,0.14539428833007811,True,REGULAR,USD,P,2026-08-27,9,778.5800170898438,2026-08-18T08:43:39+00:00
XSP260827P00777000,2026-08-17 18:31:29+00:00,777.0,5.74,8.6,8.82,0.0,0.0,7.0,0.0,0.14661497924804687,True,REGULAR,USD,P,2026-08-27,9,778.5800170898438,2026-08-18T08:43:39+00:00
XSP260827P00778000,2026-08-18 00:38:47+00:00,778.0,6.57,9.23,9.45,1.2200003,22.803745,1.0,0.0,0.14786618743896485,True,REGULAR,USD,P,2026-08-27,9,778.5800170898438,2026-08-18T08:43:39+00:00
XSP260827P00779000,2026-08-14 12:22:19+00:00,779.0,5.25,9.88,10.12,0.0,0.0,,0.0,0.14948360290527346,True,REGULAR,USD,P,2026-08-27,9,778.5800170898438,2026-08-18T08:43:39+00:00
XSP260827P00780000,2026-08-18 00:42:00+00:00,780.0,7.74,10.57,10.84,1.6099997,26.264269,1.0,0.0,0.15180291564941406,True,REGULAR,USD,P,2026-08-27,9,778.5800170898438,2026-08-18T08:43:39+00:00
XSP260827P00781000,2026-08-18 00:42:00+00:00,781.0,8.37,11.3,11.57,1.8199997,27.786255,1.0,0.0,0.15393912475585939,True,REGULAR,USD,P,2026-08-27,9,778.5800170898438,2026-08-18T08:43:39+00:00
XSP260827P00784000,2026-08-17 19:25:47+00:00,784.0,9.91,13.65,13.96,0.0,0.0,10.0,0.0,0.16275861663818358,True,REGULAR,USD,P,2026-08-27,9,778.5800170898438,2026-08-18T08:43:39+00:00
XSP260827P00788000,2026-08-17 18:42:11+00:00,788.0,12.91,17.07,17.91,0.0,0.0,1.0,0.0,0.1883015740966797,True,REGULAR,USD,P,2026-08-27,9,778.5800170898438,2026-08-18T08:43:39+00:00
XSP260827P00789000,2026-08-14 15:35:05+00:00,789.0,12.0,17.99,18.43,0.0,0.0,,0.0,0.18360191406249998,True,REGULAR,USD,P,2026-08-27,9,778.5800170898438,2026-08-18T08:43:39+00:00
XSP260827P00795000,2026-08-13 19:14:59+00:00,795.0,15.59,23.76,24.18,0.0,0.0,,0.0,0.2130815997314453,True,REGULAR,USD,P,2026-08-27,9,778.5800170898438,2026-08-18T08:43:39+00:00
XSP260831C00420000,2026-06-02 16:44:59+00:00,420.0,343.89,330.38,332.01,0.0,0.0,2.0,0.0,1.0000000000000003e-05,True,REGULAR,USD,C,2026-08-31,13,778.5800170898438,2026-08-18T08:43:39+00:00
XSP260831C00430000,2026-06-02 16:44:59+00:00,430.0,334.04,320.46,322.09,0.0,0.0,2.0,0.0,1.0000000000000003e-05,True,REGULAR,USD,C,2026-08-31,13,778.5800170898438,2026-08-18T08:43:39+00:00
XSP260831C00510000,2026-05-18 13:35:00+00:00,510.0,236.37,241.16,242.79,0.0,0.0,,0.0,1.0000000000000003e-05,True,REGULAR,USD,C,2026-08-31,13,778.5800170898438,2026-08-18T08:43:39+00:00
XSP260831C00540000,2026-07-13 15:21:46+00:00,540.0,217.23,230.96,231.42,0.0,0.0,,0.0,1.0000000000000003e-05,True,REGULAR,USD,C,2026-08-31,13,778.5800170898438,2026-08-18T08:43:39+00:00
XSP260831C00560000,2026-05-08 14:58:14+00:00,560.0,186.78,184.36,187.92,0.0,0.0,1.0,1.0,1.0000000000000003e-05,True,REGULAR,USD,C,2026-08-31,13,778.5800170898438,2026-08-18T08:43:39+00:00
XSP260831C00570000,2026-05-08 14:20:59+00:00,570.0,176.85,174.66,178.19,0.0,0.0,,1.0,1.0000000000000003e-05,True,REGULAR,USD,C,2026-08-31,13,778.5800170898438,2026-08-18T08:43:39+00:00
XSP260831C00580000,2026-03-31 14:37:42+00:00,580.0,86.66,164.23,165.86,0.0,0.0,3.0,0.0,1.0000000000000003e-05,True,REGULAR,USD,C,2026-08-31,13,778.5800170898438,2026-08-18T08:43:39+00:00
XSP260831C00590000,2026-05-28 15:08:58+00:00,590.0,172.01,162.15,163.78,0.0,0.0,,0.0,1.0000000000000003e-05,True,REGULAR,USD,C,2026-08-31,13,778.5800170898438,2026-08-18T08:43:39+00:00
XSP260831C00600000,2026-07-20 18:34:04+00:00,600.0,149.22,170.73,171.36,0.0,0.0,1.0,0.0,1.0000000000000003e-05,True,REGULAR,USD,C,2026-08-31,13,778.5800170898438,2026-08-18T08:43:39+00:00
XSP260831C00605000,2026-05-28 15:08:58+00:00,605.0,157.53,147.41,149.04,0.0,0.0,1.0,0.0,1.0000000000000003e-05,True,REGULAR,USD,C,2026-08-31,13,778.5800170898438,2026-08-18T08:43:39+00:00
XSP260831C00610000,2026-07-16 18:13:38+00:00,610.0,146.74,161.08,161.53,0.0,0.0,,0.0,1.0000000000000003e-05,True,REGULAR,USD,C,2026-08-31,13,778.5800170898438,2026-08-18T08:43:39+00:00
XSP260831C00615000,2026-07-20 19:00:01+00:00,615.0,133.32,156.01,156.51,0.0,0.0,1.0,0.0,1.0000000000000003e-05,True,REGULAR,USD,C,2026-08-31,13,778.5800170898438,2026-08-18T08:43:39+00:00
XSP260831C00620000,2026-07-16 18:11:45+00:00,620.0,137.28,151.02,151.52,0.0,0.0,1.0,0.0,1.0000000000000003e-05,True,REGULAR,USD,C,2026-08-31,13,778.5800170898438,2026-08-18T08:43:39+00:00
XSP260831C00634000,2026-06-01 16:24:06+00:00,634.0,132.2,119.08,120.71,0.0,0.0,1.0,0.0,1.0000000000000003e-05,True,REGULAR,USD,C,2026-08-31,13,778.5800170898438,2026-08-18T08:43:39+00:00
XSP260831C00635000,2026-04-16 14:22:05+00:00,635.0,84.57,112.77,115.93,0.0,0.0,1.0,0.0,1.0000000000000003e-05,True,REGULAR,USD,C,2026-08-31,13,778.5800170898438,2026-08-18T08:43:39+00:00
XSP260831C00636000,2026-07-15 18:07:59+00:00,636.0,124.69,135.14,135.59,0.0,0.0,1.0,0.0,1.0000000000000003e-05,True,REGULAR,USD,C,2026-08-31,13,778.5800170898438,2026-08-18T08:43:39+00:00
XSP260831C00637000,2026-06-05 13:30:02+00:00,637.0,124.69,116.16,117.8,0.0,0.0,2.0,0.0,1.0000000000000003e-05,True,REGULAR,USD,C,2026-08-31,13,778.5800170898438,2026-08-18T08:43:39+00:00
XSP260831C00638000,2026-04-14 19:53:34+00:00,638.0,77.23,110.47,115.11,0.0,0.0,1.0,0.0,1.0000000000000003e-05,True,REGULAR,USD,C,2026-08-31,13,778.5800170898438,2026-08-18T08:43:39+00:00
XSP260831C00639000,2026-04-14 19:53:34+00:00,639.0,76.4,109.55,114.2,0.0,0.0,1.0,0.0,1.0000000000000003e-05,True,REGULAR,USD,C,2026-08-31,13,778.5800170898438,2026-08-18T08:43:39+00:00
XSP260831C00641000,2026-03-12 18:59:24+00:00,641.0,61.0,84.39,93.06,0.0,0.0,,2.0,1.0000000000000003e-05,True,REGULAR,USD,C,2026-08-31,13,778.5800170898438,2026-08-18T08:43:39+00:00
XSP260831C00643000,2026-06-11 17:16:34+00:00,643.0,95.5,116.57,119.41,0.0,0.0,1.0,3.0,1.0000000000000003e-05,True,REGULAR,USD,C,2026-08-31,13,778.5800170898438,2026-08-18T08:43:39+00:00
XSP260831C00645000,2026-03-13 18:28:31+00:00,645.0,55.08,80.99,89.58,0.0,0.0,,1.0,1.0000000000000003e-05,True,REGULAR,USD,C,2026-08-31,13,778.5800170898438,2026-08-18T08:43:39+00:00
XSP260831C00650000,2026-08-17 20:04:43+00:00,650.0,125.29,120.87,121.56,0.0,0.0,1.0,0.0,1.0000000000000003e-05,True,REGULAR,USD,C,2026-08-31,13,778.5800170898438,2026-08-18T08:43:39+00:00
XSP260831C00652000,2026-05-27 15:00:58+00:00,652.0,109.2,101.66,103.29,0.0,0.0,,0.0,1.0000000000000003e-05,True,REGULAR,USD,C,2026-08-31,13,778.5800170898438,2026-08-18T08:43:39+00:00
XSP260831C00653000,2026-03-13 14:23:56+00:00,653.0,53.06,74.15,82.69,0.0,0.0,,6.0,1.0000000000000003e-05,True,REGULAR,USD,C,2026-08-31,13,778.5800170898438,2026-08-18T08:43:39+00:00
XSP260831C00655000,2026-07-20 18:46:32+00:00,655.0,94.5,116.16,116.63,0.0,0.0,2.0,0.0,1.0000000000000003e-05,True,REGULAR,USD,C,2026-08-31,13,778.5800170898438,2026-08-18T08:43:39+00:00
XSP260831C00656000,2026-07-16 13:48:45+00:00,656.0,101.5,115.12,115.6,0.0,0.0,,0.0,1.0000000000000003e-05,True,REGULAR,USD,C,2026-08-31,13,778.5800170898438,2026-08-18T08:43:39+00:00
XSP260831C00658000,2026-04-13 13:49:02+00:00,658.0,49.56,92.33,97.01,0.0,0.0,1.0,0.0,1.0000000000000003e-05,True,REGULAR,USD,C,2026-08-31,13,778.5800170898438,2026-08-18T08:43:39+00:00
XSP260831C00659000,2026-04-21 15:00:15+00:00,659.0,71.87,91.22,93.3,0.0,0.0,1.0,2.0,1.0000000000000003e-05,True,REGULAR,USD,C,2026-08-31,13,778.5800170898438,2026-08-18T08:43:39+00:00
XSP260831C00660000,2026-07-20 18:46:32+00:00,660.0,89.64,110.87,111.51,0.0,0.0,2.0,0.0,1.0000000000000003e-05,True,REGULAR,USD,C,2026-08-31,13,778.5800170898438,2026-08-18T08:43:39+00:00
XSP260831C00661000,2026-05-11 13:47:03+00:00,661.0,93.79,101.24,102.28,0.0,0.0,1.0,1.0,1.0000000000000003e-05,True,REGULAR,USD,C,2026-08-31,13,778.5800170898438,2026-08-18T08:43:39+00:00
XSP260831C00662000,2026-04-13 13:50:29+00:00,662.0,47.4,88.77,93.57,0.0,0.0,1.0,1.0,1.0000000000000003e-05,True,REGULAR,USD,C,2026-08-31,13,778.5800170898438,2026-08-18T08:43:39+00:00
XSP260831C00663000,2026-03-27 13:33:55+00:00,663.0,30.3,87.72,89.35,0.0,0.0,3.0,0.0,1.0000000000000003e-05,True,REGULAR,USD,C,2026-08-31,13,778.5800170898438,2026-08-18T08:43:39+00:00
XSP260831C00664000,2026-05-14 17:57:57+00:00,664.0,98.83,98.5,99.66,0.0,0.0,1.0,106.0,1.0000000000000003e-05,True,REGULAR,USD,C,2026-08-31,13,778.5800170898438,2026-08-18T08:43:39+00:00
XSP260831C00665000,2026-07-20 18:45:14+00:00,665.0,84.74,106.15,106.63,0.0,0.0,2.0,0.0,1.0000000000000003e-05,True,REGULAR,USD,C,2026-08-31,13,778.5800170898438,2026-08-18T08:43:39+00:00
XSP260831C00666000,2026-03-09 19:20:35+00:00,666.0,47.99,63.38,71.7,0.0,0.0,1.0,0.0,1.0000000000000003e-05,True,REGULAR,USD,C,2026-08-31,13,778.5800170898438,2026-08-18T08:43:39+00:00
XSP260831C00670000,2026-07-16 18:13:38+00:00,670.0,88.26,101.17,101.65,0.0,0.0,2.0,0.0,1.0000000000000003e-05,True,REGULAR,USD,C,2026-08-31,13,778.5800170898438,2026-08-18T08:43:39+00:00
XSP260831C00672000,2026-03-27 13:41:28+00:00,672.0,25.35,79.87,81.5,0.0,0.0,6.0,0.0,1.0000000000000003e-05,True,REGULAR,USD,C,2026-08-31,13,778.5800170898438,2026-08-18T08:43:39+00:00
XSP260831C00675000,2026-05-05 18:13:54+00:00,675.0,69.75,76.94,77.98,0.0,0.0,3.0,4.0,1.0000000000000003e-05,True,REGULAR,USD,C,2026-08-31,13,778.5800170898438,2026-08-18T08:43:39+00:00
XSP260831C00677000,2026-03-20 14:49:41+00:00,677.0,28.4,54.57,62.65,0.0,0.0,1.0,1.0,1.0000000000000003e-05,True,REGULAR,USD,C,2026-08-31,13,778.5800170898438,2026-08-18T08:43:39+00:00
XSP260831C00680000,2026-06-11 18:13:34+00:00,680.0,68.69,80.83,83.45,0.0,0.0,4.0,6.0,1.0000000000000003e-05,True,REGULAR,USD,C,2026-08-31,13,778.5800170898438,2026-08-18T08:43:39+00:00
XSP260831C00681000,2026-04-14 16:40:47+00:00,681.0,42.73,0.0,0.0,0.0,0.0,2.0,2.0,1.0000000000000003e-05,True,REGULAR,USD,C,2026-08-31,13,778.5800170898438,2026-08-18T08:43:39+00:00
XSP260831C00682000,2026-04-13 14:29:48+00:00,682.0,33.3,0.0,0.0,0.0,0.0,1.0,0.0,1.0000000000000003e-05,True,REGULAR,USD,C,2026-08-31,13,778.5800170898438,2026-08-18T08:43:39+00:00
XSP260831C00684000,2026-07-31 19:00:11+00:00,684.0,67.22,86.98,87.62,0.0,0.0,1.0,0.0,1.0000000000000003e-05,True,REGULAR,USD,C,2026-08-31,13,778.5800170898438,2026-08-18T08:43:39+00:00
XSP260831C00685000,2026-07-29 19:40:20+00:00,685.0,54.11,85.99,86.62,0.0,0.0,1.0,0.0,1.0000000000000003e-05,True,REGULAR,USD,C,2026-08-31,13,778.5800170898438,2026-08-18T08:43:39+00:00
XSP260831C00686000,2026-07-31 19:04:55+00:00,686.0,65.27,84.99,85.63,0.0,0.0,1.0,0.0,1.0000000000000003e-05,True,REGULAR,USD,C,2026-08-31,13,778.5800170898438,2026-08-18T08:43:39+00:00
XSP260831C00687000,2026-07-31 19:04:55+00:00,687.0,64.33,84.0,84.64,0.0,0.0,1.0,0.0,1.0000000000000003e-05,True,REGULAR,USD,C,2026-08-31,13,778.5800170898438,2026-08-18T08:43:39+00:00
XSP260831C00689000,2026-04-08 14:04:45+00:00,689.0,27.31,66.54,68.58,0.0,0.0,5.0,5.0,1.0000000000000003e-05,True,REGULAR,USD,C,2026-08-31,13,778.5800170898438,2026-08-18T08:43:39+00:00
XSP260831C00690000,2026-07-31 19:04:24+00:00,690.0,61.52,81.02,81.65,0.0,0.0,1.0,0.0,1.0000000000000003e-05,True,REGULAR,USD,C,2026-08-31,13,778.5800170898438,2026-08-18T08:43:39+00:00
XSP260831C00691000,2026-07-31 19:04:24+00:00,691.0,60.54,80.33,80.79,0.0,0.0,1.0,0.0,1.0000000000000003e-05,True,REGULAR,USD,C,2026-08-31,13,778.5800170898438,2026-08-18T08:43:39+00:00
XSP260831C00692000,2026-08-04 19:23:16+00:00,692.0,84.85,79.03,79.67,0.0,0.0,3.0,0.0,1.0000000000000003e-05,True,REGULAR,USD,C,2026-08-31,13,778.5800170898438,2026-08-18T08:43:39+00:00
XSP260831C00695000,2026-08-04 15:48:05+00:00,695.0,78.0,76.05,76.69,0.0,0.0,1.0,0.0,1.0000000000000003e-05,True,REGULAR,USD,C,2026-08-31,13,778.5800170898438,2026-08-18T08:43:39+00:00
XSP260831C00697000,2026-04-15 16:16:20+00:00,697.0,34.47,0.0,0.0,0.0,0.0,,0.0,1.0000000000000003e-05,True,REGULAR,USD,C,2026-08-31,13,778.5800170898438,2026-08-18T08:43:39+00:00
XSP260831C00698000,2026-08-04 15:48:05+00:00,698.0,75.06,73.08,73.71,0.0,0.0,1.0,0.0,1.0000000000000003e-05,True,REGULAR,USD,C,2026-08-31,13,778.5800170898438,2026-08-18T08:43:39+00:00
XSP260831C00700000,2026-07-17 17:50:44+00:00,700.0,55.0,71.09,71.73,0.0,0.0,2.0,0.0,1.0000000000000003e-05,True,REGULAR,USD,C,2026-08-31,13,778.5800170898438,2026-08-18T08:43:39+00:00
XSP260831C00701000,2026-07-31 08:45:22+00:00,701.0,51.11,70.12,70.78,0.0,0.0,1.0,0.0,1.0000000000000003e-05,True,REGULAR,USD,C,2026-08-31,13,778.5800170898438,2026-08-18T08:43:39+00:00
XSP260831C00702000,2026-07-31 08:45:22+00:00,702.0,50.18,69.13,69.79,0.0,0.0,1.0,0.0,1.0000000000000003e-05,True,REGULAR,USD,C,2026-08-31,13,778.5800170898438,2026-08-18T08:43:39+00:00
XSP260831C00703000,2026-04-30 18:37:50+00:00,703.0,43.07,52.64,54.14,0.0,0.0,8.0,6.0,1.0000000000000003e-05,True,REGULAR,USD,C,2026-08-31,13,778.5800170898438,2026-08-18T08:43:39+00:00
XSP260831C00704000,2026-04-30 18:40:24+00:00,704.0,42.43,51.61,53.32,0.0,0.0,8.0,5.0,1.0000000000000003e-05,True,REGULAR,USD,C,2026-08-31,13,778.5800170898438,2026-08-18T08:43:39+00:00
XSP260831C00705000,2026-07-24 16:36:13+00:00,705.0,46.65,66.14,66.77,0.0,0.0,2.0,0.0,1.0000000000000003e-05,True,REGULAR,USD,C,2026-08-31,13,778.5800170898438,2026-08-18T08:43:39+00:00
XSP260831C00706000,2026-07-22 19:46:06+00:00,706.0,50.68,65.15,65.78,0.0,0.0,1.0,0.0,1.0000000000000003e-05,True,REGULAR,USD,C,2026-08-31,13,778.5800170898438,2026-08-18T08:43:39+00:00
XSP260831C00707000,2026-07-14 14:16:49+00:00,707.0,52.32,64.16,64.79,0.0,0.0,,0.0,1.0000000000000003e-05,True,REGULAR,USD,C,2026-08-31,13,778.5800170898438,2026-08-18T08:43:39+00:00
XSP260831C00708000,2026-08-12 13:30:05+00:00,708.0,70.2,63.18,63.8,0.0,0.0,2.0,0.0,1.0000000000000003e-05,True,REGULAR,USD,C,2026-08-31,13,778.5800170898438,2026-08-18T08:43:39+00:00
XSP260831C00709000,2026-08-12 20:05:35+00:00,709.0,67.52,62.19,62.81,0.0,0.0,1.0,0.0,1.0000000000000003e-05,True,REGULAR,USD,C,2026-08-31,13,778.5800170898438,2026-08-18T08:43:39+00:00
XSP260831C00710000,2026-08-10 19:17:39+00:00,710.0,67.11,61.22,61.87,0.0,0.0,5.0,0.0,1.0000000000000003e-05,True,REGULAR,USD,C,2026-08-31,13,778.5800170898438,2026-08-18T08:43:39+00:00
XSP260831C00711000,2026-07-17 14:36:59+00:00,711.0,46.62,60.23,60.88,0.0,0.0,3.0,0.0,1.0000000000000003e-05,True,REGULAR,USD,C,2026-08-31,13,778.5800170898438,2026-08-18T08:43:39+00:00
XSP260831C00712000,2026-08-04 16:49:08+00:00,712.0,62.96,59.23,59.85,0.0,0.0,2.0,0.0,1.0000000000000003e-05,True,REGULAR,USD,C,2026-08-31,13,778.5800170898438,2026-08-18T08:43:39+00:00
XSP260831C00714000,2026-06-09 16:09:41+00:00,714.0,37.51,49.89,51.12,0.0,0.0,,1.0,1.0000000000000003e-05,True,REGULAR,USD,C,2026-08-31,13,778.5800170898438,2026-08-18T08:43:39+00:00
XSP260831C00715000,2026-07-31 16:27:22+00:00,715.0,37.13,56.27,56.89,0.0,0.0,2.0,0.0,1.0000000000000003e-05,True,REGULAR,USD,C,2026-08-31,13,778.5800170898438,2026-08-18T08:43:39+00:00
XSP260831C00716000,2026-06-09 17:22:19+00:00,716.0,38.04,47.97,49.22,0.0,0.0,,1.0,1.0000000000000003e-05,True,REGULAR,USD,C,2026-08-31,13,778.5800170898438,2026-08-18T08:43:39+00:00
XSP260831C00717000,2026-08-11 16:49:12+00:00,717.0,58.36,54.3,54.91,0.0,0.0,1.0,0.0,1.0000000000000003e-05,True,REGULAR,USD,C,2026-08-31,13,778.5800170898438,2026-08-18T08:43:39+00:00
XSP260831C00718000,2026-08-12 13:30:05+00:00,718.0,60.37,53.32,53.93,0.0,0.0,2.0,0.0,1.0000000000000003e-05,True,REGULAR,USD,C,2026-08-31,13,778.5800170898438,2026-08-18T08:43:39+00:00
XSP260831C00719000,2026-08-03 03:55:58+00:00,719.0,38.96,52.35,52.99,0.0,0.0,1.0,0.0,1.0000000000000003e-05,True,REGULAR,USD,C,2026-08-31,13,778.5800170898438,2026-08-18T08:43:39+00:00
XSP260831C00720000,2026-08-12 15:50:39+00:00,720.0,55.74,51.35,51.96,0.0,0.0,1.0,0.0,1.0000000000000003e-05,True,REGULAR,USD,C,2026-08-31,13,778.5800170898438,2026-08-18T08:43:39+00:00
XSP260831C00723000,2026-08-03 16:30:19+00:00,723.0,39.8,48.43,49.06,0.0,0.0,3.0,0.0,1.0000000000000003e-05,True,REGULAR,USD,C,2026-08-31,13,778.5800170898438,2026-08-18T08:43:39+00:00
XSP260831C00724000,2026-08-03 03:55:58+00:00,724.0,34.51,47.46,48.08,0.0,0.0,1.0,0.0,1.0000000000000003e-05,True,REGULAR,USD,C,2026-08-31,13,778.5800170898438,2026-08-18T08:43:39+00:00
XSP260831C00725000,2026-08-12 20:05:35+00:00,725.0,51.82,46.46,47.06,0.0,0.0,1.0,0.0,1.0000000000000003e-05,True,REGULAR,USD,C,2026-08-31,13,778.5800170898438,2026-08-18T08:43:39+00:00
XSP260831C00727000,2026-07-14 15:35:18+00:00,727.0,37.2,44.51,45.1,0.0,0.0,1.0,0.0,1.0000000000000003e-05,True,REGULAR,USD,C,2026-08-31,13,778.5800170898438,2026-08-18T08:43:39+00:00
XSP260831C00728000,2026-08-17 17:25:43+00:00,728.0,48.3,43.53,44.12,0.0,0.0,1.0,0.0,1.0000000000000003e-05,True,REGULAR,USD,C,2026-08-31,13,778.5800170898438,2026-08-18T08:43:39+00:00
XSP260831C00729000,2026-08-04 13:37:20+00:00,729.0,38.96,42.56,43.15,0.0,0.0,1.0,0.0,1.0000000000000003e-05,True,REGULAR,USD,C,2026-08-31,13,778.5800170898438,2026-08-18T08:43:39+00:00
XSP260831C00730000,2026-08-12 16:52:24+00:00,730.0,46.91,41.61,42.22,0.0,0.0,2.0,0.0,1.0000000000000003e-05,True,REGULAR,USD,C,2026-08-31,13,778.5800170898438,2026-08-18T08:43:39+00:00
XSP260831C00731000,2026-08-03 03:55:58+00:00,731.0,28.51,40.62,41.2,0.0,0.0,1.0,0.0,1.0000000000000003e-05,True,REGULAR,USD,C,2026-08-31,13,778.5800170898438,2026-08-18T08:43:39+00:00
XSP260831C00732000,2026-07-30 13:48:32+00:00,732.0,19.05,39.66,40.24,0.0,0.0,1.0,0.0,1.0000000000000003e-05,True,REGULAR,USD,C,2026-08-31,13,778.5800170898438,2026-08-18T08:43:39+00:00
XSP260831C00733000,2026-08-12 16:58:22+00:00,733.0,43.91,38.7,39.27,0.0,0.0,2.0,0.0,1.0000000000000003e-05,True,REGULAR,USD,C,2026-08-31,13,778.5800170898438,2026-08-18T08:43:39+00:00
XSP260831C00734000,2026-08-11 18:27:15+00:00,734.0,40.57,37.73,38.3,0.0,0.0,1.0,0.0,1.0000000000000003e-05,True,REGULAR,USD,C,2026-08-31,13,778.5800170898438,2026-08-18T08:43:39+00:00
XSP260831C00736000,2026-06-29 14:43:19+00:00,736.0,24.38,35.82,36.38,0.0,0.0,2.0,0.0,1.0000000000000003e-05,True,REGULAR,USD,C,2026-08-31,13,778.5800170898438,2026-08-18T08:43:39+00:00
XSP260831C00737000,2026-08-10 14:17:44+00:00,737.0,41.78,34.86,35.42,0.0,0.0,1.0,0.0,1.0000000000000003e-05,True,REGULAR,USD,C,2026-08-31,13,778.5800170898438,2026-08-18T08:43:39+00:00
XSP260831C00738000,2026-08-13 18:13:36+00:00,738.0,42.86,33.91,34.46,0.0,0.0,1.0,0.0,1.0000000000000003e-05,True,REGULAR,USD,C,2026-08-31,13,778.5800170898438,2026-08-18T08:43:39+00:00
XSP260831C00739000,2026-08-06 14:03:29+00:00,739.0,38.02,32.97,33.5,0.0,0.0,1.0,0.0,1.0000000000000003e-05,True,REGULAR,USD,C,2026-08-31,13,778.5800170898438,2026-08-18T08:43:39+00:00
XSP260831C00740000,2026-08-14 18:46:50+00:00,740.0,39.62,32.02,32.55,0.0,0.0,4.0,0.0,1.0000000000000003e-05,True,REGULAR,USD,C,2026-08-31,13,778.5800170898438,2026-08-18T08:43:39+00:00
XSP260831C00741000,2026-08-11 17:35:18+00:00,741.0,35.0,31.1,31.65,0.0,0.0,1.0,0.0,1.0000000000000003e-05,True,REGULAR,USD,C,2026-08-31,13,778.5800170898438,2026-08-18T08:43:39+00:00
XSP260831C00742000,2026-08-12 13:37:41+00:00,742.0,35.7,30.15,30.66,0.0,0.0,1.0,0.0,1.0000000000000003e-05,True,REGULAR,USD,C,2026-08-31,13,778.5800170898438,2026-08-18T08:43:39+00:00
XSP260831C00743000,2026-08-12 14:10:29+00:00,743.0,34.04,29.23,29.77,0.0,0.0,2.0,0.0,1.0000000000000003e-05,True,REGULAR,USD,C,2026-08-31,13,778.5800170898438,2026-08-18T08:43:39+00:00
XSP260831C00744000,2026-08-17 19:57:22+00:00,744.0,31.99,28.29,28.79,0.0,0.0,1.0,0.0,1.0000000000000003e-05,True,REGULAR,USD,C,2026-08-31,13,778.5800170898438,2026-08-18T08:43:39+00:00
XSP260831C00745000,2026-08-14 18:46:50+00:00,745.0,34.79,27.36,27.86,0.0,0.0,4.0,0.0,1.0000000000000003e-05,True,REGULAR,USD,C,2026-08-31,13,778.5800170898438,2026-08-18T08:43:39+00:00
XSP260831C00746000,2026-08-10 15:26:43+00:00,746.0,32.77,26.46,26.97,0.0,0.0,1.0,0.0,1.0000000000000003e-05,True,REGULAR,USD,C,2026-08-31,13,778.5800170898438,2026-08-18T08:43:39+00:00
XSP260831C00747000,2026-08-17 18:58:05+00:00,747.0,30.27,25.53,26.01,0.0,0.0,1.0,0.0,1.0000000000000003e-05,True,REGULAR,USD,C,2026-08-31,13,778.5800170898438,2026-08-18T08:43:39+00:00
XSP260831C00748000,2026-08-04 13:14:02+00:00,748.0,21.24,24.62,25.1,0.0,0.0,1.0,0.0,1.0000000000000003e-05,True,REGULAR,USD,C,2026-08-31,13,778.5800170898438,2026-08-18T08:43:39+00:00
XSP260831C00749000,2026-08-13 18:27:27+00:00,749.0,32.28,23.74,24.19,0.0,0.0,2.0,0.0,1.0000000000000003e-05,True,REGULAR,USD,C,2026-08-31,13,778.5800170898438,2026-08-18T08:43:39+00:00
XSP260831C00750000,2026-08-17 17:40:30+00:00,750.0,27.5,23.04,23.38,0.0,0.0,4.0,0.0,1.0000000000000003e-05,True,REGULAR,USD,C,2026-08-31,13,778.5800170898438,2026-08-18T08:43:39+00:00
XSP260831C00751000,2026-08-12 14:17:34+00:00,751.0,26.75,22.15,22.43,0.0,0.0,5.0,0.0,1.0000000000000003e-05,True,REGULAR,USD,C,2026-08-31,13,778.5800170898438,2026-08-18T08:43:39+00:00
XSP260831C00752000,2026-08-13 18:29:18+00:00,752.0,29.56,21.3,21.58,0.0,0.0,2.0,0.0,1.0000000000000003e-05,True,REGULAR,USD,C,2026-08-31,13,778.5800170898438,2026-08-18T08:43:39+00:00
XSP260831C00753000,2026-08-13 18:13:36+00:00,753.0,28.68,20.39,20.65,0.0,0.0,1.0,0.0,1.0000000000000003e-05,True,REGULAR,USD,C,2026-08-31,13,778.5800170898438,2026-08-18T08:43:39+00:00
XSP260831C00754000,2026-08-13 18:39:36+00:00,754.0,28.02,19.52,19.78,0.0,0.0,20.0,0.0,1.0000000000000003e-05,True,REGULAR,USD,C,2026-08-31,13,778.5800170898438,2026-08-18T08:43:39+00:00
XSP260831C00755000,2026-08-11 17:12:02+00:00,755.0,22.15,18.39,18.92,0.0,0.0,,,1.0000000000000003e-05,True,REGULAR,USD,C,2026-08-31,13,778.5800170898438,2026-08-18T08:43:39+00:00
XSP260831C00756000,2026-08-13 18:39:36+00:00,756.0,26.11,17.82,18.03,0.0,0.0,22.0,0.0,1.0000000000000003e-05,True,REGULAR,USD,C,2026-08-31,13,778.5800170898438,2026-08-18T08:43:39+00:00
XSP260831C00757000,2026-08-04 19:10:42+00:00,757.0,24.69,16.98,17.19,0.0,0.0,12.0,0.0,1.0000000000000003e-05,True,REGULAR,USD,C,2026-08-31,13,778.5800170898438,2026-08-18T08:43:39+00:00
XSP260831C00758000,2026-08-14 20:05:46+00:00,758.0,22.57,16.16,16.36,0.0,0.0,1.0,0.0,1.0000000000000003e-05,True,REGULAR,USD,C,2026-08-31,13,778.5800170898438,2026-08-18T08:43:39+00:00
XSP260831C00759000,2026-08-14 17:02:03+00:00,759.0,21.78,15.35,15.54,0.0,0.0,1.0,0.0,0.045419702148437505,True,REGULAR,USD,C,2026-08-31,13,778.5800170898438,2026-08-18T08:43:39+00:00
XSP260831C00760000,2026-08-14 19:08:37+00:00,760.0,21.07,14.57,14.76,0.0,0.0,12.0,0.0,0.06244834045410157,True,REGULAR,USD,C,2026-08-31,13,778.5800170898438,2026-08-18T08:43:39+00:00
XSP260831C00761000,2026-08-14 20:05:46+00:00,761.0,19.92,13.77,13.93,0.0,0.0,10.0,0.0,0.0669038623046875,True,REGULAR,USD,C,2026-08-31,13,778.5800170898438,2026-08-18T08:43:39+00:00
XSP260831C00762000,2026-08-14 15:07:33+00:00,762.0,19.99,13.0,13.15,0.0,0.0,10.0,0.0,0.07105421142578125,True,REGULAR,USD,C,2026-08-31,13,778.5800170898438,2026-08-18T08:43:39+00:00
XSP260831C00763000,2026-08-11 18:06:30+00:00,763.0,15.86,12.24,12.39,0.0,0.0,1.0,0.0,0.07416697326660157,True,REGULAR,USD,C,2026-08-31,13,778.5800170898438,2026-08-18T08:43:39+00:00
XSP260831C00764000,2026-08-17 19:12:24+00:00,764.0,14.9,11.51,11.62,0.0,0.0,2.0,0.0,0.07587594055175782,True,REGULAR,USD,C,2026-08-31,13,778.5800170898438,2026-08-18T08:43:39+00:00
XSP260831C00765000,2026-08-17 13:34:11+00:00,765.0,16.2,10.81,10.91,0.0,0.0,2.0,0.0,0.07813421875000001,True,REGULAR,USD,C,2026-08-31,13,778.5800170898438,2026-08-18T08:43:39+00:00
XSP260831C00766000,2026-08-12 14:03:12+00:00,766.0,14.26,10.1,10.2,0.0,0.0,239.0,0.0,0.07953801330566407,True,REGULAR,USD,C,2026-08-31,13,778.5800170898438,2026-08-18T08:43:39+00:00
XSP260831C00767000,2026-08-13 18:45:27+00:00,767.0,17.08,9.42,9.51,0.0,0.0,1.0,0.0,0.08063663513183594,True,REGULAR,USD,C,2026-08-31,13,778.5800170898438,2026-08-18T08:43:39+00:00
XSP260831C00768000,2026-08-14 17:02:03+00:00,768.0,14.22,8.75,8.84,0.0,0.0,2.0,0.0,0.08152163604736329,True,REGULAR,USD,C,2026-08-31,13,778.5800170898438,2026-08-18T08:43:39+00:00
XSP260831C00769000,2026-08-17 13:45:06+00:00,769.0,12.81,8.14,8.22,0.0,0.0,19.0,0.0,0.08268129241943362,True,REGULAR,USD,C,2026-08-31,13,778.5800170898438,2026-08-18T08:43:39+00:00
XSP260831C00770000,2026-08-18 04:04:41+00:00,770.0,8.36,7.49,7.56,-1.6300001,-16.316319,1.0,0.0,0.08255922332763674,True,REGULAR,USD,C,2026-08-31,13,778.5800170898438,2026-08-18T08:43:39+00:00
XSP260831C00771000,2026-08-17 17:22:03+00:00,771.0,10.18,6.9,6.96,0.0,0.0,1.0,0.0,0.08295594787597659,True,REGULAR,USD,C,2026-08-31,13,778.5800170898438,2026-08-18T08:43:39+00:00
XSP260831C00772000,2026-08-18 05:40:57+00:00,772.0,6.91,6.33,6.4,-2.9800005,-30.13145,5.0,0.0,0.08350525878906252,True,REGULAR,USD,C,2026-08-31,13,778.5800170898438,2026-08-18T08:43:39+00:00
XSP260831C00773000,2026-08-17 18:53:57+00:00,773.0,8.42,5.79,5.86,0.0,0.0,2.0,0.0,0.0838104315185547,True,REGULAR,USD,C,2026-08-31,13,778.5800170898438,2026-08-18T08:43:39+00:00
XSP260831C00774000,2026-08-18 02:16:22+00:00,774.0,6.5,5.28,5.36,-5.49,-45.78816,1.0,0.0,0.08429870788574222,True,REGULAR,USD,C,2026-08-31,13,778.5800170898438,2026-08-18T08:43:39+00:00
XSP260831C00775000,2026-08-18 01:51:47+00:00,775.0,6.24,4.79,4.86,-0.5700002,-8.370047,1.0,0.0,0.08423767333984378,False,REGULAR,USD,C,2026-08-31,13,778.5800170898438,2026-08-18T08:43:39+00:00
XSP260831C00776000,2026-08-17 19:30:38+00:00,776.0,6.27,4.33,4.4,0.0,0.0,16.0,0.0,0.08435974243164066,False,REGULAR,USD,C,2026-08-31,13,778.5800170898438,2026-08-18T08:43:39+00:00
XSP260831C00777000,2026-08-17 14:54:46+00:00,777.0,6.76,3.89,3.95,0.0,0.0,4.0,0.0,0.0841156042480469,False,REGULAR,USD,C,2026-08-31,13,778.5800170898438,2026-08-18T08:43:39+00:00
XSP260831C00778000,2026-08-18 05:59:23+00:00,778.0,3.82,3.49,3.54,-1.6000001,-29.520298,12.0,0.0,0.08399353515625002,False,REGULAR,USD,C,2026-08-31,13,778.5800170898438,2026-08-18T08:43:39+00:00
XSP260831C00779000,2026-08-17 15:13:07+00:00,779.0,5.9,3.12,3.17,0.0,0.0,1.0,0.0,0.08408508697509767,False,REGULAR,USD,C,2026-08-31,13,778.5800170898438,2026-08-18T08:43:39+00:00
XSP260831C00780000,2026-08-17 20:07:25+00:00,780.0,4.02,2.76,2.81,0.0,0.0,16.0,0.0,0.0838104315185547,False,REGULAR,USD,C,2026-08-31,13,778.5800170898438,2026-08-18T08:43:39+00:00
XSP260831C00781000,2026-08-17 17:49:06+00:00,781.0,4.08,2.44,2.49,0.0,0.0,1.0,0.0,0.08374939697265626,False,REGULAR,USD,C,2026-08-31,13,778.5800170898438,2026-08-18T08:43:39+00:00
XSP260831C00782000,2026-08-17 16:14:18+00:00,782.0,4.37,2.15,2.2,0.0,0.0,9.0,0.0,0.08374939697265626,False,REGULAR,USD,C,2026-08-31,13,778.5800170898438,2026-08-18T08:43:39+00:00
XSP260831C00783000,2026-08-14 18:05:23+00:00,783.0,4.84,1.88,1.93,0.0,0.0,8.0,0.0,0.08359681060791017,False,REGULAR,USD,C,2026-08-31,13,778.5800170898438,2026-08-18T08:43:39+00:00
XSP260831C00784000,2026-08-18 05:40:57+00:00,784.0,1.88,1.64,1.68,-0.62,-24.8,5.0,0.0,0.08332215515136722,False,REGULAR,USD,C,2026-08-31,13,778.5800170898438,2026-08-18T08:43:39+00:00
XSP260831C00785000,2026-08-18 01:51:47+00:00,785.0,2.05,1.42,1.46,-0.16000009,-7.2398224,2.0,0.0,0.08320008605957034,False,REGULAR,USD,C,2026-08-31,13,778.5800170898438,2026-08-18T08:43:39+00:00
XSP260831C00786000,2026-08-17 14:27:02+00:00,786.0,2.84,1.24,1.28,0.0,0.0,10.0,0.0,0.08350525878906252,False,REGULAR,USD,C,2026-08-31,13,778.5800170898438,2026-08-18T08:43:39+00:00
XSP260831C00787000,2026-08-17 15:32:19+00:00,787.0,2.55,1.07,1.1,0.0,0.0,13.0,0.0,0.08326112060546878,False,REGULAR,USD,C,2026-08-31,13,778.5800170898438,2026-08-18T08:43:39+00:00
XSP260831C00788000,2026-08-18 05:08:40+00:00,788.0,1.11,0.88,0.96,-1.15,-50.884956,1.0,0.0,0.08362732788085939,False,REGULAR,USD,C,2026-08-31,13,778.5800170898438,2026-08-18T08:43:39+00:00
XSP260831C00789000,2026-08-17 14:35:29+00:00,789.0,2.0,0.78,0.81,0.0,0.0,9.0,0.0,0.0831390515136719,False,REGULAR,USD,C,2026-08-31,13,778.5800170898438,2026-08-18T08:43:39+00:00
XSP260831C00790000,2026-08-17 19:57:05+00:00,790.0,1.09,0.67,0.7,0.0,0.0,18.0,0.0,0.08344422424316408,False,REGULAR,USD,C,2026-08-31,13,778.5800170898438,2026-08-18T08:43:39+00:00
XSP260831C00791000,2026-08-17 19:51:06+00:00,791.0,0.98,0.56,0.59,0.0,0.0,14.0,0.0,0.08320008605957034,False,REGULAR,USD,C,2026-08-31,13,778.5800170898438,2026-08-18T08:43:39+00:00
XSP260831C00792000,2026-08-17 14:37:31+00:00,792.0,1.3,0.48,0.51,0.0,0.0,10.0,0.0,0.08362732788085939,False,REGULAR,USD,C,2026-08-31,13,778.5800170898438,2026-08-18T08:43:39+00:00
XSP260831C00793000,2026-08-17 14:29:40+00:00,793.0,1.19,0.4,0.43,0.0,0.0,10.0,0.0,0.08362732788085939,False,REGULAR,USD,C,2026-08-31,13,778.5800170898438,2026-08-18T08:43:39+00:00
XSP260831C00794000,2026-08-17 17:38:02+00:00,794.0,0.75,0.34,0.37,0.0,0.0,22.0,0.0,0.08399353515625002,False,REGULAR,USD,C,2026-08-31,13,778.5800170898438,2026-08-18T08:43:39+00:00
XSP260831C00795000,2026-08-18 01:51:47+00:00,795.0,0.44,0.29,0.31,-0.35000002,-44.303802,1.0,0.0,0.08399353515625002,False,REGULAR,USD,C,2026-08-31,13,778.5800170898438,2026-08-18T08:43:39+00:00
XSP260831C00796000,2026-08-17 16:54:47+00:00,796.0,0.67,0.24,0.27,0.0,0.0,4.0,0.0,0.08472594970703126,False,REGULAR,USD,C,2026-08-31,13,778.5800170898438,2026-08-18T08:43:39+00:00
XSP260831C00797000,2026-08-17 14:32:38+00:00,797.0,0.67,0.21,0.23,0.0,0.0,3.0,0.0,0.0850921569824219,False,REGULAR,USD,C,2026-08-31,13,778.5800170898438,2026-08-18T08:43:39+00:00
XSP260831C00798000,2026-08-17 16:22:29+00:00,798.0,0.55,0.18,0.2,0.0,0.0,5.0,0.0,0.08582457153320314,False,REGULAR,USD,C,2026-08-31,13,778.5800170898438,2026-08-18T08:43:39+00:00
XSP260831C00799000,2026-08-17 16:47:00+00:00,799.0,0.44,0.15,0.18,0.0,0.0,8.0,0.0,0.08716733154296877,False,REGULAR,USD,C,2026-08-31,13,778.5800170898438,2026-08-18T08:43:39+00:00
XSP260831C00800000,2026-08-18 08:00:23+00:00,800.0,0.14,0.13,0.15,-0.08,-36.363636,63.0,0.0,0.08716733154296877,False,REGULAR,USD,C,2026-08-31,13,778.5800170898438,2026-08-18T08:43:39+00:00
XSP260831C00801000,2026-08-17 18:57:45+00:00,801.0,0.22,0.12,0.14,0.0,0.0,1.0,0.0,0.088876298828125,False,REGULAR,USD,C,2026-08-31,13,778.5800170898438,2026-08-18T08:43:39+00:00
XSP260831C00802000,2026-08-17 16:22:29+00:00,802.0,0.31,0.1,0.12,0.0,0.0,1.0,0.0,0.0893645751953125,False,REGULAR,USD,C,2026-08-31,13,778.5800170898438,2026-08-18T08:43:39+00:00
XSP260831C00804000,2026-08-17 19:52:48+00:00,804.0,0.12,0.08,0.1,0.0,0.0,1.0,0.0,0.0922942333984375,False,REGULAR,USD,C,2026-08-31,13,778.5800170898438,2026-08-18T08:43:39+00:00
XSP260831C00805000,2026-08-18 07:53:28+00:00,805.0,0.08,0.07,0.09,-0.13,-61.904762,60.0,0.0,0.0932707861328125,False,REGULAR,USD,C,2026-08-31,13,778.5800170898438,2026-08-18T08:43:39+00:00
XSP260831C00806000,2026-08-14 18:51:17+00:00,806.0,0.29,0.07,0.08,0.0,0.0,,0.0,0.0942473388671875,False,REGULAR,USD,C,2026-08-31,13,778.5800170898438,2026-08-18T08:43:39+00:00
XSP260831C00807000,2026-08-17 17:38:02+00:00,807.0,0.11,0.06,0.08,0.0,0.0,11.0,0.0,0.09668872070312501,False,REGULAR,USD,C,2026-08-31,13,778.5800170898438,2026-08-18T08:43:39+00:00
XSP260831C00808000,2026-08-12 14:03:10+00:00,808.0,0.36,0.06,0.07,0.0,0.0,,0.0,0.09742113525390625,False,REGULAR,USD,C,2026-08-31,13,778.5800170898438,2026-08-18T08:43:39+00:00
XSP260831C00809000,2026-08-13 15:09:03+00:00,809.0,0.44,0.05,0.07,0.0,0.0,,0.0,0.09986251708984376,False,REGULAR,USD,C,2026-08-31,13,778.5800170898438,2026-08-18T08:43:39+00:00
XSP260831C00810000,2026-08-17 19:49:41+00:00,810.0,0.07,0.05,0.06,0.0,0.0,12.0,0.0,0.1001066552734375,False,REGULAR,USD,C,2026-08-31,13,778.5800170898438,2026-08-18T08:43:39+00:00
XSP260831C00815000,2026-08-17 19:50:35+00:00,815.0,0.06,0.03,0.05,0.0,0.0,1.0,0.0,0.10938390625,False,REGULAR,USD,C,2026-08-31,13,778.5800170898438,2026-08-18T08:43:39+00:00
XSP260831C00820000,2026-08-13 15:52:02+00:00,820.0,0.14,0.01,0.05,0.0,0.0,1.0,0.0,0.1211025390625,False,REGULAR,USD,C,2026-08-31,13,778.5800170898438,2026-08-18T08:43:39+00:00
XSP260831C00830000,2026-08-05 14:01:50+00:00,830.0,0.66,0.01,0.05,0.0,0.0,2.0,0.0,0.143563251953125,False,REGULAR,USD,C,2026-08-31,13,778.5800170898438,2026-08-18T08:43:39+00:00
XSP260831C00835000,2026-06-10 19:18:44+00:00,835.0,0.44,0.05,0.18,0.0,0.0,1.0,2.0,0.18189294677734374,False,REGULAR,USD,C,2026-08-31,13,778.5800170898438,2026-08-18T08:43:39+00:00
XSP260831C00840000,2026-08-11 16:35:09+00:00,840.0,0.06,0.0,0.04,0.0,0.0,1.0,0.0,0.161141201171875,False,REGULAR,USD,C,2026-08-31,13,778.5800170898438,2026-08-18T08:43:39+00:00
XSP260831C00845000,2026-07-28 17:51:35+00:00,845.0,0.02,0.0,0.04,0.0,0.0,5.0,0.0,0.17090672851562502,False,REGULAR,USD,C,2026-08-31,13,778.5800170898438,2026-08-18T08:43:39+00:00
XSP260831C00850000,2026-08-06 10:56:48+00:00,850.0,0.08,0.0,0.03,0.0,0.0,1.0,0.0,0.1757894921875,False,REGULAR,USD,C,2026-08-31,13,778.5800170898438,2026-08-18T08:43:39+00:00
XSP260831C00855000,2026-07-10 18:13:31+00:00,855.0,0.06,0.0,0.03,0.0,0.0,4.0,0.0,0.18555501953124998,False,REGULAR,USD,C,2026-08-31,13,778.5800170898438,2026-08-18T08:43:39+00:00
XSP260831C00860000,2026-07-10 13:44:03+00:00,860.0,0.06,0.0,0.03,0.0,0.0,3.0,0.0,0.195320546875,False,REGULAR,USD,C,2026-08-31,13,778.5800170898438,2026-08-18T08:43:39+00:00
XSP260831C00930000,2026-08-14 13:31:35+00:00,930.0,0.01,,0.02,0.0,0.0,,0.0,0.31250687499999996,False,REGULAR,USD,C,2026-08-31,13,778.5800170898438,2026-08-18T08:43:39+00:00
XSP260831P00420000,2026-08-11 14:00:20+00:00,420.0,0.01,0.0,0.02,0.0,0.0,2.0,0.0,0.92187578125,False,REGULAR,USD,P,2026-08-31,13,778.5800170898438,2026-08-18T08:43:39+00:00
XSP260831P00430000,2026-07-31 15:58:56+00:00,430.0,0.03,0.0,0.02,0.0,0.0,32.0,0.0,0.8906260937499999,False,REGULAR,USD,P,2026-08-31,13,778.5800170898438,2026-08-18T08:43:39+00:00
XSP260831P00440000,2026-06-08 17:40:16+00:00,440.0,0.53,0.05,0.17,0.0,0.0,1.0,11.0,1.052739111328125,False,REGULAR,USD,P,2026-08-31,13,778.5800170898438,2026-08-18T08:43:39+00:00
XSP260831P00445000,2026-05-04 13:51:14+00:00,445.0,1.16,0.49,0.66,0.0,0.0,2.0,12.0,1.2480506347656248,False,REGULAR,USD,P,2026-08-31,13,778.5800170898438,2026-08-18T08:43:39+00:00
XSP260831P00450000,2026-06-10 19:50:01+00:00,450.0,0.77,0.06,0.18,0.0,0.0,2.0,12.0,1.0224658251953125,False,REGULAR,USD,P,2026-08-31,13,778.5800170898438,2026-08-18T08:43:39+00:00
XSP260831P00460000,2026-08-04 15:44:44+00:00,460.0,0.04,0.0,0.02,0.0,0.0,2.0,0.0,0.79687703125,False,REGULAR,USD,P,2026-08-31,13,778.5800170898438,2026-08-18T08:43:39+00:00
XSP260831P00470000,2026-08-04 16:45:12+00:00,470.0,0.04,0.0,0.02,0.0,0.0,2.0,0.0,0.7656273437500001,False,REGULAR,USD,P,2026-08-31,13,778.5800170898438,2026-08-18T08:43:39+00:00
XSP260831P00480000,2026-08-07 13:45:07+00:00,480.0,0.04,0.0,0.02,0.0,0.0,2.0,0.0,0.73437765625,False,REGULAR,USD,P,2026-08-31,13,778.5800170898438,2026-08-18T08:43:39+00:00
XSP260831P00490000,2026-08-07 13:30:16+00:00,490.0,0.04,0.0,0.02,0.0,0.0,2.0,0.0,0.70312796875,False,REGULAR,USD,P,2026-08-31,13,778.5800170898438,2026-08-18T08:43:39+00:00
XSP260831P00500000,2026-07-14 18:34:18+00:00,500.0,0.25,0.0,0.02,0.0,0.0,1.0,0.0,0.6718782812500002,False,REGULAR,USD,P,2026-08-31,13,778.5800170898438,2026-08-18T08:43:39+00:00
XSP260831P00510000,2026-05-05 13:54:41+00:00,510.0,1.89,0.95,1.14,0.0,0.0,,3.0,1.056645341796875,False,REGULAR,USD,P,2026-08-31,13,778.5800170898438,2026-08-18T08:43:39+00:00
XSP260831P00520000,2026-07-23 15:08:28+00:00,520.0,0.39,0.0,0.02,0.0,0.0,10.0,0.0,0.6171913281250001,False,REGULAR,USD,P,2026-08-31,13,778.5800170898438,2026-08-18T08:43:39+00:00
XSP260831P00530000,2026-08-11 15:26:16+00:00,530.0,0.02,0.0,0.02,0.0,0.0,4.0,0.0,0.5937540625000001,False,REGULAR,USD,P,2026-08-31,13,778.5800170898438,2026-08-18T08:43:39+00:00
XSP260831P00540000,2026-08-06 16:01:41+00:00,540.0,0.05,0.0,0.02,0.0,0.0,20.0,0.0,0.5625043750000001,False,REGULAR,USD,P,2026-08-31,13,778.5800170898438,2026-08-18T08:43:39+00:00
XSP260831P00550000,2026-07-16 18:02:42+00:00,550.0,0.41,0.0,0.02,0.0,0.0,10.0,0.0,0.5390671093750001,False,REGULAR,USD,P,2026-08-31,13,778.5800170898438,2026-08-18T08:43:39+00:00
XSP260831P00560000,2026-08-06 15:06:23+00:00,560.0,0.06,0.0,0.03,0.0,0.0,1.0,0.0,0.523442265625,False,REGULAR,USD,P,2026-08-31,13,778.5800170898438,2026-08-18T08:43:39+00:00
XSP260831P00570000,2026-08-07 14:27:27+00:00,570.0,0.05,0.0,0.03,0.0,0.0,33.0,0.0,0.500005,False,REGULAR,USD,P,2026-08-31,13,778.5800170898438,2026-08-18T08:43:39+00:00
XSP260831P00580000,2026-08-17 13:56:38+00:00,580.0,0.02,0.0,0.03,0.0,0.0,1.0,0.0,0.500005,False,REGULAR,USD,P,2026-08-31,13,778.5800170898438,2026-08-18T08:43:39+00:00
XSP260831P00590000,2026-05-22 19:30:16+00:00,590.0,2.59,0.8,0.88,0.0,0.0,2.0,0.0,0.7028838305664062,False,REGULAR,USD,P,2026-08-31,13,778.5800170898438,2026-08-18T08:43:39+00:00
XSP260831P00600000,2026-08-17 18:06:54+00:00,600.0,0.03,0.01,0.04,0.0,0.0,1.0,0.0,0.45898978515625005,False,REGULAR,USD,P,2026-08-31,13,778.5800170898438,2026-08-18T08:43:39+00:00
XSP260831P00605000,2026-07-31 13:30:09+00:00,605.0,0.39,0.01,0.05,0.0,0.0,3.0,0.0,0.454107021484375,False,REGULAR,USD,P,2026-08-31,13,778.5800170898438,2026-08-18T08:43:39+00:00
XSP260831P00610000,2026-08-05 19:59:34+00:00,610.0,0.12,0.01,0.05,0.0,0.0,1.0,0.0,0.43945873046875,False,REGULAR,USD,P,2026-08-31,13,778.5800170898438,2026-08-18T08:43:39+00:00
XSP260831P00615000,2026-08-04 13:30:09+00:00,615.0,0.22,0.01,0.05,0.0,0.0,1.0,0.0,0.42578699218750005,False,REGULAR,USD,P,2026-08-31,13,778.5800170898438,2026-08-18T08:43:39+00:00
XSP260831P00616000,2026-08-06 15:06:23+00:00,616.0,0.13,0.01,0.06,0.0,0.0,1.0,0.0,0.43164630859375,False,REGULAR,USD,P,2026-08-31,13,778.5800170898438,2026-08-18T08:43:39+00:00
XSP260831P00617000,2026-06-29 19:26:14+00:00,617.0,1.62,0.01,0.06,0.0,0.0,2.0,0.0,0.428716650390625,False,REGULAR,USD,P,2026-08-31,13,778.5800170898438,2026-08-18T08:43:39+00:00
XSP260831P00619000,2026-07-20 18:36:51+00:00,619.0,1.05,0.01,0.05,0.0,0.0,1.0,0.0,0.41602146484374997,False,REGULAR,USD,P,2026-08-31,13,778.5800170898438,2026-08-18T08:43:39+00:00
XSP260831P00620000,2026-08-13 15:15:03+00:00,620.0,0.04,0.01,0.06,0.0,0.0,1.0,0.0,0.41992767578125,False,REGULAR,USD,P,2026-08-31,13,778.5800170898438,2026-08-18T08:43:39+00:00
XSP260831P00621000,2026-08-17 13:57:17+00:00,621.0,0.02,0.01,0.06,0.0,0.0,1.0,0.0,0.41797457031249996,False,REGULAR,USD,P,2026-08-31,13,778.5800170898438,2026-08-18T08:43:39+00:00
XSP260831P00624000,2026-07-20 19:15:13+00:00,624.0,1.26,0.02,0.06,0.0,0.0,1.0,0.0,0.40918559570312496,False,REGULAR,USD,P,2026-08-31,13,778.5800170898438,2026-08-18T08:43:39+00:00
XSP260831P00625000,2026-08-12 20:09:08+00:00,625.0,0.05,0.02,0.06,0.0,0.0,10.0,0.0,0.4062559375,False,REGULAR,USD,P,2026-08-31,13,778.5800170898438,2026-08-18T08:43:39+00:00
XSP260831P00626000,2026-07-20 19:15:13+00:00,626.0,1.31,0.02,0.06,0.0,0.0,1.0,0.0,0.40430283203125,False,REGULAR,USD,P,2026-08-31,13,778.5800170898438,2026-08-18T08:43:39+00:00
XSP260831P00627000,2026-07-15 14:00:03+00:00,627.0,0.96,0.02,0.06,0.0,0.0,2.0,0.0,0.401373173828125,False,REGULAR,USD,P,2026-08-31,13,778.5800170898438,2026-08-18T08:43:39+00:00
XSP260831P00628000,2026-07-15 05:24:23+00:00,628.0,1.03,0.02,0.06,0.0,0.0,1.0,0.0,0.398443515625,False,REGULAR,USD,P,2026-08-31,13,778.5800170898438,2026-08-18T08:43:39+00:00
XSP260831P00629000,2026-08-12 14:52:14+00:00,629.0,0.09,0.02,0.07,0.0,0.0,3.0,0.0,0.4023497265625,False,REGULAR,USD,P,2026-08-31,13,778.5800170898438,2026-08-18T08:43:39+00:00
XSP260831P00630000,2026-08-12 15:50:39+00:00,630.0,0.07,0.02,0.06,0.0,0.0,1.0,0.0,0.39258419921875,False,REGULAR,USD,P,2026-08-31,13,778.5800170898438,2026-08-18T08:43:39+00:00
XSP260831P00631000,2026-08-03 13:30:11+00:00,631.0,0.4,0.02,0.06,0.0,0.0,1.0,0.0,0.39063109375,False,REGULAR,USD,P,2026-08-31,13,778.5800170898438,2026-08-18T08:43:39+00:00
XSP260831P00632000,2026-07-31 19:36:03+00:00,632.0,0.51,0.02,0.07,0.0,0.0,1.0,0.0,0.393560751953125,False,REGULAR,USD,P,2026-08-31,13,778.5800170898438,2026-08-18T08:43:39+00:00
XSP260831P00633000,2026-07-31 19:36:03+00:00,633.0,0.52,0.02,0.06,0.0,0.0,2.0,0.0,0.38477177734374995,False,REGULAR,USD,P,2026-08-31,13,778.5800170898438,2026-08-18T08:43:39+00:00
XSP260831P00634000,2026-08-04 13:35:16+00:00,634.0,0.26,0.02,0.06,0.0,0.0,1.0,0.0,0.38184211914062494,False,REGULAR,USD,P,2026-08-31,13,778.5800170898438,2026-08-18T08:43:39+00:00
XSP260831P00635000,2026-08-06 15:56:34+00:00,635.0,0.2,0.03,0.07,0.0,0.0,3.0,0.0,0.3857483300781249,False,REGULAR,USD,P,2026-08-31,13,778.5800170898438,2026-08-18T08:43:39+00:00
XSP260831P00636000,2026-08-06 19:58:53+00:00,636.0,0.16,0.03,0.07,0.0,0.0,3.0,0.0,0.38281867187499996,False,REGULAR,USD,P,2026-08-31,13,778.5800170898438,2026-08-18T08:43:39+00:00
XSP260831P00637000,2026-07-31 19:36:03+00:00,637.0,0.55,0.03,0.06,0.0,0.0,1.0,0.0,0.37402969726562496,False,REGULAR,USD,P,2026-08-31,13,778.5800170898438,2026-08-18T08:43:39+00:00
XSP260831P00638000,2026-07-06 14:25:45+00:00,638.0,1.5,0.03,0.07,0.0,0.0,5.0,0.0,0.37695935546875,False,REGULAR,USD,P,2026-08-31,13,778.5800170898438,2026-08-18T08:43:39+00:00
XSP260831P00639000,2026-06-15 13:45:12+00:00,639.0,2.6,1.25,1.64,0.0,0.0,4.0,4.0,0.5770305969238281,False,REGULAR,USD,P,2026-08-31,13,778.5800170898438,2026-08-18T08:43:39+00:00
XSP260831P00640000,2026-08-13 17:58:39+00:00,640.0,0.07,0.03,0.07,0.0,0.0,6.0,0.0,0.3711000390625,False,REGULAR,USD,P,2026-08-31,13,778.5800170898438,2026-08-18T08:43:39+00:00
XSP260831P00641000,2026-07-02 16:59:55+00:00,641.0,2.08,0.03,0.07,0.0,0.0,1.0,0.0,0.36914693359375,False,REGULAR,USD,P,2026-08-31,13,778.5800170898438,2026-08-18T08:43:39+00:00
XSP260831P00642000,2026-07-30 20:01:06+00:00,642.0,0.8,0.03,0.07,0.0,0.0,2.0,0.0,0.366217275390625,False,REGULAR,USD,P,2026-08-31,13,778.5800170898438,2026-08-18T08:43:39+00:00
XSP260831P00643000,2026-08-10 18:48:23+00:00,643.0,0.14,0.03,0.07,0.0,0.0,13.0,0.0,0.3632876171875,False,REGULAR,USD,P,2026-08-31,13,778.5800170898438,2026-08-18T08:43:39+00:00
XSP260831P00645000,2026-08-17 11:06:58+00:00,645.0,0.06,0.04,0.08,0.0,0.0,1.0,0.0,0.3632876171875,False,REGULAR,USD,P,2026-08-31,13,778.5800170898438,2026-08-18T08:43:39+00:00
XSP260831P00647000,2026-08-04 16:51:23+00:00,647.0,0.29,0.04,0.08,0.0,0.0,1.0,0.0,0.35742830078125,False,REGULAR,USD,P,2026-08-31,13,778.5800170898438,2026-08-18T08:43:39+00:00
XSP260831P00648000,2026-08-04 19:12:35+00:00,648.0,0.3,0.04,0.09,0.0,0.0,,0.0,0.35938140625,False,REGULAR,USD,P,2026-08-31,13,778.5800170898438,2026-08-18T08:43:39+00:00
XSP260831P00649000,2026-07-27 19:32:04+00:00,649.0,1.44,0.04,0.09,0.0,0.0,2.0,0.0,0.35645174804687496,False,REGULAR,USD,P,2026-08-31,13,778.5800170898438,2026-08-18T08:43:39+00:00
XSP260831P00650000,2026-08-17 20:11:12+00:00,650.0,0.05,0.04,0.08,0.0,0.0,5.0,0.0,0.34961587890624996,False,REGULAR,USD,P,2026-08-31,13,778.5800170898438,2026-08-18T08:43:39+00:00
XSP260831P00652000,2026-08-06 19:05:30+00:00,652.0,0.22,0.05,0.09,0.0,0.0,1.0,0.0,0.348639326171875,False,REGULAR,USD,P,2026-08-31,13,778.5800170898438,2026-08-18T08:43:39+00:00
XSP260831P00653000,2026-07-17 17:39:10+00:00,653.0,1.87,0.04,0.09,0.0,0.0,1.0,0.0,0.34570966796874997,False,REGULAR,USD,P,2026-08-31,13,778.5800170898438,2026-08-18T08:43:39+00:00
XSP260831P00655000,2026-08-06 18:04:27+00:00,655.0,0.25,0.05,0.09,0.0,0.0,1.0,0.0,0.3398503515625,False,REGULAR,USD,P,2026-08-31,13,778.5800170898438,2026-08-18T08:43:39+00:00
XSP260831P00656000,2026-06-23 18:42:45+00:00,656.0,4.5,1.71,2.16,0.0,0.0,1.0,4.0,0.5435836657714845,False,REGULAR,USD,P,2026-08-31,13,778.5800170898438,2026-08-18T08:43:39+00:00
XSP260831P00657000,2026-07-31 19:43:19+00:00,657.0,0.77,0.05,0.09,0.0,0.0,1.0,0.0,0.33399103515625,False,REGULAR,USD,P,2026-08-31,13,778.5800170898438,2026-08-18T08:43:39+00:00
XSP260831P00658000,2026-08-11 16:43:43+00:00,658.0,0.16,0.06,0.09,0.0,0.0,1.0,0.0,0.3320379296875,False,REGULAR,USD,P,2026-08-31,13,778.5800170898438,2026-08-18T08:43:39+00:00
XSP260831P00659000,2026-08-14 19:38:44+00:00,659.0,0.07,0.07,0.09,0.0,0.0,3.0,0.0,0.32910827148437494,False,REGULAR,USD,P,2026-08-31,13,778.5800170898438,2026-08-18T08:43:39+00:00
XSP260831P00660000,2026-08-17 14:41:54+00:00,660.0,0.06,0.07,0.1,0.0,0.0,6.0,0.0,0.33008482421874996,False,REGULAR,USD,P,2026-08-31,13,778.5800170898438,2026-08-18T08:43:39+00:00
XSP260831P00661000,2026-07-29 19:40:05+00:00,661.0,2.13,0.07,0.09,0.0,0.0,2.0,0.0,0.3232489550781249,False,REGULAR,USD,P,2026-08-31,13,778.5800170898438,2026-08-18T08:43:39+00:00
XSP260831P00662000,2026-07-16 13:48:32+00:00,662.0,1.72,0.08,0.09,0.0,0.0,3.0,0.0,0.32031929687499994,False,REGULAR,USD,P,2026-08-31,13,778.5800170898438,2026-08-18T08:43:39+00:00
XSP260831P00663000,2026-08-03 15:33:07+00:00,663.0,0.58,0.08,0.1,0.0,0.0,3.0,0.0,0.3217841259765625,False,REGULAR,USD,P,2026-08-31,13,778.5800170898438,2026-08-18T08:43:39+00:00
XSP260831P00664000,2026-08-17 13:58:17+00:00,664.0,0.07,0.04,0.13,0.0,0.0,10.0,0.0,0.32910827148437494,False,REGULAR,USD,P,2026-08-31,13,778.5800170898438,2026-08-18T08:43:39+00:00
XSP260831P00665000,2026-08-03 16:32:58+00:00,665.0,0.59,0.08,0.12,0.0,0.0,1.0,0.0,0.3232489550781249,False,REGULAR,USD,P,2026-08-31,13,778.5800170898438,2026-08-18T08:43:39+00:00
XSP260831P00666000,2026-08-06 17:16:16+00:00,666.0,0.33,0.09,0.1,0.0,0.0,1.0,0.0,0.313483427734375,False,REGULAR,USD,P,2026-08-31,13,778.5800170898438,2026-08-18T08:43:39+00:00
XSP260831P00667000,2026-07-06 14:53:24+00:00,667.0,2.36,0.09,0.1,0.0,0.0,2.0,0.0,0.31055376953124997,False,REGULAR,USD,P,2026-08-31,13,778.5800170898438,2026-08-18T08:43:39+00:00
XSP260831P00668000,2026-08-06 19:14:54+00:00,668.0,0.3,0.09,0.11,0.0,0.0,4.0,0.0,0.31153032226562494,False,REGULAR,USD,P,2026-08-31,13,778.5800170898438,2026-08-18T08:43:39+00:00
XSP260831P00669000,2026-07-01 16:51:34+00:00,669.0,2.9,0.09,0.11,0.0,0.0,5.0,0.0,0.3086006640625,False,REGULAR,USD,P,2026-08-31,13,778.5800170898438,2026-08-18T08:43:39+00:00
XSP260831P00670000,2026-08-17 13:49:40+00:00,670.0,0.07,0.1,0.11,0.0,0.0,1.0,0.0,0.305671005859375,False,REGULAR,USD,P,2026-08-31,13,778.5800170898438,2026-08-18T08:43:39+00:00
XSP260831P00671000,2026-08-12 19:54:04+00:00,671.0,0.15,0.1,0.11,0.0,0.0,2.0,0.0,0.30274134765625,False,REGULAR,USD,P,2026-08-31,13,778.5800170898438,2026-08-18T08:43:39+00:00
XSP260831P00672000,2026-08-17 15:21:13+00:00,672.0,0.08,0.1,0.12,0.0,0.0,2.0,0.0,0.30322962402343745,False,REGULAR,USD,P,2026-08-31,13,778.5800170898438,2026-08-18T08:43:39+00:00
XSP260831P00673000,2026-08-03 13:53:47+00:00,673.0,0.83,0.1,0.14,0.0,0.0,1.0,0.0,0.3061592822265625,False,REGULAR,USD,P,2026-08-31,13,778.5800170898438,2026-08-18T08:43:39+00:00
XSP260831P00674000,2026-08-17 17:25:43+00:00,674.0,0.1,0.11,0.12,0.0,0.0,1.0,0.0,0.2978585839843749,False,REGULAR,USD,P,2026-08-31,13,778.5800170898438,2026-08-18T08:43:39+00:00
XSP260831P00675000,2026-08-13 14:10:54+00:00,675.0,0.12,0.11,0.13,0.0,0.0,1.0,0.0,0.2978585839843749,False,REGULAR,USD,P,2026-08-31,13,778.5800170898438,2026-08-18T08:43:39+00:00
XSP260831P00676000,2026-08-17 13:30:05+00:00,676.0,0.08,0.11,0.15,0.0,0.0,1.0,0.0,0.3002999658203125,False,REGULAR,USD,P,2026-08-31,13,778.5800170898438,2026-08-18T08:43:39+00:00
XSP260831P00677000,2026-08-17 12:04:50+00:00,677.0,0.08,0.11,0.13,0.0,0.0,10.0,0.0,0.2919992675781249,False,REGULAR,USD,P,2026-08-31,13,778.5800170898438,2026-08-18T08:43:39+00:00
XSP260831P00678000,2026-08-03 19:44:53+00:00,678.0,0.72,0.1,0.14,0.0,0.0,5.0,0.0,0.2919992675781249,False,REGULAR,USD,P,2026-08-31,13,778.5800170898438,2026-08-18T08:43:39+00:00
XSP260831P00679000,2026-08-17 15:43:43+00:00,679.0,0.09,0.12,0.16,0.0,0.0,115.0,0.0,0.29395237304687494,False,REGULAR,USD,P,2026-08-31,13,778.5800170898438,2026-08-18T08:43:39+00:00
XSP260831P00680000,2026-08-17 15:21:13+00:00,680.0,0.08,0.13,0.14,0.0,0.0,2.0,0.0,0.28613995117187496,False,REGULAR,USD,P,2026-08-31,13,778.5800170898438,2026-08-18T08:43:39+00:00
XSP260831P00681000,2026-07-31 19:53:44+00:00,681.0,1.18,0.13,0.15,0.0,0.0,3.0,0.0,0.28613995117187496,False,REGULAR,USD,P,2026-08-31,13,778.5800170898438,2026-08-18T08:43:39+00:00
XSP260831P00682000,2026-08-06 19:04:30+00:00,682.0,0.41,0.14,0.15,0.0,0.0,1.0,0.0,0.28321029296874994,False,REGULAR,USD,P,2026-08-31,13,778.5800170898438,2026-08-18T08:43:39+00:00
XSP260831P00683000,2026-08-13 15:33:35+00:00,683.0,0.16,0.14,0.15,0.0,0.0,24.0,0.0,0.2802806347656249,False,REGULAR,USD,P,2026-08-31,13,778.5800170898438,2026-08-18T08:43:39+00:00
XSP260831P00684000,2026-08-06 13:30:09+00:00,684.0,0.48,0.12,0.18,0.0,0.0,1.0,0.0,0.2841868457031249,False,REGULAR,USD,P,2026-08-31,13,778.5800170898438,2026-08-18T08:43:39+00:00
XSP260831P00685000,2026-08-14 19:46:59+00:00,685.0,0.13,0.15,0.16,0.0,0.0,6.0,0.0,0.27686270019531245,False,REGULAR,USD,P,2026-08-31,13,778.5800170898438,2026-08-18T08:43:39+00:00
XSP260831P00686000,2026-08-17 19:09:43+00:00,686.0,0.13,0.15,0.17,0.0,0.0,1.0,0.0,0.27637442382812494,False,REGULAR,USD,P,2026-08-31,13,778.5800170898438,2026-08-18T08:43:39+00:00
XSP260831P00687000,2026-08-05 19:30:21+00:00,687.0,0.48,0.16,0.17,0.0,0.0,1.0,0.0,0.273444765625,False,REGULAR,USD,P,2026-08-31,13,778.5800170898438,2026-08-18T08:43:39+00:00
XSP260831P00688000,2026-08-03 13:30:07+00:00,688.0,1.28,0.16,0.18,0.0,0.0,1.0,0.0,0.27246821289062495,False,REGULAR,USD,P,2026-08-31,13,778.5800170898438,2026-08-18T08:43:39+00:00
XSP260831P00689000,2026-08-12 18:32:08+00:00,689.0,0.23,0.17,0.19,0.0,0.0,8.0,0.0,0.27149166015625,False,REGULAR,USD,P,2026-08-31,13,778.5800170898438,2026-08-18T08:43:39+00:00
XSP260831P00690000,2026-08-14 15:41:21+00:00,690.0,0.18,0.17,0.19,0.0,0.0,4.0,0.0,0.26856200195312496,False,REGULAR,USD,P,2026-08-31,13,778.5800170898438,2026-08-18T08:43:39+00:00
XSP260831P00691000,2026-08-04 05:59:19+00:00,691.0,0.91,0.17,0.19,0.0,0.0,5.0,0.0,0.26563234375,False,REGULAR,USD,P,2026-08-31,13,778.5800170898438,2026-08-18T08:43:39+00:00
XSP260831P00692000,2026-08-10 18:50:15+00:00,692.0,0.37,0.18,0.2,0.0,0.0,4.0,0.0,0.264655791015625,False,REGULAR,USD,P,2026-08-31,13,778.5800170898438,2026-08-18T08:43:39+00:00
XSP260831P00693000,2026-08-03 17:27:21+00:00,693.0,1.05,0.19,0.2,0.0,0.0,2.0,0.0,0.2617261328125,False,REGULAR,USD,P,2026-08-31,13,778.5800170898438,2026-08-18T08:43:39+00:00
XSP260831P00694000,2026-08-05 13:56:13+00:00,694.0,0.62,0.19,0.22,0.0,0.0,1.0,0.0,0.2622144091796875,False,REGULAR,USD,P,2026-08-31,13,778.5800170898438,2026-08-18T08:43:39+00:00
XSP260831P00695000,2026-08-17 16:31:44+00:00,695.0,0.14,0.2,0.22,0.0,0.0,2.0,0.0,0.25928475097656256,False,REGULAR,USD,P,2026-08-31,13,778.5800170898438,2026-08-18T08:43:39+00:00
XSP260831P00696000,2026-08-13 19:54:49+00:00,696.0,0.22,0.2,0.22,0.0,0.0,3.0,0.0,0.2563550927734375,False,REGULAR,USD,P,2026-08-31,13,778.5800170898438,2026-08-18T08:43:39+00:00
XSP260831P00697000,2026-08-06 17:16:16+00:00,697.0,0.66,0.19,0.25,0.0,0.0,1.0,0.0,0.25830819824218754,False,REGULAR,USD,P,2026-08-31,13,778.5800170898438,2026-08-18T08:43:39+00:00
XSP260831P00698000,2026-08-07 15:26:19+00:00,698.0,0.46,0.21,0.24,0.0,0.0,2.0,0.0,0.2536695727539063,False,REGULAR,USD,P,2026-08-31,13,778.5800170898438,2026-08-18T08:43:39+00:00
XSP260831P00699000,2026-08-17 17:22:03+00:00,699.0,0.18,0.22,0.25,0.0,0.0,1.0,0.0,0.25220474365234374,False,REGULAR,USD,P,2026-08-31,13,778.5800170898438,2026-08-18T08:43:39+00:00
XSP260831P00700000,2026-08-17 20:04:12+00:00,700.0,0.19,0.23,0.25,0.0,0.0,6.0,0.0,0.249030947265625,False,REGULAR,USD,P,2026-08-31,13,778.5800170898438,2026-08-18T08:43:39+00:00
XSP260831P00701000,2026-08-17 13:30:05+00:00,701.0,0.17,0.24,0.26,0.0,0.0,21.0,0.0,0.2475661181640625,False,REGULAR,USD,P,2026-08-31,13,778.5800170898438,2026-08-18T08:43:39+00:00
XSP260831P00702000,2026-08-17 15:26:25+00:00,702.0,0.15,0.24,0.26,0.0,0.0,1.0,0.0,0.24463645996093752,False,REGULAR,USD,P,2026-08-31,13,778.5800170898438,2026-08-18T08:43:39+00:00
XSP260831P00703000,2026-08-07 15:27:32+00:00,703.0,0.54,0.26,0.28,0.0,0.0,17.0,0.0,0.24414818359375,False,REGULAR,USD,P,2026-08-31,13,778.5800170898438,2026-08-18T08:43:39+00:00
XSP260831P00704000,2026-08-06 13:37:33+00:00,704.0,0.8,0.26,0.29,0.0,0.0,41.0,0.0,0.24243921630859372,False,REGULAR,USD,P,2026-08-31,13,778.5800170898438,2026-08-18T08:43:39+00:00
XSP260831P00705000,2026-08-17 18:23:03+00:00,705.0,0.21,0.27,0.29,0.0,0.0,620.0,0.0,0.2395095581054687,False,REGULAR,USD,P,2026-08-31,13,778.5800170898438,2026-08-18T08:43:39+00:00
XSP260831P00706000,2026-08-17 17:22:03+00:00,706.0,0.22,0.28,0.3,0.0,0.0,1.0,0.0,0.2375564526367187,False,REGULAR,USD,P,2026-08-31,13,778.5800170898438,2026-08-18T08:43:39+00:00
XSP260831P00707000,2026-08-13 18:31:21+00:00,707.0,0.29,0.28,0.31,0.0,0.0,5.0,0.0,0.23584748535156247,False,REGULAR,USD,P,2026-08-31,13,778.5800170898438,2026-08-18T08:43:39+00:00
XSP260831P00708000,2026-08-12 18:39:23+00:00,708.0,0.37,0.29,0.32,0.0,0.0,6.0,0.0,0.23389437988281248,False,REGULAR,USD,P,2026-08-31,13,778.5800170898438,2026-08-18T08:43:39+00:00
XSP260831P00709000,2026-08-14 19:48:16+00:00,709.0,0.24,0.3,0.33,0.0,0.0,10.0,0.0,0.23194127441406248,False,REGULAR,USD,P,2026-08-31,13,778.5800170898438,2026-08-18T08:43:39+00:00
XSP260831P00710000,2026-08-17 17:23:40+00:00,710.0,0.25,0.31,0.34,0.0,0.0,6.0,0.0,0.2299881689453125,False,REGULAR,USD,P,2026-08-31,13,778.5800170898438,2026-08-18T08:43:39+00:00
XSP260831P00711000,2026-08-13 13:59:30+00:00,711.0,0.31,0.32,0.35,0.0,0.0,2.0,0.0,0.22779092529296874,False,REGULAR,USD,P,2026-08-31,13,778.5800170898438,2026-08-18T08:43:39+00:00
XSP260831P00712000,2026-08-14 18:42:56+00:00,712.0,0.29,0.34,0.36,0.0,0.0,6.0,0.0,0.22583781982421874,False,REGULAR,USD,P,2026-08-31,13,778.5800170898438,2026-08-18T08:43:39+00:00
XSP260831P00713000,2026-08-14 16:36:46+00:00,713.0,0.31,0.35,0.37,0.0,0.0,2.0,0.0,0.22364057617187497,False,REGULAR,USD,P,2026-08-31,13,778.5800170898438,2026-08-18T08:43:39+00:00
XSP260831P00714000,2026-08-14 19:46:59+00:00,714.0,0.3,0.36,0.38,0.0,0.0,1.0,0.0,0.22144333251953124,False,REGULAR,USD,P,2026-08-31,13,778.5800170898438,2026-08-18T08:43:39+00:00
XSP260831P00715000,2026-08-17 13:51:05+00:00,715.0,0.24,0.37,0.4,0.0,0.0,10.0,0.0,0.22022264160156246,False,REGULAR,USD,P,2026-08-31,13,778.5800170898438,2026-08-18T08:43:39+00:00
XSP260831P00716000,2026-08-17 18:58:05+00:00,716.0,0.29,0.38,0.41,0.0,0.0,1.0,0.0,0.2180253979492187,False,REGULAR,USD,P,2026-08-31,13,778.5800170898438,2026-08-18T08:43:39+00:00
XSP260831P00717000,2026-08-17 19:27:06+00:00,717.0,0.3,0.41,0.43,0.0,0.0,4.0,0.0,0.21656056884765623,False,REGULAR,USD,P,2026-08-31,13,778.5800170898438,2026-08-18T08:43:39+00:00
XSP260831P00718000,2026-08-14 15:41:21+00:00,718.0,0.4,0.41,0.43,0.0,0.0,2.0,0.0,0.2133867724609375,False,REGULAR,USD,P,2026-08-31,13,778.5800170898438,2026-08-18T08:43:39+00:00
XSP260831P00719000,2026-08-14 19:48:16+00:00,719.0,0.33,0.43,0.46,0.0,0.0,10.0,0.0,0.21265435791015624,False,REGULAR,USD,P,2026-08-31,13,778.5800170898438,2026-08-18T08:43:39+00:00
XSP260831P00720000,2026-08-17 17:25:16+00:00,720.0,0.36,0.44,0.46,0.0,0.0,11.0,0.0,0.2093584924316406,False,REGULAR,USD,P,2026-08-31,13,778.5800170898438,2026-08-18T08:43:39+00:00
XSP260831P00721000,2026-08-17 15:18:35+00:00,721.0,0.28,0.46,0.48,0.0,0.0,2.0,0.0,0.20777159423828123,False,REGULAR,USD,P,2026-08-31,13,778.5800170898438,2026-08-18T08:43:39+00:00
XSP260831P00722000,2026-08-17 19:26:56+00:00,722.0,0.37,0.48,0.51,0.0,0.0,4.0,0.0,0.2067950415039062,False,REGULAR,USD,P,2026-08-31,13,778.5800170898438,2026-08-18T08:43:39+00:00
XSP260831P00723000,2026-08-17 13:30:02+00:00,723.0,0.43,0.5,0.52,0.0,0.0,6.0,0.0,0.20423159057617185,False,REGULAR,USD,P,2026-08-31,13,778.5800170898438,2026-08-18T08:43:39+00:00
XSP260831P00724000,2026-08-17 13:30:13+00:00,724.0,0.32,0.51,0.54,0.0,0.0,5.0,0.0,0.2024005541992187,False,REGULAR,USD,P,2026-08-31,13,778.5800170898438,2026-08-18T08:43:39+00:00
XSP260831P00725000,2026-08-17 19:53:11+00:00,725.0,0.41,0.53,0.56,0.0,0.0,22.0,0.0,0.2004474487304687,False,REGULAR,USD,P,2026-08-31,13,778.5800170898438,2026-08-18T08:43:39+00:00
XSP260831P00726000,2026-08-13 14:40:54+00:00,726.0,0.47,0.56,0.58,0.0,0.0,1.0,0.0,0.19837227416992187,False,REGULAR,USD,P,2026-08-31,13,778.5800170898438,2026-08-18T08:43:39+00:00
XSP260831P00727000,2026-08-17 15:07:34+00:00,727.0,0.35,0.58,0.6,0.0,0.0,2.0,0.0,0.196297099609375,False,REGULAR,USD,P,2026-08-31,13,778.5800170898438,2026-08-18T08:43:39+00:00
XSP260831P00728000,2026-08-13 13:39:37+00:00,728.0,0.55,0.61,0.63,0.0,0.0,3.0,0.0,0.1948322705078125,False,REGULAR,USD,P,2026-08-31,13,778.5800170898438,2026-08-18T08:43:39+00:00
XSP260831P00729000,2026-08-14 14:06:37+00:00,729.0,0.47,0.63,0.65,0.0,0.0,5.0,0.0,0.19263502685546874,False,REGULAR,USD,P,2026-08-31,13,778.5800170898438,2026-08-18T08:43:39+00:00
XSP260831P00730000,2026-08-17 19:57:08+00:00,730.0,0.48,0.66,0.69,0.0,0.0,6.0,0.0,0.1915364050292969,False,REGULAR,USD,P,2026-08-31,13,778.5800170898438,2026-08-18T08:43:39+00:00
XSP260831P00731000,2026-08-14 15:41:21+00:00,731.0,0.59,0.69,0.72,0.0,0.0,1.0,0.0,0.18970536865234378,False,REGULAR,USD,P,2026-08-31,13,778.5800170898438,2026-08-18T08:43:39+00:00
XSP260831P00732000,2026-08-13 19:57:07+00:00,732.0,0.62,0.72,0.75,0.0,0.0,2.0,0.0,0.1878743322753906,False,REGULAR,USD,P,2026-08-31,13,778.5800170898438,2026-08-18T08:43:39+00:00
XSP260831P00733000,2026-08-17 19:01:26+00:00,733.0,0.52,0.75,0.78,0.0,0.0,21.0,0.0,0.1859212268066406,False,REGULAR,USD,P,2026-08-31,13,778.5800170898438,2026-08-18T08:43:39+00:00
XSP260831P00734000,2026-08-17 15:40:23+00:00,734.0,0.46,0.78,0.81,0.0,0.0,6.0,0.0,0.18384605224609374,False,REGULAR,USD,P,2026-08-31,13,778.5800170898438,2026-08-18T08:43:39+00:00
XSP260831P00735000,2026-08-17 19:49:58+00:00,735.0,0.57,0.81,0.85,0.0,0.0,7.0,0.0,0.18225915405273438,False,REGULAR,USD,P,2026-08-31,13,778.5800170898438,2026-08-18T08:43:39+00:00
XSP260831P00736000,2026-08-17 19:23:20+00:00,736.0,0.61,0.85,0.89,0.0,0.0,2.0,0.0,0.1805501867675781,False,REGULAR,USD,P,2026-08-31,13,778.5800170898438,2026-08-18T08:43:39+00:00
XSP260831P00737000,2026-08-17 14:52:08+00:00,737.0,0.51,0.89,0.93,0.0,0.0,4.0,0.0,0.178719150390625,False,REGULAR,USD,P,2026-08-31,13,778.5800170898438,2026-08-18T08:43:39+00:00
XSP260831P00738000,2026-08-17 14:52:16+00:00,738.0,0.54,0.94,0.97,0.0,0.0,7.0,0.0,0.176766044921875,False,REGULAR,USD,P,2026-08-31,13,778.5800170898438,2026-08-18T08:43:39+00:00
XSP260831P00739000,2026-08-17 18:48:47+00:00,739.0,0.67,0.96,1.04,0.0,0.0,2.0,0.0,0.17603363037109376,False,REGULAR,USD,P,2026-08-31,13,778.5800170898438,2026-08-18T08:43:39+00:00
XSP260831P00740000,2026-08-17 19:53:11+00:00,740.0,0.75,1.04,1.08,0.0,0.0,47.0,0.0,0.17383638671875,False,REGULAR,USD,P,2026-08-31,13,778.5800170898438,2026-08-18T08:43:39+00:00
XSP260831P00741000,2026-08-17 18:54:27+00:00,741.0,0.74,1.09,1.12,0.0,0.0,15.0,0.0,0.17163914306640626,False,REGULAR,USD,P,2026-08-31,13,778.5800170898438,2026-08-18T08:43:39+00:00
XSP260831P00742000,2026-08-17 17:30:05+00:00,742.0,0.83,1.15,1.19,0.0,0.0,5.0,0.0,0.17041845214843754,False,REGULAR,USD,P,2026-08-31,13,778.5800170898438,2026-08-18T08:43:39+00:00
XSP260831P00743000,2026-08-17 17:14:13+00:00,743.0,0.75,1.21,1.25,0.0,0.0,13.0,0.0,0.16877051940917973,False,REGULAR,USD,P,2026-08-31,13,778.5800170898438,2026-08-18T08:43:39+00:00
XSP260831P00744000,2026-08-17 19:51:43+00:00,744.0,0.9,1.27,1.32,0.0,0.0,8.0,0.0,0.16730569030761722,False,REGULAR,USD,P,2026-08-31,13,778.5800170898438,2026-08-18T08:43:39+00:00
XSP260831P00745000,2026-08-17 19:49:58+00:00,745.0,0.91,1.35,1.39,0.0,0.0,28.0,0.0,0.1656577575683594,False,REGULAR,USD,P,2026-08-31,13,778.5800170898438,2026-08-18T08:43:39+00:00
XSP260831P00746000,2026-08-17 18:54:27+00:00,746.0,0.94,1.42,1.46,0.0,0.0,7.0,0.0,0.16394879028320314,False,REGULAR,USD,P,2026-08-31,13,778.5800170898438,2026-08-18T08:43:39+00:00
XSP260831P00747000,2026-08-17 18:58:05+00:00,747.0,1.0,1.49,1.53,0.0,0.0,4.0,0.0,0.16205671936035154,False,REGULAR,USD,P,2026-08-31,13,778.5800170898438,2026-08-18T08:43:39+00:00
XSP260831P00748000,2026-08-17 18:05:28+00:00,748.0,1.06,1.58,1.63,0.0,0.0,3.0,0.0,0.1609580975341797,False,REGULAR,USD,P,2026-08-31,13,778.5800170898438,2026-08-18T08:43:39+00:00
XSP260831P00749000,2026-08-14 19:55:45+00:00,749.0,1.06,1.67,1.71,0.0,0.0,6.0,0.0,0.15906602661132813,False,REGULAR,USD,P,2026-08-31,13,778.5800170898438,2026-08-18T08:43:39+00:00
XSP260831P00750000,2026-08-17 18:10:57+00:00,750.0,1.17,1.77,1.82,0.0,0.0,48.0,0.0,0.15796740478515625,False,REGULAR,USD,P,2026-08-31,13,778.5800170898438,2026-08-18T08:43:39+00:00
XSP260831P00751000,2026-08-17 19:24:08+00:00,751.0,1.26,1.88,1.93,0.0,0.0,27.0,0.0,0.15662464477539065,False,REGULAR,USD,P,2026-08-31,13,778.5800170898438,2026-08-18T08:43:39+00:00
XSP260831P00752000,2026-08-17 19:30:13+00:00,752.0,1.34,2.0,2.05,0.0,0.0,12.0,0.0,0.15537343658447267,False,REGULAR,USD,P,2026-08-31,13,778.5800170898438,2026-08-18T08:43:39+00:00
XSP260831P00753000,2026-08-17 13:54:31+00:00,753.0,1.13,2.12,2.17,0.0,0.0,31.0,0.0,0.15393912475585939,False,REGULAR,USD,P,2026-08-31,13,778.5800170898438,2026-08-18T08:43:39+00:00
XSP260831P00754000,2026-08-17 18:37:06+00:00,754.0,1.5,2.24,2.3,0.0,0.0,64.0,0.0,0.15256584747314456,False,REGULAR,USD,P,2026-08-31,13,778.5800170898438,2026-08-18T08:43:39+00:00
XSP260831P00755000,2026-08-17 18:26:03+00:00,755.0,1.5,2.38,2.42,0.0,0.0,36.0,0.0,0.15076532836914067,False,REGULAR,USD,P,2026-08-31,13,778.5800170898438,2026-08-18T08:43:39+00:00
XSP260831P00756000,2026-08-17 19:12:36+00:00,756.0,1.66,2.52,2.58,0.0,0.0,28.0,0.0,0.14972774108886722,False,REGULAR,USD,P,2026-08-31,13,778.5800170898438,2026-08-18T08:43:39+00:00
XSP260831P00757000,2026-08-17 15:32:19+00:00,757.0,1.39,2.68,2.74,0.0,0.0,11.0,0.0,0.148446015625,False,REGULAR,USD,P,2026-08-31,13,778.5800170898438,2026-08-18T08:43:39+00:00
XSP260831P00758000,2026-08-17 20:08:11+00:00,758.0,1.97,2.85,2.91,0.0,0.0,15.0,0.0,0.14722532470703126,False,REGULAR,USD,P,2026-08-31,13,778.5800170898438,2026-08-18T08:43:39+00:00
XSP260831P00759000,2026-08-17 19:51:06+00:00,759.0,2.06,3.02,3.07,0.0,0.0,4.0,0.0,0.145516357421875,False,REGULAR,USD,P,2026-08-31,13,778.5800170898438,2026-08-18T08:43:39+00:00
XSP260831P00760000,2026-08-18 03:10:08+00:00,760.0,2.65,3.23,3.29,0.4000001,17.77778,1.0,0.0,0.14490601196289063,False,REGULAR,USD,P,2026-08-31,13,778.5800170898438,2026-08-18T08:43:39+00:00
XSP260831P00761000,2026-08-18 05:24:33+00:00,761.0,3.12,3.41,3.47,0.8299999,36.244537,1.0,0.0,0.1431665274047852,False,REGULAR,USD,P,2026-08-31,13,778.5800170898438,2026-08-18T08:43:39+00:00
XSP260831P00762000,2026-08-17 19:30:13+00:00,762.0,2.48,3.66,3.73,0.0,0.0,14.0,0.0,0.14283083740234376,False,REGULAR,USD,P,2026-08-31,13,778.5800170898438,2026-08-18T08:43:39+00:00
XSP260831P00763000,2026-08-17 20:08:11+00:00,763.0,2.71,3.89,3.96,0.0,0.0,75.0,0.0,0.141610146484375,False,REGULAR,USD,P,2026-08-31,13,778.5800170898438,2026-08-18T08:43:39+00:00
XSP260831P00764000,2026-08-17 19:01:26+00:00,764.0,2.72,4.15,4.22,0.0,0.0,69.0,0.0,0.1407251455688477,False,REGULAR,USD,P,2026-08-31,13,778.5800170898438,2026-08-18T08:43:39+00:00
XSP260831P00765000,2026-08-17 19:14:43+00:00,765.0,3.0,4.43,4.49,0.0,0.0,32.0,0.0,0.13974859283447266,False,REGULAR,USD,P,2026-08-31,13,778.5800170898438,2026-08-18T08:43:39+00:00
XSP260831P00766000,2026-08-18 05:24:33+00:00,766.0,4.27,4.71,4.78,1.0799999,33.855797,1.0,0.0,0.13886359191894532,False,REGULAR,USD,P,2026-08-31,13,778.5800170898438,2026-08-18T08:43:39+00:00
XSP260831P00767000,2026-08-18 04:13:23+00:00,767.0,4.4,5.03,5.1,0.98,28.65497,1.0,0.0,0.1381922119140625,False,REGULAR,USD,P,2026-08-31,13,778.5800170898438,2026-08-18T08:43:39+00:00
XSP260831P00768000,2026-08-17 17:15:59+00:00,768.0,3.33,5.36,5.43,0.0,0.0,26.0,0.0,0.1374597973632813,False,REGULAR,USD,P,2026-08-31,13,778.5800170898438,2026-08-18T08:43:39+00:00
XSP260831P00769000,2026-08-18 04:14:56+00:00,769.0,5.0,5.73,5.8,1.1300001,29.19897,3.0,0.0,0.13709359008789065,False,REGULAR,USD,P,2026-08-31,13,778.5800170898438,2026-08-18T08:43:39+00:00
XSP260831P00770000,2026-08-18 04:13:23+00:00,770.0,5.36,6.09,6.17,0.96000004,21.818182,1.0,0.0,0.1364222100830078,False,REGULAR,USD,P,2026-08-31,13,778.5800170898438,2026-08-18T08:43:39+00:00
XSP260831P00771000,2026-08-18 04:14:56+00:00,771.0,5.7,6.51,6.58,1.0499997,22.580639,2.0,0.0,0.13611703735351563,False,REGULAR,USD,P,2026-08-31,13,778.5800170898438,2026-08-18T08:43:39+00:00
XSP260831P00772000,2026-08-18 04:14:56+00:00,772.0,6.1,6.93,7.0,1.29,26.819128,1.0,0.0,0.13565927825927737,False,REGULAR,USD,P,2026-08-31,13,778.5800170898438,2026-08-18T08:43:39+00:00
XSP260831P00773000,2026-08-17 19:01:00+00:00,773.0,5.03,7.37,7.46,0.0,0.0,12.0,0.0,0.13553720916748052,False,REGULAR,USD,P,2026-08-31,13,778.5800170898438,2026-08-18T08:43:39+00:00
XSP260831P00774000,2026-08-18 03:01:54+00:00,774.0,6.6,7.85,7.94,1.2399998,23.134323,1.0,0.0,0.13544565734863284,False,REGULAR,USD,P,2026-08-31,13,778.5800170898438,2026-08-18T08:43:39+00:00
XSP260831P00775000,2026-08-17 19:37:26+00:00,775.0,6.01,8.35,8.45,0.0,0.0,32.0,0.0,0.13553720916748052,True,REGULAR,USD,P,2026-08-31,13,778.5800170898438,2026-08-18T08:43:39+00:00
XSP260831P00776000,2026-08-18 02:22:14+00:00,776.0,7.44,8.9,9.0,1.2800002,20.779224,1.0,0.0,0.13596445098876953,True,REGULAR,USD,P,2026-08-31,13,778.5800170898438,2026-08-18T08:43:39+00:00
XSP260831P00777000,2026-08-17 19:25:47+00:00,777.0,6.71,9.43,9.59,0.0,0.0,37.0,0.0,0.13672738281250002,True,REGULAR,USD,P,2026-08-31,13,778.5800170898438,2026-08-18T08:43:39+00:00
XSP260831P00778000,2026-08-18 08:00:20+00:00,778.0,10.12,10.02,10.19,2.6799998,36.0215,2.0,0.0,0.1373682455444336,True,REGULAR,USD,P,2026-08-31,13,778.5800170898438,2026-08-18T08:43:39+00:00
XSP260831P00779000,2026-08-17 14:34:22+00:00,779.0,6.64,10.63,10.81,0.0,0.0,8.0,0.0,0.1380091082763672,True,REGULAR,USD,P,2026-08-31,13,778.5800170898438,2026-08-18T08:43:39+00:00
XSP260831P00780000,2026-08-17 19:56:42+00:00,780.0,8.62,11.27,11.46,0.0,0.0,10.0,0.0,0.13889410919189454,True,REGULAR,USD,P,2026-08-31,13,778.5800170898438,2026-08-18T08:43:39+00:00
XSP260831P00781000,2026-08-17 14:38:42+00:00,781.0,7.86,11.91,12.14,0.0,0.0,2.0,0.0,0.1399622137451172,True,REGULAR,USD,P,2026-08-31,13,778.5800170898438,2026-08-18T08:43:39+00:00
XSP260831P00782000,2026-08-17 12:07:28+00:00,782.0,7.59,12.64,12.86,0.0,0.0,1.0,0.0,0.14148807739257813,True,REGULAR,USD,P,2026-08-31,13,778.5800170898438,2026-08-18T08:43:39+00:00
XSP260831P00783000,2026-07-13 16:35:19+00:00,783.0,31.21,13.35,13.6,0.0,0.0,,0.0,0.14310549285888674,True,REGULAR,USD,P,2026-08-31,13,778.5800170898438,2026-08-18T08:43:39+00:00
XSP260831P00784000,2026-08-04 20:02:53+00:00,784.0,15.13,14.1,14.37,0.0,0.0,1.0,0.0,0.14499756378173828,True,REGULAR,USD,P,2026-08-31,13,778.5800170898438,2026-08-18T08:43:39+00:00
XSP260831P00785000,2026-08-10 14:27:41+00:00,785.0,12.77,14.89,15.15,0.0,0.0,14.0,0.0,0.14685911743164062,True,REGULAR,USD,P,2026-08-31,13,778.5800170898438,2026-08-18T08:43:39+00:00
XSP260831P00786000,2026-08-14 17:08:21+00:00,786.0,10.82,15.67,15.97,0.0,0.0,1.0,0.0,0.14920894744873048,True,REGULAR,USD,P,2026-08-31,13,778.5800170898438,2026-08-18T08:43:39+00:00
XSP260831P00787000,2026-08-17 15:01:42+00:00,787.0,11.28,16.4,16.83,0.0,0.0,3.0,0.0,0.1521386056518555,True,REGULAR,USD,P,2026-08-31,13,778.5800170898438,2026-08-18T08:43:39+00:00
XSP260831P00788000,2026-08-14 14:46:20+00:00,788.0,11.2,17.24,17.68,0.0,0.0,1.0,0.0,0.15473257385253908,True,REGULAR,USD,P,2026-08-31,13,778.5800170898438,2026-08-18T08:43:39+00:00
XSP260831P00789000,2026-08-06 17:34:33+00:00,789.0,20.01,18.09,18.55,0.0,0.0,4.0,0.0,0.1575401629638672,True,REGULAR,USD,P,2026-08-31,13,778.5800170898438,2026-08-18T08:43:39+00:00
XSP260831P00790000,2026-08-17 16:51:37+00:00,790.0,13.72,19.09,19.79,0.0,0.0,6.0,0.0,0.16748879394531252,True,REGULAR,USD,P,2026-08-31,13,778.5800170898438,2026-08-18T08:43:39+00:00
XSP260831P00791000,2026-08-10 18:58:25+00:00,791.0,17.3,19.87,20.34,0.0,0.0,,0.0,0.1637046520996094,True,REGULAR,USD,P,2026-08-31,13,778.5800170898438,2026-08-18T08:43:39+00:00
XSP260831P00792000,2026-08-10 18:58:25+00:00,792.0,18.05,20.43,21.27,0.0,0.0,1.0,0.0,0.16730569030761722,True,REGULAR,USD,P,2026-08-31,13,778.5800170898438,2026-08-18T08:43:39+00:00
XSP260831P00794000,2026-08-13 18:49:22+00:00,794.0,15.49,22.64,23.74,0.0,0.0,,0.0,0.18695881408691406,True,REGULAR,USD,P,2026-08-31,13,778.5800170898438,2026-08-18T08:43:39+00:00
XSP260831P00795000,2026-08-13 18:49:22+00:00,795.0,16.25,23.7,24.29,0.0,0.0,,0.0,0.18247277496337888,True,REGULAR,USD,P,2026-08-31,13,778.5800170898438,2026-08-18T08:43:39+00:00
XSP260831P00800000,2026-08-17 12:42:04+00:00,800.0,21.37,28.52,29.15,0.0,0.0,1.0,0.0,0.20288883056640622,True,REGULAR,USD,P,2026-08-31,13,778.5800170898438,2026-08-18T08:43:39+00:00
XSP260831P00810000,2026-06-16 15:48:21+00:00,810.0,53.4,0.0,0.0,0.0,0.0,1.0,1.0,1.0000000000000003e-05,True,REGULAR,USD,P,2026-08-31,13,778.5800170898438,2026-08-18T08:43:39+00:00
XSP260831P00820000,2026-08-10 15:48:24+00:00,820.0,43.02,48.38,49.02,0.0,0.0,40.0,0.0,0.2845530529785155,True,REGULAR,USD,P,2026-08-31,13,778.5800170898438,2026-08-18T08:43:39+00:00
XSP260831P00830000,2026-05-26 19:37:38+00:00,830.0,73.21,75.76,77.39,0.0,0.0,8.0,0.0,0.6914703704833984,True,REGULAR,USD,P,2026-08-31,13,778.5800170898438,2026-08-18T08:43:39+00:00
XSP260831P00835000,2026-07-20 18:54:43+00:00,835.0,86.32,63.34,63.99,0.0,0.0,,0.0,0.34113207702636716,True,REGULAR,USD,P,2026-08-31,13,778.5800170898438,2026-08-18T08:43:39+00:00
XSP260831P00840000,2026-05-26 19:37:38+00:00,840.0,82.37,85.62,87.25,0.0,0.0,8.0,0.0,0.7390467990112304,True,REGULAR,USD,P,2026-08-31,13,778.5800170898438,2026-08-18T08:43:39+00:00
XSP260831P00845000,2026-07-20 18:53:50+00:00,845.0,96.45,73.24,73.93,0.0,0.0,,0.0,0.3754945263671875,True,REGULAR,USD,P,2026-08-31,13,778.5800170898438,2026-08-18T08:43:39+00:00
XSP260831P00850000,2026-06-26 20:00:18+00:00,850.0,107.99,78.31,78.96,0.0,0.0,11.0,0.0,0.39398799377441407,True,REGULAR,USD,P,2026-08-31,13,778.5800170898438,2026-08-18T08:43:39+00:00
XSP260831P00855000,2026-06-26 20:00:18+00:00,855.0,113.33,83.31,83.95,0.0,0.0,11.0,0.0,0.41095559753417965,True,REGULAR,USD,P,2026-08-31,13,778.5800170898438,2026-08-18T08:43:39+00:00
XSP260908C00725000,2026-08-11 17:08:26+00:00,725.0,51.47,47.76,48.34,0.0,0.0,,0.0,1.0000000000000003e-05,True,REGULAR,USD,C,2026-09-08,21,778.5800170898438,2026-08-18T08:43:39+00:00
XSP260908C00730000,2026-08-11 17:08:26+00:00,730.0,46.47,43.03,43.55,0.0,0.0,,0.0,1.0000000000000003e-05,True,REGULAR,USD,C,2026-09-08,21,778.5800170898438,2026-08-18T08:43:39+00:00
XSP260908C00735000,2026-08-10 17:34:19+00:00,735.0,44.12,38.34,38.84,0.0,0.0,,0.0,1.0000000000000003e-05,True,REGULAR,USD,C,2026-09-08,21,778.5800170898438,2026-08-18T08:43:39+00:00
XSP260908C00740000,2026-08-17 05:41:47+00:00,740.0,42.05,33.73,34.2,0.0,0.0,1.0,0.0,1.0000000000000003e-05,True,REGULAR,USD,C,2026-09-08,21,778.5800170898438,2026-08-18T08:43:39+00:00
XSP260908C00744000,2026-08-13 17:33:28+00:00,744.0,38.35,30.12,30.56,0.0,0.0,,0.0,0.07056593505859377,True,REGULAR,USD,C,2026-09-08,21,778.5800170898438,2026-08-18T08:43:39+00:00
XSP260908C00745000,2026-08-13 03:07:53+00:00,745.0,33.81,29.23,30.02,0.0,0.0,6.0,0.0,0.10242596801757811,True,REGULAR,USD,C,2026-09-08,21,778.5800170898438,2026-08-18T08:43:39+00:00
XSP260908C00750000,2026-08-17 08:43:10+00:00,750.0,32.61,24.82,25.29,0.0,0.0,2.0,0.0,0.0981535498046875,True,REGULAR,USD,C,2026-09-08,21,778.5800170898438,2026-08-18T08:43:39+00:00
XSP260908C00751000,2026-08-13 03:01:35+00:00,751.0,28.47,24.0,24.43,0.0,0.0,,0.0,0.09937424072265624,True,REGULAR,USD,C,2026-09-08,21,778.5800170898438,2026-08-18T08:43:39+00:00
XSP260908C00752000,2026-08-13 03:01:35+00:00,752.0,27.6,23.16,23.57,0.0,0.0,,0.0,0.10022872436523436,True,REGULAR,USD,C,2026-09-08,21,778.5800170898438,2026-08-18T08:43:39+00:00
XSP260908C00755000,2026-08-13 03:07:53+00:00,755.0,25.04,20.63,21.05,0.0,0.0,,0.0,0.10193769165039063,True,REGULAR,USD,C,2026-09-08,21,778.5800170898438,2026-08-18T08:43:39+00:00
XSP260908C00760000,2026-08-17 08:43:10+00:00,760.0,23.7,16.78,17.01,0.0,0.0,1.0,0.0,0.10199872619628905,True,REGULAR,USD,C,2026-09-08,21,778.5800170898438,2026-08-18T08:43:39+00:00
XSP260908C00765000,2026-08-17 14:30:52+00:00,765.0,17.95,13.15,13.26,0.0,0.0,41.0,0.0,0.10041182800292968,True,REGULAR,USD,C,2026-09-08,21,778.5800170898438,2026-08-18T08:43:39+00:00
XSP260908C00767000,2026-08-12 13:40:11+00:00,767.0,15.82,11.78,11.88,0.0,0.0,,0.0,0.09980148254394532,True,REGULAR,USD,C,2026-09-08,21,778.5800170898438,2026-08-18T08:43:39+00:00
XSP260908C00768000,2026-08-12 13:40:11+00:00,768.0,15.13,11.11,11.2,0.0,0.0,,0.0,0.09925217163085936,True,REGULAR,USD,C,2026-09-08,21,778.5800170898438,2026-08-18T08:43:39+00:00
XSP260908C00772000,2026-08-13 14:38:29+00:00,772.0,16.45,8.65,8.73,0.0,0.0,,0.0,0.09778734252929688,True,REGULAR,USD,C,2026-09-08,21,778.5800170898438,2026-08-18T08:43:39+00:00
XSP260908C00773000,2026-08-12 13:30:07+00:00,773.0,12.78,8.08,8.16,0.0,0.0,,0.0,0.09736010070800781,True,REGULAR,USD,C,2026-09-08,21,778.5800170898438,2026-08-18T08:43:39+00:00
XSP260908C00774000,2026-08-12 08:52:24+00:00,774.0,11.11,7.53,7.61,0.0,0.0,,0.0,0.09693285888671876,True,REGULAR,USD,C,2026-09-08,21,778.5800170898438,2026-08-18T08:43:39+00:00
XSP260908C00775000,2026-08-18 02:02:26+00:00,775.0,8.58,7.01,7.08,-0.5500002,-6.0240984,1.0,0.0,0.09647509979248048,False,REGULAR,USD,C,2026-09-08,21,778.5800170898438,2026-08-18T08:43:39+00:00
XSP260908C00780000,2026-08-13 19:17:10+00:00,780.0,10.36,4.7,4.77,0.0,0.0,5.0,0.0,0.09433889068603515,False,REGULAR,USD,C,2026-09-08,21,778.5800170898438,2026-08-18T08:43:39+00:00
XSP260908C00782000,2026-08-13 14:38:29+00:00,782.0,9.98,3.93,3.99,0.0,0.0,,0.0,0.09333182067871094,False,REGULAR,USD,C,2026-09-08,21,778.5800170898438,2026-08-18T08:43:39+00:00
XSP260908C00785000,2026-08-18 02:02:26+00:00,785.0,3.85,2.94,2.99,-0.59000015,-13.288292,2.0,0.0,0.0919585433959961,False,REGULAR,USD,C,2026-09-08,21,778.5800170898438,2026-08-18T08:43:39+00:00
XSP260908C00788000,2026-08-14 17:25:10+00:00,788.0,4.74,2.16,2.21,0.0,0.0,,0.0,0.09116509429931641,False,REGULAR,USD,C,2026-09-08,21,778.5800170898438,2026-08-18T08:43:39+00:00
XSP260908C00789000,2026-08-17 19:34:18+00:00,789.0,2.88,1.94,1.99,0.0,0.0,3.0,0.0,0.09095147338867188,False,REGULAR,USD,C,2026-09-08,21,778.5800170898438,2026-08-18T08:43:39+00:00
XSP260908C00790000,2026-08-17 19:34:18+00:00,790.0,2.6,1.74,1.77,0.0,0.0,8.0,0.0,0.09040216247558594,False,REGULAR,USD,C,2026-09-08,21,778.5800170898438,2026-08-18T08:43:39+00:00
XSP260908C00795000,2026-08-18 02:02:26+00:00,795.0,1.35,0.97,1.0,-0.84000003,-38.356163,1.0,0.0,0.08973078247070312,False,REGULAR,USD,C,2026-09-08,21,778.5800170898438,2026-08-18T08:43:39+00:00
XSP260908C00800000,2026-08-17 16:20:21+00:00,800.0,1.21,0.51,0.54,0.0,0.0,2.0,0.0,0.08954767883300781,False,REGULAR,USD,C,2026-09-08,21,778.5800170898438,2026-08-18T08:43:39+00:00
XSP260908C00805000,2026-08-17 14:38:18+00:00,805.0,0.68,0.26,0.29,0.0,0.0,486.0,0.0,0.0903411279296875,False,REGULAR,USD,C,2026-09-08,21,778.5800170898438,2026-08-18T08:43:39+00:00
XSP260908C00810000,2026-08-17 13:36:20+00:00,810.0,0.48,0.15,0.17,0.0,0.0,2.0,0.0,0.09302664794921875,False,REGULAR,USD,C,2026-09-08,21,778.5800170898438,2026-08-18T08:43:39+00:00
XSP260908C00820000,2026-08-14 00:49:18+00:00,820.0,0.41,0.06,0.08,0.0,0.0,,0.0,0.10254803710937499,False,REGULAR,USD,C,2026-09-08,21,778.5800170898438,2026-08-18T08:43:39+00:00
XSP260908C00860000,2026-08-18 05:22:56+00:00,860.0,0.03,0.0,0.04,-0.04,-57.142857,8.0,0.0,0.161141201171875,False,REGULAR,USD,C,2026-09-08,21,778.5800170898438,2026-08-18T08:43:39+00:00
XSP260908P00480000,2026-08-07 15:33:18+00:00,480.0,0.03,0.0,0.04,0.0,0.0,30.0,0.0,0.6171913281250001,False,REGULAR,USD,P,2026-09-08,21,778.5800170898438,2026-08-18T08:43:39+00:00
XSP260908P00620000,2026-08-07 15:57:29+00:00,620.0,0.25,0.12,0.15,0.0,0.0,16.0,0.0,0.3711000390625,False,REGULAR,USD,P,2026-09-08,21,778.5800170898438,2026-08-18T08:43:39+00:00
XSP260908P00640000,2026-08-13 16:27:14+00:00,640.0,0.2,0.19,0.21,0.0,0.0,,0.0,0.336920693359375,False,REGULAR,USD,P,2026-09-08,21,778.5800170898438,2026-08-18T08:43:39+00:00
XSP260908P00650000,2026-08-12 19:40:32+00:00,650.0,0.26,0.23,0.25,0.0,0.0,3.0,0.0,0.3200751586914062,False,REGULAR,USD,P,2026-09-08,21,778.5800170898438,2026-08-18T08:43:39+00:00
XSP260908P00660000,2026-08-10 13:37:19+00:00,660.0,0.42,0.29,0.31,0.0,0.0,1.0,0.0,0.304694453125,False,REGULAR,USD,P,2026-09-08,21,778.5800170898438,2026-08-18T08:43:39+00:00
XSP260908P00670000,2026-08-10 16:47:35+00:00,670.0,0.49,0.35,0.37,0.0,0.0,2.0,0.0,0.28711650390624993,False,REGULAR,USD,P,2026-09-08,21,778.5800170898438,2026-08-18T08:43:39+00:00
XSP260908P00680000,2026-08-17 13:30:04+00:00,680.0,0.33,0.43,0.45,0.0,0.0,1.0,0.0,0.2700268310546875,False,REGULAR,USD,P,2026-09-08,21,778.5800170898438,2026-08-18T08:43:39+00:00
XSP260908P00690000,2026-08-12 14:12:28+00:00,690.0,0.59,0.52,0.55,0.0,0.0,,0.0,0.2524488818359375,False,REGULAR,USD,P,2026-09-08,21,778.5800170898438,2026-08-18T08:43:39+00:00
XSP260908P00700000,2026-08-17 19:46:20+00:00,700.0,0.55,0.66,0.68,0.0,0.0,1.0,0.0,0.2348709326171875,False,REGULAR,USD,P,2026-09-08,21,778.5800170898438,2026-08-18T08:43:39+00:00
XSP260908P00710000,2026-08-17 15:40:17+00:00,710.0,0.61,0.84,0.86,0.0,0.0,16.0,0.0,0.21753712158203126,False,REGULAR,USD,P,2026-09-08,21,778.5800170898438,2026-08-18T08:43:39+00:00
XSP260908P00715000,2026-08-13 15:29:06+00:00,715.0,0.86,0.95,0.99,0.0,0.0,1.0,0.0,0.20954159606933592,False,REGULAR,USD,P,2026-09-08,21,778.5800170898438,2026-08-18T08:43:39+00:00
XSP260908P00720000,2026-08-17 18:46:39+00:00,720.0,0.86,1.11,1.14,0.0,0.0,23.0,0.0,0.20130193237304686,False,REGULAR,USD,P,2026-09-08,21,778.5800170898438,2026-08-18T08:43:39+00:00
XSP260908P00725000,2026-08-17 19:49:13+00:00,725.0,0.99,1.29,1.32,0.0,0.0,12.0,0.0,0.1930622686767578,False,REGULAR,USD,P,2026-09-08,21,778.5800170898438,2026-08-18T08:43:39+00:00
XSP260908P00730000,2026-08-17 19:37:24+00:00,730.0,1.19,1.5,1.55,0.0,0.0,8.0,0.0,0.18518881225585934,False,REGULAR,USD,P,2026-09-08,21,778.5800170898438,2026-08-18T08:43:39+00:00
XSP260908P00735000,2026-08-17 14:47:05+00:00,735.0,1.18,1.79,1.84,0.0,0.0,6.0,0.0,0.1775594940185547,False,REGULAR,USD,P,2026-09-08,21,778.5800170898438,2026-08-18T08:43:39+00:00
XSP260908P00740000,2026-08-18 01:30:52+00:00,740.0,1.67,2.16,2.21,0.28999996,21.01449,1.0,0.0,0.17023534851074223,False,REGULAR,USD,P,2026-09-08,21,778.5800170898438,2026-08-18T08:43:39+00:00
XSP260908P00742000,2026-08-13 14:50:33+00:00,742.0,1.71,2.32,2.37,0.0,0.0,,0.0,0.16700051757812504,False,REGULAR,USD,P,2026-09-08,21,778.5800170898438,2026-08-18T08:43:39+00:00
XSP260908P00743000,2026-08-17 01:12:49+00:00,743.0,1.59,2.42,2.47,0.0,0.0,1.0,0.0,0.16571879211425783,False,REGULAR,USD,P,2026-09-08,21,778.5800170898438,2026-08-18T08:43:39+00:00
XSP260908P00744000,2026-08-13 14:55:04+00:00,744.0,1.82,2.52,2.57,0.0,0.0,,0.0,0.16434551483154297,False,REGULAR,USD,P,2026-09-08,21,778.5800170898438,2026-08-18T08:43:39+00:00
XSP260908P00745000,2026-08-18 01:30:52+00:00,745.0,2.01,2.62,2.67,0.03999996,2.0304549,1.0,0.0,0.1628806857299805,False,REGULAR,USD,P,2026-09-08,21,778.5800170898438,2026-08-18T08:43:39+00:00
XSP260908P00746000,2026-08-17 17:22:02+00:00,746.0,2.01,2.73,2.79,0.0,0.0,4.0,0.0,0.16172102935791016,False,REGULAR,USD,P,2026-09-08,21,778.5800170898438,2026-08-18T08:43:39+00:00
XSP260908P00747000,2026-08-17 15:23:19+00:00,747.0,1.77,2.85,2.91,0.0,0.0,4.0,0.0,0.1604698211669922,False,REGULAR,USD,P,2026-09-08,21,778.5800170898438,2026-08-18T08:43:39+00:00
XSP260908P00748000,2026-08-14 14:11:17+00:00,748.0,1.95,2.96,3.02,0.0,0.0,,0.0,0.15888292297363282,False,REGULAR,USD,P,2026-09-08,21,778.5800170898438,2026-08-18T08:43:39+00:00
XSP260908P00749000,2026-08-17 18:46:39+00:00,749.0,2.26,3.09,3.15,0.0,0.0,19.0,0.0,0.15760119750976562,False,REGULAR,USD,P,2026-09-08,21,778.5800170898438,2026-08-18T08:43:39+00:00
XSP260908P00750000,2026-08-17 19:13:11+00:00,750.0,2.4,3.22,3.28,0.0,0.0,21.0,0.0,0.15619740295410156,False,REGULAR,USD,P,2026-09-08,21,778.5800170898438,2026-08-18T08:43:39+00:00
XSP260908P00751000,2026-08-17 15:45:06+00:00,751.0,2.19,3.37,3.43,0.0,0.0,4.0,0.0,0.15506826385498051,False,REGULAR,USD,P,2026-09-08,21,778.5800170898438,2026-08-18T08:43:39+00:00
XSP260908P00752000,2026-08-17 14:21:15+00:00,752.0,2.26,3.51,3.57,0.0,0.0,3.0,0.0,0.1536339520263672,False,REGULAR,USD,P,2026-09-08,21,778.5800170898438,2026-08-18T08:43:39+00:00
XSP260908P00753000,2026-08-13 16:27:14+00:00,753.0,2.85,3.66,3.73,0.0,0.0,,0.0,0.15241326110839848,False,REGULAR,USD,P,2026-09-08,21,778.5800170898438,2026-08-18T08:43:39+00:00
XSP260908P00754000,2026-08-17 15:37:42+00:00,754.0,2.48,3.82,3.89,0.0,0.0,7.0,0.0,0.15110101837158207,False,REGULAR,USD,P,2026-09-08,21,778.5800170898438,2026-08-18T08:43:39+00:00
XSP260908P00755000,2026-08-17 08:29:46+00:00,755.0,2.4,3.99,4.06,0.0,0.0,1.0,0.0,0.14981929290771484,False,REGULAR,USD,P,2026-09-08,21,778.5800170898438,2026-08-18T08:43:39+00:00
XSP260908P00758000,2026-08-17 16:53:37+00:00,758.0,3.08,4.56,4.64,0.0,0.0,12.0,0.0,0.14627928924560546,False,REGULAR,USD,P,2026-09-08,21,778.5800170898438,2026-08-18T08:43:39+00:00
XSP260908P00759000,2026-08-17 14:30:52+00:00,759.0,3.11,4.78,4.85,0.0,0.0,41.0,0.0,0.14508911560058596,False,REGULAR,USD,P,2026-09-08,21,778.5800170898438,2026-08-18T08:43:39+00:00
XSP260908P00760000,2026-08-17 19:00:06+00:00,760.0,3.66,5.0,5.06,0.0,0.0,9.0,0.0,0.1437463555908203,False,REGULAR,USD,P,2026-09-08,21,778.5800170898438,2026-08-18T08:43:39+00:00
XSP260908P00765000,2026-08-17 19:00:06+00:00,765.0,4.63,6.3,6.38,0.0,0.0,50.0,0.0,0.13868048828125001,False,REGULAR,USD,P,2026-09-08,21,778.5800170898438,2026-08-18T08:43:39+00:00
XSP260908P00766000,2026-08-17 14:20:39+00:00,766.0,4.36,6.6,6.68,0.0,0.0,2.0,0.0,0.13768867691040043,False,REGULAR,USD,P,2026-09-08,21,778.5800170898438,2026-08-18T08:43:39+00:00
XSP260908P00767000,2026-08-17 19:17:52+00:00,767.0,5.14,6.92,7.0,0.0,0.0,5.0,0.0,0.13678841735839847,False,REGULAR,USD,P,2026-09-08,21,778.5800170898438,2026-08-18T08:43:39+00:00
XSP260908P00770000,2026-08-17 17:54:55+00:00,770.0,5.94,7.95,8.03,0.0,0.0,32.0,0.0,0.1339045350646973,False,REGULAR,USD,P,2026-09-08,21,778.5800170898438,2026-08-18T08:43:39+00:00
XSP260908P00771000,2026-08-17 17:49:06+00:00,771.0,6.3,8.37,8.44,0.0,0.0,1.0,0.0,0.13346203460693357,False,REGULAR,USD,P,2026-09-08,21,778.5800170898438,2026-08-18T08:43:39+00:00
XSP260908P00772000,2026-08-17 15:11:00+00:00,772.0,5.86,8.78,8.86,0.0,0.0,2.0,0.0,0.13294324096679688,False,REGULAR,USD,P,2026-09-08,21,778.5800170898438,2026-08-18T08:43:39+00:00
XSP260908P00773000,2026-08-17 17:27:30+00:00,773.0,7.08,9.2,9.28,0.0,0.0,15.0,0.0,0.13221082641601564,False,REGULAR,USD,P,2026-09-08,21,778.5800170898438,2026-08-18T08:43:39+00:00
XSP260908P00774000,2026-08-17 19:17:52+00:00,774.0,7.28,9.65,9.73,0.0,0.0,5.0,0.0,0.13169203277587893,False,REGULAR,USD,P,2026-09-08,21,778.5800170898438,2026-08-18T08:43:39+00:00
XSP260908P00775000,2026-08-18 03:37:18+00:00,775.0,9.3,10.12,10.22,1.6600003,21.727753,5.0,0.0,0.13147841186523437,True,REGULAR,USD,P,2026-09-08,21,778.5800170898438,2026-08-18T08:43:39+00:00
XSP260908P00776000,2026-08-17 19:17:52+00:00,776.0,8.06,10.59,10.68,0.0,0.0,3.0,0.0,0.13065444549560545,True,REGULAR,USD,P,2026-09-08,21,778.5800170898438,2026-08-18T08:43:39+00:00
XSP260908P00780000,2026-08-17 13:31:03+00:00,780.0,8.5,12.73,12.94,0.0,0.0,1.0,0.0,0.13080703186035153,True,REGULAR,USD,P,2026-09-08,21,778.5800170898438,2026-08-18T08:43:39+00:00
XSP260908P00787000,2026-08-14 14:16:41+00:00,787.0,11.75,17.37,17.65,0.0,0.0,,0.0,0.1336146209716797,True,REGULAR,USD,P,2026-09-08,21,778.5800170898438,2026-08-18T08:43:39+00:00
XSP260918C00305000,2026-06-22 05:49:42+00:00,305.0,444.82,0.0,0.0,0.0,0.0,3.0,7.0,1.0000000000000003e-05,True,REGULAR,USD,C,2026-09-18,31,778.5800170898438,2026-08-18T08:43:39+00:00
XSP260918C00315000,2026-05-07 19:43:07+00:00,315.0,420.75,0.0,0.0,0.0,0.0,1.0,0.0,1.0000000000000003e-05,True,REGULAR,USD,C,2026-09-18,31,778.5800170898438,2026-08-18T08:43:39+00:00
XSP260918C00355000,2026-05-29 18:01:20+00:00,355.0,404.63,395.16,396.79,0.0,0.0,1.0,0.0,1.0000000000000003e-05,True,REGULAR,USD,C,2026-09-18,31,778.5800170898438,2026-08-18T08:43:39+00:00
XSP260918C00360000,2026-08-17 14:34:17+00:00,360.0,418.11,399.09,423.09,0.0,0.0,2.0,0.0,1.767579287109375,True,REGULAR,USD,C,2026-09-18,31,778.5800170898438,2026-08-18T08:43:39+00:00
XSP260918C00370000,2025-08-27 14:58:52+00:00,370.0,290.67,305.29,308.58,0.0,0.0,2.0,2.0,1.0000000000000003e-05,True,REGULAR,USD,C,2026-09-18,31,778.5800170898438,2026-08-18T08:43:39+00:00
XSP260918C00380000,2026-03-26 16:17:28+00:00,380.0,279.6,359.41,361.04,0.0,0.0,2.0,0.0,1.0000000000000003e-05,True,REGULAR,USD,C,2026-09-18,31,778.5800170898438,2026-08-18T08:43:39+00:00
XSP260918C00385000,2025-09-17 13:32:41+00:00,385.0,287.15,292.21,296.35,0.0,0.0,5.0,5.0,1.0000000000000003e-05,True,REGULAR,USD,C,2026-09-18,31,778.5800170898438,2026-08-18T08:43:39+00:00
XSP260918C00390000,2025-09-18 18:59:43+00:00,390.0,287.0,287.52,291.65,0.0,0.0,2.0,1.0,1.0000000000000003e-05,True,REGULAR,USD,C,2026-09-18,31,778.5800170898438,2026-08-18T08:43:39+00:00
XSP260918C00400000,2026-08-17 14:35:01+00:00,400.0,378.08,359.25,383.25,0.0,0.0,2.0,0.0,1.5639670239257812,True,REGULAR,USD,C,2026-09-18,31,778.5800170898438,2026-08-18T08:43:39+00:00
XSP260918C00405000,2026-07-20 19:01:07+00:00,405.0,342.19,354.27,378.27,0.0,0.0,,0.0,1.5399192926025391,True,REGULAR,USD,C,2026-09-18,31,778.5800170898438,2026-08-18T08:43:39+00:00
XSP260918C00420000,2026-04-15 18:36:53+00:00,420.0,287.43,321.07,323.64,0.0,0.0,,1.0,1.0000000000000003e-05,True,REGULAR,USD,C,2026-09-18,31,778.5800170898438,2026-08-18T08:43:39+00:00
XSP260918C00435000,2025-07-31 20:08:22+00:00,435.0,218.65,244.69,247.87,0.0,0.0,,1.0,1.0000000000000003e-05,True,REGULAR,USD,C,2026-09-18,31,778.5800170898438,2026-08-18T08:43:39+00:00
XSP260918C00480000,2026-05-18 13:44:49+00:00,480.0,265.76,271.59,273.22,0.0,0.0,1.0,0.0,1.0000000000000003e-05,True,REGULAR,USD,C,2026-09-18,31,778.5800170898438,2026-08-18T08:43:39+00:00
XSP260918C00485000,2026-06-16 17:56:45+00:00,485.0,273.63,0.0,0.0,0.0,0.0,,14.0,1.0000000000000003e-05,True,REGULAR,USD,C,2026-09-18,31,778.5800170898438,2026-08-18T08:43:39+00:00
XSP260918C00495000,2026-07-01 14:39:51+00:00,495.0,258.18,264.65,288.65,0.0,0.0,1.0,0.0,1.1475872698974607,True,REGULAR,USD,C,2026-09-18,31,778.5800170898438,2026-08-18T08:43:39+00:00
XSP260918C00500000,2026-07-15 13:46:39+00:00,500.0,258.88,259.68,283.68,0.0,0.0,4.0,0.0,1.1279340478515625,True,REGULAR,USD,C,2026-09-18,31,778.5800170898438,2026-08-18T08:43:39+00:00
XSP260918C00510000,2026-05-14 19:34:55+00:00,510.0,247.02,249.25,250.44,0.0,0.0,1.0,1.0,1.0000000000000003e-05,True,REGULAR,USD,C,2026-09-18,31,778.5800170898438,2026-08-18T08:43:39+00:00
XSP260918C00520000,2026-03-12 13:40:17+00:00,520.0,167.08,195.79,207.83,0.0,0.0,,1.0,1.0000000000000003e-05,True,REGULAR,USD,C,2026-09-18,31,778.5800170898438,2026-08-18T08:43:39+00:00
XSP260918C00530000,2026-07-01 14:53:27+00:00,530.0,223.81,229.83,253.83,0.0,0.0,1.0,0.0,1.0119067959594727,True,REGULAR,USD,C,2026-09-18,31,778.5800170898438,2026-08-18T08:43:39+00:00
XSP260918C00535000,2026-07-01 14:53:27+00:00,535.0,218.92,224.86,248.86,0.0,0.0,3.0,0.0,0.993164130859375,True,REGULAR,USD,C,2026-09-18,31,778.5800170898438,2026-08-18T08:43:39+00:00
XSP260918C00541000,2026-02-19 18:05:00+00:00,541.0,158.93,131.52,133.18,0.0,0.0,,0.0,1.0000000000000003e-05,True,REGULAR,USD,C,2026-09-18,31,778.5800170898438,2026-08-18T08:43:39+00:00
XSP260918C00545000,2026-07-17 14:55:28+00:00,545.0,206.49,214.91,238.91,0.0,0.0,3.0,0.0,0.9557499542236327,True,REGULAR,USD,C,2026-09-18,31,778.5800170898438,2026-08-18T08:43:39+00:00
XSP260918C00550000,2026-07-16 18:17:07+00:00,550.0,207.32,209.94,233.94,0.0,0.0,1.0,0.0,0.9373785559082031,True,REGULAR,USD,C,2026-09-18,31,778.5800170898438,2026-08-18T08:43:39+00:00
XSP260918C00553000,2025-09-15 20:14:47+00:00,553.0,138.39,141.85,144.95,0.0,0.0,,1.0,1.0000000000000003e-05,True,REGULAR,USD,C,2026-09-18,31,778.5800170898438,2026-08-18T08:43:39+00:00
XSP260918C00555000,2026-07-06 14:50:46+00:00,555.0,201.96,204.97,228.97,0.0,0.0,1.0,0.0,0.9191292266845703,True,REGULAR,USD,C,2026-09-18,31,778.5800170898438,2026-08-18T08:43:39+00:00
XSP260918C00558000,2026-01-08 18:30:42+00:00,558.0,152.65,152.62,154.82,0.0,0.0,,1.0,1.0000000000000003e-05,True,REGULAR,USD,C,2026-09-18,31,778.5800170898438,2026-08-18T08:43:39+00:00
XSP260918C00560000,2026-08-12 19:02:32+00:00,560.0,216.93,200.11,224.11,0.0,0.0,1.0,0.0,0.9039011074829101,True,REGULAR,USD,C,2026-09-18,31,778.5800170898438,2026-08-18T08:43:39+00:00
XSP260918C00564000,2026-06-16 17:55:50+00:00,564.0,196.24,0.0,0.0,0.0,0.0,,13.0,1.0000000000000003e-05,True,REGULAR,USD,C,2026-09-18,31,778.5800170898438,2026-08-18T08:43:39+00:00
XSP260918C00565000,2026-07-09 15:44:05+00:00,565.0,191.98,199.04,215.04,0.0,0.0,1.0,0.0,0.7637963073730469,True,REGULAR,USD,C,2026-09-18,31,778.5800170898438,2026-08-18T08:43:39+00:00
XSP260918C00568000,2026-06-09 17:31:01+00:00,568.0,171.68,0.0,0.0,0.0,0.0,,1.0,1.0000000000000003e-05,True,REGULAR,USD,C,2026-09-18,31,778.5800170898438,2026-08-18T08:43:39+00:00
XSP260918C00570000,2026-06-05 19:51:45+00:00,570.0,178.54,183.06,184.69,0.0,0.0,1.0,0.0,1.0000000000000003e-05,True,REGULAR,USD,C,2026-09-18,31,778.5800170898438,2026-08-18T08:43:39+00:00
XSP260918C00574000,2026-03-06 18:08:17+00:00,574.0,122.31,102.97,104.82,0.0,0.0,1.0,0.0,1.0000000000000003e-05,True,REGULAR,USD,C,2026-09-18,31,778.5800170898438,2026-08-18T08:43:39+00:00
XSP260918C00575000,2026-06-18 18:11:21+00:00,575.0,181.5,0.0,0.0,0.0,0.0,1.0,4.0,1.0000000000000003e-05,True,REGULAR,USD,C,2026-09-18,31,778.5800170898438,2026-08-18T08:43:39+00:00
XSP260918C00576000,2025-10-29 19:04:24+00:00,576.0,140.32,132.25,134.99,0.0,0.0,1.0,1.0,1.0000000000000003e-05,True,REGULAR,USD,C,2026-09-18,31,778.5800170898438,2026-08-18T08:43:39+00:00
XSP260918C00577000,2026-04-13 17:13:19+00:00,577.0,122.46,169.4,174.03,0.0,0.0,2.0,2.0,1.0000000000000003e-05,True,REGULAR,USD,C,2026-09-18,31,778.5800170898438,2026-08-18T08:43:39+00:00
XSP260918C00580000,2026-06-30 17:19:53+00:00,580.0,175.05,184.14,200.14,0.0,0.0,2.0,0.0,0.7163724652099608,True,REGULAR,USD,C,2026-09-18,31,778.5800170898438,2026-08-18T08:43:39+00:00
XSP260918C00582000,2025-10-03 13:53:25+00:00,582.0,124.97,0.0,0.0,0.0,0.0,3.0,1.0,1.0000000000000003e-05,True,REGULAR,USD,C,2026-09-18,31,778.5800170898438,2026-08-18T08:43:39+00:00
XSP260918C00585000,2025-12-30 20:18:02+00:00,585.0,127.94,128.46,130.3,0.0,0.0,1.0,1.0,1.0000000000000003e-05,True,REGULAR,USD,C,2026-09-18,31,778.5800170898438,2026-08-18T08:43:39+00:00
XSP260918C00588000,2026-04-27 19:38:01+00:00,588.0,141.76,0.0,0.0,0.0,0.0,1.0,1.0,1.0000000000000003e-05,True,REGULAR,USD,C,2026-09-18,31,778.5800170898438,2026-08-18T08:43:39+00:00
XSP260918C00590000,2026-08-13 19:49:37+00:00,590.0,191.73,174.22,190.22,0.0,0.0,2.0,0.0,0.6854889849853516,True,REGULAR,USD,C,2026-09-18,31,778.5800170898438,2026-08-18T08:43:39+00:00
XSP260918C00595000,2026-04-27 14:36:01+00:00,595.0,134.71,0.0,0.0,0.0,0.0,1.0,4.0,1.0000000000000003e-05,True,REGULAR,USD,C,2026-09-18,31,778.5800170898438,2026-08-18T08:43:39+00:00
XSP260918C00596000,2026-05-29 16:35:17+00:00,596.0,171.03,157.68,159.31,0.0,0.0,2.0,0.0,1.0000000000000003e-05,True,REGULAR,USD,C,2026-09-18,31,778.5800170898438,2026-08-18T08:43:39+00:00
XSP260918C00600000,2026-07-27 15:02:25+00:00,600.0,146.11,164.3,180.3,0.0,0.0,18.0,0.0,0.6547275738525393,True,REGULAR,USD,C,2026-09-18,31,778.5800170898438,2026-08-18T08:43:39+00:00
XSP260918C00601000,2026-02-17 17:10:40+00:00,601.0,106.31,80.98,82.79,0.0,0.0,1.0,0.0,1.0000000000000003e-05,True,REGULAR,USD,C,2026-09-18,31,778.5800170898438,2026-08-18T08:43:39+00:00
XSP260918C00602000,2025-12-22 15:53:47+00:00,602.0,110.95,113.59,116.21,0.0,0.0,10.0,3.0,1.0000000000000003e-05,True,REGULAR,USD,C,2026-09-18,31,778.5800170898438,2026-08-18T08:43:39+00:00
XSP260918C00604000,2026-05-28 15:12:28+00:00,604.0,160.16,149.9,151.53,0.0,0.0,1.0,0.0,1.0000000000000003e-05,True,REGULAR,USD,C,2026-09-18,31,778.5800170898438,2026-08-18T08:43:39+00:00
XSP260918C00605000,2026-05-08 19:12:20+00:00,605.0,145.39,0.0,0.0,0.0,0.0,1.0,3.0,1.0000000000000003e-05,True,REGULAR,USD,C,2026-09-18,31,778.5800170898438,2026-08-18T08:43:39+00:00
XSP260918C00609000,2026-08-14 14:19:00+00:00,609.0,172.95,155.38,171.38,0.0,0.0,2.0,0.0,0.6274451318359376,True,REGULAR,USD,C,2026-09-18,31,778.5800170898438,2026-08-18T08:43:39+00:00
XSP260918C00610000,2026-07-13 13:42:56+00:00,610.0,150.23,154.39,170.39,0.0,0.0,1.0,0.0,0.6244544390869142,True,REGULAR,USD,C,2026-09-18,31,778.5800170898438,2026-08-18T08:43:39+00:00
XSP260918C00613000,2026-04-28 14:53:54+00:00,613.0,114.38,0.0,0.0,0.0,0.0,2.0,2.0,1.0000000000000003e-05,True,REGULAR,USD,C,2026-09-18,31,778.5800170898438,2026-08-18T08:43:39+00:00
XSP260918C00615000,2026-07-17 02:19:47+00:00,615.0,139.08,149.43,165.43,0.0,0.0,13.0,0.0,0.6091958026123048,True,REGULAR,USD,C,2026-09-18,31,778.5800170898438,2026-08-18T08:43:39+00:00
XSP260918C00616000,2026-02-11 18:51:22+00:00,616.0,102.95,69.37,71.18,0.0,0.0,1.0,0.0,1.0000000000000003e-05,True,REGULAR,USD,C,2026-09-18,31,778.5800170898438,2026-08-18T08:43:39+00:00
XSP260918C00618000,2026-05-06 15:11:22+00:00,618.0,129.2,0.0,0.0,0.0,0.0,1.0,1.0,1.0000000000000003e-05,True,REGULAR,USD,C,2026-09-18,31,778.5800170898438,2026-08-18T08:43:39+00:00
XSP260918C00619000,2026-08-14 14:20:56+00:00,619.0,162.77,145.47,161.47,0.0,0.0,1.0,0.0,0.5972330316162109,True,REGULAR,USD,C,2026-09-18,31,778.5800170898438,2026-08-18T08:43:39+00:00
XSP260918C00620000,2026-08-17 00:35:53+00:00,620.0,160.52,144.48,160.48,0.0,0.0,13.0,0.0,0.5942423388671876,True,REGULAR,USD,C,2026-09-18,31,778.5800170898438,2026-08-18T08:43:39+00:00
XSP260918C00621000,2026-07-16 20:07:59+00:00,621.0,136.81,143.49,159.49,0.0,0.0,1.0,0.0,0.5912516461181643,True,REGULAR,USD,C,2026-09-18,31,778.5800170898438,2026-08-18T08:43:39+00:00
XSP260918C00622000,2026-04-28 14:50:46+00:00,622.0,106.22,0.0,0.0,0.0,0.0,2.0,0.0,1.0000000000000003e-05,True,REGULAR,USD,C,2026-09-18,31,778.5800170898438,2026-08-18T08:43:39+00:00
XSP260918C00623000,2026-01-12 15:27:08+00:00,623.0,100.24,96.44,97.82,0.0,0.0,,0.0,1.0000000000000003e-05,True,REGULAR,USD,C,2026-09-18,31,778.5800170898438,2026-08-18T08:43:39+00:00
XSP260918C00624000,2025-12-10 15:14:31+00:00,624.0,95.23,95.15,97.88,0.0,0.0,1.0,2.0,1.0000000000000003e-05,True,REGULAR,USD,C,2026-09-18,31,778.5800170898438,2026-08-18T08:43:39+00:00
XSP260918C00625000,2026-08-17 00:35:53+00:00,625.0,155.58,139.53,155.53,0.0,0.0,13.0,0.0,0.5792583578491212,True,REGULAR,USD,C,2026-09-18,31,778.5800170898438,2026-08-18T08:43:39+00:00
XSP260918C00626000,2025-10-06 15:30:21+00:00,626.0,89.76,0.0,0.0,0.0,0.0,1.0,1.0,1.0000000000000003e-05,True,REGULAR,USD,C,2026-09-18,31,778.5800170898438,2026-08-18T08:43:39+00:00
XSP260918C00628000,2026-06-05 19:10:46+00:00,628.0,122.45,126.69,128.32,0.0,0.0,1.0,0.0,1.0000000000000003e-05,True,REGULAR,USD,C,2026-09-18,31,778.5800170898438,2026-08-18T08:43:39+00:00
XSP260918C00629000,2026-06-05 19:10:46+00:00,629.0,121.54,125.73,127.36,0.0,0.0,1.0,0.0,1.0000000000000003e-05,True,REGULAR,USD,C,2026-09-18,31,778.5800170898438,2026-08-18T08:43:39+00:00
XSP260918C00630000,2026-08-17 16:52:41+00:00,630.0,148.93,134.59,150.59,0.0,0.0,1.0,0.0,0.564579549560547,True,REGULAR,USD,C,2026-09-18,31,778.5800170898438,2026-08-18T08:43:39+00:00
XSP260918C00635000,2026-07-16 20:07:59+00:00,635.0,123.17,129.64,145.64,0.0,0.0,1.0,0.0,0.5496260858154298,True,REGULAR,USD,C,2026-09-18,31,778.5800170898438,2026-08-18T08:43:39+00:00
XSP260918C00640000,2026-07-21 15:44:23+00:00,640.0,115.0,124.7,140.7,0.0,0.0,4.0,0.0,0.534886242980957,True,REGULAR,USD,C,2026-09-18,31,778.5800170898438,2026-08-18T08:43:39+00:00
XSP260918C00641000,2026-08-11 20:05:18+00:00,641.0,133.89,123.72,139.72,0.0,0.0,,0.0,0.5321396884155273,True,REGULAR,USD,C,2026-09-18,31,778.5800170898438,2026-08-18T08:43:39+00:00
XSP260918C00645000,2026-07-27 13:51:58+00:00,645.0,106.3,119.77,135.77,0.0,0.0,1.0,0.0,0.520390538330078,True,REGULAR,USD,C,2026-09-18,31,778.5800170898438,2026-08-18T08:43:39+00:00
XSP260918C00650000,2026-08-12 15:08:38+00:00,650.0,126.92,114.83,130.83,0.0,0.0,2.0,0.0,0.5056201782226561,True,REGULAR,USD,C,2026-09-18,31,778.5800170898438,2026-08-18T08:43:39+00:00
XSP260918C00655000,2026-08-04 15:39:53+00:00,655.0,118.19,109.9,125.9,0.0,0.0,2.0,0.0,0.4910329217529297,True,REGULAR,USD,C,2026-09-18,31,778.5800170898438,2026-08-18T08:43:39+00:00
XSP260918C00660000,2026-08-04 16:04:55+00:00,660.0,111.0,104.98,120.98,0.0,0.0,1.0,0.0,0.47662876892089845,True,REGULAR,USD,C,2026-09-18,31,778.5800170898438,2026-08-18T08:43:39+00:00
XSP260918C00665000,2026-05-27 17:25:04+00:00,665.0,99.65,91.64,93.25,0.0,0.0,2.0,0.0,1.0000000000000003e-05,True,REGULAR,USD,C,2026-09-18,31,778.5800170898438,2026-08-18T08:43:39+00:00
XSP260918C00669000,2026-08-05 18:39:32+00:00,669.0,109.05,99.13,109.13,0.0,0.0,,0.0,0.37842418457031246,True,REGULAR,USD,C,2026-09-18,31,778.5800170898438,2026-08-18T08:43:39+00:00
XSP260918C00670000,2026-08-13 15:24:13+00:00,670.0,111.93,98.15,108.15,0.0,0.0,1.0,0.0,0.3761048718261719,True,REGULAR,USD,C,2026-09-18,31,778.5800170898438,2026-08-18T08:43:39+00:00
XSP260918C00674000,2026-07-21 20:09:58+00:00,674.0,83.39,94.23,104.23,0.0,0.0,1.0,0.0,0.36652244812011714,True,REGULAR,USD,C,2026-09-18,31,778.5800170898438,2026-08-18T08:43:39+00:00
XSP260918C00675000,2026-08-10 16:02:56+00:00,675.0,104.25,93.25,103.25,0.0,0.0,2.0,0.0,0.36414210083007814,True,REGULAR,USD,C,2026-09-18,31,778.5800170898438,2026-08-18T08:43:39+00:00
XSP260918C00677000,2026-08-12 17:27:35+00:00,677.0,101.0,91.29,101.29,0.0,0.0,,0.0,0.3593203717041016,True,REGULAR,USD,C,2026-09-18,31,778.5800170898438,2026-08-18T08:43:39+00:00
XSP260918C00680000,2026-08-14 14:14:18+00:00,680.0,103.18,88.35,98.35,0.0,0.0,1.0,0.0,0.35202674346923823,True,REGULAR,USD,C,2026-09-18,31,778.5800170898438,2026-08-18T08:43:39+00:00
XSP260918C00685000,2026-08-05 13:33:14+00:00,685.0,97.2,83.47,93.47,0.0,0.0,1.0,0.0,0.3402165588378906,True,REGULAR,USD,C,2026-09-18,31,778.5800170898438,2026-08-18T08:43:39+00:00
XSP260918C00690000,2026-08-17 14:16:29+00:00,690.0,90.35,78.6,88.6,0.0,0.0,1.0,0.0,0.3284674087524414,True,REGULAR,USD,C,2026-09-18,31,778.5800170898438,2026-08-18T08:43:39+00:00
XSP260918C00695000,2026-08-11 16:36:47+00:00,695.0,82.43,73.74,83.74,0.0,0.0,1.0,0.0,0.3166572241210937,True,REGULAR,USD,C,2026-09-18,31,778.5800170898438,2026-08-18T08:43:39+00:00
XSP260918C00697000,2026-07-31 16:49:50+00:00,697.0,56.82,71.81,81.81,0.0,0.0,9.0,0.0,0.3122017022705078,True,REGULAR,USD,C,2026-09-18,31,778.5800170898438,2026-08-18T08:43:39+00:00
XSP260918C00698000,2026-08-04 19:47:57+00:00,698.0,82.11,70.84,80.84,0.0,0.0,,0.0,0.30982135498046875,True,REGULAR,USD,C,2026-09-18,31,778.5800170898438,2026-08-18T08:43:39+00:00
XSP260918C00700000,2026-08-17 06:38:37+00:00,700.0,82.74,68.91,78.91,0.0,0.0,1.0,0.0,0.3052742813110352,True,REGULAR,USD,C,2026-09-18,31,778.5800170898438,2026-08-18T08:43:39+00:00
XSP260918C00701000,2026-07-07 13:33:38+00:00,701.0,62.76,67.94,77.94,0.0,0.0,1.0,0.0,0.30286341674804684,True,REGULAR,USD,C,2026-09-18,31,778.5800170898438,2026-08-18T08:43:39+00:00
XSP260918C00704000,2026-08-17 16:05:59+00:00,704.0,76.79,65.06,75.06,0.0,0.0,1.0,0.0,0.29621065124511714,True,REGULAR,USD,C,2026-09-18,31,778.5800170898438,2026-08-18T08:43:39+00:00
XSP260918C00705000,2026-08-17 17:18:20+00:00,705.0,74.78,64.1,74.1,0.0,0.0,9.0,0.0,0.29395237304687494,True,REGULAR,USD,C,2026-09-18,31,778.5800170898438,2026-08-18T08:43:39+00:00
XSP260918C00706000,2026-08-07 16:22:42+00:00,706.0,73.0,63.14,73.14,0.0,0.0,1.0,0.0,0.29169409484863273,True,REGULAR,USD,C,2026-09-18,31,778.5800170898438,2026-08-18T08:43:39+00:00
XSP260918C00708000,2026-07-22 13:30:06+00:00,708.0,51.42,61.22,71.22,0.0,0.0,,0.0,0.28711650390624993,True,REGULAR,USD,C,2026-09-18,31,778.5800170898438,2026-08-18T08:43:39+00:00
XSP260918C00710000,2026-08-12 16:35:48+00:00,710.0,68.11,59.31,69.31,0.0,0.0,11.0,0.0,0.28266098205566403,True,REGULAR,USD,C,2026-09-18,31,778.5800170898438,2026-08-18T08:43:39+00:00
XSP260918C00712000,2026-08-03 18:36:39+00:00,712.0,54.22,57.41,67.41,0.0,0.0,3.0,0.0,0.278327529296875,True,REGULAR,USD,C,2026-09-18,31,778.5800170898438,2026-08-18T08:43:39+00:00
XSP260918C00714000,2026-07-21 20:09:58+00:00,714.0,47.41,55.51,65.51,0.0,0.0,,0.0,0.2739330419921875,True,REGULAR,USD,C,2026-09-18,31,778.5800170898438,2026-08-18T08:43:39+00:00
XSP260918C00715000,2026-08-17 13:54:02+00:00,715.0,66.14,54.56,64.56,0.0,0.0,2.0,0.0,0.2717052810668945,True,REGULAR,USD,C,2026-09-18,31,778.5800170898438,2026-08-18T08:43:39+00:00
XSP260918C00716000,2026-07-31 18:48:13+00:00,716.0,41.4,53.61,63.61,0.0,0.0,12.0,0.0,0.2694470028686523,True,REGULAR,USD,C,2026-09-18,31,778.5800170898438,2026-08-18T08:43:39+00:00
XSP260918C00717000,2026-07-06 18:52:54+00:00,717.0,50.22,52.67,62.67,0.0,0.0,,0.0,0.26737182830810546,True,REGULAR,USD,C,2026-09-18,31,778.5800170898438,2026-08-18T08:43:39+00:00
XSP260918C00718000,2026-07-27 14:09:21+00:00,718.0,38.4,51.73,61.73,0.0,0.0,1.0,0.0,0.2652661364746094,True,REGULAR,USD,C,2026-09-18,31,778.5800170898438,2026-08-18T08:43:39+00:00
XSP260918C00719000,2026-08-03 02:04:38+00:00,719.0,42.4,50.78,60.78,0.0,0.0,3.0,0.0,0.2629468237304688,True,REGULAR,USD,C,2026-09-18,31,778.5800170898438,2026-08-18T08:43:39+00:00
XSP260918C00720000,2026-08-13 19:53:38+00:00,720.0,63.65,49.85,59.85,0.0,0.0,1.0,0.0,0.2609632009887696,True,REGULAR,USD,C,2026-09-18,31,778.5800170898438,2026-08-18T08:43:39+00:00
XSP260918C00721000,2026-08-07 16:19:30+00:00,721.0,58.0,48.91,58.91,0.0,0.0,1.0,0.0,0.2587659573364258,True,REGULAR,USD,C,2026-09-18,31,778.5800170898438,2026-08-18T08:43:39+00:00
XSP260918C00722000,2026-08-03 02:06:47+00:00,722.0,39.83,47.97,57.97,0.0,0.0,,0.0,0.2565687136840821,True,REGULAR,USD,C,2026-09-18,31,778.5800170898438,2026-08-18T08:43:39+00:00
XSP260918C00724000,2026-08-06 14:19:55+00:00,724.0,55.96,46.11,56.11,0.0,0.0,2.0,0.0,0.2524183645629883,True,REGULAR,USD,C,2026-09-18,31,778.5800170898438,2026-08-18T08:43:39+00:00
XSP260918C00725000,2026-08-11 15:22:31+00:00,725.0,54.95,45.18,55.18,0.0,0.0,13.0,0.0,0.2503126727294922,True,REGULAR,USD,C,2026-09-18,31,778.5800170898438,2026-08-18T08:43:39+00:00
XSP260918C00726000,2026-07-22 13:30:06+00:00,726.0,36.46,44.25,54.25,0.0,0.0,5.0,0.0,0.24817646362304688,True,REGULAR,USD,C,2026-09-18,31,778.5800170898438,2026-08-18T08:43:39+00:00
XSP260918C00727000,2026-08-03 02:06:47+00:00,727.0,35.58,43.33,53.33,0.0,0.0,,0.0,0.24616232360839846,True,REGULAR,USD,C,2026-09-18,31,778.5800170898438,2026-08-18T08:43:39+00:00
XSP260918C00728000,2026-08-12 17:45:30+00:00,728.0,51.76,42.41,52.41,0.0,0.0,2.0,0.0,0.24411766632080079,True,REGULAR,USD,C,2026-09-18,31,778.5800170898438,2026-08-18T08:43:39+00:00
XSP260918C00729000,2026-08-10 13:30:22+00:00,729.0,51.5,41.49,51.49,0.0,0.0,3.0,0.0,0.2420730090332031,True,REGULAR,USD,C,2026-09-18,31,778.5800170898438,2026-08-18T08:43:39+00:00
XSP260918C00730000,2026-08-12 17:35:53+00:00,730.0,49.9,40.58,50.58,0.0,0.0,1.0,0.0,0.2401199035644531,True,REGULAR,USD,C,2026-09-18,31,778.5800170898438,2026-08-18T08:43:39+00:00
XSP260918C00731000,2026-08-05 18:23:44+00:00,731.0,49.68,39.66,49.66,0.0,0.0,25.0,0.0,0.23798369445800777,True,REGULAR,USD,C,2026-09-18,31,778.5800170898438,2026-08-18T08:43:39+00:00
XSP260918C00732000,2026-08-12 17:40:30+00:00,732.0,47.99,38.75,48.75,0.0,0.0,1.0,0.0,0.23600007171630855,True,REGULAR,USD,C,2026-09-18,31,778.5800170898438,2026-08-18T08:43:39+00:00
XSP260918C00733000,2026-08-12 17:45:30+00:00,733.0,47.14,37.85,47.85,0.0,0.0,1.0,0.0,0.234108000793457,True,REGULAR,USD,C,2026-09-18,31,778.5800170898438,2026-08-18T08:43:39+00:00
XSP260918C00734000,2026-08-12 17:35:53+00:00,734.0,46.19,36.94,46.94,0.0,0.0,1.0,0.0,0.23203282623291016,True,REGULAR,USD,C,2026-09-18,31,778.5800170898438,2026-08-18T08:43:39+00:00
XSP260918C00735000,2026-08-13 16:22:43+00:00,735.0,48.04,38.01,43.01,0.0,0.0,1.0,0.0,0.18058070404052734,True,REGULAR,USD,C,2026-09-18,31,778.5800170898438,2026-08-18T08:43:39+00:00
XSP260918C00736000,2026-08-03 04:54:04+00:00,736.0,28.84,37.23,42.23,0.0,0.0,6.0,0.0,0.18140467041015623,True,REGULAR,USD,C,2026-09-18,31,778.5800170898438,2026-08-18T08:43:39+00:00
XSP260918C00737000,2026-08-04 14:04:07+00:00,737.0,37.87,36.31,41.31,0.0,0.0,2.0,0.0,0.17963466857910154,True,REGULAR,USD,C,2026-09-18,31,778.5800170898438,2026-08-18T08:43:39+00:00
XSP260918C00738000,2026-08-06 16:04:46+00:00,738.0,39.85,35.41,40.41,0.0,0.0,1.0,0.0,0.1782003567504883,True,REGULAR,USD,C,2026-09-18,31,778.5800170898438,2026-08-18T08:43:39+00:00
XSP260918C00739000,2026-08-11 17:46:51+00:00,739.0,40.79,36.81,38.28,0.0,0.0,3.0,0.0,0.1549156774902344,True,REGULAR,USD,C,2026-09-18,31,778.5800170898438,2026-08-18T08:43:39+00:00
XSP260918C00740000,2026-08-17 16:44:22+00:00,740.0,42.3,33.64,38.64,0.0,0.0,2.0,0.0,0.1756063885498047,True,REGULAR,USD,C,2026-09-18,31,778.5800170898438,2026-08-18T08:43:39+00:00
XSP260918C00741000,2026-08-10 14:02:43+00:00,741.0,41.15,32.76,37.76,0.0,0.0,1.0,0.0,0.1742941458129883,True,REGULAR,USD,C,2026-09-18,31,778.5800170898438,2026-08-18T08:43:39+00:00
XSP260918C00742000,2026-08-17 14:54:20+00:00,742.0,40.35,34.17,35.63,0.0,0.0,2.0,0.0,0.1521386056518555,True,REGULAR,USD,C,2026-09-18,31,778.5800170898438,2026-08-18T08:43:39+00:00
XSP260918C00743000,2026-08-13 14:26:34+00:00,743.0,43.56,33.3,34.75,0.0,0.0,1.0,0.0,0.15110101837158207,True,REGULAR,USD,C,2026-09-18,31,778.5800170898438,2026-08-18T08:43:39+00:00
XSP260918C00744000,2026-08-17 14:20:31+00:00,744.0,38.85,30.17,35.17,0.0,0.0,1.0,0.0,0.17075414215087892,True,REGULAR,USD,C,2026-09-18,31,778.5800170898438,2026-08-18T08:43:39+00:00
XSP260918C00745000,2026-08-17 17:27:14+00:00,745.0,36.43,29.31,34.31,0.0,0.0,53.0,0.0,0.16950293395996097,True,REGULAR,USD,C,2026-09-18,31,778.5800170898438,2026-08-18T08:43:39+00:00
XSP260918C00746000,2026-08-17 19:48:25+00:00,746.0,35.15,28.47,33.47,0.0,0.0,4.0,0.0,0.16843482940673832,True,REGULAR,USD,C,2026-09-18,31,778.5800170898438,2026-08-18T08:43:39+00:00
XSP260918C00747000,2026-08-07 15:09:43+00:00,747.0,35.81,27.62,32.62,0.0,0.0,2.0,0.0,0.16718362121582034,True,REGULAR,USD,C,2026-09-18,31,778.5800170898438,2026-08-18T08:43:39+00:00
XSP260918C00748000,2026-08-11 14:07:42+00:00,748.0,35.28,26.79,31.79,0.0,0.0,4.0,0.0,0.16611551666259772,True,REGULAR,USD,C,2026-09-18,31,778.5800170898438,2026-08-18T08:43:39+00:00
XSP260918C00749000,2026-08-13 15:28:32+00:00,749.0,35.96,28.26,29.62,0.0,0.0,1.0,0.0,0.145516357421875,True,REGULAR,USD,C,2026-09-18,31,778.5800170898438,2026-08-18T08:43:39+00:00
XSP260918C00750000,2026-08-17 20:04:01+00:00,750.0,31.16,25.13,30.13,0.0,0.0,53.0,0.0,0.1637351693725586,True,REGULAR,USD,C,2026-09-18,31,778.5800170898438,2026-08-18T08:43:39+00:00
XSP260918C00751000,2026-08-03 01:52:10+00:00,751.0,17.44,24.3,29.3,0.0,0.0,5.0,0.0,0.16245344390869143,True,REGULAR,USD,C,2026-09-18,31,778.5800170898438,2026-08-18T08:43:39+00:00
XSP260918C00752000,2026-08-10 15:50:56+00:00,752.0,31.75,23.5,28.5,0.0,0.0,6.0,0.0,0.16144637390136718,True,REGULAR,USD,C,2026-09-18,31,778.5800170898438,2026-08-18T08:43:39+00:00
XSP260918C00753000,2026-08-12 14:29:00+00:00,753.0,29.76,25.01,26.32,0.0,0.0,2.0,0.0,0.14170169830322266,True,REGULAR,USD,C,2026-09-18,31,778.5800170898438,2026-08-18T08:43:39+00:00
XSP260918C00754000,2026-08-12 17:10:27+00:00,754.0,28.83,21.89,26.89,0.0,0.0,1.0,0.0,0.15909654388427735,True,REGULAR,USD,C,2026-09-18,31,778.5800170898438,2026-08-18T08:43:39+00:00
XSP260918C00755000,2026-08-17 20:04:01+00:00,755.0,26.97,21.11,26.11,0.0,0.0,2.0,0.0,0.15808947387695313,True,REGULAR,USD,C,2026-09-18,31,778.5800170898438,2026-08-18T08:43:39+00:00
XSP260918C00756000,2026-08-17 14:28:08+00:00,756.0,28.14,22.64,23.93,0.0,0.0,2.0,0.0,0.138955143737793,True,REGULAR,USD,C,2026-09-18,31,778.5800170898438,2026-08-18T08:43:39+00:00
XSP260918C00757000,2026-08-13 15:32:51+00:00,757.0,28.96,21.87,23.16,0.0,0.0,3.0,0.0,0.1381769532775879,True,REGULAR,USD,C,2026-09-18,31,778.5800170898438,2026-08-18T08:43:39+00:00
XSP260918C00758000,2026-08-17 19:04:20+00:00,758.0,25.13,18.79,23.79,0.0,0.0,1.0,0.0,0.15479360839843753,True,REGULAR,USD,C,2026-09-18,31,778.5800170898438,2026-08-18T08:43:39+00:00
XSP260918C00759000,2026-08-14 13:41:15+00:00,759.0,28.3,20.35,21.62,0.0,0.0,1.0,0.0,0.13626962371826173,True,REGULAR,USD,C,2026-09-18,31,778.5800170898438,2026-08-18T08:43:39+00:00
XSP260918C00760000,2026-08-17 17:18:00+00:00,760.0,24.28,17.29,22.29,0.0,0.0,2.0,0.0,0.15268791656494146,True,REGULAR,USD,C,2026-09-18,31,778.5800170898438,2026-08-18T08:43:39+00:00
XSP260918C00761000,2026-08-17 14:06:42+00:00,761.0,24.15,16.57,21.57,0.0,0.0,5.0,0.0,0.1518334329223633,True,REGULAR,USD,C,2026-09-18,31,778.5800170898438,2026-08-18T08:43:39+00:00
XSP260918C00762000,2026-08-13 13:46:29+00:00,762.0,25.01,18.13,19.36,0.0,0.0,1.0,0.0,0.13317212051391603,True,REGULAR,USD,C,2026-09-18,31,778.5800170898438,2026-08-18T08:43:39+00:00
XSP260918C00763000,2026-08-12 18:17:37+00:00,763.0,21.79,15.12,20.12,0.0,0.0,4.0,0.0,0.149697223815918,True,REGULAR,USD,C,2026-09-18,31,778.5800170898438,2026-08-18T08:43:39+00:00
XSP260918C00764000,2026-08-12 14:09:04+00:00,764.0,20.72,14.42,19.42,0.0,0.0,1.0,0.0,0.1487511883544922,True,REGULAR,USD,C,2026-09-18,31,778.5800170898438,2026-08-18T08:43:39+00:00
XSP260918C00765000,2026-08-14 12:50:42+00:00,765.0,24.06,13.73,18.73,0.0,0.0,5.0,0.0,0.14780515289306645,True,REGULAR,USD,C,2026-09-18,31,778.5800170898438,2026-08-18T08:43:39+00:00
XSP260918C00766000,2026-08-17 15:38:27+00:00,766.0,20.18,13.05,18.05,0.0,0.0,5.0,0.0,0.1468743760681152,True,REGULAR,USD,C,2026-09-18,31,778.5800170898438,2026-08-18T08:43:39+00:00
XSP260918C00767000,2026-08-17 16:56:41+00:00,767.0,19.26,14.69,15.86,0.0,0.0,11.0,0.0,0.1287318572998047,True,REGULAR,USD,C,2026-09-18,31,778.5800170898438,2026-08-18T08:43:39+00:00
XSP260918C00768000,2026-08-13 14:15:34+00:00,768.0,22.13,11.75,16.75,0.0,0.0,5.0,0.0,0.1453027365112305,True,REGULAR,USD,C,2026-09-18,31,778.5800170898438,2026-08-18T08:43:39+00:00
XSP260918C00769000,2026-08-17 16:44:03+00:00,769.0,17.91,13.67,14.17,0.0,0.0,2.0,0.0,0.12281150634765625,True,REGULAR,USD,C,2026-09-18,31,778.5800170898438,2026-08-18T08:43:39+00:00
XSP260918C00770000,2026-08-17 16:43:25+00:00,770.0,17.19,13.11,13.49,0.0,0.0,14.0,0.0,0.12152978088378906,True,REGULAR,USD,C,2026-09-18,31,778.5800170898438,2026-08-18T08:43:39+00:00
XSP260918C00771000,2026-08-13 19:26:30+00:00,771.0,19.58,12.5,12.87,0.0,0.0,22.0,0.0,0.1207668490600586,True,REGULAR,USD,C,2026-09-18,31,778.5800170898438,2026-08-18T08:43:39+00:00
XSP260918C00772000,2026-08-12 18:25:25+00:00,772.0,15.69,11.9,12.27,0.0,0.0,5.0,0.0,0.12006495178222655,True,REGULAR,USD,C,2026-09-18,31,778.5800170898438,2026-08-18T08:43:39+00:00
XSP260918C00773000,2026-08-17 19:56:27+00:00,773.0,13.57,11.32,11.68,0.0,0.0,2.0,0.0,0.11931727859497071,True,REGULAR,USD,C,2026-09-18,31,778.5800170898438,2026-08-18T08:43:39+00:00
XSP260918C00774000,2026-08-17 15:07:42+00:00,774.0,14.77,10.74,11.12,0.0,0.0,1.0,0.0,0.11875270904541015,True,REGULAR,USD,C,2026-09-18,31,778.5800170898438,2026-08-18T08:43:39+00:00
XSP260918C00775000,2026-08-18 03:45:39+00:00,775.0,11.15,10.19,10.55,-1.1700001,-9.496754,2.0,0.0,0.11789822540283201,False,REGULAR,USD,C,2026-09-18,31,778.5800170898438,2026-08-18T08:43:39+00:00
XSP260918C00776000,2026-08-13 17:38:36+00:00,776.0,15.35,9.64,10.02,0.0,0.0,6.0,0.0,0.1173489144897461,False,REGULAR,USD,C,2026-09-18,31,778.5800170898438,2026-08-18T08:43:39+00:00
XSP260918C00777000,2026-08-17 17:55:37+00:00,777.0,11.7,9.12,9.5,0.0,0.0,7.0,0.0,0.1167233103942871,False,REGULAR,USD,C,2026-09-18,31,778.5800170898438,2026-08-18T08:43:39+00:00
XSP260918C00778000,2026-08-17 17:05:06+00:00,778.0,11.83,8.61,8.98,0.0,0.0,11.0,0.0,0.11594511993408202,False,REGULAR,USD,C,2026-09-18,31,778.5800170898438,2026-08-18T08:43:39+00:00
XSP260918C00779000,2026-08-17 17:01:45+00:00,779.0,11.28,8.12,8.5,0.0,0.0,3.0,0.0,0.11542632629394532,False,REGULAR,USD,C,2026-09-18,31,778.5800170898438,2026-08-18T08:43:39+00:00
XSP260918C00780000,2026-08-17 15:38:27+00:00,780.0,10.91,7.66,8.02,0.0,0.0,11.0,0.0,0.1147549462890625,False,REGULAR,USD,C,2026-09-18,31,778.5800170898438,2026-08-18T08:43:39+00:00
XSP260918C00781000,2026-08-17 13:50:14+00:00,781.0,10.86,7.2,7.56,0.0,0.0,1.0,0.0,0.1141140835571289,False,REGULAR,USD,C,2026-09-18,31,778.5800170898438,2026-08-18T08:43:39+00:00
XSP260918C00782000,2026-08-17 17:18:00+00:00,782.0,9.49,6.76,7.12,0.0,0.0,7.0,0.0,0.11353425537109374,False,REGULAR,USD,C,2026-09-18,31,778.5800170898438,2026-08-18T08:43:39+00:00
XSP260918C00783000,2026-08-17 14:15:58+00:00,783.0,9.53,6.34,6.69,0.0,0.0,3.0,0.0,0.11289339263916015,False,REGULAR,USD,C,2026-09-18,31,778.5800170898438,2026-08-18T08:43:39+00:00
XSP260918C00784000,2026-08-17 15:38:27+00:00,784.0,8.81,5.94,6.28,0.0,0.0,5.0,0.0,0.11231356445312499,False,REGULAR,USD,C,2026-09-18,31,778.5800170898438,2026-08-18T08:43:39+00:00
XSP260918C00785000,2026-08-17 18:54:53+00:00,785.0,7.53,5.55,5.89,0.0,0.0,18.0,0.0,0.11176425354003905,False,REGULAR,USD,C,2026-09-18,31,778.5800170898438,2026-08-18T08:43:39+00:00
XSP260918C00786000,2026-08-14 16:33:17+00:00,786.0,8.96,5.19,5.53,0.0,0.0,4.0,0.0,0.11139804626464843,False,REGULAR,USD,C,2026-09-18,31,778.5800170898438,2026-08-18T08:43:39+00:00
XSP260918C00787000,2026-08-17 18:32:08+00:00,787.0,6.51,4.84,5.17,0.0,0.0,5.0,0.0,0.11084873535156249,False,REGULAR,USD,C,2026-09-18,31,778.5800170898438,2026-08-18T08:43:39+00:00
XSP260918C00788000,2026-08-17 18:34:39+00:00,788.0,6.12,4.5,4.83,0.0,0.0,7.0,0.0,0.11036045898437499,False,REGULAR,USD,C,2026-09-18,31,778.5800170898438,2026-08-18T08:43:39+00:00
XSP260918C00789000,2026-08-17 19:42:23+00:00,789.0,5.57,4.18,4.51,0.0,0.0,5.0,0.0,0.10993321716308593,False,REGULAR,USD,C,2026-09-18,31,778.5800170898438,2026-08-18T08:43:39+00:00
XSP260918C00790000,2026-08-17 19:53:07+00:00,790.0,5.18,3.88,4.2,0.0,0.0,78.0,0.0,0.10944494079589843,False,REGULAR,USD,C,2026-09-18,31,778.5800170898438,2026-08-18T08:43:39+00:00
XSP260918C00791000,2026-08-17 13:30:05+00:00,791.0,6.51,3.59,3.92,0.0,0.0,4.0,0.0,0.10915502670288085,False,REGULAR,USD,C,2026-09-18,31,778.5800170898438,2026-08-18T08:43:39+00:00
XSP260918C00792000,2026-08-17 18:32:08+00:00,792.0,4.66,3.34,3.64,0.0,0.0,12.0,0.0,0.10868200897216798,False,REGULAR,USD,C,2026-09-18,31,778.5800170898438,2026-08-18T08:43:39+00:00
XSP260918C00793000,2026-08-17 17:18:00+00:00,793.0,4.89,3.07,3.39,0.0,0.0,3.0,0.0,0.10843787078857423,False,REGULAR,USD,C,2026-09-18,31,778.5800170898438,2026-08-18T08:43:39+00:00
XSP260918C00794000,2026-08-17 15:05:43+00:00,794.0,4.84,2.82,3.14,0.0,0.0,4.0,0.0,0.10801062896728515,False,REGULAR,USD,C,2026-09-18,31,778.5800170898438,2026-08-18T08:43:39+00:00
XSP260918C00795000,2026-08-17 18:32:13+00:00,795.0,3.75,2.6,2.91,0.0,0.0,17.0,0.0,0.10769019760131837,False,REGULAR,USD,C,2026-09-18,31,778.5800170898438,2026-08-18T08:43:39+00:00
XSP260918C00796000,2026-08-17 20:05:57+00:00,796.0,3.26,2.39,2.69,0.0,0.0,1.0,0.0,0.10730873168945312,False,REGULAR,USD,C,2026-09-18,31,778.5800170898438,2026-08-18T08:43:39+00:00
XSP260918C00797000,2026-08-17 17:14:57+00:00,797.0,3.69,2.19,2.49,0.0,0.0,1.0,0.0,0.10706459350585937,False,REGULAR,USD,C,2026-09-18,31,778.5800170898438,2026-08-18T08:43:39+00:00
XSP260918C00798000,2026-08-14 15:47:00+00:00,798.0,4.49,2.0,2.31,0.0,0.0,1.0,0.0,0.10697304168701172,False,REGULAR,USD,C,2026-09-18,31,778.5800170898438,2026-08-18T08:43:39+00:00
XSP260918C00799000,2026-08-18 01:48:51+00:00,799.0,2.5,1.83,2.12,-0.3900001,-13.494813,2.0,0.0,0.10651528259277344,False,REGULAR,USD,C,2026-09-18,31,778.5800170898438,2026-08-18T08:43:39+00:00
XSP260918C00800000,2026-08-18 05:43:09+00:00,800.0,2.0,1.67,1.96,-0.43000007,-17.695477,6.0,0.0,0.10639321350097657,False,REGULAR,USD,C,2026-09-18,31,778.5800170898438,2026-08-18T08:43:39+00:00
XSP260918C00801000,2026-08-17 18:51:25+00:00,801.0,2.43,1.52,1.81,0.0,0.0,3.0,0.0,0.10627114440917969,False,REGULAR,USD,C,2026-09-18,31,778.5800170898438,2026-08-18T08:43:39+00:00
XSP260918C00802000,2026-08-17 17:05:36+00:00,802.0,2.56,1.38,1.66,0.0,0.0,6.0,0.0,0.10599648895263672,False,REGULAR,USD,C,2026-09-18,31,778.5800170898438,2026-08-18T08:43:39+00:00
XSP260918C00803000,2026-08-17 19:20:00+00:00,803.0,2.01,1.26,1.53,0.0,0.0,2.0,0.0,0.10590493713378905,False,REGULAR,USD,C,2026-09-18,31,778.5800170898438,2026-08-18T08:43:39+00:00
XSP260918C00804000,2026-08-17 20:12:16+00:00,804.0,1.69,1.14,1.4,0.0,0.0,484.0,0.0,0.10563028167724609,False,REGULAR,USD,C,2026-09-18,31,778.5800170898438,2026-08-18T08:43:39+00:00
XSP260918C00805000,2026-08-17 19:52:10+00:00,805.0,1.59,1.03,1.29,0.0,0.0,9.0,0.0,0.10559976440429686,False,REGULAR,USD,C,2026-09-18,31,778.5800170898438,2026-08-18T08:43:39+00:00
XSP260918C00806000,2026-08-17 18:32:08+00:00,806.0,1.55,0.93,1.19,0.0,0.0,6.0,0.0,0.1056607989501953,False,REGULAR,USD,C,2026-09-18,31,778.5800170898438,2026-08-18T08:43:39+00:00
XSP260918C00807000,2026-08-17 19:27:37+00:00,807.0,1.39,0.85,1.09,0.0,0.0,6.0,0.0,0.10553872985839843,False,REGULAR,USD,C,2026-09-18,31,778.5800170898438,2026-08-18T08:43:39+00:00
XSP260918C00808000,2026-08-17 14:26:11+00:00,808.0,1.68,0.76,1.0,0.0,0.0,11.0,0.0,0.1054776953125,False,REGULAR,USD,C,2026-09-18,31,778.5800170898438,2026-08-18T08:43:39+00:00
XSP260918C00809000,2026-08-17 19:22:26+00:00,809.0,1.19,0.69,0.91,0.0,0.0,3.0,0.0,0.10529459167480469,False,REGULAR,USD,C,2026-09-18,31,778.5800170898438,2026-08-18T08:43:39+00:00
XSP260918C00810000,2026-08-17 20:12:16+00:00,810.0,0.98,0.61,0.84,0.0,0.0,21.0,0.0,0.1054776953125,False,REGULAR,USD,C,2026-09-18,31,778.5800170898438,2026-08-18T08:43:39+00:00
XSP260918C00811000,2026-08-17 14:02:33+00:00,811.0,1.4,0.55,0.78,0.0,0.0,1.0,0.0,0.10578286804199218,False,REGULAR,USD,C,2026-09-18,31,778.5800170898438,2026-08-18T08:43:39+00:00
XSP260918C00812000,2026-08-17 20:07:56+00:00,812.0,0.8,0.5,0.7,0.0,0.0,4.0,0.0,0.10535562622070313,False,REGULAR,USD,C,2026-09-18,31,778.5800170898438,2026-08-18T08:43:39+00:00
XSP260918C00813000,2026-08-17 20:07:56+00:00,813.0,0.74,0.44,0.66,0.0,0.0,12.0,0.0,0.10608804077148437,False,REGULAR,USD,C,2026-09-18,31,778.5800170898438,2026-08-18T08:43:39+00:00
XSP260918C00814000,2026-08-17 14:19:48+00:00,814.0,1.05,0.4,0.61,0.0,0.0,1.0,0.0,0.10633217895507813,False,REGULAR,USD,C,2026-09-18,31,778.5800170898438,2026-08-18T08:43:39+00:00
XSP260918C00815000,2026-08-17 19:36:26+00:00,815.0,0.66,0.35,0.56,0.0,0.0,7.0,0.0,0.106454248046875,False,REGULAR,USD,C,2026-09-18,31,778.5800170898438,2026-08-18T08:43:39+00:00
XSP260918C00816000,2026-08-17 18:12:52+00:00,816.0,0.66,0.32,0.51,0.0,0.0,1.0,0.0,0.106454248046875,False,REGULAR,USD,C,2026-09-18,31,778.5800170898438,2026-08-18T08:43:39+00:00
XSP260918C00817000,2026-08-17 19:32:53+00:00,817.0,0.56,0.29,0.46,0.0,0.0,4.0,0.0,0.10621010986328125,False,REGULAR,USD,C,2026-09-18,31,778.5800170898438,2026-08-18T08:43:39+00:00
XSP260918C00818000,2026-08-10 13:58:00+00:00,818.0,1.38,0.26,0.43,0.0,0.0,1.0,0.0,0.10682045532226564,False,REGULAR,USD,C,2026-09-18,31,778.5800170898438,2026-08-18T08:43:39+00:00
XSP260918C00819000,2026-08-17 19:39:09+00:00,819.0,0.46,0.23,0.4,0.0,0.0,2.0,0.0,0.10718666259765625,False,REGULAR,USD,C,2026-09-18,31,778.5800170898438,2026-08-18T08:43:39+00:00
XSP260918C00820000,2026-08-17 19:41:36+00:00,820.0,0.42,0.21,0.37,0.0,0.0,19.0,0.0,0.10755286987304688,False,REGULAR,USD,C,2026-09-18,31,778.5800170898438,2026-08-18T08:43:39+00:00
XSP260918C00821000,2026-08-13 19:05:32+00:00,821.0,1.11,0.19,0.34,0.0,0.0,1.0,0.0,0.10779700805664064,False,REGULAR,USD,C,2026-09-18,31,778.5800170898438,2026-08-18T08:43:39+00:00
XSP260918C00822000,2026-08-17 19:32:53+00:00,822.0,0.36,0.17,0.31,0.0,0.0,1.0,0.0,0.1079190771484375,False,REGULAR,USD,C,2026-09-18,31,778.5800170898438,2026-08-18T08:43:39+00:00
XSP260918C00823000,2026-08-17 19:19:16+00:00,823.0,0.33,0.15,0.29,0.0,0.0,1.0,0.0,0.108407353515625,False,REGULAR,USD,C,2026-09-18,31,778.5800170898438,2026-08-18T08:43:39+00:00
XSP260918C00824000,2026-08-07 16:40:41+00:00,824.0,0.98,0.14,0.27,0.0,0.0,1.0,0.0,0.1088956298828125,False,REGULAR,USD,C,2026-09-18,31,778.5800170898438,2026-08-18T08:43:39+00:00
XSP260918C00825000,2026-08-17 19:36:26+00:00,825.0,0.27,0.12,0.25,0.0,0.0,12.0,0.0,0.10926183715820312,False,REGULAR,USD,C,2026-09-18,31,778.5800170898438,2026-08-18T08:43:39+00:00
XSP260918C00830000,2026-08-17 19:48:58+00:00,830.0,0.2,0.07,0.2,0.0,0.0,2.0,0.0,0.11390046264648437,False,REGULAR,USD,C,2026-09-18,31,778.5800170898438,2026-08-18T08:43:39+00:00
XSP260918C00835000,2026-08-17 17:36:13+00:00,835.0,0.15,0.03,0.16,0.0,0.0,15.0,0.0,0.11829494995117187,False,REGULAR,USD,C,2026-09-18,31,778.5800170898438,2026-08-18T08:43:39+00:00
XSP260918C00840000,2026-08-17 19:48:58+00:00,840.0,0.1,0.01,0.14,0.0,0.0,2.0,0.0,0.124032197265625,False,REGULAR,USD,C,2026-09-18,31,778.5800170898438,2026-08-18T08:43:39+00:00
XSP260918C00845000,2026-08-17 17:12:47+00:00,845.0,0.11,0.01,0.12,0.0,0.0,12.0,0.0,0.1289149609375,False,REGULAR,USD,C,2026-09-18,31,778.5800170898438,2026-08-18T08:43:39+00:00
XSP260918C00850000,2026-08-18 07:52:30+00:00,850.0,0.06,0.01,0.11,0.0,0.0,6.0,0.0,0.13501841552734378,False,REGULAR,USD,C,2026-09-18,31,778.5800170898438,2026-08-18T08:43:39+00:00
XSP260918C00855000,2026-08-06 15:31:26+00:00,855.0,0.13,0.01,0.09,0.0,0.0,1.0,0.0,0.13892462646484377,False,REGULAR,USD,C,2026-09-18,31,778.5800170898438,2026-08-18T08:43:39+00:00
XSP260918C00860000,2026-08-07 13:45:19+00:00,860.0,0.15,0.01,0.09,0.0,0.0,1.0,0.0,0.14600463378906248,False,REGULAR,USD,C,2026-09-18,31,778.5800170898438,2026-08-18T08:43:39+00:00
XSP260918C00865000,2026-08-13 19:09:30+00:00,865.0,0.1,0.0,0.08,0.0,0.0,21.0,0.0,0.15088739746093754,False,REGULAR,USD,C,2026-09-18,31,778.5800170898438,2026-08-18T08:43:39+00:00
XSP260918C00870000,2026-08-04 17:17:27+00:00,870.0,0.23,0.0,0.07,0.0,0.0,1.0,0.0,0.15528188476562502,False,REGULAR,USD,C,2026-09-18,31,778.5800170898438,2026-08-18T08:43:39+00:00
XSP260918C00875000,2026-06-26 19:19:49+00:00,875.0,0.11,0.0,0.07,0.0,0.0,1.0,0.0,0.16211775390625,False,REGULAR,USD,C,2026-09-18,31,778.5800170898438,2026-08-18T08:43:39+00:00
XSP260918C00880000,2026-08-17 18:12:17+00:00,880.0,0.04,0.0,0.07,0.0,0.0,1.0,0.0,0.16895362304687503,False,REGULAR,USD,C,2026-09-18,31,778.5800170898438,2026-08-18T08:43:39+00:00
XSP260918C00885000,2026-06-26 19:19:49+00:00,885.0,0.09,0.0,0.06,0.0,0.0,1.0,0.0,0.17285983398437502,False,REGULAR,USD,C,2026-09-18,31,778.5800170898438,2026-08-18T08:43:39+00:00
XSP260918C00890000,2026-08-06 19:08:00+00:00,890.0,0.05,0.0,0.06,0.0,0.0,1.0,0.0,0.178719150390625,False,REGULAR,USD,C,2026-09-18,31,778.5800170898438,2026-08-18T08:43:39+00:00
XSP260918C00895000,2026-08-11 00:58:47+00:00,895.0,0.08,0.0,0.06,0.0,0.0,6.0,0.0,0.18555501953124998,False,REGULAR,USD,C,2026-09-18,31,778.5800170898438,2026-08-18T08:43:39+00:00
XSP260918C00900000,2026-08-17 12:50:12+00:00,900.0,0.01,0.0,0.06,0.0,0.0,3.0,0.0,0.1914143359375,False,REGULAR,USD,C,2026-09-18,31,778.5800170898438,2026-08-18T08:43:39+00:00
XSP260918C00905000,2026-05-13 18:25:47+00:00,905.0,0.42,0.14,0.24,0.0,0.0,8.0,8.0,0.2329178271484375,False,REGULAR,USD,C,2026-09-18,31,778.5800170898438,2026-08-18T08:43:39+00:00
XSP260918C00910000,2026-05-18 13:54:04+00:00,910.0,0.27,0.01,0.1,0.0,0.0,1.0,0.0,0.215828154296875,False,REGULAR,USD,C,2026-09-18,31,778.5800170898438,2026-08-18T08:43:39+00:00
XSP260918C00925000,2026-08-12 00:42:03+00:00,925.0,0.08,0.0,0.05,0.0,0.0,1.0,0.0,0.21875781249999998,False,REGULAR,USD,C,2026-09-18,31,778.5800170898438,2026-08-18T08:43:39+00:00
XSP260918C00930000,2026-08-07 14:47:21+00:00,930.0,0.04,0.0,0.05,0.0,0.0,2.0,0.0,0.22461712890624996,False,REGULAR,USD,C,2026-09-18,31,778.5800170898438,2026-08-18T08:43:39+00:00
XSP260918C00950000,2026-05-15 18:18:19+00:00,950.0,0.13,0.04,0.14,0.0,0.0,1.0,1.0,0.2758861474609374,False,REGULAR,USD,C,2026-09-18,31,778.5800170898438,2026-08-18T08:43:39+00:00
XSP260918C00975000,2026-07-06 13:30:06+00:00,975.0,0.03,0.0,0.04,0.0,0.0,,0.0,0.2695385546875,False,REGULAR,USD,C,2026-09-18,31,778.5800170898438,2026-08-18T08:43:39+00:00
XSP260918C00980000,2026-06-23 15:24:42+00:00,980.0,0.01,0.0,0.12,0.0,0.0,30.0,7.0,0.30713583496093744,False,REGULAR,USD,C,2026-09-18,31,778.5800170898438,2026-08-18T08:43:39+00:00
XSP260918C01000000,2026-08-04 19:31:50+00:00,1000.0,0.01,0.0,0.04,0.0,0.0,10.0,0.0,0.29688203124999996,False,REGULAR,USD,C,2026-09-18,31,778.5800170898438,2026-08-18T08:43:39+00:00
XSP260918P00305000,2026-08-04 14:07:25+00:00,305.0,0.03,0.0,0.04,0.0,0.0,1.0,0.0,0.9609378906249999,False,REGULAR,USD,P,2026-09-18,31,778.5800170898438,2026-08-18T08:43:39+00:00
XSP260918P00315000,2026-08-05 13:30:02+00:00,315.0,0.04,0.0,0.04,0.0,0.0,4.0,0.0,0.929688203125,False,REGULAR,USD,P,2026-09-18,31,778.5800170898438,2026-08-18T08:43:39+00:00
XSP260918P00325000,2026-04-15 18:20:09+00:00,325.0,0.76,0.41,0.56,0.0,0.0,3.0,26.0,1.2211953002929685,False,REGULAR,USD,P,2026-09-18,31,778.5800170898438,2026-08-18T08:43:39+00:00
XSP260918P00335000,2026-04-16 19:06:00+00:00,335.0,0.81,0.19,0.41,0.0,0.0,3.0,9.0,1.1171919140625,False,REGULAR,USD,P,2026-09-18,31,778.5800170898438,2026-08-18T08:43:39+00:00
XSP260918P00345000,2026-08-04 14:06:15+00:00,345.0,0.01,0.0,0.05,0.0,0.0,4.0,0.0,0.8554701953125,False,REGULAR,USD,P,2026-09-18,31,778.5800170898438,2026-08-18T08:43:39+00:00
XSP260918P00355000,2026-05-01 17:08:06+00:00,355.0,0.66,0.26,0.47,0.0,0.0,1.0,1.0,1.0683640332031252,False,REGULAR,USD,P,2026-09-18,31,778.5800170898438,2026-08-18T08:43:39+00:00
XSP260918P00360000,2026-08-04 14:06:15+00:00,360.0,0.01,0.0,0.05,0.0,0.0,4.0,0.0,0.8125018749999999,False,REGULAR,USD,P,2026-09-18,31,778.5800170898438,2026-08-18T08:43:39+00:00
XSP260918P00365000,2026-04-21 17:02:12+00:00,365.0,1.0,0.29,0.51,0.0,0.0,2.0,3.0,1.0439500927734378,False,REGULAR,USD,P,2026-09-18,31,778.5800170898438,2026-08-18T08:43:39+00:00
XSP260918P00370000,2026-07-22 13:30:37+00:00,370.0,0.1,0.0,0.05,0.0,0.0,1.0,0.0,0.7851583984375,False,REGULAR,USD,P,2026-09-18,31,778.5800170898438,2026-08-18T08:43:39+00:00
XSP260918P00375000,2026-07-29 14:42:59+00:00,375.0,0.1,0.0,0.06,0.0,0.0,1.0,0.0,0.7812521875,False,REGULAR,USD,P,2026-09-18,31,778.5800170898438,2026-08-18T08:43:39+00:00
XSP260918P00380000,2026-07-15 14:59:54+00:00,380.0,0.11,0.0,0.06,0.0,0.0,1.0,0.0,0.7695335546875001,False,REGULAR,USD,P,2026-09-18,31,778.5800170898438,2026-08-18T08:43:39+00:00
XSP260918P00385000,2026-08-05 16:37:13+00:00,385.0,0.05,0.0,0.06,0.0,0.0,25.0,0.0,0.7578149218750001,False,REGULAR,USD,P,2026-09-18,31,778.5800170898438,2026-08-18T08:43:39+00:00
XSP260918P00390000,2026-05-07 18:43:49+00:00,390.0,0.86,0.39,0.62,0.0,0.0,3.0,7.0,0.9868165380859376,False,REGULAR,USD,P,2026-09-18,31,778.5800170898438,2026-08-18T08:43:39+00:00
XSP260918P00395000,2026-01-23 17:14:08+00:00,395.0,2.09,2.54,3.43,0.0,0.0,1.0,1.0,1.2689245538330074,False,REGULAR,USD,P,2026-09-18,31,778.5800170898438,2026-08-18T08:43:39+00:00
XSP260918P00400000,2026-06-12 19:22:02+00:00,400.0,0.51,0.08,0.19,0.0,0.0,10.0,23.0,0.8212908496093749,False,REGULAR,USD,P,2026-09-18,31,778.5800170898438,2026-08-18T08:43:39+00:00
XSP260918P00405000,2026-01-22 14:31:06+00:00,405.0,2.23,2.67,3.22,0.0,0.0,,1.0,1.2242470428466798,False,REGULAR,USD,P,2026-09-18,31,778.5800170898438,2026-08-18T08:43:39+00:00
XSP260918P00410000,2026-06-10 17:45:59+00:00,410.0,0.75,0.1,0.21,0.0,0.0,10.0,23.0,0.8037129003906249,False,REGULAR,USD,P,2026-09-18,31,778.5800170898438,2026-08-18T08:43:39+00:00
XSP260918P00415000,2026-07-08 15:24:26+00:00,415.0,0.3,0.0,0.07,0.0,0.0,4.0,0.0,0.6875031250000001,False,REGULAR,USD,P,2026-09-18,31,778.5800170898438,2026-08-18T08:43:39+00:00
XSP260918P00420000,2026-07-13 16:54:41+00:00,420.0,0.2,0.0,0.07,0.0,0.0,1.0,0.0,0.6757844921875001,False,REGULAR,USD,P,2026-09-18,31,778.5800170898438,2026-08-18T08:43:39+00:00
XSP260918P00425000,2026-07-28 13:31:52+00:00,425.0,0.19,0.01,0.07,0.0,0.0,60.0,0.0,0.6718782812500002,False,REGULAR,USD,P,2026-09-18,31,778.5800170898438,2026-08-18T08:43:39+00:00
XSP260918P00430000,2026-07-02 17:04:10+00:00,430.0,0.35,0.01,0.07,0.0,0.0,2.0,0.0,0.65820654296875,False,REGULAR,USD,P,2026-09-18,31,778.5800170898438,2026-08-18T08:43:39+00:00
XSP260918P00435000,2026-04-24 19:30:33+00:00,435.0,1.58,0.63,0.88,0.0,0.0,10.0,10.0,0.8881847119140623,False,REGULAR,USD,P,2026-09-18,31,778.5800170898438,2026-08-18T08:43:39+00:00
XSP260918P00440000,2026-08-03 13:30:02+00:00,440.0,0.1,0.01,0.08,0.0,0.0,3.0,0.0,0.64062859375,False,REGULAR,USD,P,2026-09-18,31,778.5800170898438,2026-08-18T08:43:39+00:00
XSP260918P00445000,2026-08-13 13:35:02+00:00,445.0,0.04,0.01,0.08,0.0,0.0,4.0,0.0,0.6289099609375001,False,REGULAR,USD,P,2026-09-18,31,778.5800170898438,2026-08-18T08:43:39+00:00
XSP260918P00450000,2026-08-13 13:37:03+00:00,450.0,0.04,0.01,0.08,0.0,0.0,2.0,0.0,0.6171913281250001,False,REGULAR,USD,P,2026-09-18,31,778.5800170898438,2026-08-18T08:43:39+00:00
XSP260918P00455000,2026-08-13 13:34:40+00:00,455.0,0.04,0.01,0.09,0.0,0.0,4.0,0.0,0.6113320117187502,False,REGULAR,USD,P,2026-09-18,31,778.5800170898438,2026-08-18T08:43:39+00:00
XSP260918P00460000,2026-08-13 15:03:52+00:00,460.0,0.04,0.01,0.09,0.0,0.0,4.0,0.0,0.5996133789062501,False,REGULAR,USD,P,2026-09-18,31,778.5800170898438,2026-08-18T08:43:39+00:00
XSP260918P00465000,2026-08-13 13:34:41+00:00,465.0,0.05,0.01,0.1,0.0,0.0,1.0,0.0,0.5918009570312501,False,REGULAR,USD,P,2026-09-18,31,778.5800170898438,2026-08-18T08:43:39+00:00
XSP260918P00470000,2026-08-17 12:50:35+00:00,470.0,0.03,0.01,0.1,0.0,0.0,1.0,0.0,0.5800823242187501,False,REGULAR,USD,P,2026-09-18,31,778.5800170898438,2026-08-18T08:43:39+00:00
XSP260918P00475000,2026-06-12 18:15:23+00:00,475.0,1.0,0.26,0.37,0.0,0.0,2.0,30.0,0.6831086376953126,False,REGULAR,USD,P,2026-09-18,31,778.5800170898438,2026-08-18T08:43:39+00:00
XSP260918P00480000,2026-08-13 18:29:01+00:00,480.0,0.06,0.01,0.11,0.0,0.0,1.0,0.0,0.5625043750000001,False,REGULAR,USD,P,2026-09-18,31,778.5800170898438,2026-08-18T08:43:39+00:00
XSP260918P00485000,2026-07-28 14:02:08+00:00,485.0,0.37,0.01,0.11,0.0,0.0,10.0,0.0,0.5507857421875001,False,REGULAR,USD,P,2026-09-18,31,778.5800170898438,2026-08-18T08:43:39+00:00
XSP260918P00490000,2026-08-05 18:06:14+00:00,490.0,0.11,0.01,0.12,0.0,0.0,6.0,0.0,0.543949873046875,False,REGULAR,USD,P,2026-09-18,31,778.5800170898438,2026-08-18T08:43:39+00:00
XSP260918P00495000,2026-07-24 19:35:27+00:00,495.0,0.49,0.02,0.12,0.0,0.0,9.0,0.0,0.5361374511718751,False,REGULAR,USD,P,2026-09-18,31,778.5800170898438,2026-08-18T08:43:39+00:00
XSP260918P00500000,2026-08-14 14:45:28+00:00,500.0,0.08,0.02,0.13,0.0,0.0,7.0,0.0,0.5293015820312501,False,REGULAR,USD,P,2026-09-18,31,778.5800170898438,2026-08-18T08:43:39+00:00
XSP260918P00510000,2026-07-22 19:35:55+00:00,510.0,0.49,0.04,0.14,0.0,0.0,2.0,0.0,0.51562984375,False,REGULAR,USD,P,2026-09-18,31,778.5800170898438,2026-08-18T08:43:39+00:00
XSP260918P00520000,2026-08-17 14:24:38+00:00,520.0,0.09,0.05,0.15,0.0,0.0,1.0,0.0,0.5205126074218749,False,REGULAR,USD,P,2026-09-18,31,778.5800170898438,2026-08-18T08:43:39+00:00
XSP260918P00530000,2026-08-14 18:08:27+00:00,530.0,0.1,0.06,0.17,0.0,0.0,5.0,0.0,0.5048877636718749,False,REGULAR,USD,P,2026-09-18,31,778.5800170898438,2026-08-18T08:43:39+00:00
XSP260918P00535000,2026-08-13 17:56:37+00:00,535.0,0.11,0.07,0.18,0.0,0.0,2.0,0.0,0.49658706542968756,False,REGULAR,USD,P,2026-09-18,31,778.5800170898438,2026-08-18T08:43:39+00:00
XSP260918P00540000,2026-08-14 18:44:14+00:00,540.0,0.12,0.08,0.19,0.0,0.0,9.0,0.0,0.48828636718750007,False,REGULAR,USD,P,2026-09-18,31,778.5800170898438,2026-08-18T08:43:39+00:00
XSP260918P00541000,2026-01-20 17:29:45+00:00,541.0,8.17,8.43,9.67,0.0,0.0,7.0,3.0,0.9612430633544922,False,REGULAR,USD,P,2026-09-18,31,778.5800170898438,2026-08-18T08:43:39+00:00
XSP260918P00542000,2026-02-04 17:38:06+00:00,542.0,8.2,9.9,11.6,0.0,0.0,,0.0,1.0051319274902344,False,REGULAR,USD,P,2026-09-18,31,778.5800170898438,2026-08-18T08:43:39+00:00
XSP260918P00543000,2026-02-04 17:38:06+00:00,543.0,8.29,10.0,11.71,0.0,0.0,,0.0,1.0040027827453613,False,REGULAR,USD,P,2026-09-18,31,778.5800170898438,2026-08-18T08:43:39+00:00
XSP260918P00544000,2026-08-10 19:07:13+00:00,544.0,0.19,0.08,0.2,0.0,0.0,4.0,0.0,0.4819387744140625,False,REGULAR,USD,P,2026-09-18,31,778.5800170898438,2026-08-18T08:43:39+00:00
XSP260918P00545000,2026-08-11 13:57:54+00:00,545.0,0.19,0.09,0.2,0.0,0.0,1.0,0.0,0.47998566894531247,False,REGULAR,USD,P,2026-09-18,31,778.5800170898438,2026-08-18T08:43:39+00:00
XSP260918P00546000,2026-07-08 11:08:09+00:00,546.0,1.01,0.09,0.2,0.0,0.0,,0.0,0.477544287109375,False,REGULAR,USD,P,2026-09-18,31,778.5800170898438,2026-08-18T08:43:39+00:00
XSP260918P00547000,2026-04-14 16:43:37+00:00,547.0,4.86,2.77,3.11,0.0,0.0,1.0,0.0,0.7178983288574219,False,REGULAR,USD,P,2026-09-18,31,778.5800170898438,2026-08-18T08:43:39+00:00
XSP260918P00548000,2026-04-14 16:51:10+00:00,548.0,4.97,2.79,3.13,0.0,0.0,1.0,1.0,0.7158231542968749,False,REGULAR,USD,P,2026-09-18,31,778.5800170898438,2026-08-18T08:43:39+00:00
XSP260918P00549000,2026-08-07 19:46:14+00:00,549.0,0.24,0.09,0.21,0.0,0.0,2.0,0.0,0.47363807617187503,False,REGULAR,USD,P,2026-09-18,31,778.5800170898438,2026-08-18T08:43:39+00:00
XSP260918P00550000,2026-08-14 14:44:36+00:00,550.0,0.17,0.1,0.21,0.0,0.0,3.0,0.0,0.47119669433593747,False,REGULAR,USD,P,2026-09-18,31,778.5800170898438,2026-08-18T08:43:39+00:00
XSP260918P00551000,2026-08-03 14:11:17+00:00,551.0,0.36,0.1,0.21,0.0,0.0,1.0,0.0,0.4687553125,False,REGULAR,USD,P,2026-09-18,31,778.5800170898438,2026-08-18T08:43:39+00:00
XSP260918P00552000,2026-02-04 17:40:28+00:00,552.0,9.13,10.99,12.73,0.0,0.0,1.0,1.0,0.9943237872314454,False,REGULAR,USD,P,2026-09-18,31,778.5800170898438,2026-08-18T08:43:39+00:00
XSP260918P00553000,2026-08-10 20:00:33+00:00,553.0,0.22,0.1,0.22,0.0,0.0,9.0,0.0,0.46680220703125,False,REGULAR,USD,P,2026-09-18,31,778.5800170898438,2026-08-18T08:43:39+00:00
XSP260918P00554000,2026-04-15 13:31:12+00:00,554.0,4.98,1.96,2.14,0.0,0.0,1.0,0.0,0.6483189465332031,False,REGULAR,USD,P,2026-09-18,31,778.5800170898438,2026-08-18T08:43:39+00:00
XSP260918P00555000,2026-08-10 16:41:52+00:00,555.0,0.22,0.11,0.22,0.0,0.0,2.0,0.0,0.4624077197265626,False,REGULAR,USD,P,2026-09-18,31,778.5800170898438,2026-08-18T08:43:39+00:00
XSP260918P00557000,2026-04-16 19:06:00+00:00,557.0,5.14,1.98,2.45,0.0,0.0,1.0,2.0,0.6490513610839843,False,REGULAR,USD,P,2026-09-18,31,778.5800170898438,2026-08-18T08:43:39+00:00
XSP260918P00558000,2026-05-11 18:07:28+00:00,558.0,3.17,1.42,1.53,0.0,0.0,1.0,1.0,0.5996133789062501,False,REGULAR,USD,P,2026-09-18,31,778.5800170898438,2026-08-18T08:43:39+00:00
XSP260918P00559000,2026-04-27 16:55:05+00:00,559.0,4.49,2.02,2.5,0.0,0.0,2.0,2.0,0.6456334265136718,False,REGULAR,USD,P,2026-09-18,31,778.5800170898438,2026-08-18T08:43:39+00:00
XSP260918P00560000,2026-07-23 17:35:46+00:00,560.0,1.04,0.13,0.23,0.0,0.0,1.0,0.0,0.45361874511718747,False,REGULAR,USD,P,2026-09-18,31,778.5800170898438,2026-08-18T08:43:39+00:00
XSP260918P00561000,2026-08-17 15:48:11+00:00,561.0,0.16,0.13,0.24,0.0,0.0,26.0,0.0,0.45361874511718747,False,REGULAR,USD,P,2026-09-18,31,778.5800170898438,2026-08-18T08:43:39+00:00
XSP260918P00562000,2026-07-17 14:57:54+00:00,562.0,1.03,0.13,0.24,0.0,0.0,4.0,0.0,0.45166563964843753,False,REGULAR,USD,P,2026-09-18,31,778.5800170898438,2026-08-18T08:43:39+00:00
XSP260918P00563000,2026-02-04 17:35:40+00:00,563.0,9.91,12.34,14.11,0.0,0.0,2.0,0.0,0.9834596380615235,False,REGULAR,USD,P,2026-09-18,31,778.5800170898438,2026-08-18T08:43:39+00:00
XSP260918P00564000,2026-02-04 17:35:40+00:00,564.0,10.02,12.47,14.25,0.0,0.0,2.0,0.0,0.9826051544189454,False,REGULAR,USD,P,2026-09-18,31,778.5800170898438,2026-08-18T08:43:39+00:00
XSP260918P00565000,2026-08-12 15:55:19+00:00,565.0,0.21,0.14,0.25,0.0,0.0,7.0,0.0,0.4467828759765625,False,REGULAR,USD,P,2026-09-18,31,778.5800170898438,2026-08-18T08:43:39+00:00
XSP260918P00566000,2026-06-15 13:41:07+00:00,566.0,1.68,0.88,1.14,0.0,0.0,1.0,5.0,0.5415084912109377,False,REGULAR,USD,P,2026-09-18,31,778.5800170898438,2026-08-18T08:43:39+00:00
XSP260918P00567000,2026-07-22 18:02:59+00:00,567.0,0.84,0.15,0.25,0.0,0.0,3.0,0.0,0.442388388671875,False,REGULAR,USD,P,2026-09-18,31,778.5800170898438,2026-08-18T08:43:39+00:00
XSP260918P00568000,2026-06-03 19:30:52+00:00,568.0,2.19,1.04,1.18,0.0,0.0,5.0,0.0,0.5445602185058593,False,REGULAR,USD,P,2026-09-18,31,778.5800170898438,2026-08-18T08:43:39+00:00
XSP260918P00569000,2026-04-14 13:36:01+00:00,569.0,6.2,3.42,3.8,0.0,0.0,,0.0,0.6791413922119143,False,REGULAR,USD,P,2026-09-18,31,778.5800170898438,2026-08-18T08:43:39+00:00
XSP260918P00570000,2026-08-14 16:16:54+00:00,570.0,0.18,0.15,0.27,0.0,0.0,1.0,0.0,0.43994700683593746,False,REGULAR,USD,P,2026-09-18,31,778.5800170898438,2026-08-18T08:43:39+00:00
XSP260918P00571000,2026-07-28 06:55:07+00:00,571.0,1.01,0.16,0.26,0.0,0.0,,0.0,0.43555251953125,False,REGULAR,USD,P,2026-09-18,31,778.5800170898438,2026-08-18T08:43:39+00:00
XSP260918P00573000,2026-06-15 13:39:23+00:00,573.0,1.78,0.96,1.23,0.0,0.0,1.0,1.0,0.5301560656738282,False,REGULAR,USD,P,2026-09-18,31,778.5800170898438,2026-08-18T08:43:39+00:00
XSP260918P00574000,2026-04-15 13:31:12+00:00,574.0,6.16,2.38,2.58,0.0,0.0,1.0,0.0,0.6126747717285157,False,REGULAR,USD,P,2026-09-18,31,778.5800170898438,2026-08-18T08:43:39+00:00
XSP260918P00575000,2026-08-17 15:47:28+00:00,575.0,0.19,0.17,0.28,0.0,0.0,11.0,0.0,0.43066975585937506,False,REGULAR,USD,P,2026-09-18,31,778.5800170898438,2026-08-18T08:43:39+00:00
XSP260918P00576000,2026-06-12 15:29:33+00:00,576.0,2.44,0.8,0.97,0.0,0.0,,5.0,0.5043994873046875,False,REGULAR,USD,P,2026-09-18,31,778.5800170898438,2026-08-18T08:43:39+00:00
XSP260918P00577000,2026-06-08 19:16:35+00:00,577.0,2.7,0.81,0.96,0.0,0.0,7.0,7.0,0.5018360363769532,False,REGULAR,USD,P,2026-09-18,31,778.5800170898438,2026-08-18T08:43:39+00:00
XSP260918P00578000,2026-08-12 13:43:37+00:00,578.0,0.24,0.18,0.29,0.0,0.0,1.0,0.0,0.42578699218750005,False,REGULAR,USD,P,2026-09-18,31,778.5800170898438,2026-08-18T08:43:39+00:00
XSP260918P00580000,2026-08-12 16:52:22+00:00,580.0,0.25,0.19,0.3,0.0,0.0,6.0,0.0,0.4233456103515625,False,REGULAR,USD,P,2026-09-18,31,778.5800170898438,2026-08-18T08:43:39+00:00
XSP260918P00581000,2026-08-03 13:35:40+00:00,581.0,0.57,0.19,0.3,0.0,0.0,,0.0,0.42090422851562503,False,REGULAR,USD,P,2026-09-18,31,778.5800170898438,2026-08-18T08:43:39+00:00
XSP260918P00582000,2026-08-17 17:15:56+00:00,582.0,0.2,0.19,0.31,0.0,0.0,4.0,0.0,0.4204159521484375,False,REGULAR,USD,P,2026-09-18,31,778.5800170898438,2026-08-18T08:43:39+00:00
XSP260918P00583000,2026-04-29 14:38:11+00:00,583.0,5.5,2.61,3.18,0.0,0.0,2.0,0.0,0.6054726953125001,False,REGULAR,USD,P,2026-09-18,31,778.5800170898438,2026-08-18T08:43:39+00:00
XSP260918P00585000,2026-07-24 19:49:15+00:00,585.0,1.27,0.2,0.32,0.0,0.0,2.0,0.0,0.4155331884765625,False,REGULAR,USD,P,2026-09-18,31,778.5800170898438,2026-08-18T08:43:39+00:00
XSP260918P00586000,2025-09-15 13:35:40+00:00,586.0,17.7,0.0,0.0,0.0,0.0,,0.0,0.2500075,False,REGULAR,USD,P,2026-09-18,31,778.5800170898438,2026-08-18T08:43:39+00:00
XSP260918P00587000,2026-02-04 17:39:00+00:00,587.0,12.69,15.86,17.73,0.0,0.0,1.0,1.0,0.9633792724609375,False,REGULAR,USD,P,2026-09-18,31,778.5800170898438,2026-08-18T08:43:39+00:00
XSP260918P00588000,2026-07-29 14:09:24+00:00,588.0,1.18,0.21,0.32,0.0,0.0,4.0,0.0,0.40869731933593745,False,REGULAR,USD,P,2026-09-18,31,778.5800170898438,2026-08-18T08:43:39+00:00
XSP260918P00589000,2026-03-09 13:43:25+00:00,589.0,17.41,6.31,6.75,0.0,0.0,4.0,2.0,0.7136259106445313,False,REGULAR,USD,P,2026-09-18,31,778.5800170898438,2026-08-18T08:43:39+00:00
XSP260918P00590000,2026-08-07 13:30:06+00:00,590.0,0.39,0.22,0.34,0.0,0.0,1.0,0.0,0.4074766284179688,False,REGULAR,USD,P,2026-09-18,31,778.5800170898438,2026-08-18T08:43:39+00:00
XSP260918P00591000,2026-02-04 17:37:48+00:00,591.0,13.12,16.54,18.42,0.0,0.0,1.0,1.0,0.9605716833496092,False,REGULAR,USD,P,2026-09-18,31,778.5800170898438,2026-08-18T08:43:39+00:00
XSP260918P00592000,2026-04-06 17:14:42+00:00,592.0,14.91,4.67,4.8,0.0,0.0,5.0,0.0,0.6477696356201172,False,REGULAR,USD,P,2026-09-18,31,778.5800170898438,2026-08-18T08:43:39+00:00
XSP260918P00593000,2026-08-04 14:01:15+00:00,593.0,0.46,0.23,0.34,0.0,0.0,2.0,0.0,0.4008848974609375,False,REGULAR,USD,P,2026-09-18,31,778.5800170898438,2026-08-18T08:43:39+00:00
XSP260918P00594000,2026-08-17 15:46:32+00:00,594.0,0.25,0.24,0.35,0.0,0.0,12.0,0.0,0.40015248291015626,False,REGULAR,USD,P,2026-09-18,31,778.5800170898438,2026-08-18T08:43:39+00:00
XSP260918P00595000,2026-08-14 18:05:15+00:00,595.0,0.24,0.24,0.35,0.0,0.0,1.0,0.0,0.3979552392578125,False,REGULAR,USD,P,2026-09-18,31,778.5800170898438,2026-08-18T08:43:39+00:00
XSP260918P00596000,2026-05-07 16:15:28+00:00,596.0,5.05,3.04,3.64,0.0,0.0,2.0,3.0,0.5849040533447265,False,REGULAR,USD,P,2026-09-18,31,778.5800170898438,2026-08-18T08:43:39+00:00
XSP260918P00597000,2026-08-06 18:53:21+00:00,597.0,0.43,0.24,0.37,0.0,0.0,1.0,0.0,0.39649041015625003,False,REGULAR,USD,P,2026-09-18,31,778.5800170898438,2026-08-18T08:43:39+00:00
XSP260918P00598000,2026-08-07 12:30:17+00:00,598.0,0.39,0.25,0.37,0.0,0.0,1.0,0.0,0.3940490283203125,False,REGULAR,USD,P,2026-09-18,31,778.5800170898438,2026-08-18T08:43:39+00:00
XSP260918P00599000,2026-08-03 13:41:19+00:00,599.0,0.72,0.26,0.38,0.0,0.0,2.0,0.0,0.39331661376953125,False,REGULAR,USD,P,2026-09-18,31,778.5800170898438,2026-08-18T08:43:39+00:00
XSP260918P00600000,2026-08-17 14:59:52+00:00,600.0,0.25,0.26,0.38,0.0,0.0,2.0,0.0,0.39111937011718745,False,REGULAR,USD,P,2026-09-18,31,778.5800170898438,2026-08-18T08:43:39+00:00
XSP260918P00601000,2026-07-22 15:18:36+00:00,601.0,1.23,0.27,0.38,0.0,0.0,1.0,0.0,0.38892212646484375,False,REGULAR,USD,P,2026-09-18,31,778.5800170898438,2026-08-18T08:43:39+00:00
XSP260918P00602000,2026-08-11 16:38:34+00:00,602.0,0.4,0.27,0.4,0.0,0.0,1.0,0.0,0.38941040283203127,False,REGULAR,USD,P,2026-09-18,31,778.5800170898438,2026-08-18T08:43:39+00:00
XSP260918P00603000,2025-11-14 14:42:16+00:00,603.0,22.0,12.88,13.05,0.0,0.0,1.0,1.0,0.8199786068725584,False,REGULAR,USD,P,2026-09-18,31,778.5800170898438,2026-08-18T08:43:39+00:00
XSP260918P00604000,2026-08-04 14:06:15+00:00,604.0,0.53,0.28,0.41,0.0,0.0,2.0,0.0,0.38623660644531244,False,REGULAR,USD,P,2026-09-18,31,778.5800170898438,2026-08-18T08:43:39+00:00
XSP260918P00605000,2026-08-17 19:27:10+00:00,605.0,0.29,0.29,0.41,0.0,0.0,10.0,0.0,0.383795224609375,False,REGULAR,USD,P,2026-09-18,31,778.5800170898438,2026-08-18T08:43:39+00:00
XSP260918P00606000,2026-08-17 15:48:32+00:00,606.0,0.29,0.29,0.42,0.0,0.0,10.0,0.0,0.3830628100585937,False,REGULAR,USD,P,2026-09-18,31,778.5800170898438,2026-08-18T08:43:39+00:00
XSP260918P00607000,2026-08-17 15:48:18+00:00,607.0,0.29,0.3,0.42,0.0,0.0,5.0,0.0,0.3806214282226562,False,REGULAR,USD,P,2026-09-18,31,778.5800170898438,2026-08-18T08:43:39+00:00
XSP260918P00608000,2026-07-30 19:59:08+00:00,608.0,1.15,0.3,0.42,0.0,0.0,2.0,0.0,0.37842418457031246,False,REGULAR,USD,P,2026-09-18,31,778.5800170898438,2026-08-18T08:43:39+00:00
XSP260918P00609000,2026-07-23 16:59:54+00:00,609.0,1.86,0.31,0.43,0.0,0.0,1.0,0.0,0.37744763183593744,False,REGULAR,USD,P,2026-09-18,31,778.5800170898438,2026-08-18T08:43:39+00:00
XSP260918P00610000,2026-08-17 14:02:59+00:00,610.0,0.29,0.31,0.43,0.0,0.0,1.0,0.0,0.37525038818359374,False,REGULAR,USD,P,2026-09-18,31,778.5800170898438,2026-08-18T08:43:39+00:00
XSP260918P00611000,2026-01-30 16:56:13+00:00,611.0,14.2,20.32,22.28,0.0,0.0,2.0,2.0,0.9478764978027343,False,REGULAR,USD,P,2026-09-18,31,778.5800170898438,2026-08-18T08:43:39+00:00
XSP260918P00612000,2026-05-06 16:22:35+00:00,612.0,5.96,3.69,4.33,0.0,0.0,1.0,1.0,0.5606123040771485,False,REGULAR,USD,P,2026-09-18,31,778.5800170898438,2026-08-18T08:43:39+00:00
XSP260918P00613000,2026-06-11 19:54:45+00:00,613.0,4.25,1.24,1.44,0.0,0.0,1.0,7.0,0.44861391235351555,False,REGULAR,USD,P,2026-09-18,31,778.5800170898438,2026-08-18T08:43:39+00:00
XSP260918P00615000,2026-08-12 14:02:32+00:00,615.0,0.4,0.34,0.46,0.0,0.0,1.0,0.0,0.36743796630859377,False,REGULAR,USD,P,2026-09-18,31,778.5800170898438,2026-08-18T08:43:39+00:00
XSP260918P00616000,2026-03-20 15:47:10+00:00,616.0,23.1,8.48,9.03,0.0,0.0,4.0,2.0,0.6782258740234376,False,REGULAR,USD,P,2026-09-18,31,778.5800170898438,2026-08-18T08:43:39+00:00
XSP260918P00617000,2026-07-28 18:48:22+00:00,617.0,1.48,0.35,0.47,0.0,0.0,1.0,0.0,0.36414210083007814,False,REGULAR,USD,P,2026-09-18,31,778.5800170898438,2026-08-18T08:43:39+00:00
XSP260918P00618000,2026-07-02 14:08:15+00:00,618.0,2.01,0.35,0.49,0.0,0.0,2.0,0.0,0.3640200317382813,False,REGULAR,USD,P,2026-09-18,31,778.5800170898438,2026-08-18T08:43:39+00:00
XSP260918P00619000,2026-08-17 15:48:31+00:00,619.0,0.35,0.37,0.49,0.0,0.0,8.0,0.0,0.3618227880859375,False,REGULAR,USD,P,2026-09-18,31,778.5800170898438,2026-08-18T08:43:39+00:00
XSP260918P00620000,2026-08-07 13:46:53+00:00,620.0,0.53,0.37,0.49,0.0,0.0,2.0,0.0,0.35962554443359374,False,REGULAR,USD,P,2026-09-18,31,778.5800170898438,2026-08-18T08:43:39+00:00
XSP260918P00621000,2026-08-07 16:33:11+00:00,621.0,0.55,0.38,0.5,0.0,0.0,2.0,0.0,0.358404853515625,False,REGULAR,USD,P,2026-09-18,31,778.5800170898438,2026-08-18T08:43:39+00:00
XSP260918P00622000,2026-08-11 17:13:08+00:00,622.0,0.52,0.38,0.5,0.0,0.0,1.0,0.0,0.3562076098632812,False,REGULAR,USD,P,2026-09-18,31,778.5800170898438,2026-08-18T08:43:39+00:00
XSP260918P00623000,2026-08-10 18:39:41+00:00,623.0,0.52,0.39,0.52,0.0,0.0,1.0,0.0,0.35596347167968745,False,REGULAR,USD,P,2026-09-18,31,778.5800170898438,2026-08-18T08:43:39+00:00
XSP260918P00624000,2026-07-27 18:50:27+00:00,624.0,1.96,0.4,0.52,0.0,0.0,1.0,0.0,0.3537662280273437,False,REGULAR,USD,P,2026-09-18,31,778.5800170898438,2026-08-18T08:43:39+00:00
XSP260918P00625000,2026-08-17 15:40:34+00:00,625.0,0.38,0.4,0.53,0.0,0.0,1.0,0.0,0.35242346801757807,False,REGULAR,USD,P,2026-09-18,31,778.5800170898438,2026-08-18T08:43:39+00:00
XSP260918P00626000,2026-05-06 13:31:57+00:00,626.0,7.2,4.4,5.08,0.0,0.0,1.0,2.0,0.5403488348388674,False,REGULAR,USD,P,2026-09-18,31,778.5800170898438,2026-08-18T08:43:39+00:00
XSP260918P00627000,2026-08-14 20:00:20+00:00,627.0,0.39,0.41,0.55,0.0,0.0,2.0,0.0,0.3498600170898437,False,REGULAR,USD,P,2026-09-18,31,778.5800170898438,2026-08-18T08:43:39+00:00
XSP260918P00628000,2026-07-31 19:49:55+00:00,628.0,1.17,0.42,0.55,0.0,0.0,4.0,0.0,0.34754070434570306,False,REGULAR,USD,P,2026-09-18,31,778.5800170898438,2026-08-18T08:43:39+00:00
XSP260918P00629000,2026-08-04 16:22:30+00:00,629.0,0.74,0.43,0.55,0.0,0.0,1.0,0.0,0.3452213916015625,False,REGULAR,USD,P,2026-09-18,31,778.5800170898438,2026-08-18T08:43:39+00:00
XSP260918P00630000,2026-08-10 14:15:13+00:00,630.0,0.52,0.44,0.56,0.0,0.0,292.0,0.0,0.34400070068359373,False,REGULAR,USD,P,2026-09-18,31,778.5800170898438,2026-08-18T08:43:39+00:00
XSP260918P00632000,2026-08-12 14:55:17+00:00,632.0,0.52,0.45,0.59,0.0,0.0,1.0,0.0,0.3421696643066406,False,REGULAR,USD,P,2026-09-18,31,778.5800170898438,2026-08-18T08:43:39+00:00
XSP260918P00633000,2026-08-11 19:03:12+00:00,633.0,0.59,0.46,0.58,0.0,0.0,3.0,0.0,0.33899586791992187,False,REGULAR,USD,P,2026-09-18,31,778.5800170898438,2026-08-18T08:43:39+00:00
XSP260918P00634000,2026-08-13 20:03:45+00:00,634.0,0.45,0.47,0.6,0.0,0.0,10.0,0.0,0.33850759155273435,False,REGULAR,USD,P,2026-09-18,31,778.5800170898438,2026-08-18T08:43:39+00:00
XSP260918P00635000,2026-08-17 14:04:20+00:00,635.0,0.41,0.47,0.6,0.0,0.0,1.0,0.0,0.33618827880859375,False,REGULAR,USD,P,2026-09-18,31,778.5800170898438,2026-08-18T08:43:39+00:00
XSP260918P00636000,2026-07-30 14:16:28+00:00,636.0,1.98,0.48,0.62,0.0,0.0,,0.0,0.33570000244140624,False,REGULAR,USD,P,2026-09-18,31,778.5800170898438,2026-08-18T08:43:39+00:00
XSP260918P00638000,2026-08-07 14:48:27+00:00,638.0,0.68,0.49,0.62,0.0,0.0,1.0,0.0,0.331061376953125,False,REGULAR,USD,P,2026-09-18,31,778.5800170898438,2026-08-18T08:43:39+00:00
XSP260918P00639000,2026-07-15 14:45:59+00:00,639.0,2.07,0.51,0.64,0.0,0.0,1.0,0.0,0.33045103149414057,False,REGULAR,USD,P,2026-09-18,31,778.5800170898438,2026-08-18T08:43:39+00:00
XSP260918P00640000,2026-08-17 19:59:29+00:00,640.0,0.49,0.51,0.65,0.0,0.0,21.0,0.0,0.32898620239257803,False,REGULAR,USD,P,2026-09-18,31,778.5800170898438,2026-08-18T08:43:39+00:00
XSP260918P00642000,2026-07-31 13:37:35+00:00,642.0,1.61,0.53,0.66,0.0,0.0,5.0,0.0,0.32520206054687495,False,REGULAR,USD,P,2026-09-18,31,778.5800170898438,2026-08-18T08:43:39+00:00
XSP260918P00643000,2026-08-13 15:28:41+00:00,643.0,0.52,0.54,0.68,0.0,0.0,1.0,0.0,0.3244696459960937,False,REGULAR,USD,P,2026-09-18,31,778.5800170898438,2026-08-18T08:43:39+00:00
XSP260918P00645000,2026-08-14 14:36:10+00:00,645.0,0.52,0.55,0.69,0.0,0.0,4.0,0.0,0.32068550415039054,False,REGULAR,USD,P,2026-09-18,31,778.5800170898438,2026-08-18T08:43:39+00:00
XSP260918P00646000,2026-07-23 17:47:16+00:00,646.0,3.11,0.56,0.71,0.0,0.0,2.0,0.0,0.3198310205078124,False,REGULAR,USD,P,2026-09-18,31,778.5800170898438,2026-08-18T08:43:39+00:00
XSP260918P00648000,2026-08-03 16:00:01+00:00,648.0,1.24,0.58,0.72,0.0,0.0,2.0,0.0,0.31592480957031244,False,REGULAR,USD,P,2026-09-18,31,778.5800170898438,2026-08-18T08:43:39+00:00
XSP260918P00649000,2026-08-17 15:56:30+00:00,649.0,0.53,0.59,0.73,0.0,0.0,6.0,0.0,0.3143379113769531,False,REGULAR,USD,P,2026-09-18,31,778.5800170898438,2026-08-18T08:43:39+00:00
XSP260918P00650000,2026-08-17 15:51:08+00:00,650.0,0.53,0.59,0.74,0.0,0.0,2.0,0.0,0.3127510131835937,False,REGULAR,USD,P,2026-09-18,31,778.5800170898438,2026-08-18T08:43:39+00:00
XSP260918P00651000,2026-07-27 14:11:20+00:00,651.0,2.78,0.61,0.75,0.0,0.0,1.0,0.0,0.31116411499023433,False,REGULAR,USD,P,2026-09-18,31,778.5800170898438,2026-08-18T08:43:39+00:00
XSP260918P00652000,2026-08-17 11:49:00+00:00,652.0,0.53,0.61,0.77,0.0,0.0,3.0,0.0,0.31018756225585936,False,REGULAR,USD,P,2026-09-18,31,778.5800170898438,2026-08-18T08:43:39+00:00
XSP260918P00653000,2026-07-28 15:20:13+00:00,653.0,2.55,0.62,0.77,0.0,0.0,,0.0,0.3078682495117187,False,REGULAR,USD,P,2026-09-18,31,778.5800170898438,2026-08-18T08:43:39+00:00
XSP260918P00654000,2026-08-07 13:49:46+00:00,654.0,0.86,0.64,0.79,0.0,0.0,7.0,0.0,0.30689169677734374,False,REGULAR,USD,P,2026-09-18,31,778.5800170898438,2026-08-18T08:43:39+00:00
XSP260918P00655000,2026-08-11 17:19:37+00:00,655.0,0.83,0.64,0.8,0.0,0.0,2.0,0.0,0.3053047985839844,False,REGULAR,USD,P,2026-09-18,31,778.5800170898438,2026-08-18T08:43:39+00:00
XSP260918P00656000,2026-07-23 18:46:18+00:00,656.0,3.75,0.66,0.81,0.0,0.0,1.0,0.0,0.30359583129882806,False,REGULAR,USD,P,2026-09-18,31,778.5800170898438,2026-08-18T08:43:39+00:00
XSP260918P00657000,2026-08-13 19:55:53+00:00,657.0,0.64,0.67,0.82,0.0,0.0,1.0,0.0,0.30188686401367193,False,REGULAR,USD,P,2026-09-18,31,778.5800170898438,2026-08-18T08:43:39+00:00
XSP260918P00658000,2026-07-17 04:30:28+00:00,658.0,3.53,0.68,0.84,0.0,0.0,10.0,0.0,0.3007882421875,False,REGULAR,USD,P,2026-09-18,31,778.5800170898438,2026-08-18T08:43:39+00:00
XSP260918P00659000,2026-08-12 19:38:50+00:00,659.0,0.69,0.69,0.84,0.0,0.0,2.0,0.0,0.29846892944335934,False,REGULAR,USD,P,2026-09-18,31,778.5800170898438,2026-08-18T08:43:39+00:00
XSP260918P00660000,2026-08-17 17:57:59+00:00,660.0,0.65,0.7,0.86,0.0,0.0,18.0,0.0,0.2973703076171874,False,REGULAR,USD,P,2026-09-18,31,778.5800170898438,2026-08-18T08:43:39+00:00
XSP260918P00661000,2026-07-27 18:51:35+00:00,661.0,3.45,0.71,0.87,0.0,0.0,1.0,0.0,0.29566134033203123,False,REGULAR,USD,P,2026-09-18,31,778.5800170898438,2026-08-18T08:43:39+00:00
XSP260918P00662000,2026-08-11 18:14:54+00:00,662.0,0.89,0.73,0.89,0.0,0.0,58.0,0.0,0.29444064941406245,False,REGULAR,USD,P,2026-09-18,31,778.5800170898438,2026-08-18T08:43:39+00:00
XSP260918P00663000,2026-08-04 15:53:21+00:00,663.0,1.2,0.73,0.9,0.0,0.0,2.0,0.0,0.29273168212890616,False,REGULAR,USD,P,2026-09-18,31,778.5800170898438,2026-08-18T08:43:39+00:00
XSP260918P00664000,2026-08-07 14:56:50+00:00,664.0,0.97,0.74,0.91,0.0,0.0,2.0,0.0,0.29090064575195307,False,REGULAR,USD,P,2026-09-18,31,778.5800170898438,2026-08-18T08:43:39+00:00
XSP260918P00665000,2026-08-17 17:12:47+00:00,665.0,0.69,0.76,0.92,0.0,0.0,12.0,0.0,0.28919167846679683,False,REGULAR,USD,P,2026-09-18,31,778.5800170898438,2026-08-18T08:43:39+00:00
XSP260918P00666000,2026-08-04 14:01:17+00:00,666.0,1.37,0.77,0.94,0.0,0.0,1.0,0.0,0.28790995300292954,False,REGULAR,USD,P,2026-09-18,31,778.5800170898438,2026-08-18T08:43:39+00:00
XSP260918P00667000,2026-07-29 16:33:58+00:00,667.0,4.13,0.78,0.96,0.0,0.0,1.0,0.0,0.2866282275390625,False,REGULAR,USD,P,2026-09-18,31,778.5800170898438,2026-08-18T08:43:39+00:00
XSP260918P00668000,2026-08-12 17:13:07+00:00,668.0,0.83,0.79,0.96,0.0,0.0,4.0,0.0,0.2843089147949218,False,REGULAR,USD,P,2026-09-18,31,778.5800170898438,2026-08-18T08:43:39+00:00
XSP260918P00669000,2026-07-31 13:30:02+00:00,669.0,2.65,0.81,0.99,0.0,0.0,1.0,0.0,0.28357650024414055,False,REGULAR,USD,P,2026-09-18,31,778.5800170898438,2026-08-18T08:43:39+00:00
XSP260918P00670000,2026-08-17 14:02:59+00:00,670.0,0.7,0.82,1.0,0.0,0.0,5.0,0.0,0.28162339477539056,False,REGULAR,USD,P,2026-09-18,31,778.5800170898438,2026-08-18T08:43:39+00:00
XSP260918P00671000,2026-08-03 17:58:21+00:00,671.0,1.77,0.83,1.01,0.0,0.0,2.0,0.0,0.2797923583984374,False,REGULAR,USD,P,2026-09-18,31,778.5800170898438,2026-08-18T08:43:39+00:00
XSP260918P00672000,2026-08-05 02:19:25+00:00,672.0,1.3,0.85,1.03,0.0,0.0,1.0,0.0,0.2784495983886719,False,REGULAR,USD,P,2026-09-18,31,778.5800170898438,2026-08-18T08:43:39+00:00
XSP260918P00673000,2026-08-10 14:29:48+00:00,673.0,1.0,0.86,1.05,0.0,0.0,1.0,0.0,0.2771068383789062,False,REGULAR,USD,P,2026-09-18,31,778.5800170898438,2026-08-18T08:43:39+00:00
XSP260918P00674000,2026-08-13 18:21:30+00:00,674.0,0.83,0.88,1.07,0.0,0.0,1.0,0.0,0.2756420092773437,False,REGULAR,USD,P,2026-09-18,31,778.5800170898438,2026-08-18T08:43:39+00:00
XSP260918P00675000,2026-08-17 19:15:37+00:00,675.0,0.84,0.89,1.08,0.0,0.0,27.0,0.0,0.27374993835449213,False,REGULAR,USD,P,2026-09-18,31,778.5800170898438,2026-08-18T08:43:39+00:00
XSP260918P00676000,2026-08-05 15:52:48+00:00,676.0,1.42,0.91,1.1,0.0,0.0,2.0,0.0,0.27234614379882804,False,REGULAR,USD,P,2026-09-18,31,778.5800170898438,2026-08-18T08:43:39+00:00
XSP260918P00677000,2026-08-07 14:03:47+00:00,677.0,1.23,0.93,1.12,0.0,0.0,2.0,0.0,0.2708813146972656,False,REGULAR,USD,P,2026-09-18,31,778.5800170898438,2026-08-18T08:43:39+00:00
XSP260918P00678000,2026-08-13 14:49:13+00:00,678.0,0.84,0.94,1.14,0.0,0.0,2.0,0.0,0.2694164855957031,False,REGULAR,USD,P,2026-09-18,31,778.5800170898438,2026-08-18T08:43:39+00:00
XSP260918P00679000,2026-08-11 13:30:10+00:00,679.0,1.15,0.97,1.16,0.0,0.0,1.0,0.0,0.2678906219482422,False,REGULAR,USD,P,2026-09-18,31,778.5800170898438,2026-08-18T08:43:39+00:00
XSP260918P00680000,2026-08-17 20:04:01+00:00,680.0,0.91,0.97,1.17,0.0,0.0,96.0,0.0,0.26587648193359376,False,REGULAR,USD,P,2026-09-18,31,778.5800170898438,2026-08-18T08:43:39+00:00
XSP260918P00681000,2026-08-10 18:42:25+00:00,681.0,1.23,0.99,1.2,0.0,0.0,1.0,0.0,0.2647778601074219,False,REGULAR,USD,P,2026-09-18,31,778.5800170898438,2026-08-18T08:43:39+00:00
XSP260918P00682000,2026-08-13 14:01:02+00:00,682.0,0.9,1.01,1.21,0.0,0.0,1.0,0.0,0.26282475463867194,False,REGULAR,USD,P,2026-09-18,31,778.5800170898438,2026-08-18T08:43:39+00:00
XSP260918P00683000,2026-08-17 18:15:55+00:00,683.0,0.93,1.04,1.24,0.0,0.0,1.0,0.0,0.26166509826660156,False,REGULAR,USD,P,2026-09-18,31,778.5800170898438,2026-08-18T08:43:39+00:00
XSP260918P00684000,2026-08-11 13:30:10+00:00,684.0,1.25,1.06,1.26,0.0,0.0,1.0,0.0,0.2600782000732422,False,REGULAR,USD,P,2026-09-18,31,778.5800170898438,2026-08-18T08:43:39+00:00
XSP260918P00685000,2026-08-17 17:11:25+00:00,685.0,0.96,1.07,1.28,0.0,0.0,7.0,0.0,0.25843026733398444,False,REGULAR,USD,P,2026-09-18,31,778.5800170898438,2026-08-18T08:43:39+00:00
XSP260918P00686000,2026-08-14 18:58:41+00:00,686.0,0.94,1.09,1.3,0.0,0.0,2.0,0.0,0.256843369140625,False,REGULAR,USD,P,2026-09-18,31,778.5800170898438,2026-08-18T08:43:39+00:00
XSP260918P00687000,2026-08-17 19:09:11+00:00,687.0,1.01,1.12,1.32,0.0,0.0,1.0,0.0,0.2551344018554688,False,REGULAR,USD,P,2026-09-18,31,778.5800170898438,2026-08-18T08:43:39+00:00
XSP260918P00688000,2026-08-14 18:56:45+00:00,688.0,0.97,1.13,1.35,0.0,0.0,2.0,0.0,0.25391371093750004,False,REGULAR,USD,P,2026-09-18,31,778.5800170898438,2026-08-18T08:43:39+00:00
XSP260918P00689000,2026-08-14 18:54:53+00:00,689.0,0.98,1.15,1.37,0.0,0.0,2.0,0.0,0.25220474365234374,False,REGULAR,USD,P,2026-09-18,31,778.5800170898438,2026-08-18T08:43:39+00:00
XSP260918P00690000,2026-08-18 07:45:38+00:00,690.0,1.24,1.17,1.4,0.24000001,24.0,1.0,0.0,0.25086198364257806,False,REGULAR,USD,P,2026-09-18,31,778.5800170898438,2026-08-18T08:43:39+00:00
XSP260918P00691000,2026-08-14 17:35:11+00:00,691.0,1.03,1.21,1.42,0.0,0.0,1.0,0.0,0.24915301635742187,False,REGULAR,USD,P,2026-09-18,31,778.5800170898438,2026-08-18T08:43:39+00:00
XSP260918P00692000,2026-08-17 16:05:59+00:00,692.0,1.03,1.22,1.44,0.0,0.0,1.0,0.0,0.24738301452636718,False,REGULAR,USD,P,2026-09-18,31,778.5800170898438,2026-08-18T08:43:39+00:00
XSP260918P00693000,2026-08-14 19:18:55+00:00,693.0,1.07,1.26,1.47,0.0,0.0,5.0,0.0,0.24597921997070313,False,REGULAR,USD,P,2026-09-18,31,778.5800170898438,2026-08-18T08:43:39+00:00
XSP260918P00694000,2026-08-07 16:25:33+00:00,694.0,1.67,1.27,1.49,0.0,0.0,4.0,0.0,0.24420921813964847,False,REGULAR,USD,P,2026-09-18,31,778.5800170898438,2026-08-18T08:43:39+00:00
XSP260918P00695000,2026-08-17 18:33:52+00:00,695.0,1.16,1.31,1.52,0.0,0.0,3.0,0.0,0.24274438903808593,False,REGULAR,USD,P,2026-09-18,31,778.5800170898438,2026-08-18T08:43:39+00:00
XSP260918P00696000,2026-08-10 14:58:08+00:00,696.0,1.49,1.33,1.55,0.0,0.0,2.0,0.0,0.24127955993652345,False,REGULAR,USD,P,2026-09-18,31,778.5800170898438,2026-08-18T08:43:39+00:00
XSP260918P00697000,2026-08-14 16:34:55+00:00,697.0,1.15,1.35,1.58,0.0,0.0,2.0,0.0,0.23975369628906246,False,REGULAR,USD,P,2026-09-18,31,778.5800170898438,2026-08-18T08:43:39+00:00
XSP260918P00698000,2026-08-11 18:20:48+00:00,698.0,1.65,1.39,1.61,0.0,0.0,55.0,0.0,0.23828886718749998,False,REGULAR,USD,P,2026-09-18,31,778.5800170898438,2026-08-18T08:43:39+00:00
XSP260918P00699000,2026-08-10 16:54:22+00:00,699.0,1.67,1.42,1.64,0.0,0.0,6.0,0.0,0.23670196899414062,False,REGULAR,USD,P,2026-09-18,31,778.5800170898438,2026-08-18T08:43:39+00:00
XSP260918P00700000,2026-08-17 19:51:39+00:00,700.0,1.3,1.44,1.67,0.0,0.0,777.0,0.0,0.23511507080078126,False,REGULAR,USD,P,2026-09-18,31,778.5800170898438,2026-08-18T08:43:39+00:00
XSP260918P00701000,2026-08-05 19:21:57+00:00,701.0,2.08,1.47,1.71,0.0,0.0,27.0,0.0,0.23383334533691402,False,REGULAR,USD,P,2026-09-18,31,778.5800170898438,2026-08-18T08:43:39+00:00
XSP260918P00702000,2026-08-13 19:55:53+00:00,702.0,1.33,1.5,1.74,0.0,0.0,4.0,0.0,0.2322464471435547,False,REGULAR,USD,P,2026-09-18,31,778.5800170898438,2026-08-18T08:43:39+00:00
XSP260918P00703000,2026-08-11 13:50:44+00:00,703.0,1.8,1.54,1.77,0.0,0.0,1.0,0.0,0.23053747985839845,False,REGULAR,USD,P,2026-09-18,31,778.5800170898438,2026-08-18T08:43:39+00:00
XSP260918P00704000,2026-08-17 18:15:51+00:00,704.0,1.36,1.58,1.8,0.0,0.0,1.0,0.0,0.22888954711914064,False,REGULAR,USD,P,2026-09-18,31,778.5800170898438,2026-08-18T08:43:39+00:00
XSP260918P00705000,2026-08-17 17:11:34+00:00,705.0,1.39,1.62,1.85,0.0,0.0,4.0,0.0,0.22779092529296874,False,REGULAR,USD,P,2026-09-18,31,778.5800170898438,2026-08-18T08:43:39+00:00
XSP260918P00706000,2026-08-17 17:44:19+00:00,706.0,1.45,1.66,1.88,0.0,0.0,2.0,0.0,0.2260819580078125,False,REGULAR,USD,P,2026-09-18,31,778.5800170898438,2026-08-18T08:43:39+00:00
XSP260918P00707000,2026-08-14 18:28:02+00:00,707.0,1.37,1.68,1.92,0.0,0.0,11.0,0.0,0.22461712890624996,False,REGULAR,USD,P,2026-09-18,31,778.5800170898438,2026-08-18T08:43:39+00:00
XSP260918P00708000,2026-08-10 13:31:27+00:00,708.0,1.93,1.72,1.96,0.0,0.0,2.0,0.0,0.22309126525878903,False,REGULAR,USD,P,2026-09-18,31,778.5800170898438,2026-08-18T08:43:39+00:00
XSP260918P00709000,2026-08-14 20:10:55+00:00,709.0,1.41,1.75,2.0,0.0,0.0,6.0,0.0,0.2215654016113281,False,REGULAR,USD,P,2026-09-18,31,778.5800170898438,2026-08-18T08:43:39+00:00
XSP260918P00710000,2026-08-18 01:53:41+00:00,710.0,1.64,1.8,2.04,0.03999996,2.4999976,1.0,0.0,0.22003953796386716,False,REGULAR,USD,P,2026-09-18,31,778.5800170898438,2026-08-18T08:43:39+00:00
XSP260918P00711000,2026-08-13 18:36:00+00:00,711.0,1.6,1.86,2.09,0.0,0.0,8.0,0.0,0.21869677795410153,False,REGULAR,USD,P,2026-09-18,31,778.5800170898438,2026-08-18T08:43:39+00:00
XSP260918P00712000,2026-08-13 15:37:15+00:00,712.0,1.7,1.88,2.13,0.0,0.0,10.0,0.0,0.2171098797607422,False,REGULAR,USD,P,2026-09-18,31,778.5800170898438,2026-08-18T08:43:39+00:00
XSP260918P00713000,2026-08-14 20:00:54+00:00,713.0,1.53,1.94,2.17,0.0,0.0,12.0,0.0,0.21546194702148438,False,REGULAR,USD,P,2026-09-18,31,778.5800170898438,2026-08-18T08:43:39+00:00
XSP260918P00714000,2026-08-13 14:30:09+00:00,714.0,1.61,1.97,2.23,0.0,0.0,1.0,0.0,0.21430229064941403,False,REGULAR,USD,P,2026-09-18,31,778.5800170898438,2026-08-18T08:43:39+00:00
XSP260918P00715000,2026-08-17 19:56:36+00:00,715.0,1.76,2.02,2.27,0.0,0.0,5.0,0.0,0.2125933233642578,False,REGULAR,USD,P,2026-09-18,31,778.5800170898438,2026-08-18T08:43:39+00:00
XSP260918P00716000,2026-08-17 18:06:48+00:00,716.0,1.76,2.08,2.33,0.0,0.0,3.0,0.0,0.21134211517333978,False,REGULAR,USD,P,2026-09-18,31,778.5800170898438,2026-08-18T08:43:39+00:00
XSP260918P00717000,2026-08-14 18:28:02+00:00,717.0,1.69,2.13,2.38,0.0,0.0,5.0,0.0,0.2098162515258789,False,REGULAR,USD,P,2026-09-18,31,778.5800170898438,2026-08-18T08:43:39+00:00
XSP260918P00718000,2026-08-14 20:00:54+00:00,718.0,1.71,2.18,2.43,0.0,0.0,18.0,0.0,0.2082598706054687,False,REGULAR,USD,P,2026-09-18,31,778.5800170898438,2026-08-18T08:43:39+00:00
XSP260918P00719000,2026-08-14 19:18:55+00:00,719.0,1.8,2.23,2.49,0.0,0.0,13.0,0.0,0.2068865933227539,False,REGULAR,USD,P,2026-09-18,31,778.5800170898438,2026-08-18T08:43:39+00:00
XSP260918P00720000,2026-08-18 07:45:38+00:00,720.0,2.32,2.3,2.54,0.3399999,17.171713,2.0,0.0,0.20526917785644527,False,REGULAR,USD,P,2026-09-18,31,778.5800170898438,2026-08-18T08:43:39+00:00
XSP260918P00721000,2026-08-17 14:22:12+00:00,721.0,1.81,2.36,2.6,0.0,0.0,2.0,0.0,0.2038043487548828,False,REGULAR,USD,P,2026-09-18,31,778.5800170898438,2026-08-18T08:43:39+00:00
XSP260918P00722000,2026-08-14 15:50:12+00:00,722.0,2.05,2.42,2.66,0.0,0.0,2.0,0.0,0.20233951965332028,False,REGULAR,USD,P,2026-09-18,31,778.5800170898438,2026-08-18T08:43:39+00:00
XSP260918P00723000,2026-08-13 17:07:00+00:00,723.0,2.1,2.46,2.74,0.0,0.0,12.0,0.0,0.20124089782714843,False,REGULAR,USD,P,2026-09-18,31,778.5800170898438,2026-08-18T08:43:39+00:00
XSP260918P00724000,2026-08-17 18:44:58+00:00,724.0,2.13,2.53,2.8,0.0,0.0,2.0,0.0,0.19968451690673827,False,REGULAR,USD,P,2026-09-18,31,778.5800170898438,2026-08-18T08:43:39+00:00
XSP260918P00725000,2026-08-17 19:02:24+00:00,725.0,2.2,2.59,2.87,0.0,0.0,36.0,0.0,0.1982807223510742,False,REGULAR,USD,P,2026-09-18,31,778.5800170898438,2026-08-18T08:43:39+00:00
XSP260918P00726000,2026-08-17 20:07:56+00:00,726.0,2.29,2.66,2.95,0.0,0.0,8.0,0.0,0.19706003143310546,False,REGULAR,USD,P,2026-09-18,31,778.5800170898438,2026-08-18T08:43:39+00:00
XSP260918P00727000,2026-08-13 19:00:21+00:00,727.0,2.25,2.73,3.02,0.0,0.0,23.0,0.0,0.19556468505859376,False,REGULAR,USD,P,2026-09-18,31,778.5800170898438,2026-08-18T08:43:39+00:00
XSP260918P00728000,2026-08-17 13:42:09+00:00,728.0,2.13,2.81,3.08,0.0,0.0,1.0,0.0,0.1938252005004883,False,REGULAR,USD,P,2026-09-18,31,778.5800170898438,2026-08-18T08:43:39+00:00
XSP260918P00729000,2026-08-17 16:12:14+00:00,729.0,2.24,2.89,3.17,0.0,0.0,1.0,0.0,0.19266554412841796,False,REGULAR,USD,P,2026-09-18,31,778.5800170898438,2026-08-18T08:43:39+00:00
XSP260918P00730000,2026-08-17 17:30:44+00:00,730.0,2.57,2.96,3.25,0.0,0.0,43.0,0.0,0.1912312322998047,False,REGULAR,USD,P,2026-09-18,31,778.5800170898438,2026-08-18T08:43:39+00:00
XSP260918P00731000,2026-08-17 16:15:13+00:00,731.0,2.35,3.04,3.34,0.0,0.0,1.0,0.0,0.18994950683593753,False,REGULAR,USD,P,2026-09-18,31,778.5800170898438,2026-08-18T08:43:39+00:00
XSP260918P00732000,2026-08-17 02:39:27+00:00,732.0,2.35,3.13,3.42,0.0,0.0,2.0,0.0,0.18842364318847654,False,REGULAR,USD,P,2026-09-18,31,778.5800170898438,2026-08-18T08:43:39+00:00
XSP260918P00733000,2026-08-17 16:45:44+00:00,733.0,2.55,3.22,3.52,0.0,0.0,3.0,0.0,0.18720295227050782,False,REGULAR,USD,P,2026-09-18,31,778.5800170898438,2026-08-18T08:43:39+00:00
XSP260918P00734000,2026-08-17 18:13:09+00:00,734.0,2.73,3.34,3.6,0.0,0.0,3.0,0.0,0.1855855368041992,False,REGULAR,USD,P,2026-09-18,31,778.5800170898438,2026-08-18T08:43:39+00:00
XSP260918P00735000,2026-08-17 18:05:20+00:00,735.0,2.81,3.43,3.7,0.0,0.0,8.0,0.0,0.1842732940673828,False,REGULAR,USD,P,2026-09-18,31,778.5800170898438,2026-08-18T08:43:39+00:00
XSP260918P00736000,2026-08-17 15:43:34+00:00,736.0,2.71,3.5,3.81,0.0,0.0,3.0,0.0,0.18308312042236324,False,REGULAR,USD,P,2026-09-18,31,778.5800170898438,2026-08-18T08:43:39+00:00
XSP260918P00737000,2026-08-17 16:06:17+00:00,737.0,2.77,3.61,3.91,0.0,0.0,130.0,0.0,0.18164880859375,False,REGULAR,USD,P,2026-09-18,31,778.5800170898438,2026-08-18T08:43:39+00:00
XSP260918P00738000,2026-08-17 16:23:58+00:00,738.0,2.8,3.71,4.02,0.0,0.0,3.0,0.0,0.18033656585693358,False,REGULAR,USD,P,2026-09-18,31,778.5800170898438,2026-08-18T08:43:39+00:00
XSP260918P00739000,2026-08-17 17:52:24+00:00,739.0,3.16,3.83,4.14,0.0,0.0,6.0,0.0,0.1791158749389648,False,REGULAR,USD,P,2026-09-18,31,778.5800170898438,2026-08-18T08:43:39+00:00
XSP260918P00740000,2026-08-17 19:52:10+00:00,740.0,3.31,3.94,4.24,0.0,0.0,52.0,0.0,0.17749845947265624,False,REGULAR,USD,P,2026-09-18,31,778.5800170898438,2026-08-18T08:43:39+00:00
XSP260918P00741000,2026-08-17 19:20:00+00:00,741.0,3.35,4.06,4.36,0.0,0.0,2.0,0.0,0.17618621673583984,False,REGULAR,USD,P,2026-09-18,31,778.5800170898438,2026-08-18T08:43:39+00:00
XSP260918P00742000,2026-08-17 17:58:02+00:00,742.0,3.42,4.18,4.49,0.0,0.0,10.0,0.0,0.1749350085449219,False,REGULAR,USD,P,2026-09-18,31,778.5800170898438,2026-08-18T08:43:39+00:00
XSP260918P00743000,2026-08-17 18:30:02+00:00,743.0,3.49,4.31,4.62,0.0,0.0,4.0,0.0,0.17362276580810548,False,REGULAR,USD,P,2026-09-18,31,778.5800170898438,2026-08-18T08:43:39+00:00
XSP260918P00744000,2026-08-17 17:09:58+00:00,744.0,3.55,4.48,4.74,0.0,0.0,6.0,0.0,0.17209690216064455,False,REGULAR,USD,P,2026-09-18,31,778.5800170898438,2026-08-18T08:43:39+00:00
XSP260918P00745000,2026-08-18 06:46:37+00:00,745.0,4.45,4.58,4.9,0.6199999,16.187986,1.0,0.0,0.17108983215332033,False,REGULAR,USD,P,2026-09-18,31,778.5800170898438,2026-08-18T08:43:39+00:00
XSP260918P00746000,2026-08-17 19:39:09+00:00,746.0,3.94,4.73,5.03,0.0,0.0,4.0,0.0,0.1695639685058594,False,REGULAR,USD,P,2026-09-18,31,778.5800170898438,2026-08-18T08:43:39+00:00
XSP260918P00747000,2026-08-17 17:43:18+00:00,747.0,4.05,4.87,5.18,0.0,0.0,10.0,0.0,0.16828224304199224,False,REGULAR,USD,P,2026-09-18,31,778.5800170898438,2026-08-18T08:43:39+00:00
XSP260918P00748000,2026-08-17 13:48:35+00:00,748.0,3.71,5.03,5.33,0.0,0.0,6.0,0.0,0.16690896575927738,False,REGULAR,USD,P,2026-09-18,31,778.5800170898438,2026-08-18T08:43:39+00:00
XSP260918P00749000,2026-08-17 19:43:12+00:00,749.0,4.35,5.19,5.5,0.0,0.0,1.0,0.0,0.16576456802368167,False,REGULAR,USD,P,2026-09-18,31,778.5800170898438,2026-08-18T08:43:39+00:00
XSP260918P00750000,2026-08-18 07:45:38+00:00,750.0,5.33,5.36,5.68,0.8499999,18.973213,1.0,0.0,0.1646659461975098,False,REGULAR,USD,P,2026-09-18,31,778.5800170898438,2026-08-18T08:43:39+00:00
XSP260918P00751000,2026-08-17 19:48:26+00:00,751.0,4.54,5.58,5.84,0.0,0.0,8.0,0.0,0.1632163757324219,False,REGULAR,USD,P,2026-09-18,31,778.5800170898438,2026-08-18T08:43:39+00:00
XSP260918P00752000,2026-08-14 19:50:41+00:00,752.0,4.22,5.7,6.04,0.0,0.0,12.0,0.0,0.16220930572509767,False,REGULAR,USD,P,2026-09-18,31,778.5800170898438,2026-08-18T08:43:39+00:00
XSP260918P00753000,2026-08-18 08:14:17+00:00,753.0,6.06,5.9,6.22,1.27,26.51357,2.0,0.0,0.16086654571533204,False,REGULAR,USD,P,2026-09-18,31,778.5800170898438,2026-08-18T08:43:39+00:00
XSP260918P00754000,2026-08-17 19:13:02+00:00,754.0,5.0,6.09,6.4,0.0,0.0,70.0,0.0,0.15943223388671873,False,REGULAR,USD,P,2026-09-18,31,778.5800170898438,2026-08-18T08:43:39+00:00
XSP260918P00755000,2026-08-17 19:04:52+00:00,755.0,5.14,6.29,6.62,0.0,0.0,19.0,0.0,0.15845568115234376,False,REGULAR,USD,P,2026-09-18,31,778.5800170898438,2026-08-18T08:43:39+00:00
XSP260918P00756000,2026-08-17 19:58:56+00:00,756.0,5.39,6.5,6.83,0.0,0.0,3.0,0.0,0.157234990234375,False,REGULAR,USD,P,2026-09-18,31,778.5800170898438,2026-08-18T08:43:39+00:00
XSP260918P00757000,2026-08-17 14:09:54+00:00,757.0,5.02,6.71,7.05,0.0,0.0,7.0,0.0,0.15604481658935548,False,REGULAR,USD,P,2026-09-18,31,778.5800170898438,2026-08-18T08:43:39+00:00
XSP260918P00758000,2026-08-17 14:45:42+00:00,758.0,5.19,6.95,7.28,0.0,0.0,3.0,0.0,0.1548851602172852,False,REGULAR,USD,P,2026-09-18,31,778.5800170898438,2026-08-18T08:43:39+00:00
XSP260918P00759000,2026-08-17 16:48:26+00:00,759.0,5.52,7.17,7.53,0.0,0.0,1.0,0.0,0.15387809020996096,False,REGULAR,USD,P,2026-09-18,31,778.5800170898438,2026-08-18T08:43:39+00:00
XSP260918P00760000,2026-08-17 19:36:30+00:00,760.0,6.21,7.42,7.78,0.0,0.0,69.0,0.0,0.15277946838378909,False,REGULAR,USD,P,2026-09-18,31,778.5800170898438,2026-08-18T08:43:39+00:00
XSP260918P00761000,2026-08-18 02:47:14+00:00,761.0,7.07,7.68,8.01,0.8000002,12.759173,2.0,0.0,0.1513146392822266,False,REGULAR,USD,P,2026-09-18,31,778.5800170898438,2026-08-18T08:43:39+00:00
XSP260918P00762000,2026-08-14 19:23:08+00:00,762.0,6.06,7.95,8.28,0.0,0.0,10.0,0.0,0.15024653472900396,False,REGULAR,USD,P,2026-09-18,31,778.5800170898438,2026-08-18T08:43:39+00:00
XSP260918P00763000,2026-08-17 17:26:29+00:00,763.0,6.84,8.22,8.56,0.0,0.0,2.0,0.0,0.14919368881225586,False,REGULAR,USD,P,2026-09-18,31,778.5800170898438,2026-08-18T08:43:39+00:00
XSP260918P00764000,2026-08-17 17:51:19+00:00,764.0,6.96,8.5,8.87,0.0,0.0,2.0,0.0,0.14836972244262697,False,REGULAR,USD,P,2026-09-18,31,778.5800170898438,2026-08-18T08:43:39+00:00
XSP260918P00765000,2026-08-17 17:57:17+00:00,765.0,7.22,8.81,9.19,0.0,0.0,19.0,0.0,0.14754575607299808,False,REGULAR,USD,P,2026-09-18,31,778.5800170898438,2026-08-18T08:43:39+00:00
XSP260918P00766000,2026-08-18 02:47:14+00:00,766.0,8.39,9.11,9.49,1.8900003,29.076927,1.0,0.0,0.1463708410644531,False,REGULAR,USD,P,2026-09-18,31,778.5800170898438,2026-08-18T08:43:39+00:00
XSP260918P00767000,2026-08-17 19:34:21+00:00,767.0,7.88,9.44,9.81,0.0,0.0,14.0,0.0,0.1453332537841797,False,REGULAR,USD,P,2026-09-18,31,778.5800170898438,2026-08-18T08:43:39+00:00
XSP260918P00768000,2026-08-17 13:53:31+00:00,768.0,7.31,9.78,10.15,0.0,0.0,2.0,0.0,0.14438721832275392,False,REGULAR,USD,P,2026-09-18,31,778.5800170898438,2026-08-18T08:43:39+00:00
XSP260918P00769000,2026-08-17 17:14:58+00:00,769.0,8.07,10.13,10.47,0.0,0.0,2.0,0.0,0.14309023422241213,False,REGULAR,USD,P,2026-09-18,31,778.5800170898438,2026-08-18T08:43:39+00:00
XSP260918P00770000,2026-08-18 01:29:50+00:00,770.0,8.83,10.49,10.87,0.029999733,0.34090605,1.0,0.0,0.14255618194580078,False,REGULAR,USD,P,2026-09-18,31,778.5800170898438,2026-08-18T08:43:39+00:00
XSP260918P00771000,2026-08-17 19:42:40+00:00,771.0,9.13,10.87,11.25,0.0,0.0,1.0,0.0,0.14168643966674804,False,REGULAR,USD,P,2026-09-18,31,778.5800170898438,2026-08-18T08:43:39+00:00
XSP260918P00772000,2026-08-17 19:59:06+00:00,772.0,9.4,11.26,11.64,0.0,0.0,8.0,0.0,0.14078618011474608,False,REGULAR,USD,P,2026-09-18,31,778.5800170898438,2026-08-18T08:43:39+00:00
XSP260918P00773000,2026-08-18 08:14:17+00:00,773.0,11.88,11.68,12.02,2.1400003,21.971256,2.0,0.0,0.139657041015625,False,REGULAR,USD,P,2026-09-18,31,778.5800170898438,2026-08-18T08:43:39+00:00
XSP260918P00774000,2026-08-17 19:58:47+00:00,774.0,10.17,12.11,12.44,0.0,0.0,8.0,0.0,0.1388330746459961,False,REGULAR,USD,P,2026-09-18,31,778.5800170898438,2026-08-18T08:43:39+00:00
XSP260918P00775000,2026-08-18 04:29:19+00:00,775.0,11.9,12.53,12.92,1.5199995,14.64354,4.0,0.0,0.13852790191650394,True,REGULAR,USD,P,2026-09-18,31,778.5800170898438,2026-08-18T08:43:39+00:00
XSP260918P00776000,2026-08-17 14:21:15+00:00,776.0,9.98,12.99,13.34,0.0,0.0,1.0,0.0,0.13742928009033206,True,REGULAR,USD,P,2026-09-18,31,778.5800170898438,2026-08-18T08:43:39+00:00
XSP260918P00777000,2026-08-17 16:34:54+00:00,777.0,10.44,13.16,14.25,0.0,0.0,6.0,0.0,0.14154911193847658,True,REGULAR,USD,P,2026-09-18,31,778.5800170898438,2026-08-18T08:43:39+00:00
XSP260918P00778000,2026-08-17 15:01:23+00:00,778.0,10.73,13.61,14.72,0.0,0.0,8.0,0.0,0.1407251455688477,True,REGULAR,USD,P,2026-09-18,31,778.5800170898438,2026-08-18T08:43:39+00:00
XSP260918P00779000,2026-08-17 15:01:37+00:00,779.0,11.12,14.11,15.24,0.0,0.0,7.0,0.0,0.1403284210205078,True,REGULAR,USD,P,2026-09-18,31,778.5800170898438,2026-08-18T08:43:39+00:00
XSP260918P00780000,2026-08-17 18:35:18+00:00,780.0,12.44,12.96,17.96,0.0,0.0,31.0,0.0,0.16404034210205082,True,REGULAR,USD,P,2026-09-18,31,778.5800170898438,2026-08-18T08:43:39+00:00
XSP260918P00781000,2026-08-17 15:01:37+00:00,781.0,11.98,13.5,18.5,0.0,0.0,5.0,0.0,0.16368939346313482,True,REGULAR,USD,P,2026-09-18,31,778.5800170898438,2026-08-18T08:43:39+00:00
XSP260918P00782000,2026-08-17 10:44:18+00:00,782.0,11.58,14.06,19.06,0.0,0.0,1.0,0.0,0.16342999664306646,True,REGULAR,USD,P,2026-09-18,31,778.5800170898438,2026-08-18T08:43:39+00:00
XSP260918P00783000,2026-08-14 13:41:23+00:00,783.0,12.3,16.32,17.49,0.0,0.0,1.0,0.0,0.13919928192138675,True,REGULAR,USD,P,2026-09-18,31,778.5800170898438,2026-08-18T08:43:39+00:00
XSP260918P00784000,2026-08-13 17:22:42+00:00,784.0,13.38,16.91,18.1,0.0,0.0,5.0,0.0,0.13910773010253907,True,REGULAR,USD,P,2026-09-18,31,778.5800170898438,2026-08-18T08:43:39+00:00
XSP260918P00785000,2026-08-17 13:42:45+00:00,785.0,13.88,17.65,18.48,0.0,0.0,1.0,0.0,0.1362391064453125,True,REGULAR,USD,P,2026-09-18,31,778.5800170898438,2026-08-18T08:43:39+00:00
XSP260918P00786000,2026-08-13 19:35:27+00:00,786.0,13.85,16.49,21.49,0.0,0.0,6.0,0.0,0.16338422073364262,True,REGULAR,USD,P,2026-09-18,31,778.5800170898438,2026-08-18T08:43:39+00:00
XSP260918P00787000,2026-08-17 15:20:06+00:00,787.0,14.76,17.15,22.15,0.0,0.0,2.0,0.0,0.16368939346313482,True,REGULAR,USD,P,2026-09-18,31,778.5800170898438,2026-08-18T08:43:39+00:00
XSP260918P00788000,2026-08-14 13:41:23+00:00,788.0,14.77,19.42,20.69,0.0,0.0,1.0,0.0,0.1391229887390137,True,REGULAR,USD,P,2026-09-18,31,778.5800170898438,2026-08-18T08:43:39+00:00
XSP260918P00789000,2026-06-23 10:07:50+00:00,789.0,48.94,19.47,19.95,0.0,0.0,,1.0,0.1219265054321289,True,REGULAR,USD,P,2026-09-18,31,778.5800170898438,2026-08-18T08:43:39+00:00
XSP260918P00790000,2026-08-17 19:52:50+00:00,790.0,18.2,20.91,21.83,0.0,0.0,2.0,0.0,0.1364222100830078,True,REGULAR,USD,P,2026-09-18,31,778.5800170898438,2026-08-18T08:43:39+00:00
XSP260918P00791000,2026-08-17 15:01:37+00:00,791.0,17.45,19.93,24.93,0.0,0.0,4.0,0.0,0.16545939529418946,True,REGULAR,USD,P,2026-09-18,31,778.5800170898438,2026-08-18T08:43:39+00:00
XSP260918P00792000,2026-08-17 10:29:47+00:00,792.0,16.56,22.14,23.52,0.0,0.0,1.0,0.0,0.13990117919921874,True,REGULAR,USD,P,2026-09-18,31,778.5800170898438,2026-08-18T08:43:39+00:00
XSP260918P00795000,2026-08-17 19:30:18+00:00,795.0,21.42,24.59,25.55,0.0,0.0,6.0,0.0,0.13791755645751952,True,REGULAR,USD,P,2026-09-18,31,778.5800170898438,2026-08-18T08:43:39+00:00
XSP260918P00796000,2026-08-13 19:35:27+00:00,796.0,19.55,25.21,26.63,0.0,0.0,,0.0,0.14232730239868163,True,REGULAR,USD,P,2026-09-18,31,778.5800170898438,2026-08-18T08:43:39+00:00
XSP260918P00797000,2026-08-17 17:23:55+00:00,797.0,22.6,26.0,27.43,0.0,0.0,3.0,0.0,0.14295290649414064,True,REGULAR,USD,P,2026-09-18,31,778.5800170898438,2026-08-18T08:43:39+00:00
XSP260918P00799000,2026-08-17 17:58:45+00:00,799.0,24.34,25.69,30.69,0.0,0.0,2.0,0.0,0.16642068939208987,True,REGULAR,USD,P,2026-09-18,31,778.5800170898438,2026-08-18T08:43:39+00:00
XSP260918P00800000,2026-08-17 18:12:50+00:00,800.0,24.8,24.1,34.1,0.0,0.0,3.0,0.0,0.20066106964111324,True,REGULAR,USD,P,2026-09-18,31,778.5800170898438,2026-08-18T08:43:39+00:00
XSP260918P00803000,2026-08-11 13:31:13+00:00,803.0,28.18,26.66,36.66,0.0,0.0,1.0,0.0,0.20549805740356442,True,REGULAR,USD,P,2026-09-18,31,778.5800170898438,2026-08-18T08:43:39+00:00
XSP260918P00805000,2026-08-14 19:54:16+00:00,805.0,27.03,28.43,38.43,0.0,0.0,1.0,0.0,0.20928219924926755,True,REGULAR,USD,P,2026-09-18,31,778.5800170898438,2026-08-18T08:43:39+00:00
XSP260918P00809000,2026-08-03 18:13:57+00:00,809.0,47.0,32.05,42.05,0.0,0.0,,0.0,0.21735401794433595,True,REGULAR,USD,P,2026-09-18,31,778.5800170898438,2026-08-18T08:43:39+00:00
XSP260918P00810000,2026-08-17 13:54:08+00:00,810.0,31.65,32.98,42.98,0.0,0.0,1.0,0.0,0.2196122961425781,True,REGULAR,USD,P,2026-09-18,31,778.5800170898438,2026-08-18T08:43:39+00:00
XSP260918P00815000,2026-07-20 18:35:22+00:00,815.0,65.43,37.68,47.68,0.0,0.0,1.0,0.0,0.2311173080444336,True,REGULAR,USD,P,2026-09-18,31,778.5800170898438,2026-08-18T08:43:39+00:00
XSP260918P00816000,2026-08-07 15:47:19+00:00,816.0,39.91,38.64,48.64,0.0,0.0,1.0,0.0,0.2336197244262695,True,REGULAR,USD,P,2026-09-18,31,778.5800170898438,2026-08-18T08:43:39+00:00
XSP260918P00820000,2026-08-04 17:37:01+00:00,820.0,45.01,42.5,52.5,0.0,0.0,4.0,0.0,0.24362938995361327,True,REGULAR,USD,P,2026-09-18,31,778.5800170898438,2026-08-18T08:43:39+00:00
XSP260918P00823000,2026-08-04 15:38:33+00:00,823.0,51.0,45.42,55.42,0.0,0.0,,0.0,0.2512587081909179,True,REGULAR,USD,P,2026-09-18,31,778.5800170898438,2026-08-18T08:43:39+00:00
XSP260918P00830000,2026-06-01 19:26:23+00:00,830.0,64.72,74.72,76.35,0.0,0.0,1.0,0.0,0.4546868496704102,True,REGULAR,USD,P,2026-09-18,31,778.5800170898438,2026-08-18T08:43:39+00:00
XSP260918P00840000,2026-05-20 15:16:15+00:00,840.0,89.88,84.41,86.04,0.0,0.0,10.0,0.0,0.48398343170166025,True,REGULAR,USD,P,2026-09-18,31,778.5800170898438,2026-08-18T08:43:39+00:00
XSP260918P00845000,2026-05-27 19:15:03+00:00,845.0,85.59,89.3,90.93,0.0,0.0,,0.0,0.49861646408081056,True,REGULAR,USD,P,2026-09-18,31,778.5800170898438,2026-08-18T08:43:39+00:00
XSP260918P00850000,2026-07-15 13:46:39+00:00,850.0,89.07,72.15,82.15,0.0,0.0,4.0,0.0,0.3206549868774413,True,REGULAR,USD,P,2026-09-18,31,778.5800170898438,2026-08-18T08:43:39+00:00
XSP260918P00855000,2026-05-27 19:15:03+00:00,855.0,94.85,99.12,100.75,0.0,0.0,,0.0,0.5169420864868165,True,REGULAR,USD,P,2026-09-18,31,778.5800170898438,2026-08-18T08:43:39+00:00
XSP260918P00860000,2026-06-01 19:48:56+00:00,860.0,92.28,104.05,105.68,0.0,0.0,,0.0,0.5309800320434571,True,REGULAR,USD,P,2026-09-18,31,778.5800170898438,2026-08-18T08:43:39+00:00
XSP260918P00865000,2026-07-22 16:01:04+00:00,865.0,108.4,87.07,97.07,0.0,0.0,,0.0,0.3567264035034179,True,REGULAR,USD,P,2026-09-18,31,778.5800170898438,2026-08-18T08:43:39+00:00
XSP260918P00870000,2026-08-04 20:09:34+00:00,870.0,92.26,92.05,102.05,0.0,0.0,,0.0,0.36844503631591796,True,REGULAR,USD,P,2026-09-18,31,778.5800170898438,2026-08-18T08:43:39+00:00
XSP260918P00880000,2026-07-16 18:06:15+00:00,880.0,121.41,100.1,116.1,0.0,0.0,,0.0,0.461492201538086,True,REGULAR,USD,P,2026-09-18,31,778.5800170898438,2026-08-18T08:43:39+00:00
XSP260918P00890000,2026-07-16 18:05:43+00:00,890.0,131.28,108.96,124.96,0.0,0.0,,0.0,0.46735151794433594,True,REGULAR,USD,P,2026-09-18,31,778.5800170898438,2026-08-18T08:43:39+00:00
XSP260918P00900000,2026-08-04 20:08:13+00:00,900.0,122.0,118.92,134.92,0.0,0.0,1.0,0.0,0.49026998992919923,True,REGULAR,USD,P,2026-09-18,31,778.5800170898438,2026-08-18T08:43:39+00:00
XSP260918P00945000,2026-06-18 18:27:11+00:00,945.0,186.63,0.0,0.0,0.0,0.0,,11.0,1.0000000000000003e-05,True,REGULAR,USD,P,2026-09-18,31,778.5800170898438,2026-08-18T08:43:39+00:00
XSP260918P00950000,2026-06-18 18:27:11+00:00,950.0,191.56,0.0,0.0,0.0,0.0,,11.0,1.0000000000000003e-05,True,REGULAR,USD,P,2026-09-18,31,778.5800170898438,2026-08-18T08:43:39+00:00
XSP260918P00970000,2026-03-25 14:25:27+00:00,970.0,291.99,220.92,222.55,0.0,0.0,,0.0,0.9103707693481445,True,REGULAR,USD,P,2026-09-18,31,778.5800170898438,2026-08-18T08:43:39+00:00
XSP260918P01000000,2026-07-16 18:04:57+00:00,1000.0,240.35,214.54,238.54,0.0,0.0,3.0,0.0,0.7682213119506837,True,REGULAR,USD,P,2026-09-18,31,778.5800170898438,2026-08-18T08:43:39+00:00
XSP261002C00740000,2026-08-14 17:57:39+00:00,740.0,45.64,39.41,39.94,0.0,0.0,,0.0,0.1635520657348633,True,REGULAR,USD,C,2026-10-02,45,778.5800170898438,2026-08-18T08:43:39+00:00
XSP261002C00743000,2026-08-14 16:05:21+00:00,743.0,43.76,36.83,37.3,0.0,0.0,,0.0,0.15935594070434572,True,REGULAR,USD,C,2026-10-02,45,778.5800170898438,2026-08-18T08:43:39+00:00
XSP261002C00748000,2026-08-14 16:05:21+00:00,748.0,39.48,32.72,33.15,0.0,0.0,,0.0,0.15433584930419925,True,REGULAR,USD,C,2026-10-02,45,778.5800170898438,2026-08-18T08:43:39+00:00
XSP261002C00750000,2026-08-18 04:06:51+00:00,750.0,32.55,31.16,31.62,-6.6100006,-16.87947,1.0,0.0,0.1533440379333496,True,REGULAR,USD,C,2026-10-02,45,778.5800170898438,2026-08-18T08:43:39+00:00
XSP261002C00752000,2026-08-14 01:21:46+00:00,752.0,37.46,29.58,29.98,0.0,0.0,,0.0,0.15088739746093754,True,REGULAR,USD,C,2026-10-02,45,778.5800170898438,2026-08-18T08:43:39+00:00
XSP261002C00753000,2026-08-14 01:15:12+00:00,753.0,36.51,28.8,29.2,0.0,0.0,,0.0,0.14997187927246097,True,REGULAR,USD,C,2026-10-02,45,778.5800170898438,2026-08-18T08:43:39+00:00
XSP261002C00754000,2026-08-14 17:57:39+00:00,754.0,33.86,27.64,28.41,0.0,0.0,,0.0,0.14890377471923827,True,REGULAR,USD,C,2026-10-02,45,778.5800170898438,2026-08-18T08:43:39+00:00
XSP261002C00755000,2026-08-14 01:07:25+00:00,755.0,35.0,27.26,27.98,0.0,0.0,,0.0,0.1514977429199219,True,REGULAR,USD,C,2026-10-02,45,778.5800170898438,2026-08-18T08:43:39+00:00
XSP261002C00759000,2026-08-17 14:11:11+00:00,759.0,29.27,24.26,24.61,0.0,0.0,2.0,0.0,0.14405152832031248,True,REGULAR,USD,C,2026-10-02,45,778.5800170898438,2026-08-18T08:43:39+00:00
XSP261002C00760000,2026-08-13 13:43:52+00:00,760.0,29.49,23.53,24.22,0.0,0.0,,0.0,0.1465081687927246,True,REGULAR,USD,C,2026-10-02,45,778.5800170898438,2026-08-18T08:43:39+00:00
XSP261002C00763000,2026-08-14 01:15:12+00:00,763.0,28.52,21.43,21.74,0.0,0.0,,0.0,0.14049626602172854,True,REGULAR,USD,C,2026-10-02,45,778.5800170898438,2026-08-18T08:43:39+00:00
XSP261002C00766000,2026-08-13 18:03:27+00:00,766.0,25.8,19.35,19.59,0.0,0.0,,0.0,0.13701729690551762,True,REGULAR,USD,C,2026-10-02,45,778.5800170898438,2026-08-18T08:43:39+00:00
XSP261002C00770000,2026-08-14 14:59:23+00:00,770.0,22.51,16.82,16.94,0.0,0.0,,0.0,0.1332178964233398,True,REGULAR,USD,C,2026-10-02,45,778.5800170898438,2026-08-18T08:43:39+00:00
XSP261002C00775000,2026-08-17 19:50:27+00:00,775.0,16.28,13.84,13.98,0.0,0.0,2.0,0.0,0.12960159957885742,False,REGULAR,USD,C,2026-10-02,45,778.5800170898438,2026-08-18T08:43:39+00:00
XSP261002C00778000,2026-08-17 16:00:20+00:00,778.0,15.71,12.16,12.29,0.0,0.0,4.0,0.0,0.12700763137817384,False,REGULAR,USD,C,2026-10-02,45,778.5800170898438,2026-08-18T08:43:39+00:00
XSP261002C00779000,2026-08-17 15:08:38+00:00,779.0,15.21,11.64,11.77,0.0,0.0,2.0,0.0,0.1263209927368164,False,REGULAR,USD,C,2026-10-02,45,778.5800170898438,2026-08-18T08:43:39+00:00
XSP261002C00780000,2026-08-17 19:50:27+00:00,780.0,13.32,11.14,11.28,0.0,0.0,2.0,0.0,0.1258021990966797,False,REGULAR,USD,C,2026-10-02,45,778.5800170898438,2026-08-18T08:43:39+00:00
XSP261002C00781000,2026-08-17 13:39:35+00:00,781.0,14.15,10.62,10.76,0.0,0.0,1.0,0.0,0.12491719818115235,False,REGULAR,USD,C,2026-10-02,45,778.5800170898438,2026-08-18T08:43:39+00:00
XSP261002C00782000,2026-08-17 11:56:15+00:00,782.0,14.59,10.14,10.27,0.0,0.0,1.0,0.0,0.12418478363037111,False,REGULAR,USD,C,2026-10-02,45,778.5800170898438,2026-08-18T08:43:39+00:00
XSP261002C00783000,2026-08-13 19:53:28+00:00,783.0,15.04,9.67,9.8,0.0,0.0,,0.0,0.1235134036254883,False,REGULAR,USD,C,2026-10-02,45,778.5800170898438,2026-08-18T08:43:39+00:00
XSP261002C00784000,2026-08-17 13:39:35+00:00,784.0,12.5,9.22,9.35,0.0,0.0,1.0,0.0,0.12293357543945313,False,REGULAR,USD,C,2026-10-02,45,778.5800170898438,2026-08-18T08:43:39+00:00
XSP261002C00790000,2026-08-17 16:52:10+00:00,790.0,9.27,6.78,6.9,0.0,0.0,2.0,0.0,0.11937831314086914,False,REGULAR,USD,C,2026-10-02,45,778.5800170898438,2026-08-18T08:43:39+00:00
XSP261002C00795000,2026-08-17 16:52:10+00:00,795.0,7.23,5.1,5.23,0.0,0.0,1.0,0.0,0.11679960357666015,False,REGULAR,USD,C,2026-10-02,45,778.5800170898438,2026-08-18T08:43:39+00:00
XSP261002C00800000,2026-08-17 17:53:04+00:00,800.0,5.03,3.75,3.87,0.0,0.0,1.0,0.0,0.11448029083251954,False,REGULAR,USD,C,2026-10-02,45,778.5800170898438,2026-08-18T08:43:39+00:00
XSP261002C00806000,2026-08-17 19:05:42+00:00,806.0,3.41,2.53,2.63,0.0,0.0,1.0,0.0,0.11234408172607421,False,REGULAR,USD,C,2026-10-02,45,778.5800170898438,2026-08-18T08:43:39+00:00
XSP261002C00807000,2026-08-18 06:22:47+00:00,807.0,2.51,2.36,2.47,-1.3800001,-35.475582,1.0,0.0,0.11219149536132811,False,REGULAR,USD,C,2026-10-02,45,778.5800170898438,2026-08-18T08:43:39+00:00
XSP261002C00810000,2026-08-17 19:53:46+00:00,810.0,2.52,1.89,2.02,0.0,0.0,17.0,0.0,0.1114895980834961,False,REGULAR,USD,C,2026-10-02,45,778.5800170898438,2026-08-18T08:43:39+00:00
XSP261002C00815000,2026-08-17 15:25:22+00:00,815.0,2.33,1.31,1.43,0.0,0.0,8.0,0.0,0.11066563171386719,False,REGULAR,USD,C,2026-10-02,45,778.5800170898438,2026-08-18T08:43:39+00:00
XSP261002C00816000,2026-08-14 15:54:37+00:00,816.0,2.58,1.25,1.33,0.0,0.0,,0.0,0.11048252807617187,False,REGULAR,USD,C,2026-10-02,45,778.5800170898438,2026-08-18T08:43:39+00:00
XSP261002C00820000,2026-08-18 05:59:21+00:00,820.0,1.02,0.92,1.0,-0.23000002,-18.400002,1.0,0.0,0.11011632080078124,False,REGULAR,USD,C,2026-10-02,45,778.5800170898438,2026-08-18T08:43:39+00:00
XSP261002C00823000,2026-08-14 14:11:31+00:00,823.0,2.07,0.73,0.81,0.0,0.0,,0.0,0.11011632080078124,False,REGULAR,USD,C,2026-10-02,45,778.5800170898438,2026-08-18T08:43:39+00:00
XSP261002C00825000,2026-08-17 15:25:22+00:00,825.0,1.2,0.62,0.7,0.0,0.0,5.0,0.0,0.11011632080078124,False,REGULAR,USD,C,2026-10-02,45,778.5800170898438,2026-08-18T08:43:39+00:00
XSP261002C00830000,2026-08-17 16:04:46+00:00,830.0,0.82,0.42,0.49,0.0,0.0,7.0,0.0,0.11042149353027343,False,REGULAR,USD,C,2026-10-02,45,778.5800170898438,2026-08-18T08:43:39+00:00
XSP261002C00835000,2026-08-17 16:04:46+00:00,835.0,0.59,0.27,0.36,0.0,0.0,2.0,0.0,0.11194735717773435,False,REGULAR,USD,C,2026-10-02,45,778.5800170898438,2026-08-18T08:43:39+00:00
XSP261002C00850000,2026-08-12 14:50:45+00:00,850.0,0.33,0.1,0.17,0.0,0.0,,0.0,0.11939357177734375,False,REGULAR,USD,C,2026-10-02,45,778.5800170898438,2026-08-18T08:43:39+00:00
XSP261002P00470000,2026-08-13 17:28:30+00:00,470.0,0.12,0.05,0.18,0.0,0.0,,0.0,0.5195360546875,False,REGULAR,USD,P,2026-10-02,45,778.5800170898438,2026-08-18T08:43:39+00:00
XSP261002P00580000,2026-08-12 19:31:01+00:00,580.0,0.43,0.45,0.53,0.0,0.0,,0.0,0.3813538427734374,False,REGULAR,USD,P,2026-10-02,45,778.5800170898438,2026-08-18T08:43:39+00:00
XSP261002P00590000,2026-08-12 15:08:39+00:00,590.0,0.5,0.51,0.58,0.0,0.0,,0.0,0.3663393444824219,False,REGULAR,USD,P,2026-10-02,45,778.5800170898438,2026-08-18T08:43:39+00:00
XSP261002P00640000,2026-08-17 16:37:47+00:00,640.0,0.88,1.02,1.09,0.0,0.0,2.0,0.0,0.299811689453125,False,REGULAR,USD,P,2026-10-02,45,778.5800170898438,2026-08-18T08:43:39+00:00
XSP261002P00650000,2026-08-13 14:44:20+00:00,650.0,1.0,1.17,1.25,0.0,0.0,,0.0,0.2866892620849609,False,REGULAR,USD,P,2026-10-02,45,778.5800170898438,2026-08-18T08:43:39+00:00
XSP261002P00660000,2026-08-14 16:16:53+00:00,660.0,1.13,1.36,1.44,0.0,0.0,,0.0,0.2735668347167969,False,REGULAR,USD,P,2026-10-02,45,778.5800170898438,2026-08-18T08:43:39+00:00
XSP261002P00670000,2026-08-14 15:59:06+00:00,670.0,1.34,1.59,1.66,0.0,0.0,,0.0,0.260200269165039,False,REGULAR,USD,P,2026-10-02,45,778.5800170898438,2026-08-18T08:43:39+00:00
XSP261002P00675000,2026-08-14 16:19:41+00:00,675.0,1.41,1.71,1.8,0.0,0.0,,0.0,0.25391371093750004,False,REGULAR,USD,P,2026-10-02,45,778.5800170898438,2026-08-18T08:43:39+00:00
XSP261002P00680000,2026-08-17 18:56:09+00:00,680.0,1.62,1.85,1.93,0.0,0.0,1.0,0.0,0.24695577270507812,False,REGULAR,USD,P,2026-10-02,45,778.5800170898438,2026-08-18T08:43:39+00:00
XSP261002P00690000,2026-08-17 15:44:51+00:00,690.0,1.8,2.2,2.27,0.0,0.0,3.0,0.0,0.23401644897460935,False,REGULAR,USD,P,2026-10-02,45,778.5800170898438,2026-08-18T08:43:39+00:00
XSP261002P00695000,2026-08-17 18:23:02+00:00,695.0,2.03,2.4,2.48,0.0,0.0,2.0,0.0,0.22779092529296874,False,REGULAR,USD,P,2026-10-02,45,778.5800170898438,2026-08-18T08:43:39+00:00
XSP261002P00700000,2026-08-17 16:54:04+00:00,700.0,2.21,2.62,2.7,0.0,0.0,17.0,0.0,0.22126022888183594,False,REGULAR,USD,P,2026-10-02,45,778.5800170898438,2026-08-18T08:43:39+00:00
XSP261002P00705000,2026-08-17 18:30:58+00:00,705.0,2.45,2.87,2.95,0.0,0.0,3.0,0.0,0.21479056701660154,False,REGULAR,USD,P,2026-10-02,45,778.5800170898438,2026-08-18T08:43:39+00:00
XSP261002P00710000,2026-08-17 19:03:43+00:00,710.0,2.72,3.16,3.24,0.0,0.0,15.0,0.0,0.20853452606201167,False,REGULAR,USD,P,2026-10-02,45,778.5800170898438,2026-08-18T08:43:39+00:00
XSP261002P00715000,2026-08-17 19:42:29+00:00,715.0,3.05,3.49,3.58,0.0,0.0,15.0,0.0,0.2024921060180664,False,REGULAR,USD,P,2026-10-02,45,778.5800170898438,2026-08-18T08:43:39+00:00
XSP261002P00720000,2026-08-17 18:56:09+00:00,720.0,3.28,3.87,3.96,0.0,0.0,10.0,0.0,0.19635813415527342,False,REGULAR,USD,P,2026-10-02,45,778.5800170898438,2026-08-18T08:43:39+00:00
XSP261002P00725000,2026-08-18 06:22:47+00:00,725.0,4.21,4.29,4.39,0.51,13.783784,1.0,0.0,0.19022416229248051,False,REGULAR,USD,P,2026-10-02,45,778.5800170898438,2026-08-18T08:43:39+00:00
XSP261002P00730000,2026-08-17 19:53:46+00:00,730.0,4.13,4.78,4.89,0.0,0.0,46.0,0.0,0.18421225952148437,False,REGULAR,USD,P,2026-10-02,45,778.5800170898438,2026-08-18T08:43:39+00:00
XSP261002P00731000,2026-08-17 19:16:56+00:00,731.0,4.16,4.88,4.99,0.0,0.0,2.0,0.0,0.18290001678466794,False,REGULAR,USD,P,2026-10-02,45,778.5800170898438,2026-08-18T08:43:39+00:00
XSP261002P00735000,2026-08-17 19:28:25+00:00,735.0,4.58,5.35,5.45,0.0,0.0,37.0,0.0,0.17807828765869144,False,REGULAR,USD,P,2026-10-02,45,778.5800170898438,2026-08-18T08:43:39+00:00
XSP261002P00739000,2026-08-18 04:07:41+00:00,739.0,5.52,5.86,5.98,0.71000004,14.760915,1.0,0.0,0.17347017944335938,False,REGULAR,USD,P,2026-10-02,45,778.5800170898438,2026-08-18T08:43:39+00:00
XSP261002P00740000,2026-08-17 19:53:46+00:00,740.0,5.16,6.0,6.15,0.0,0.0,26.0,0.0,0.17266147171020513,False,REGULAR,USD,P,2026-10-02,45,778.5800170898438,2026-08-18T08:43:39+00:00
XSP261002P00742000,2026-08-17 19:42:50+00:00,742.0,5.41,6.29,6.41,0.0,0.0,3.0,0.0,0.1699149171447754,False,REGULAR,USD,P,2026-10-02,45,778.5800170898438,2026-08-18T08:43:39+00:00
XSP261002P00744000,2026-08-17 16:25:10+00:00,744.0,5.19,6.6,6.73,0.0,0.0,1.0,0.0,0.16770241485595705,False,REGULAR,USD,P,2026-10-02,45,778.5800170898438,2026-08-18T08:43:39+00:00
XSP261002P00745000,2026-08-17 18:15:10+00:00,745.0,5.66,6.78,6.87,0.0,0.0,27.0,0.0,0.1662833616638184,False,REGULAR,USD,P,2026-10-02,45,778.5800170898438,2026-08-18T08:43:39+00:00
XSP261002P00746000,2026-08-17 05:23:00+00:00,746.0,5.26,6.94,7.05,0.0,0.0,12.0,0.0,0.16527629165649416,False,REGULAR,USD,P,2026-10-02,45,778.5800170898438,2026-08-18T08:43:39+00:00
XSP261002P00747000,2026-08-14 16:14:23+00:00,747.0,5.67,7.09,7.22,0.0,0.0,,0.0,0.16410137664794922,False,REGULAR,USD,P,2026-10-02,45,778.5800170898438,2026-08-18T08:43:39+00:00
XSP261002P00749000,2026-08-18 04:07:41+00:00,749.0,7.02,7.47,7.59,0.6999998,11.075947,1.0,0.0,0.16190413299560547,False,REGULAR,USD,P,2026-10-02,45,778.5800170898438,2026-08-18T08:43:39+00:00
XSP261002P00750000,2026-08-17 17:53:04+00:00,750.0,6.49,7.66,7.96,0.0,0.0,9.0,0.0,0.16272809936523439,False,REGULAR,USD,P,2026-10-02,45,778.5800170898438,2026-08-18T08:43:39+00:00
XSP261002P00751000,2026-08-14 16:19:41+00:00,751.0,6.21,7.85,7.98,0.0,0.0,,0.0,0.15970688934326172,False,REGULAR,USD,P,2026-10-02,45,778.5800170898438,2026-08-18T08:43:39+00:00
XSP261002P00752000,2026-08-17 19:42:29+00:00,752.0,6.94,8.03,8.16,0.0,0.0,7.0,0.0,0.15836412933349608,False,REGULAR,USD,P,2026-10-02,45,778.5800170898438,2026-08-18T08:43:39+00:00
XSP261002P00753000,2026-08-17 13:32:52+00:00,753.0,6.35,8.27,8.39,0.0,0.0,,0.0,0.15747912841796874,False,REGULAR,USD,P,2026-10-02,45,778.5800170898438,2026-08-18T08:43:39+00:00
XSP261002P00754000,2026-08-17 16:28:15+00:00,754.0,6.71,8.48,8.6,0.0,0.0,8.0,0.0,0.15631947204589847,False,REGULAR,USD,P,2026-10-02,45,778.5800170898438,2026-08-18T08:43:39+00:00
XSP261002P00755000,2026-08-17 19:58:26+00:00,755.0,7.49,8.69,8.81,0.0,0.0,10.0,0.0,0.1550987811279297,False,REGULAR,USD,P,2026-10-02,45,778.5800170898438,2026-08-18T08:43:39+00:00
XSP261002P00756000,2026-08-17 16:25:10+00:00,756.0,7.02,8.93,9.06,0.0,0.0,14.0,0.0,0.15422903884887695,False,REGULAR,USD,P,2026-10-02,45,778.5800170898438,2026-08-18T08:43:39+00:00
XSP261002P00757000,2026-08-13 13:45:17+00:00,757.0,7.43,9.14,9.28,0.0,0.0,,0.0,0.15299308929443362,False,REGULAR,USD,P,2026-10-02,45,778.5800170898438,2026-08-18T08:43:39+00:00
XSP261002P00758000,2026-08-17 16:54:23+00:00,758.0,7.64,9.39,9.53,0.0,0.0,4.0,0.0,0.1519860192871094,False,REGULAR,USD,P,2026-10-02,45,778.5800170898438,2026-08-18T08:43:39+00:00
XSP261002P00759000,2026-08-17 17:38:02+00:00,759.0,8.35,9.67,9.8,0.0,0.0,2.0,0.0,0.15110101837158207,False,REGULAR,USD,P,2026-10-02,45,778.5800170898438,2026-08-18T08:43:39+00:00
XSP261002P00760000,2026-08-17 17:14:57+00:00,760.0,8.21,9.93,10.06,0.0,0.0,11.0,0.0,0.1500329138183594,False,REGULAR,USD,P,2026-10-02,45,778.5800170898438,2026-08-18T08:43:39+00:00
XSP261002P00761000,2026-08-17 15:45:12+00:00,761.0,8.15,10.2,10.33,0.0,0.0,5.0,0.0,0.14901058517456056,False,REGULAR,USD,P,2026-10-02,45,778.5800170898438,2026-08-18T08:43:39+00:00
XSP261002P00763000,2026-08-14 13:49:28+00:00,763.0,8.25,10.74,10.88,0.0,0.0,,0.0,0.14682860015869142,False,REGULAR,USD,P,2026-10-02,45,778.5800170898438,2026-08-18T08:43:39+00:00
XSP261002P00764000,2026-08-17 16:51:33+00:00,764.0,8.9,11.05,11.18,0.0,0.0,1.0,0.0,0.1458520474243164,False,REGULAR,USD,P,2026-10-02,45,778.5800170898438,2026-08-18T08:43:39+00:00
XSP261002P00765000,2026-08-17 19:55:58+00:00,765.0,9.87,11.37,11.47,0.0,0.0,2.0,0.0,0.1447229083251953,False,REGULAR,USD,P,2026-10-02,45,778.5800170898438,2026-08-18T08:43:39+00:00
XSP261002P00766000,2026-08-14 16:12:43+00:00,766.0,9.34,11.69,11.82,0.0,0.0,,0.0,0.1440667869567871,False,REGULAR,USD,P,2026-10-02,45,778.5800170898438,2026-08-18T08:43:39+00:00
XSP261002P00767000,2026-08-14 14:36:54+00:00,767.0,9.37,11.98,12.12,0.0,0.0,,0.0,0.14286135467529298,False,REGULAR,USD,P,2026-10-02,45,778.5800170898438,2026-08-18T08:43:39+00:00
XSP261002P00768000,2026-08-17 13:30:45+00:00,768.0,9.58,12.34,12.47,0.0,0.0,,0.0,0.14203738830566404,False,REGULAR,USD,P,2026-10-02,45,778.5800170898438,2026-08-18T08:43:39+00:00
XSP261002P00770000,2026-08-17 13:42:33+00:00,770.0,10.35,13.03,13.18,0.0,0.0,1.0,0.0,0.14022161056518556,False,REGULAR,USD,P,2026-10-02,45,778.5800170898438,2026-08-18T08:43:39+00:00
XSP261002P00775000,2026-08-14 14:15:09+00:00,775.0,11.7,15.0,15.18,0.0,0.0,,0.0,0.13616281326293944,True,REGULAR,USD,P,2026-10-02,45,778.5800170898438,2026-08-18T08:43:39+00:00
XSP261002P00776000,2026-08-17 13:54:25+00:00,776.0,12.28,15.43,15.61,0.0,0.0,14.0,0.0,0.1353388468933106,True,REGULAR,USD,P,2026-10-02,45,778.5800170898438,2026-08-18T08:43:39+00:00
XSP261002P00778000,2026-08-17 14:32:59+00:00,778.0,13.13,16.31,16.56,0.0,0.0,3.0,0.0,0.13422496643066406,True,REGULAR,USD,P,2026-10-02,45,778.5800170898438,2026-08-18T08:43:39+00:00
XSP261002P00779000,2026-08-13 17:26:16+00:00,779.0,13.58,16.8,17.04,0.0,0.0,,0.0,0.13355358642578125,True,REGULAR,USD,P,2026-10-02,45,778.5800170898438,2026-08-18T08:43:39+00:00
XSP261002P00780000,2026-08-17 13:46:25+00:00,780.0,13.95,17.28,17.53,0.0,0.0,2.0,0.0,0.13288220642089843,True,REGULAR,USD,P,2026-10-02,45,778.5800170898438,2026-08-18T08:43:39+00:00
XSP261002P00781000,2026-08-17 14:32:59+00:00,781.0,14.35,17.77,18.0,0.0,0.0,1.0,0.0,0.1319361709594727,True,REGULAR,USD,P,2026-10-02,45,778.5800170898438,2026-08-18T08:43:39+00:00
XSP261002P00782000,2026-08-14 13:49:28+00:00,782.0,14.19,18.27,18.51,0.0,0.0,,0.0,0.13123427368164062,True,REGULAR,USD,P,2026-10-02,45,778.5800170898438,2026-08-18T08:43:39+00:00
XSP261002P00785000,2026-08-14 13:49:28+00:00,785.0,15.48,19.88,20.17,0.0,0.0,,0.0,0.12972366867065427,True,REGULAR,USD,P,2026-10-02,45,778.5800170898438,2026-08-18T08:43:39+00:00
XSP261016C00300000,2026-08-17 19:21:39+00:00,300.0,475.99,0.0,0.0,0.0,0.0,6.0,0.0,1.0000000000000003e-05,True,REGULAR,USD,C,2026-10-16,59,778.5800170898438,2026-08-18T08:43:39+00:00
XSP261016C00360000,2026-06-30 10:13:10+00:00,360.0,387.68,0.0,0.0,0.0,0.0,,0.0,1.0000000000000003e-05,True,REGULAR,USD,C,2026-10-16,59,778.5800170898438,2026-08-18T08:43:39+00:00
XSP261016C00380000,2026-05-29 18:30:43+00:00,380.0,382.24,371.6,373.23,0.0,0.0,1.0,0.0,1.0000000000000003e-05,True,REGULAR,USD,C,2026-10-16,59,778.5800170898438,2026-08-18T08:43:39+00:00
XSP261016C00400000,2026-08-13 17:45:26+00:00,400.0,380.64,0.0,0.0,0.0,0.0,5.0,0.0,1.0000000000000003e-05,True,REGULAR,USD,C,2026-10-16,59,778.5800170898438,2026-08-18T08:43:39+00:00
XSP261016C00430000,2026-07-23 15:21:19+00:00,430.0,312.97,0.0,0.0,0.0,0.0,10.0,0.0,1.0000000000000003e-05,True,REGULAR,USD,C,2026-10-16,59,778.5800170898438,2026-08-18T08:43:39+00:00
XSP261016C00450000,2026-04-02 13:35:54+00:00,450.0,210.61,292.5,294.13,0.0,0.0,1.0,0.0,1.0000000000000003e-05,True,REGULAR,USD,C,2026-10-16,59,778.5800170898438,2026-08-18T08:43:39+00:00
XSP261016C00475000,2026-07-23 15:31:25+00:00,475.0,266.65,0.0,0.0,0.0,0.0,1.0,0.0,1.0000000000000003e-05,True,REGULAR,USD,C,2026-10-16,59,778.5800170898438,2026-08-18T08:43:39+00:00
XSP261016C00480000,2025-10-20 14:40:20+00:00,480.0,213.0,213.72,216.21,0.0,0.0,,0.0,1.0000000000000003e-05,True,REGULAR,USD,C,2026-10-16,59,778.5800170898438,2026-08-18T08:43:39+00:00
XSP261016C00485000,2026-07-23 15:29:33+00:00,485.0,257.52,0.0,0.0,0.0,0.0,1.0,0.0,1.0000000000000003e-05,True,REGULAR,USD,C,2026-10-16,59,778.5800170898438,2026-08-18T08:43:39+00:00
XSP261016C00495000,2026-07-23 15:24:02+00:00,495.0,248.3,0.0,0.0,0.0,0.0,5.0,0.0,1.0000000000000003e-05,True,REGULAR,USD,C,2026-10-16,59,778.5800170898438,2026-08-18T08:43:39+00:00
XSP261016C00500000,2025-12-26 15:01:49+00:00,500.0,208.8,206.87,209.57,0.0,0.0,1.0,1.0,1.0000000000000003e-05,True,REGULAR,USD,C,2026-10-16,59,778.5800170898438,2026-08-18T08:43:39+00:00
XSP261016C00510000,2026-04-02 13:35:54+00:00,510.0,155.57,234.64,236.27,0.0,0.0,1.0,0.0,1.0000000000000003e-05,True,REGULAR,USD,C,2026-10-16,59,778.5800170898438,2026-08-18T08:43:39+00:00
XSP261016C00550000,2026-07-08 16:52:45+00:00,550.0,203.4,0.0,0.0,0.0,0.0,2.0,0.0,1.0000000000000003e-05,True,REGULAR,USD,C,2026-10-16,59,778.5800170898438,2026-08-18T08:43:39+00:00
XSP261016C00560000,2026-07-08 16:52:45+00:00,560.0,193.69,0.0,0.0,0.0,0.0,2.0,0.0,1.0000000000000003e-05,True,REGULAR,USD,C,2026-10-16,59,778.5800170898438,2026-08-18T08:43:39+00:00
XSP261016C00570000,2026-08-04 16:04:35+00:00,570.0,205.4,0.0,0.0,0.0,0.0,1.0,0.0,1.0000000000000003e-05,True,REGULAR,USD,C,2026-10-16,59,778.5800170898438,2026-08-18T08:43:39+00:00
XSP261016C00580000,2026-07-17 17:26:57+00:00,580.0,175.85,0.0,0.0,0.0,0.0,1.0,0.0,1.0000000000000003e-05,True,REGULAR,USD,C,2026-10-16,59,778.5800170898438,2026-08-18T08:43:39+00:00
XSP261016C00585000,2026-07-10 16:53:40+00:00,585.0,178.28,0.0,0.0,0.0,0.0,1.0,0.0,1.0000000000000003e-05,True,REGULAR,USD,C,2026-10-16,59,778.5800170898438,2026-08-18T08:43:39+00:00
XSP261016C00590000,2026-06-18 17:02:54+00:00,590.0,169.72,0.0,0.0,0.0,0.0,1.0,3.0,1.0000000000000003e-05,True,REGULAR,USD,C,2026-10-16,59,778.5800170898438,2026-08-18T08:43:39+00:00
XSP261016C00595000,2026-05-20 14:35:28+00:00,595.0,157.46,161.36,162.99,0.0,0.0,1.0,0.0,1.0000000000000003e-05,True,REGULAR,USD,C,2026-10-16,59,778.5800170898438,2026-08-18T08:43:39+00:00
XSP261016C00596000,2026-04-23 15:37:15+00:00,596.0,135.1,0.0,0.0,0.0,0.0,1.0,1.0,1.0000000000000003e-05,True,REGULAR,USD,C,2026-10-16,59,778.5800170898438,2026-08-18T08:43:39+00:00
XSP261016C00597000,2025-10-27 14:29:40+00:00,597.0,122.73,117.39,120.2,0.0,0.0,1.0,0.0,1.0000000000000003e-05,True,REGULAR,USD,C,2026-10-16,59,778.5800170898438,2026-08-18T08:43:39+00:00
XSP261016C00600000,2026-08-17 19:21:39+00:00,600.0,179.0,0.0,0.0,0.0,0.0,6.0,0.0,1.0000000000000003e-05,True,REGULAR,USD,C,2026-10-16,59,778.5800170898438,2026-08-18T08:43:39+00:00
XSP261016C00601000,2026-05-29 17:24:34+00:00,601.0,168.17,155.61,157.24,0.0,0.0,1.0,0.0,1.0000000000000003e-05,True,REGULAR,USD,C,2026-10-16,59,778.5800170898438,2026-08-18T08:43:39+00:00
XSP261016C00602000,2026-02-11 18:50:51+00:00,602.0,117.63,83.74,85.39,0.0,0.0,1.0,0.0,1.0000000000000003e-05,True,REGULAR,USD,C,2026-10-16,59,778.5800170898438,2026-08-18T08:43:39+00:00
XSP261016C00605000,2025-12-24 14:45:46+00:00,605.0,115.12,114.59,116.28,0.0,0.0,,0.0,1.0000000000000003e-05,True,REGULAR,USD,C,2026-10-16,59,778.5800170898438,2026-08-18T08:43:39+00:00
XSP261016C00608000,2025-12-30 14:37:40+00:00,608.0,111.15,111.97,113.68,0.0,0.0,1.0,1.0,1.0000000000000003e-05,True,REGULAR,USD,C,2026-10-16,59,778.5800170898438,2026-08-18T08:43:39+00:00
XSP261016C00609000,2025-09-24 15:33:54+00:00,609.0,99.0,118.94,120.25,0.0,0.0,,0.0,1.0000000000000003e-05,True,REGULAR,USD,C,2026-10-16,59,778.5800170898438,2026-08-18T08:43:39+00:00
XSP261016C00610000,2026-08-06 14:24:46+00:00,610.0,168.0,0.0,0.0,0.0,0.0,2.0,0.0,1.0000000000000003e-05,True,REGULAR,USD,C,2026-10-16,59,778.5800170898438,2026-08-18T08:43:39+00:00
XSP261016C00614000,2025-10-20 17:26:16+00:00,614.0,94.5,100.34,101.6,0.0,0.0,2.0,2.0,1.0000000000000003e-05,True,REGULAR,USD,C,2026-10-16,59,778.5800170898438,2026-08-18T08:43:39+00:00
XSP261016C00615000,2026-01-21 14:30:17+00:00,615.0,97.77,92.09,95.23,0.0,0.0,3.0,1.0,1.0000000000000003e-05,True,REGULAR,USD,C,2026-10-16,59,778.5800170898438,2026-08-18T08:43:39+00:00
XSP261016C00617000,2026-06-01 14:04:34+00:00,617.0,152.0,140.33,141.97,0.0,0.0,2.0,0.0,1.0000000000000003e-05,True,REGULAR,USD,C,2026-10-16,59,778.5800170898438,2026-08-18T08:43:39+00:00
XSP261016C00620000,2026-08-10 17:11:13+00:00,620.0,159.96,0.0,0.0,0.0,0.0,1.0,0.0,1.0000000000000003e-05,True,REGULAR,USD,C,2026-10-16,59,778.5800170898438,2026-08-18T08:43:39+00:00
XSP261016C00622000,2026-04-16 18:21:19+00:00,622.0,102.65,0.0,0.0,0.0,0.0,4.0,7.0,1.0000000000000003e-05,True,REGULAR,USD,C,2026-10-16,59,778.5800170898438,2026-08-18T08:43:39+00:00
XSP261016C00625000,2026-03-27 19:10:39+00:00,625.0,56.68,127.35,128.98,0.0,0.0,2.0,0.0,1.0000000000000003e-05,True,REGULAR,USD,C,2026-10-16,59,778.5800170898438,2026-08-18T08:43:39+00:00
XSP261016C00626000,2026-06-01 13:50:35+00:00,626.0,144.67,131.8,133.43,0.0,0.0,2.0,0.0,1.0000000000000003e-05,True,REGULAR,USD,C,2026-10-16,59,778.5800170898438,2026-08-18T08:43:39+00:00
XSP261016C00627000,2026-04-17 13:42:04+00:00,627.0,102.66,0.0,0.0,0.0,0.0,1.0,1.0,1.0000000000000003e-05,True,REGULAR,USD,C,2026-10-16,59,778.5800170898438,2026-08-18T08:43:39+00:00
XSP261016C00628000,2026-01-07 16:48:37+00:00,628.0,99.61,95.57,97.2,0.0,0.0,2.0,6.0,1.0000000000000003e-05,True,REGULAR,USD,C,2026-10-16,59,778.5800170898438,2026-08-18T08:43:39+00:00
XSP261016C00630000,2026-07-17 13:34:17+00:00,630.0,123.01,0.0,0.0,0.0,0.0,1.0,0.0,1.0000000000000003e-05,True,REGULAR,USD,C,2026-10-16,59,778.5800170898438,2026-08-18T08:43:39+00:00
XSP261016C00631000,2026-04-29 16:16:32+00:00,631.0,102.83,0.0,0.0,0.0,0.0,1.0,21.0,1.0000000000000003e-05,True,REGULAR,USD,C,2026-10-16,59,778.5800170898438,2026-08-18T08:43:39+00:00
XSP261016C00633000,2026-05-18 18:26:34+00:00,633.0,119.87,125.2,126.83,0.0,0.0,2.0,0.0,1.0000000000000003e-05,True,REGULAR,USD,C,2026-10-16,59,778.5800170898438,2026-08-18T08:43:39+00:00
XSP261016C00634000,2026-02-20 14:35:18+00:00,634.0,83.8,60.01,61.67,0.0,0.0,1.0,0.0,1.0000000000000003e-05,True,REGULAR,USD,C,2026-10-16,59,778.5800170898438,2026-08-18T08:43:39+00:00
XSP261016C00635000,2026-03-27 19:10:39+00:00,635.0,50.27,118.47,120.1,0.0,0.0,2.0,0.0,1.0000000000000003e-05,True,REGULAR,USD,C,2026-10-16,59,778.5800170898438,2026-08-18T08:43:39+00:00
XSP261016C00636000,2026-02-19 18:59:09+00:00,636.0,82.89,58.61,60.26,0.0,0.0,1.0,0.0,1.0000000000000003e-05,True,REGULAR,USD,C,2026-10-16,59,778.5800170898438,2026-08-18T08:43:39+00:00
XSP261016C00637000,2026-02-06 16:43:10+00:00,637.0,85.75,60.67,70.67,0.0,0.0,1.0,0.0,1.0000000000000003e-05,True,REGULAR,USD,C,2026-10-16,59,778.5800170898438,2026-08-18T08:43:39+00:00
XSP261016C00639000,2026-02-09 14:50:00+00:00,639.0,86.49,56.52,58.17,0.0,0.0,1.0,0.0,1.0000000000000003e-05,True,REGULAR,USD,C,2026-10-16,59,778.5800170898438,2026-08-18T08:43:39+00:00
XSP261016C00640000,2026-05-21 14:56:13+00:00,640.0,116.91,118.64,120.27,0.0,0.0,1.0,0.0,1.0000000000000003e-05,True,REGULAR,USD,C,2026-10-16,59,778.5800170898438,2026-08-18T08:43:39+00:00
XSP261016C00641000,2026-04-22 20:09:21+00:00,641.0,95.46,0.0,0.0,0.0,0.0,2.0,1.0,1.0000000000000003e-05,True,REGULAR,USD,C,2026-10-16,59,778.5800170898438,2026-08-18T08:43:39+00:00
XSP261016C00642000,2025-12-22 15:53:47+00:00,642.0,81.8,84.66,86.19,0.0,0.0,,10.0,1.0000000000000003e-05,True,REGULAR,USD,C,2026-10-16,59,778.5800170898438,2026-08-18T08:43:39+00:00
XSP261016C00648000,2026-06-01 13:48:29+00:00,648.0,124.4,111.18,112.81,0.0,0.0,,0.0,1.0000000000000003e-05,True,REGULAR,USD,C,2026-10-16,59,778.5800170898438,2026-08-18T08:43:39+00:00
XSP261016C00650000,2026-07-20 17:40:34+00:00,650.0,106.1,0.0,0.0,0.0,0.0,1.0,0.0,1.0000000000000003e-05,True,REGULAR,USD,C,2026-10-16,59,778.5800170898438,2026-08-18T08:43:39+00:00
XSP261016C00651000,2026-05-06 16:37:27+00:00,651.0,102.85,0.0,0.0,0.0,0.0,1.0,106.0,1.0000000000000003e-05,True,REGULAR,USD,C,2026-10-16,59,778.5800170898438,2026-08-18T08:43:39+00:00
XSP261016C00652000,2026-04-02 14:17:11+00:00,652.0,45.98,103.6,105.23,0.0,0.0,2.0,0.0,1.0000000000000003e-05,True,REGULAR,USD,C,2026-10-16,59,778.5800170898438,2026-08-18T08:43:39+00:00
XSP261016C00653000,2025-12-30 20:10:07+00:00,653.0,75.77,76.42,77.64,0.0,0.0,,0.0,1.0000000000000003e-05,True,REGULAR,USD,C,2026-10-16,59,778.5800170898438,2026-08-18T08:43:39+00:00
XSP261016C00654000,2025-11-13 19:01:48+00:00,654.0,72.33,77.59,78.55,0.0,0.0,,0.0,1.0000000000000003e-05,True,REGULAR,USD,C,2026-10-16,59,778.5800170898438,2026-08-18T08:43:39+00:00
XSP261016C00655000,2026-07-06 15:00:09+00:00,655.0,109.03,0.0,0.0,0.0,0.0,2.0,0.0,1.0000000000000003e-05,True,REGULAR,USD,C,2026-10-16,59,778.5800170898438,2026-08-18T08:43:39+00:00
XSP261016C00657000,2026-04-02 14:57:43+00:00,657.0,45.78,99.3,100.93,0.0,0.0,2.0,0.0,1.0000000000000003e-05,True,REGULAR,USD,C,2026-10-16,59,778.5800170898438,2026-08-18T08:43:39+00:00
XSP261016C00658000,2026-07-06 15:00:09+00:00,658.0,106.2,0.0,0.0,0.0,0.0,1.0,0.0,1.0000000000000003e-05,True,REGULAR,USD,C,2026-10-16,59,778.5800170898438,2026-08-18T08:43:39+00:00
XSP261016C00660000,2026-08-04 14:22:42+00:00,660.0,113.85,0.0,0.0,0.0,0.0,1.0,0.0,1.0000000000000003e-05,True,REGULAR,USD,C,2026-10-16,59,778.5800170898438,2026-08-18T08:43:39+00:00
XSP261016C00661000,2025-11-13 14:42:51+00:00,661.0,71.45,72.44,73.38,0.0,0.0,2.0,1.0,1.0000000000000003e-05,True,REGULAR,USD,C,2026-10-16,59,778.5800170898438,2026-08-18T08:43:39+00:00
XSP261016C00662000,2025-10-28 15:00:53+00:00,662.0,73.93,67.87,70.42,0.0,0.0,2.0,2.0,1.0000000000000003e-05,True,REGULAR,USD,C,2026-10-16,59,778.5800170898438,2026-08-18T08:43:39+00:00
XSP261016C00663000,2026-04-27 16:00:41+00:00,663.0,78.67,0.0,0.0,0.0,0.0,1.0,1.0,1.0000000000000003e-05,True,REGULAR,USD,C,2026-10-16,59,778.5800170898438,2026-08-18T08:43:39+00:00
XSP261016C00664000,2025-12-19 19:47:10+00:00,664.0,63.97,68.04,69.33,0.0,0.0,2.0,1.0,1.0000000000000003e-05,True,REGULAR,USD,C,2026-10-16,59,778.5800170898438,2026-08-18T08:43:39+00:00
XSP261016C00665000,2026-03-13 19:05:47+00:00,665.0,48.0,0.0,0.0,0.0,0.0,6.0,19.0,1.0000000000000003e-05,True,REGULAR,USD,C,2026-10-16,59,778.5800170898438,2026-08-18T08:43:39+00:00
XSP261016C00666000,2026-05-15 13:33:55+00:00,666.0,96.2,102.76,103.96,0.0,0.0,1.0,39.0,1.0000000000000003e-05,True,REGULAR,USD,C,2026-10-16,59,778.5800170898438,2026-08-18T08:43:39+00:00
XSP261016C00667000,2026-01-12 17:27:42+00:00,667.0,69.58,65.38,66.69,0.0,0.0,1.0,42.0,1.0000000000000003e-05,True,REGULAR,USD,C,2026-10-16,59,778.5800170898438,2026-08-18T08:43:39+00:00
XSP261016C00668000,2026-06-02 13:46:58+00:00,668.0,107.36,92.82,94.45,0.0,0.0,1.0,0.0,1.0000000000000003e-05,True,REGULAR,USD,C,2026-10-16,59,778.5800170898438,2026-08-18T08:43:39+00:00
XSP261016C00669000,2026-04-23 19:30:47+00:00,669.0,70.72,0.0,0.0,0.0,0.0,1.0,3.0,1.0000000000000003e-05,True,REGULAR,USD,C,2026-10-16,59,778.5800170898438,2026-08-18T08:43:39+00:00
XSP261016C00670000,2026-07-01 14:04:31+00:00,670.0,91.96,0.0,0.0,0.0,0.0,3.0,0.0,1.0000000000000003e-05,True,REGULAR,USD,C,2026-10-16,59,778.5800170898438,2026-08-18T08:43:39+00:00
XSP261016C00671000,2026-03-04 19:23:51+00:00,671.0,56.6,35.93,37.05,0.0,0.0,1.0,0.0,1.0000000000000003e-05,True,REGULAR,USD,C,2026-10-16,59,778.5800170898438,2026-08-18T08:43:39+00:00
XSP261016C00672000,2026-06-26 19:48:18+00:00,672.0,80.7,0.0,0.0,0.0,0.0,1.0,0.0,1.0000000000000003e-05,True,REGULAR,USD,C,2026-10-16,59,778.5800170898438,2026-08-18T08:43:39+00:00
XSP261016C00673000,2026-04-30 20:02:44+00:00,673.0,73.87,0.0,0.0,0.0,0.0,12.0,4.0,1.0000000000000003e-05,True,REGULAR,USD,C,2026-10-16,59,778.5800170898438,2026-08-18T08:43:39+00:00
XSP261016C00674000,2026-04-08 16:30:11+00:00,674.0,44.15,86.26,88.75,0.0,0.0,1.0,2.0,1.0000000000000003e-05,True,REGULAR,USD,C,2026-10-16,59,778.5800170898438,2026-08-18T08:43:39+00:00
XSP261016C00675000,2026-07-21 14:16:54+00:00,675.0,84.06,0.0,0.0,0.0,0.0,1.0,0.0,1.0000000000000003e-05,True,REGULAR,USD,C,2026-10-16,59,778.5800170898438,2026-08-18T08:43:39+00:00
XSP261016C00677000,2026-06-09 16:38:21+00:00,677.0,72.02,0.0,0.0,0.0,0.0,1.0,6.0,1.0000000000000003e-05,True,REGULAR,USD,C,2026-10-16,59,778.5800170898438,2026-08-18T08:43:39+00:00
XSP261016C00678000,2026-06-09 16:38:21+00:00,678.0,71.1,0.0,0.0,0.0,0.0,1.0,1.0,1.0000000000000003e-05,True,REGULAR,USD,C,2026-10-16,59,778.5800170898438,2026-08-18T08:43:39+00:00
XSP261016C00679000,2026-07-20 14:11:48+00:00,679.0,80.7,0.0,0.0,0.0,0.0,,0.0,1.0000000000000003e-05,True,REGULAR,USD,C,2026-10-16,59,778.5800170898438,2026-08-18T08:43:39+00:00
XSP261016C00680000,2026-08-12 16:18:43+00:00,680.0,100.98,0.0,0.0,0.0,0.0,1.0,0.0,1.0000000000000003e-05,True,REGULAR,USD,C,2026-10-16,59,778.5800170898438,2026-08-18T08:43:39+00:00
XSP261016C00681000,2026-06-01 14:05:11+00:00,681.0,94.0,81.15,82.7,0.0,0.0,2.0,0.0,1.0000000000000003e-05,True,REGULAR,USD,C,2026-10-16,59,778.5800170898438,2026-08-18T08:43:39+00:00
XSP261016C00682000,2026-07-17 19:23:17+00:00,682.0,76.61,0.0,0.0,0.0,0.0,3.0,0.0,1.0000000000000003e-05,True,REGULAR,USD,C,2026-10-16,59,778.5800170898438,2026-08-18T08:43:39+00:00
XSP261016C00684000,2026-05-08 14:40:50+00:00,684.0,79.35,0.0,0.0,0.0,0.0,4.0,5.0,1.0000000000000003e-05,True,REGULAR,USD,C,2026-10-16,59,778.5800170898438,2026-08-18T08:43:39+00:00
XSP261016C00685000,2026-07-24 19:36:18+00:00,685.0,69.25,0.0,0.0,0.0,0.0,1.0,0.0,1.0000000000000003e-05,True,REGULAR,USD,C,2026-10-16,59,778.5800170898438,2026-08-18T08:43:39+00:00
XSP261016C00686000,2026-06-09 16:38:21+00:00,686.0,64.45,0.0,0.0,0.0,0.0,1.0,8.0,1.0000000000000003e-05,True,REGULAR,USD,C,2026-10-16,59,778.5800170898438,2026-08-18T08:43:39+00:00
XSP261016C00688000,2026-03-23 16:29:23+00:00,688.0,29.35,73.43,75.06,0.0,0.0,1.0,0.0,1.0000000000000003e-05,True,REGULAR,USD,C,2026-10-16,59,778.5800170898438,2026-08-18T08:43:39+00:00
XSP261016C00689000,2026-04-17 13:56:46+00:00,689.0,54.24,0.0,0.0,0.0,0.0,1.0,2.0,1.0000000000000003e-05,True,REGULAR,USD,C,2026-10-16,59,778.5800170898438,2026-08-18T08:43:39+00:00
XSP261016C00690000,2026-07-31 19:42:20+00:00,690.0,70.2,0.0,0.0,0.0,0.0,1.0,0.0,1.0000000000000003e-05,True,REGULAR,USD,C,2026-10-16,59,778.5800170898438,2026-08-18T08:43:39+00:00
XSP261016C00691000,2026-07-31 19:42:20+00:00,691.0,69.31,0.0,0.0,0.0,0.0,1.0,0.0,1.0000000000000003e-05,True,REGULAR,USD,C,2026-10-16,59,778.5800170898438,2026-08-18T08:43:39+00:00
XSP261016C00692000,2026-07-31 19:42:20+00:00,692.0,68.41,0.0,0.0,0.0,0.0,1.0,0.0,1.0000000000000003e-05,True,REGULAR,USD,C,2026-10-16,59,778.5800170898438,2026-08-18T08:43:39+00:00
XSP261016C00693000,2026-07-31 19:42:20+00:00,693.0,67.52,0.0,0.0,0.0,0.0,1.0,0.0,1.0000000000000003e-05,True,REGULAR,USD,C,2026-10-16,59,778.5800170898438,2026-08-18T08:43:39+00:00
XSP261016C00695000,2026-08-17 19:30:06+00:00,695.0,87.42,0.0,0.0,0.0,0.0,1.0,0.0,1.0000000000000003e-05,True,REGULAR,USD,C,2026-10-16,59,778.5800170898438,2026-08-18T08:43:39+00:00
XSP261016C00700000,2026-08-17 15:25:23+00:00,700.0,83.93,0.0,0.0,0.0,0.0,6.0,0.0,1.0000000000000003e-05,True,REGULAR,USD,C,2026-10-16,59,778.5800170898438,2026-08-18T08:43:39+00:00
XSP261016C00705000,2026-08-06 15:33:59+00:00,705.0,75.17,0.0,0.0,0.0,0.0,5.0,0.0,1.0000000000000003e-05,True,REGULAR,USD,C,2026-10-16,59,778.5800170898438,2026-08-18T08:43:39+00:00
XSP261016C00710000,2026-08-04 16:44:02+00:00,710.0,71.96,0.0,0.0,0.0,0.0,1.0,0.0,1.0000000000000003e-05,True,REGULAR,USD,C,2026-10-16,59,778.5800170898438,2026-08-18T08:43:39+00:00
XSP261016C00715000,2026-08-06 15:33:59+00:00,715.0,65.84,0.0,0.0,0.0,0.0,5.0,0.0,1.0000000000000003e-05,True,REGULAR,USD,C,2026-10-16,59,778.5800170898438,2026-08-18T08:43:39+00:00
XSP261016C00720000,2026-08-04 18:59:28+00:00,720.0,65.0,0.0,0.0,0.0,0.0,1.0,0.0,1.0000000000000003e-05,True,REGULAR,USD,C,2026-10-16,59,778.5800170898438,2026-08-18T08:43:39+00:00
XSP261016C00723000,2026-07-28 15:48:52+00:00,723.0,39.67,54.26,59.26,0.0,0.0,,0.0,0.2122576333618164,True,REGULAR,USD,C,2026-10-16,59,778.5800170898438,2026-08-18T08:43:39+00:00
XSP261016C00725000,2026-08-03 16:27:43+00:00,725.0,47.06,52.49,57.49,0.0,0.0,1.0,0.0,0.2097094410705566,True,REGULAR,USD,C,2026-10-16,59,778.5800170898438,2026-08-18T08:43:39+00:00
XSP261016C00729000,2026-08-03 15:56:08+00:00,729.0,43.52,48.99,53.99,0.0,0.0,1.0,0.0,0.20475038421630853,True,REGULAR,USD,C,2026-10-16,59,778.5800170898438,2026-08-18T08:43:39+00:00
XSP261016C00730000,2026-08-13 15:23:44+00:00,730.0,58.5,48.12,53.12,0.0,0.0,3.0,0.0,0.20348391738891602,True,REGULAR,USD,C,2026-10-16,59,778.5800170898438,2026-08-18T08:43:39+00:00
XSP261016C00732000,2026-08-04 13:33:23+00:00,732.0,45.57,46.38,51.38,0.0,0.0,1.0,0.0,0.20087469055175777,True,REGULAR,USD,C,2026-10-16,59,778.5800170898438,2026-08-18T08:43:39+00:00
XSP261016C00735000,2026-08-17 16:05:59+00:00,735.0,52.38,43.83,48.83,0.0,0.0,2.0,0.0,0.1973804627990723,True,REGULAR,USD,C,2026-10-16,59,778.5800170898438,2026-08-18T08:43:39+00:00
XSP261016C00736000,2026-08-05 18:50:50+00:00,736.0,50.07,42.97,47.97,0.0,0.0,1.0,0.0,0.19605296142578127,True,REGULAR,USD,C,2026-10-16,59,778.5800170898438,2026-08-18T08:43:39+00:00
XSP261016C00737000,2026-08-04 13:34:53+00:00,737.0,41.49,44.18,45.88,0.0,0.0,2.0,0.0,0.18225915405273438,True,REGULAR,USD,C,2026-10-16,59,778.5800170898438,2026-08-18T08:43:39+00:00
XSP261016C00738000,2026-08-03 17:19:31+00:00,738.0,36.85,43.54,45.06,0.0,0.0,,0.0,0.181374153137207,True,REGULAR,USD,C,2026-10-16,59,778.5800170898438,2026-08-18T08:43:39+00:00
XSP261016C00739000,2026-08-13 13:46:09+00:00,739.0,50.11,40.46,45.46,0.0,0.0,2.0,0.0,0.1925739923095703,True,REGULAR,USD,C,2026-10-16,59,778.5800170898438,2026-08-18T08:43:39+00:00
XSP261016C00740000,2026-08-17 14:27:05+00:00,740.0,47.7,39.62,44.62,0.0,0.0,1.0,0.0,0.19130752548217772,True,REGULAR,USD,C,2026-10-16,59,778.5800170898438,2026-08-18T08:43:39+00:00
XSP261016C00741000,2026-08-12 02:08:37+00:00,741.0,44.28,38.8,43.8,0.0,0.0,4.0,0.0,0.1902089036560059,True,REGULAR,USD,C,2026-10-16,59,778.5800170898438,2026-08-18T08:43:39+00:00
XSP261016C00742000,2026-08-12 02:08:37+00:00,742.0,43.46,37.96,42.96,0.0,0.0,4.0,0.0,0.18888140228271483,True,REGULAR,USD,C,2026-10-16,59,778.5800170898438,2026-08-18T08:43:39+00:00
XSP261016C00743000,2026-08-04 17:44:30+00:00,743.0,45.85,37.16,42.16,0.0,0.0,3.0,0.0,0.1879048495483398,True,REGULAR,USD,C,2026-10-16,59,778.5800170898438,2026-08-18T08:43:39+00:00
XSP261016C00744000,2026-07-31 18:43:37+00:00,744.0,25.58,36.35,41.35,0.0,0.0,5.0,0.0,0.18677571044921876,True,REGULAR,USD,C,2026-10-16,59,778.5800170898438,2026-08-18T08:43:39+00:00
XSP261016C00745000,2026-08-17 16:41:08+00:00,745.0,43.61,35.52,40.52,0.0,0.0,3.0,0.0,0.1854329504394531,True,REGULAR,USD,C,2026-10-16,59,778.5800170898438,2026-08-18T08:43:39+00:00
XSP261016C00746000,2026-08-04 18:24:56+00:00,746.0,43.23,34.73,39.73,0.0,0.0,11.0,0.0,0.1844411390686035,True,REGULAR,USD,C,2026-10-16,59,778.5800170898438,2026-08-18T08:43:39+00:00
XSP261016C00747000,2026-08-17 13:30:02+00:00,747.0,42.68,33.93,38.93,0.0,0.0,1.0,0.0,0.18329674133300777,True,REGULAR,USD,C,2026-10-16,59,778.5800170898438,2026-08-18T08:43:39+00:00
XSP261016C00748000,2026-08-03 13:30:04+00:00,748.0,24.63,35.4,36.8,0.0,0.0,1.0,0.0,0.16993017578125003,True,REGULAR,USD,C,2026-10-16,59,778.5800170898438,2026-08-18T08:43:39+00:00
XSP261016C00749000,2026-08-11 01:02:09+00:00,749.0,40.33,32.33,37.33,0.0,0.0,8.0,0.0,0.1809011354064941,True,REGULAR,USD,C,2026-10-16,59,778.5800170898438,2026-08-18T08:43:39+00:00
XSP261016C00750000,2026-08-17 16:41:08+00:00,750.0,39.46,34.04,34.97,0.0,0.0,6.0,0.0,0.16556620574951175,True,REGULAR,USD,C,2026-10-16,59,778.5800170898438,2026-08-18T08:43:39+00:00
XSP261016C00751000,2026-08-14 18:31:21+00:00,751.0,39.24,30.79,35.79,0.0,0.0,9.0,0.0,0.17888699539184572,True,REGULAR,USD,C,2026-10-16,59,778.5800170898438,2026-08-18T08:43:39+00:00
XSP261016C00752000,2026-07-31 18:44:31+00:00,752.0,20.41,32.27,33.67,0.0,0.0,5.0,0.0,0.16584086120605473,True,REGULAR,USD,C,2026-10-16,59,778.5800170898438,2026-08-18T08:43:39+00:00
XSP261016C00753000,2026-07-30 01:28:20+00:00,753.0,14.65,31.5,32.88,0.0,0.0,12.0,0.0,0.16462017028808595,True,REGULAR,USD,C,2026-10-16,59,778.5800170898438,2026-08-18T08:43:39+00:00
XSP261016C00754000,2026-08-17 14:56:37+00:00,754.0,35.95,28.47,33.47,0.0,0.0,4.0,0.0,0.17543854354858396,True,REGULAR,USD,C,2026-10-16,59,778.5800170898438,2026-08-18T08:43:39+00:00
XSP261016C00755000,2026-08-17 14:56:37+00:00,755.0,35.15,27.72,32.72,0.0,0.0,4.0,0.0,0.1744009562683106,True,REGULAR,USD,C,2026-10-16,59,778.5800170898438,2026-08-18T08:43:39+00:00
XSP261016C00756000,2026-08-11 03:01:17+00:00,756.0,35.13,26.99,31.99,0.0,0.0,8.0,0.0,0.17350069671630858,True,REGULAR,USD,C,2026-10-16,59,778.5800170898438,2026-08-18T08:43:39+00:00
XSP261016C00757000,2026-07-31 18:44:31+00:00,757.0,17.46,26.23,31.23,0.0,0.0,5.0,0.0,0.17228000579833985,True,REGULAR,USD,C,2026-10-16,59,778.5800170898438,2026-08-18T08:43:39+00:00
XSP261016C00758000,2026-08-06 14:09:17+00:00,758.0,32.7,25.5,30.5,0.0,0.0,2.0,0.0,0.17127293579101563,True,REGULAR,USD,C,2026-10-16,59,778.5800170898438,2026-08-18T08:43:39+00:00
XSP261016C00759000,2026-08-13 17:44:33+00:00,759.0,34.19,24.79,29.79,0.0,0.0,4.0,0.0,0.17040319351196292,True,REGULAR,USD,C,2026-10-16,59,778.5800170898438,2026-08-18T08:43:39+00:00
XSP261016C00760000,2026-08-17 14:56:37+00:00,760.0,31.25,24.05,29.05,0.0,0.0,5.0,0.0,0.16921301986694337,True,REGULAR,USD,C,2026-10-16,59,778.5800170898438,2026-08-18T08:43:39+00:00
XSP261016C00761000,2026-08-06 15:54:14+00:00,761.0,28.31,25.62,26.94,0.0,0.0,1.0,0.0,0.156533092956543,True,REGULAR,USD,C,2026-10-16,59,778.5800170898438,2026-08-18T08:43:39+00:00
XSP261016C00762000,2026-08-06 15:54:34+00:00,762.0,27.55,22.65,27.65,0.0,0.0,2.0,0.0,0.16735146621704106,True,REGULAR,USD,C,2026-10-16,59,778.5800170898438,2026-08-18T08:43:39+00:00
XSP261016C00763000,2026-08-17 16:49:45+00:00,763.0,29.1,24.2,25.51,0.0,0.0,1.0,0.0,0.15444265975952148,True,REGULAR,USD,C,2026-10-16,59,778.5800170898438,2026-08-18T08:43:39+00:00
XSP261016C00764000,2026-08-06 14:09:17+00:00,764.0,28.38,21.27,26.27,0.0,0.0,3.0,0.0,0.16544413665771485,True,REGULAR,USD,C,2026-10-16,59,778.5800170898438,2026-08-18T08:43:39+00:00
XSP261016C00765000,2026-08-14 16:51:04+00:00,765.0,28.51,23.14,23.65,0.0,0.0,1.0,0.0,0.14861386062622073,True,REGULAR,USD,C,2026-10-16,59,778.5800170898438,2026-08-18T08:43:39+00:00
XSP261016C00767000,2026-08-04 16:17:16+00:00,767.0,24.79,21.81,22.3,0.0,0.0,3.0,0.0,0.14675230697631836,True,REGULAR,USD,C,2026-10-16,59,778.5800170898438,2026-08-18T08:43:39+00:00
XSP261016C00768000,2026-08-04 16:50:30+00:00,768.0,25.48,21.16,21.64,0.0,0.0,,0.0,0.1458520474243164,True,REGULAR,USD,C,2026-10-16,59,778.5800170898438,2026-08-18T08:43:39+00:00
XSP261016C00769000,2026-08-04 19:05:59+00:00,769.0,26.71,20.53,20.99,0.0,0.0,,0.0,0.14498230514526367,True,REGULAR,USD,C,2026-10-16,59,778.5800170898438,2026-08-18T08:43:39+00:00
XSP261016C00770000,2026-08-14 13:30:34+00:00,770.0,26.5,19.87,20.36,0.0,0.0,1.0,0.0,0.14418885604858395,True,REGULAR,USD,C,2026-10-16,59,778.5800170898438,2026-08-18T08:43:39+00:00
XSP261016C00771000,2026-08-04 14:21:39+00:00,771.0,20.0,19.3,19.71,0.0,0.0,2.0,0.0,0.1431817860412598,True,REGULAR,USD,C,2026-10-16,59,778.5800170898438,2026-08-18T08:43:39+00:00
XSP261016C00772000,2026-08-17 13:30:02+00:00,772.0,23.62,18.57,18.99,0.0,0.0,1.0,0.0,0.14153385330200197,True,REGULAR,USD,C,2026-10-16,59,778.5800170898438,2026-08-18T08:43:39+00:00
XSP261016C00773000,2026-08-13 18:39:36+00:00,773.0,24.42,17.97,18.38,0.0,0.0,57.0,0.0,0.14070988693237307,True,REGULAR,USD,C,2026-10-16,59,778.5800170898438,2026-08-18T08:43:39+00:00
XSP261016C00774000,2026-08-13 15:19:45+00:00,774.0,23.44,17.48,17.87,0.0,0.0,1.0,0.0,0.1406183351135254,True,REGULAR,USD,C,2026-10-16,59,778.5800170898438,2026-08-18T08:43:39+00:00
XSP261016C00775000,2026-08-17 18:46:34+00:00,775.0,19.84,16.85,17.3,0.0,0.0,16.0,0.0,0.1399622137451172,False,REGULAR,USD,C,2026-10-16,59,778.5800170898438,2026-08-18T08:43:39+00:00
XSP261016C00776000,2026-08-13 14:12:43+00:00,776.0,23.42,16.31,16.7,0.0,0.0,1.0,0.0,0.13900091964721684,False,REGULAR,USD,C,2026-10-16,59,778.5800170898438,2026-08-18T08:43:39+00:00
XSP261016C00777000,2026-08-14 19:56:06+00:00,777.0,20.35,15.71,16.15,0.0,0.0,2.0,0.0,0.1383753155517578,False,REGULAR,USD,C,2026-10-16,59,778.5800170898438,2026-08-18T08:43:39+00:00
XSP261016C00778000,2026-08-17 13:57:42+00:00,778.0,19.15,15.15,15.59,0.0,0.0,1.0,0.0,0.13758186645507814,False,REGULAR,USD,C,2026-10-16,59,778.5800170898438,2026-08-18T08:43:39+00:00
XSP261016C00779000,2026-08-17 16:17:13+00:00,779.0,18.52,14.6,15.04,0.0,0.0,1.0,0.0,0.1368036759948731,False,REGULAR,USD,C,2026-10-16,59,778.5800170898438,2026-08-18T08:43:39+00:00
XSP261016C00780000,2026-08-14 18:57:09+00:00,780.0,18.7,14.07,14.51,0.0,0.0,5.0,0.0,0.13611703735351563,False,REGULAR,USD,C,2026-10-16,59,778.5800170898438,2026-08-18T08:43:39+00:00
XSP261016C00781000,2026-08-17 14:18:32+00:00,781.0,17.24,13.55,13.97,0.0,0.0,2.0,0.0,0.13526255371093754,False,REGULAR,USD,C,2026-10-16,59,778.5800170898438,2026-08-18T08:43:39+00:00
XSP261016C00782000,2026-08-17 16:17:13+00:00,782.0,16.77,13.06,13.46,0.0,0.0,2.0,0.0,0.1345606564331055,False,REGULAR,USD,C,2026-10-16,59,778.5800170898438,2026-08-18T08:43:39+00:00
XSP261016C00783000,2026-08-14 17:49:08+00:00,783.0,16.55,12.56,12.96,0.0,0.0,1.0,0.0,0.13387401779174807,False,REGULAR,USD,C,2026-10-16,59,778.5800170898438,2026-08-18T08:43:39+00:00
XSP261016C00784000,2026-08-05 18:59:45+00:00,784.0,16.29,12.07,12.47,0.0,0.0,,0.0,0.1331873791503906,False,REGULAR,USD,C,2026-10-16,59,778.5800170898438,2026-08-18T08:43:39+00:00
XSP261016C00785000,2026-08-18 03:51:53+00:00,785.0,12.5,11.56,11.99,-1.6400003,-11.598305,5.0,0.0,0.1325007405090332,False,REGULAR,USD,C,2026-10-16,59,778.5800170898438,2026-08-18T08:43:39+00:00
XSP261016C00786000,2026-08-14 13:37:45+00:00,786.0,16.36,11.09,11.52,0.0,0.0,1.0,0.0,0.13181410186767578,False,REGULAR,USD,C,2026-10-16,59,778.5800170898438,2026-08-18T08:43:39+00:00
XSP261016C00787000,2026-08-05 18:59:45+00:00,787.0,14.77,10.67,11.06,0.0,0.0,2.0,0.0,0.13111220458984374,False,REGULAR,USD,C,2026-10-16,59,778.5800170898438,2026-08-18T08:43:39+00:00
XSP261016C00788000,2026-08-13 18:26:28+00:00,788.0,15.17,10.2,10.62,0.0,0.0,5.0,0.0,0.13051711776733393,False,REGULAR,USD,C,2026-10-16,59,778.5800170898438,2026-08-18T08:43:39+00:00
XSP261016C00789000,2026-07-31 14:03:51+00:00,789.0,4.03,9.71,10.11,0.0,0.0,1.0,0.0,0.1292353923034668,False,REGULAR,USD,C,2026-10-16,59,778.5800170898438,2026-08-18T08:43:39+00:00
XSP261016C00790000,2026-08-17 17:20:59+00:00,790.0,12.05,9.34,9.76,0.0,0.0,7.0,0.0,0.12920487503051759,False,REGULAR,USD,C,2026-10-16,59,778.5800170898438,2026-08-18T08:43:39+00:00
XSP261016C00791000,2026-08-04 15:07:42+00:00,791.0,11.34,8.96,9.35,0.0,0.0,2.0,0.0,0.12859452957153317,False,REGULAR,USD,C,2026-10-16,59,778.5800170898438,2026-08-18T08:43:39+00:00
XSP261016C00792000,2026-08-17 15:32:20+00:00,792.0,11.59,8.57,8.95,0.0,0.0,2.0,0.0,0.1279841841125488,False,REGULAR,USD,C,2026-10-16,59,778.5800170898438,2026-08-18T08:43:39+00:00
XSP261016C00793000,2026-08-17 15:28:21+00:00,793.0,11.21,8.19,8.56,0.0,0.0,5.0,0.0,0.12737383865356444,False,REGULAR,USD,C,2026-10-16,59,778.5800170898438,2026-08-18T08:43:39+00:00
XSP261016C00794000,2026-08-17 15:32:20+00:00,794.0,10.7,7.79,8.19,0.0,0.0,1.0,0.0,0.12683978637695312,False,REGULAR,USD,C,2026-10-16,59,778.5800170898438,2026-08-18T08:43:39+00:00
XSP261016C00795000,2026-08-17 14:09:53+00:00,795.0,10.22,7.44,7.83,0.0,0.0,68.0,0.0,0.1263209927368164,False,REGULAR,USD,C,2026-10-16,59,778.5800170898438,2026-08-18T08:43:39+00:00
XSP261016C00796000,2026-07-17 20:07:32+00:00,796.0,4.47,7.11,7.47,0.0,0.0,2.0,0.0,0.12569538864135743,False,REGULAR,USD,C,2026-10-16,59,778.5800170898438,2026-08-18T08:43:39+00:00
XSP261016C00797000,2026-08-12 13:42:45+00:00,797.0,9.64,6.75,7.14,0.0,0.0,1.0,0.0,0.12526814682006837,False,REGULAR,USD,C,2026-10-16,59,778.5800170898438,2026-08-18T08:43:39+00:00
XSP261016C00798000,2026-08-10 17:41:09+00:00,798.0,9.74,6.42,6.81,0.0,0.0,1.0,0.0,0.12473409454345702,False,REGULAR,USD,C,2026-10-16,59,778.5800170898438,2026-08-18T08:43:39+00:00
XSP261016C00799000,2026-08-17 19:32:47+00:00,799.0,7.6,6.11,6.49,0.0,0.0,5.0,0.0,0.12421530090332032,False,REGULAR,USD,C,2026-10-16,59,778.5800170898438,2026-08-18T08:43:39+00:00
XSP261016C00800000,2026-08-18 03:51:53+00:00,800.0,6.48,5.81,6.18,-0.6999998,-9.749302,12.0,0.0,0.1236965072631836,False,REGULAR,USD,C,2026-10-16,59,778.5800170898438,2026-08-18T08:43:39+00:00
XSP261016C00805000,2026-08-17 19:57:58+00:00,805.0,5.63,4.48,4.78,0.0,0.0,3.0,0.0,0.12116357360839844,False,REGULAR,USD,C,2026-10-16,59,778.5800170898438,2026-08-18T08:43:39+00:00
XSP261016C00810000,2026-08-17 19:57:58+00:00,810.0,4.33,3.38,3.68,0.0,0.0,15.0,0.0,0.11945460632324219,False,REGULAR,USD,C,2026-10-16,59,778.5800170898438,2026-08-18T08:43:39+00:00
XSP261016C00815000,2026-08-18 03:51:53+00:00,815.0,2.93,2.49,2.83,-0.55999994,-16.045843,5.0,0.0,0.11847805358886719,False,REGULAR,USD,C,2026-10-16,59,778.5800170898438,2026-08-18T08:43:39+00:00
XSP261016C00820000,2026-08-17 17:37:33+00:00,820.0,2.71,1.82,2.13,0.0,0.0,2.0,0.0,0.1173489144897461,False,REGULAR,USD,C,2026-10-16,59,778.5800170898438,2026-08-18T08:43:39+00:00
XSP261016C00825000,2026-08-17 19:57:58+00:00,825.0,1.83,1.31,1.6,0.0,0.0,12.0,0.0,0.1167080517578125,False,REGULAR,USD,C,2026-10-16,59,778.5800170898438,2026-08-18T08:43:39+00:00
XSP261016C00830000,2026-08-17 19:07:47+00:00,830.0,1.43,0.92,1.18,0.0,0.0,9.0,0.0,0.11597563720703125,False,REGULAR,USD,C,2026-10-16,59,778.5800170898438,2026-08-18T08:43:39+00:00
XSP261016C00835000,2026-08-17 19:45:53+00:00,835.0,1.01,0.64,0.88,0.0,0.0,11.0,0.0,0.11597563720703125,False,REGULAR,USD,C,2026-10-16,59,778.5800170898438,2026-08-18T08:43:39+00:00
XSP261016C00840000,2026-08-17 16:09:37+00:00,840.0,0.93,0.44,0.66,0.0,0.0,1.0,0.0,0.11628080993652344,False,REGULAR,USD,C,2026-10-16,59,778.5800170898438,2026-08-18T08:43:39+00:00
XSP261016C00845000,2026-08-13 16:46:24+00:00,845.0,1.03,0.31,0.48,0.0,0.0,1.0,0.0,0.11615874084472656,False,REGULAR,USD,C,2026-10-16,59,778.5800170898438,2026-08-18T08:43:39+00:00
XSP261016C00850000,2026-08-17 16:09:37+00:00,850.0,0.52,0.22,0.37,0.0,0.0,1.0,0.0,0.11731839721679688,False,REGULAR,USD,C,2026-10-16,59,778.5800170898438,2026-08-18T08:43:39+00:00
XSP261016C00855000,2026-08-05 18:32:08+00:00,855.0,0.78,0.15,0.29,0.0,0.0,2.0,0.0,0.11890529541015624,False,REGULAR,USD,C,2026-10-16,59,778.5800170898438,2026-08-18T08:43:39+00:00
XSP261016C00860000,2026-08-12 14:49:55+00:00,860.0,0.4,0.1,0.24,0.0,0.0,3.0,0.0,0.12134667724609374,False,REGULAR,USD,C,2026-10-16,59,778.5800170898438,2026-08-18T08:43:39+00:00
XSP261016C00870000,2026-08-17 19:41:45+00:00,870.0,0.14,0.04,0.18,0.0,0.0,1.0,0.0,0.1274501318359375,False,REGULAR,USD,C,2026-10-16,59,778.5800170898438,2026-08-18T08:43:39+00:00
XSP261016C00875000,2026-08-13 19:45:56+00:00,875.0,0.26,0.03,0.16,0.0,0.0,1.0,0.0,0.13086806640624998,False,REGULAR,USD,C,2026-10-16,59,778.5800170898438,2026-08-18T08:43:39+00:00
XSP261016C00880000,2026-08-14 14:59:59+00:00,880.0,0.18,0.02,0.14,0.0,0.0,1.0,0.0,0.133797724609375,False,REGULAR,USD,C,2026-10-16,59,778.5800170898438,2026-08-18T08:43:39+00:00
XSP261016C00885000,2026-08-04 16:47:42+00:00,885.0,0.36,0.01,0.12,0.0,0.0,4.0,0.0,0.1362391064453125,False,REGULAR,USD,C,2026-10-16,59,778.5800170898438,2026-08-18T08:43:39+00:00
XSP261016C00890000,2026-06-30 16:06:59+00:00,890.0,0.26,0.01,0.12,0.0,0.0,9.0,0.0,0.14136600830078128,False,REGULAR,USD,C,2026-10-16,59,778.5800170898438,2026-08-18T08:43:39+00:00
XSP261016C00895000,2026-06-15 13:33:16+00:00,895.0,0.49,0.04,0.19,0.0,0.0,9.0,0.0,0.15479360839843753,False,REGULAR,USD,C,2026-10-16,59,778.5800170898438,2026-08-18T08:43:39+00:00
XSP261016C00900000,2026-08-10 05:23:37+00:00,900.0,0.14,0.01,0.1,0.0,0.0,3.0,0.0,0.14795773925781253,False,REGULAR,USD,C,2026-10-16,59,778.5800170898438,2026-08-18T08:43:39+00:00
XSP261016C00905000,2026-06-30 14:30:12+00:00,905.0,0.17,0.01,0.09,0.0,0.0,9.0,0.0,0.15088739746093754,False,REGULAR,USD,C,2026-10-16,59,778.5800170898438,2026-08-18T08:43:39+00:00
XSP261016C00910000,2026-06-08 14:43:08+00:00,910.0,0.3,0.0,0.18,0.0,0.0,20.0,20.0,0.16895362304687503,False,REGULAR,USD,C,2026-10-16,59,778.5800170898438,2026-08-18T08:43:39+00:00
XSP261016C00920000,2026-08-10 05:07:30+00:00,920.0,0.08,0.0,0.08,0.0,0.0,,0.0,0.16309430664062502,False,REGULAR,USD,C,2026-10-16,59,778.5800170898438,2026-08-18T08:43:39+00:00
XSP261016C00935000,2026-06-08 14:09:01+00:00,935.0,0.17,0.0,0.15,0.0,0.0,2.0,2.0,0.18921709228515626,False,REGULAR,USD,C,2026-10-16,59,778.5800170898438,2026-08-18T08:43:39+00:00
XSP261016C00950000,2026-08-10 18:06:02+00:00,950.0,0.04,0.0,0.06,0.0,0.0,1.0,0.0,0.1840901904296875,False,REGULAR,USD,C,2026-10-16,59,778.5800170898438,2026-08-18T08:43:39+00:00
XSP261016C00960000,2026-06-08 14:08:36+00:00,960.0,0.12,0.0,0.13,0.0,0.0,2.0,2.0,0.20850400878906244,False,REGULAR,USD,C,2026-10-16,59,778.5800170898438,2026-08-18T08:43:39+00:00
XSP261016C00975000,2026-06-08 14:41:08+00:00,975.0,0.1,0.0,0.12,0.0,0.0,1.0,1.0,0.21973436523437498,False,REGULAR,USD,C,2026-10-16,59,778.5800170898438,2026-08-18T08:43:39+00:00
XSP261016P00300000,2026-08-13 14:31:14+00:00,300.0,0.02,0.01,0.08,0.0,0.0,4.0,0.0,0.76367423828125,False,REGULAR,USD,P,2026-10-16,59,778.5800170898438,2026-08-18T08:43:39+00:00
XSP261016P00325000,2026-07-29 20:00:27+00:00,325.0,0.18,0.01,0.09,0.0,0.0,3.0,0.0,0.7070341796875,False,REGULAR,USD,P,2026-10-16,59,778.5800170898438,2026-08-18T08:43:39+00:00
XSP261016P00335000,2026-08-14 14:23:14+00:00,335.0,0.05,0.01,0.09,0.0,0.0,4.0,0.0,0.6835969140625001,False,REGULAR,USD,P,2026-10-16,59,778.5800170898438,2026-08-18T08:43:39+00:00
XSP261016P00345000,2026-05-28 15:45:07+00:00,345.0,0.51,0.21,0.3,0.0,0.0,,0.0,0.7744163183593751,False,REGULAR,USD,P,2026-10-16,59,778.5800170898438,2026-08-18T08:43:39+00:00
XSP261016P00350000,2026-08-05 16:39:50+00:00,350.0,0.11,0.01,0.1,0.0,0.0,70.0,0.0,0.6562534375000001,False,REGULAR,USD,P,2026-10-16,59,778.5800170898438,2026-08-18T08:43:39+00:00
XSP261016P00360000,2026-08-13 14:23:14+00:00,360.0,0.07,0.02,0.11,0.0,0.0,4.0,0.0,0.6425816992187501,False,REGULAR,USD,P,2026-10-16,59,778.5800170898438,2026-08-18T08:43:39+00:00
XSP261016P00370000,2026-06-17 19:53:25+00:00,370.0,0.59,0.2,0.15,0.0,0.0,,1.0,0.6835969140625001,False,REGULAR,USD,P,2026-10-16,59,778.5800170898438,2026-08-18T08:43:39+00:00
XSP261016P00375000,2026-05-15 18:02:53+00:00,375.0,0.96,0.42,0.52,0.0,0.0,8.0,8.0,0.7517114672851561,False,REGULAR,USD,P,2026-10-16,59,778.5800170898438,2026-08-18T08:43:39+00:00
XSP261016P00380000,2026-06-22 14:54:15+00:00,380.0,0.51,0.23,0.16,0.0,0.0,4.0,5.0,0.6679720703125002,False,REGULAR,USD,P,2026-10-16,59,778.5800170898438,2026-08-18T08:43:39+00:00
XSP261016P00385000,2026-06-12 14:12:09+00:00,385.0,0.75,0.21,0.35,0.0,0.0,,5.0,0.6835969140625001,False,REGULAR,USD,P,2026-10-16,59,778.5800170898438,2026-08-18T08:43:39+00:00
XSP261016P00395000,2026-06-29 17:57:06+00:00,395.0,0.5,0.04,0.15,0.0,0.0,,0.0,0.5898478515625001,False,REGULAR,USD,P,2026-10-16,59,778.5800170898438,2026-08-18T08:43:39+00:00
XSP261016P00400000,2026-07-10 16:46:49+00:00,400.0,0.37,0.05,0.15,0.0,0.0,1.0,0.0,0.5820354296875,False,REGULAR,USD,P,2026-10-16,59,778.5800170898438,2026-08-18T08:43:39+00:00
XSP261016P00410000,2026-06-29 17:05:19+00:00,410.0,0.59,0.06,0.17,0.0,0.0,5.0,0.0,0.569340244140625,False,REGULAR,USD,P,2026-10-16,59,778.5800170898438,2026-08-18T08:43:39+00:00
XSP261016P00415000,2026-06-29 13:30:02+00:00,415.0,0.6,0.07,0.18,0.0,0.0,,0.0,0.5644574804687501,False,REGULAR,USD,P,2026-10-16,59,778.5800170898438,2026-08-18T08:43:39+00:00
XSP261016P00420000,2026-08-11 19:02:37+00:00,420.0,0.14,0.07,0.18,0.0,0.0,7.0,0.0,0.5542036767578126,False,REGULAR,USD,P,2026-10-16,59,778.5800170898438,2026-08-18T08:43:39+00:00
XSP261016P00425000,2026-08-04 14:14:27+00:00,425.0,0.23,0.08,0.19,0.0,0.0,1.0,0.0,0.5488326367187502,False,REGULAR,USD,P,2026-10-16,59,778.5800170898438,2026-08-18T08:43:39+00:00
XSP261016P00430000,2026-07-15 13:30:02+00:00,430.0,0.43,0.09,0.2,0.0,0.0,1.0,0.0,0.5424850439453126,False,REGULAR,USD,P,2026-10-16,59,778.5800170898438,2026-08-18T08:43:39+00:00
XSP261016P00440000,2026-05-11 14:51:30+00:00,440.0,1.66,0.77,0.88,0.0,0.0,1.0,5.0,0.6450230810546875,False,REGULAR,USD,P,2026-10-16,59,778.5800170898438,2026-08-18T08:43:39+00:00
XSP261016P00445000,2026-06-12 20:02:12+00:00,445.0,1.1,0.42,0.57,0.0,0.0,,6.0,0.5913126806640626,False,REGULAR,USD,P,2026-10-16,59,778.5800170898438,2026-08-18T08:43:39+00:00
XSP261016P00450000,2026-08-05 16:32:49+00:00,450.0,0.26,0.12,0.24,0.0,0.0,20.0,0.0,0.5151415673828125,False,REGULAR,USD,P,2026-10-16,59,778.5800170898438,2026-08-18T08:43:39+00:00
XSP261016P00455000,2026-08-14 16:47:11+00:00,455.0,0.18,0.13,0.25,0.0,0.0,1.0,0.0,0.508793974609375,False,REGULAR,USD,P,2026-10-16,59,778.5800170898438,2026-08-18T08:43:39+00:00
XSP261016P00460000,2026-06-25 15:21:29+00:00,460.0,1.11,0.14,0.26,0.0,0.0,9.0,0.0,0.5019581054687501,False,REGULAR,USD,P,2026-10-16,59,778.5800170898438,2026-08-18T08:43:39+00:00
XSP261016P00465000,2026-06-24 15:20:15+00:00,465.0,1.11,0.16,0.28,0.0,0.0,2.0,0.0,0.5112353564453125,False,REGULAR,USD,P,2026-10-16,59,778.5800170898438,2026-08-18T08:43:39+00:00
XSP261016P00470000,2026-07-27 16:02:06+00:00,470.0,0.75,0.17,0.28,0.0,0.0,5.0,0.0,0.5014698291015626,False,REGULAR,USD,P,2026-10-16,59,778.5800170898438,2026-08-18T08:43:39+00:00
XSP261016P00475000,2026-07-22 14:34:06+00:00,475.0,0.71,0.18,0.3,0.0,0.0,,0.0,0.4958546508789063,False,REGULAR,USD,P,2026-10-16,59,778.5800170898438,2026-08-18T08:43:39+00:00
XSP261016P00480000,2026-08-14 14:59:12+00:00,480.0,0.21,0.2,0.31,0.0,0.0,1.0,0.0,0.48828636718750007,False,REGULAR,USD,P,2026-10-16,59,778.5800170898438,2026-08-18T08:43:39+00:00
XSP261016P00485000,2026-07-27 18:28:20+00:00,485.0,0.85,0.21,0.33,0.0,0.0,4.0,0.0,0.4821829125976563,False,REGULAR,USD,P,2026-10-16,59,778.5800170898438,2026-08-18T08:43:39+00:00
XSP261016P00490000,2026-07-24 18:02:17+00:00,490.0,0.88,0.23,0.34,0.0,0.0,4.0,0.0,0.47412635253906255,False,REGULAR,USD,P,2026-10-16,59,778.5800170898438,2026-08-18T08:43:39+00:00
XSP261016P00495000,2026-07-22 14:31:50+00:00,495.0,0.89,0.25,0.36,0.0,0.0,4.0,0.0,0.46802289794921875,False,REGULAR,USD,P,2026-10-16,59,778.5800170898438,2026-08-18T08:43:39+00:00
XSP261016P00500000,2026-08-13 13:39:27+00:00,500.0,0.3,0.26,0.39,0.0,0.0,1.0,0.0,0.4631401342773438,False,REGULAR,USD,P,2026-10-16,59,778.5800170898438,2026-08-18T08:43:39+00:00
XSP261016P00505000,2026-08-11 15:05:48+00:00,505.0,0.36,0.28,0.41,0.0,0.0,2.0,0.0,0.45654840332031255,False,REGULAR,USD,P,2026-10-16,59,778.5800170898438,2026-08-18T08:43:39+00:00
XSP261016P00510000,2026-08-04 18:06:39+00:00,510.0,0.5,0.3,0.43,0.0,0.0,1.0,0.0,0.44995667236328124,False,REGULAR,USD,P,2026-10-16,59,778.5800170898438,2026-08-18T08:43:39+00:00
XSP261016P00520000,2026-08-17 17:53:18+00:00,520.0,0.37,0.34,0.46,0.0,0.0,3.0,0.0,0.43506424316406256,False,REGULAR,USD,P,2026-10-16,59,778.5800170898438,2026-08-18T08:43:39+00:00
XSP261016P00525000,2026-07-24 00:32:43+00:00,525.0,1.34,0.36,0.5,0.0,0.0,4.0,0.0,0.4304256176757813,False,REGULAR,USD,P,2026-10-16,59,778.5800170898438,2026-08-18T08:43:39+00:00
XSP261016P00530000,2026-08-14 19:41:07+00:00,530.0,0.41,0.39,0.51,0.0,0.0,2.0,0.0,0.42212491943359376,False,REGULAR,USD,P,2026-10-16,59,778.5800170898438,2026-08-18T08:43:39+00:00
XSP261016P00535000,2026-08-04 15:09:26+00:00,535.0,0.69,0.41,0.55,0.0,0.0,1.0,0.0,0.4172421557617187,False,REGULAR,USD,P,2026-10-16,59,778.5800170898438,2026-08-18T08:43:39+00:00
XSP261016P00540000,2026-08-17 18:23:36+00:00,540.0,0.46,0.44,0.58,0.0,0.0,1.0,0.0,0.41089456298828125,False,REGULAR,USD,P,2026-10-16,59,778.5800170898438,2026-08-18T08:43:39+00:00
XSP261016P00545000,2026-08-13 13:51:05+00:00,545.0,0.48,0.47,0.61,0.0,0.0,7.0,0.0,0.40454697021484376,False,REGULAR,USD,P,2026-10-16,59,778.5800170898438,2026-08-18T08:43:39+00:00
XSP261016P00550000,2026-08-03 15:27:00+00:00,550.0,0.95,0.5,0.64,0.0,0.0,2.0,0.0,0.3979552392578125,False,REGULAR,USD,P,2026-10-16,59,778.5800170898438,2026-08-18T08:43:39+00:00
XSP261016P00555000,2026-08-14 18:53:24+00:00,555.0,0.5,0.54,0.67,0.0,0.0,3.0,0.0,0.3913635083007812,False,REGULAR,USD,P,2026-10-16,59,778.5800170898438,2026-08-18T08:43:39+00:00
XSP261016P00560000,2026-08-13 14:22:14+00:00,560.0,0.55,0.56,0.71,0.0,0.0,2.0,0.0,0.3853821228027343,False,REGULAR,USD,P,2026-10-16,59,778.5800170898438,2026-08-18T08:43:39+00:00
XSP261016P00565000,2026-07-21 13:40:50+00:00,565.0,1.73,0.6,0.74,0.0,0.0,1.0,0.0,0.37842418457031246,False,REGULAR,USD,P,2026-10-16,59,778.5800170898438,2026-08-18T08:43:39+00:00
XSP261016P00570000,2026-08-11 13:59:26+00:00,570.0,0.73,0.64,0.78,0.0,0.0,1.0,0.0,0.37219866088867193,False,REGULAR,USD,P,2026-10-16,59,778.5800170898438,2026-08-18T08:43:39+00:00
XSP261016P00575000,2026-08-06 18:40:19+00:00,575.0,0.91,0.69,0.82,0.0,0.0,1.0,0.0,0.3658510681152344,False,REGULAR,USD,P,2026-10-16,59,778.5800170898438,2026-08-18T08:43:39+00:00
XSP261016P00580000,2026-08-03 18:41:20+00:00,580.0,1.18,0.73,0.87,0.0,0.0,1.0,0.0,0.35999175170898434,False,REGULAR,USD,P,2026-10-16,59,778.5800170898438,2026-08-18T08:43:39+00:00
XSP261016P00585000,2026-08-12 19:20:38+00:00,585.0,0.76,0.77,0.92,0.0,0.0,1.0,0.0,0.35388829711914055,False,REGULAR,USD,P,2026-10-16,59,778.5800170898438,2026-08-18T08:43:39+00:00
XSP261016P00590000,2026-08-12 20:00:10+00:00,590.0,0.83,0.81,0.97,0.0,0.0,6.0,0.0,0.34766277343749996,False,REGULAR,USD,P,2026-10-16,59,778.5800170898438,2026-08-18T08:43:39+00:00
XSP261016P00594000,2026-06-22 13:30:08+00:00,594.0,3.28,2.31,2.8,0.0,0.0,2.0,10.0,0.41528905029296875,False,REGULAR,USD,P,2026-10-16,59,778.5800170898438,2026-08-18T08:43:39+00:00
XSP261016P00595000,2026-08-10 16:31:59+00:00,595.0,1.0,0.87,1.02,0.0,0.0,1.0,0.0,0.3411931115722656,False,REGULAR,USD,P,2026-10-16,59,778.5800170898438,2026-08-18T08:43:39+00:00
XSP261016P00596000,2026-07-02 20:05:29+00:00,596.0,2.78,0.88,1.03,0.0,0.0,1.0,0.0,0.33991138610839844,False,REGULAR,USD,P,2026-10-16,59,778.5800170898438,2026-08-18T08:43:39+00:00
XSP261016P00597000,2026-06-15 16:05:38+00:00,597.0,3.31,2.39,2.89,0.0,0.0,1.0,1.0,0.4116269775390625,False,REGULAR,USD,P,2026-10-16,59,778.5800170898438,2026-08-18T08:43:39+00:00
XSP261016P00598000,2026-08-05 14:03:24+00:00,598.0,1.2,0.9,1.07,0.0,0.0,2.0,0.0,0.33838552246093745,False,REGULAR,USD,P,2026-10-16,59,778.5800170898438,2026-08-18T08:43:39+00:00
XSP261016P00599000,2026-07-20 16:42:26+00:00,599.0,2.46,0.91,1.08,0.0,0.0,10.0,0.0,0.33704276245117193,False,REGULAR,USD,P,2026-10-16,59,778.5800170898438,2026-08-18T08:43:39+00:00
XSP261016P00600000,2026-08-17 19:28:23+00:00,600.0,0.89,0.93,1.08,0.0,0.0,14.0,0.0,0.33521172607421873,False,REGULAR,USD,P,2026-10-16,59,778.5800170898438,2026-08-18T08:43:39+00:00
XSP261016P00601000,2026-08-12 15:48:21+00:00,601.0,0.98,0.93,1.1,0.0,0.0,1.0,0.0,0.3343572424316406,False,REGULAR,USD,P,2026-10-16,59,778.5800170898438,2026-08-18T08:43:39+00:00
XSP261016P00602000,2026-06-23 20:03:38+00:00,602.0,4.52,2.54,3.05,0.0,0.0,,1.0,0.4056455920410156,False,REGULAR,USD,P,2026-10-16,59,778.5800170898438,2026-08-18T08:43:39+00:00
XSP261016P00603000,2026-08-03 13:42:09+00:00,603.0,1.7,0.95,1.12,0.0,0.0,2.0,0.0,0.3316717224121094,False,REGULAR,USD,P,2026-10-16,59,778.5800170898438,2026-08-18T08:43:39+00:00
XSP261016P00604000,2026-05-05 14:46:11+00:00,604.0,7.6,4.61,5.43,0.0,0.0,5.0,0.0,0.46085133880615237,False,REGULAR,USD,P,2026-10-16,59,778.5800170898438,2026-08-18T08:43:39+00:00
XSP261016P00605000,2026-08-17 17:38:50+00:00,605.0,0.95,0.98,1.15,0.0,0.0,8.0,0.0,0.32947447875976554,False,REGULAR,USD,P,2026-10-16,59,778.5800170898438,2026-08-18T08:43:39+00:00
XSP261016P00607000,2026-06-24 14:20:18+00:00,607.0,4.57,1.01,1.17,0.0,0.0,1.0,0.0,0.3266668896484375,False,REGULAR,USD,P,2026-10-16,59,778.5800170898438,2026-08-18T08:43:39+00:00
XSP261016P00608000,2026-07-15 13:49:21+00:00,608.0,2.45,1.02,1.19,0.0,0.0,1.0,0.0,0.32581240600585937,False,REGULAR,USD,P,2026-10-16,59,778.5800170898438,2026-08-18T08:43:39+00:00
XSP261016P00609000,2026-05-08 18:34:26+00:00,609.0,6.8,4.88,5.72,0.0,0.0,1.0,2.0,0.4552056433105469,False,REGULAR,USD,P,2026-10-16,59,778.5800170898438,2026-08-18T08:43:39+00:00
XSP261016P00610000,2026-08-17 04:53:37+00:00,610.0,1.0,1.04,1.21,0.0,0.0,1.0,0.0,0.32300481689453114,False,REGULAR,USD,P,2026-10-16,59,778.5800170898438,2026-08-18T08:43:39+00:00
XSP261016P00612000,2026-07-01 13:30:02+00:00,612.0,3.42,1.06,1.24,0.0,0.0,3.0,0.0,0.32068550415039054,False,REGULAR,USD,P,2026-10-16,59,778.5800170898438,2026-08-18T08:43:39+00:00
XSP261016P00613000,2026-04-17 13:59:59+00:00,613.0,10.08,5.11,5.97,0.0,0.0,1.0,1.0,0.4508111560058594,False,REGULAR,USD,P,2026-10-16,59,778.5800170898438,2026-08-18T08:43:39+00:00
XSP261016P00614000,2026-08-07 14:23:15+00:00,614.0,1.31,1.1,1.27,0.0,0.0,2.0,0.0,0.31836619140624994,False,REGULAR,USD,P,2026-10-16,59,778.5800170898438,2026-08-18T08:43:39+00:00
XSP261016P00615000,2026-08-17 18:27:54+00:00,615.0,1.06,1.11,1.28,0.0,0.0,2.0,0.0,0.31690136230468746,False,REGULAR,USD,P,2026-10-16,59,778.5800170898438,2026-08-18T08:43:39+00:00
XSP261016P00616000,2026-03-18 12:19:47+00:00,616.0,20.14,9.69,11.11,0.0,0.0,,0.0,0.522740368347168,False,REGULAR,USD,P,2026-10-16,59,778.5800170898438,2026-08-18T08:43:39+00:00
XSP261016P00618000,2026-08-06 15:48:59+00:00,618.0,1.45,1.15,1.33,0.0,0.0,1.0,0.0,0.313483427734375,False,REGULAR,USD,P,2026-10-16,59,778.5800170898438,2026-08-18T08:43:39+00:00
XSP261016P00620000,2026-08-14 18:08:51+00:00,620.0,1.06,1.18,1.36,0.0,0.0,10.0,0.0,0.31098101135253897,False,REGULAR,USD,P,2026-10-16,59,778.5800170898438,2026-08-18T08:43:39+00:00
XSP261016P00621000,2026-02-10 17:12:11+00:00,621.0,16.17,22.77,23.67,0.0,0.0,1.0,0.0,0.6851532949829101,False,REGULAR,USD,P,2026-10-16,59,778.5800170898438,2026-08-18T08:43:39+00:00
XSP261016P00622000,2026-08-17 19:30:38+00:00,622.0,1.17,1.21,1.39,0.0,0.0,10.0,0.0,0.30847859497070307,False,REGULAR,USD,P,2026-10-16,59,778.5800170898438,2026-08-18T08:43:39+00:00
XSP261016P00623000,2026-04-14 15:23:41+00:00,623.0,13.15,7.65,8.24,0.0,0.0,1.0,1.0,0.4686027261352539,False,REGULAR,USD,P,2026-10-16,59,778.5800170898438,2026-08-18T08:43:39+00:00
XSP261016P00624000,2026-05-18 18:19:00+00:00,624.0,8.0,3.44,3.57,0.0,0.0,2.0,0.0,0.3720460745239258,False,REGULAR,USD,P,2026-10-16,59,778.5800170898438,2026-08-18T08:43:39+00:00
XSP261016P00625000,2026-08-14 16:45:54+00:00,625.0,1.13,1.25,1.44,0.0,0.0,3.0,0.0,0.3048165222167969,False,REGULAR,USD,P,2026-10-16,59,778.5800170898438,2026-08-18T08:43:39+00:00
XSP261016P00627000,2026-06-24 19:44:43+00:00,627.0,5.96,1.28,1.47,0.0,0.0,3.0,0.0,0.30225307128906254,False,REGULAR,USD,P,2026-10-16,59,778.5800170898438,2026-08-18T08:43:39+00:00
XSP261016P00628000,2026-03-02 14:51:27+00:00,628.0,20.04,24.46,25.45,0.0,0.0,1.0,0.0,0.6839478627014162,False,REGULAR,USD,P,2026-10-16,59,778.5800170898438,2026-08-18T08:43:39+00:00
XSP261016P00629000,2026-08-14 14:23:14+00:00,629.0,1.21,1.32,1.51,0.0,0.0,2.0,0.0,0.30005582763671873,False,REGULAR,USD,P,2026-10-16,59,778.5800170898438,2026-08-18T08:43:39+00:00
XSP261016P00630000,2026-08-14 14:03:00+00:00,630.0,1.2,1.32,1.53,0.0,0.0,2.0,0.0,0.2988961712646484,False,REGULAR,USD,P,2026-10-16,59,778.5800170898438,2026-08-18T08:43:39+00:00
XSP261016P00631000,2026-04-29 16:16:32+00:00,631.0,11.71,6.3,7.23,0.0,0.0,1.0,1.0,0.4310664804077149,False,REGULAR,USD,P,2026-10-16,59,778.5800170898438,2026-08-18T08:43:39+00:00
XSP261016P00632000,2026-08-03 15:15:16+00:00,632.0,2.22,1.36,1.57,0.0,0.0,2.0,0.0,0.29657685852050775,False,REGULAR,USD,P,2026-10-16,59,778.5800170898438,2026-08-18T08:43:39+00:00
XSP261016P00633000,2026-06-05 16:46:53+00:00,633.0,7.22,3.84,3.97,0.0,0.0,3.0,0.0,0.36188382263183594,False,REGULAR,USD,P,2026-10-16,59,778.5800170898438,2026-08-18T08:43:39+00:00
XSP261016P00634000,2026-08-12 16:01:22+00:00,634.0,1.43,1.4,1.61,0.0,0.0,2.0,0.0,0.2942575457763671,False,REGULAR,USD,P,2026-10-16,59,778.5800170898438,2026-08-18T08:43:39+00:00
XSP261016P00635000,2026-08-17 18:15:29+00:00,635.0,1.35,1.41,1.63,0.0,0.0,1.0,0.0,0.29303685485839837,False,REGULAR,USD,P,2026-10-16,59,778.5800170898438,2026-08-18T08:43:39+00:00
XSP261016P00636000,2026-07-20 13:30:13+00:00,636.0,3.78,1.43,1.65,0.0,0.0,1.0,0.0,0.291877198486328,False,REGULAR,USD,P,2026-10-16,59,778.5800170898438,2026-08-18T08:43:39+00:00
XSP261016P00637000,2026-07-20 13:37:55+00:00,637.0,3.72,1.45,1.67,0.0,0.0,1.0,0.0,0.2906565075683593,False,REGULAR,USD,P,2026-10-16,59,778.5800170898438,2026-08-18T08:43:39+00:00
XSP261016P00638000,2026-08-12 19:20:38+00:00,638.0,1.43,1.47,1.68,0.0,0.0,1.0,0.0,0.2890696093749999,False,REGULAR,USD,P,2026-10-16,59,778.5800170898438,2026-08-18T08:43:39+00:00
XSP261016P00640000,2026-08-13 14:28:04+00:00,640.0,1.36,1.52,1.73,0.0,0.0,1.0,0.0,0.28693340026855463,False,REGULAR,USD,P,2026-10-16,59,778.5800170898438,2026-08-18T08:43:39+00:00
XSP261016P00641000,2026-08-10 19:41:18+00:00,641.0,1.7,1.54,1.75,0.0,0.0,1.0,0.0,0.2857127093505859,False,REGULAR,USD,P,2026-10-16,59,778.5800170898438,2026-08-18T08:43:39+00:00
XSP261016P00642000,2026-07-17 14:34:52+00:00,642.0,4.45,1.56,1.77,0.0,0.0,2.0,0.0,0.28443098388671867,False,REGULAR,USD,P,2026-10-16,59,778.5800170898438,2026-08-18T08:43:39+00:00
XSP261016P00643000,2026-07-30 18:18:31+00:00,643.0,3.84,1.57,1.8,0.0,0.0,3.0,0.0,0.28351546569824215,False,REGULAR,USD,P,2026-10-16,59,778.5800170898438,2026-08-18T08:43:39+00:00
XSP261016P00644000,2026-07-28 15:26:11+00:00,644.0,3.9,1.6,1.82,0.0,0.0,1.0,0.0,0.282233740234375,False,REGULAR,USD,P,2026-10-16,59,778.5800170898438,2026-08-18T08:43:39+00:00
XSP261016P00645000,2026-08-13 14:28:04+00:00,645.0,1.46,1.62,1.84,0.0,0.0,1.0,0.0,0.2809520147705078,False,REGULAR,USD,P,2026-10-16,59,778.5800170898438,2026-08-18T08:43:39+00:00
XSP261016P00646000,2026-08-11 19:32:37+00:00,646.0,1.81,1.63,1.87,0.0,0.0,4.0,0.0,0.27997546203613277,False,REGULAR,USD,P,2026-10-16,59,778.5800170898438,2026-08-18T08:43:39+00:00
XSP261016P00647000,2026-07-08 18:24:41+00:00,647.0,4.74,1.66,1.89,0.0,0.0,,0.0,0.27863270202636714,False,REGULAR,USD,P,2026-10-16,59,778.5800170898438,2026-08-18T08:43:39+00:00
XSP261016P00648000,2026-08-05 14:23:40+00:00,648.0,2.12,1.68,1.91,0.0,0.0,1.0,0.0,0.27735097656249996,False,REGULAR,USD,P,2026-10-16,59,778.5800170898438,2026-08-18T08:43:39+00:00
XSP261016P00649000,2026-08-07 14:19:12+00:00,649.0,2.0,1.71,1.94,0.0,0.0,3.0,0.0,0.2763133892822265,False,REGULAR,USD,P,2026-10-16,59,778.5800170898438,2026-08-18T08:43:39+00:00
XSP261016P00650000,2026-08-14 19:25:18+00:00,650.0,1.55,1.72,1.97,0.0,0.0,4.0,0.0,0.2752758020019531,False,REGULAR,USD,P,2026-10-16,59,778.5800170898438,2026-08-18T08:43:39+00:00
XSP261016P00651000,2026-08-10 13:45:57+00:00,651.0,1.92,1.74,1.99,0.0,0.0,1.0,0.0,0.2739330419921875,False,REGULAR,USD,P,2026-10-16,59,778.5800170898438,2026-08-18T08:43:39+00:00
XSP261016P00652000,2026-08-11 13:38:30+00:00,652.0,1.97,1.78,2.01,0.0,0.0,1.0,0.0,0.2725292474365234,False,REGULAR,USD,P,2026-10-16,59,778.5800170898438,2026-08-18T08:43:39+00:00
XSP261016P00653000,2026-08-14 14:03:18+00:00,653.0,1.6,1.81,2.04,0.0,0.0,2.0,0.0,0.27149166015625,False,REGULAR,USD,P,2026-10-16,59,778.5800170898438,2026-08-18T08:43:39+00:00
XSP261016P00654000,2026-04-27 13:55:12+00:00,654.0,15.17,8.27,9.31,0.0,0.0,1.0,0.0,0.40704938659667966,False,REGULAR,USD,P,2026-10-16,59,778.5800170898438,2026-08-18T08:43:39+00:00
XSP261016P00655000,2026-08-14 19:18:21+00:00,655.0,1.64,1.86,2.1,0.0,0.0,2.0,0.0,0.26929441650390623,False,REGULAR,USD,P,2026-10-16,59,778.5800170898438,2026-08-18T08:43:39+00:00
XSP261016P00656000,2026-07-23 13:52:24+00:00,656.0,5.7,1.87,2.12,0.0,0.0,1.0,0.0,0.2678906219482422,False,REGULAR,USD,P,2026-10-16,59,778.5800170898438,2026-08-18T08:43:39+00:00
XSP261016P00657000,2026-08-13 15:45:01+00:00,657.0,1.76,1.9,2.15,0.0,0.0,1.0,0.0,0.26673096557617193,False,REGULAR,USD,P,2026-10-16,59,778.5800170898438,2026-08-18T08:43:39+00:00
XSP261016P00658000,2026-08-12 19:18:59+00:00,658.0,1.85,1.94,2.18,0.0,0.0,2.0,0.0,0.26563234375,False,REGULAR,USD,P,2026-10-16,59,778.5800170898438,2026-08-18T08:43:39+00:00
XSP261016P00659000,2026-08-12 13:33:00+00:00,659.0,1.97,1.97,2.2,0.0,0.0,1.0,0.0,0.26416751464843746,False,REGULAR,USD,P,2026-10-16,59,778.5800170898438,2026-08-18T08:43:39+00:00
XSP261016P00660000,2026-08-17 15:17:27+00:00,660.0,1.73,1.98,2.24,0.0,0.0,10.0,0.0,0.2633130310058594,False,REGULAR,USD,P,2026-10-16,59,778.5800170898438,2026-08-18T08:43:39+00:00
XSP261016P00661000,2026-08-10 14:09:19+00:00,661.0,2.15,2.02,2.26,0.0,0.0,1.0,0.0,0.2618482019042969,False,REGULAR,USD,P,2026-10-16,59,778.5800170898438,2026-08-18T08:43:39+00:00
XSP261016P00662000,2026-08-17 13:35:06+00:00,662.0,1.79,2.06,2.3,0.0,0.0,2.0,0.0,0.26093268371582035,False,REGULAR,USD,P,2026-10-16,59,778.5800170898438,2026-08-18T08:43:39+00:00
XSP261016P00663000,2026-08-13 14:23:09+00:00,663.0,1.85,2.09,2.33,0.0,0.0,1.0,0.0,0.2597119927978516,False,REGULAR,USD,P,2026-10-16,59,778.5800170898438,2026-08-18T08:43:39+00:00
XSP261016P00664000,2026-08-12 13:33:00+00:00,664.0,2.12,2.1,2.36,0.0,0.0,1.0,0.0,0.2584913018798829,False,REGULAR,USD,P,2026-10-16,59,778.5800170898438,2026-08-18T08:43:39+00:00
XSP261016P00665000,2026-08-17 14:41:54+00:00,665.0,1.88,2.13,2.39,0.0,0.0,28.0,0.0,0.25727061096191406,False,REGULAR,USD,P,2026-10-16,59,778.5800170898438,2026-08-18T08:43:39+00:00
XSP261016P00666000,2026-08-12 13:32:44+00:00,666.0,2.17,2.18,2.42,0.0,0.0,1.0,0.0,0.2559888854980469,False,REGULAR,USD,P,2026-10-16,59,778.5800170898438,2026-08-18T08:43:39+00:00
XSP261016P00667000,2026-08-12 16:01:22+00:00,667.0,2.21,2.21,2.46,0.0,0.0,2.0,0.0,0.25501233276367197,False,REGULAR,USD,P,2026-10-16,59,778.5800170898438,2026-08-18T08:43:39+00:00
XSP261016P00668000,2026-07-29 17:21:44+00:00,668.0,6.13,2.23,2.49,0.0,0.0,8.0,0.0,0.2537306072998047,False,REGULAR,USD,P,2026-10-16,59,778.5800170898438,2026-08-18T08:43:39+00:00
XSP261016P00669000,2026-08-12 13:31:25+00:00,669.0,2.26,2.26,2.53,0.0,0.0,3.0,0.0,0.25269302001953126,False,REGULAR,USD,P,2026-10-16,59,778.5800170898438,2026-08-18T08:43:39+00:00
XSP261016P00670000,2026-08-17 07:47:58+00:00,670.0,1.91,2.3,2.56,0.0,0.0,5.0,0.0,0.2513807772827148,False,REGULAR,USD,P,2026-10-16,59,778.5800170898438,2026-08-18T08:43:39+00:00
XSP261016P00671000,2026-08-12 13:32:00+00:00,671.0,2.33,2.33,2.59,0.0,0.0,2.0,0.0,0.2500685345458984,False,REGULAR,USD,P,2026-10-16,59,778.5800170898438,2026-08-18T08:43:39+00:00
XSP261016P00672000,2026-08-12 13:32:00+00:00,672.0,2.37,2.37,2.64,0.0,0.0,2.0,0.0,0.2492140509033203,False,REGULAR,USD,P,2026-10-16,59,778.5800170898438,2026-08-18T08:43:39+00:00
XSP261016P00673000,2026-08-12 13:31:09+00:00,673.0,2.37,2.42,2.67,0.0,0.0,1.0,0.0,0.2478712908935547,False,REGULAR,USD,P,2026-10-16,59,778.5800170898438,2026-08-18T08:43:39+00:00
XSP261016P00674000,2026-08-17 18:12:29+00:00,674.0,2.25,2.46,2.71,0.0,0.0,2.0,0.0,0.24677266906738282,False,REGULAR,USD,P,2026-10-16,59,778.5800170898438,2026-08-18T08:43:39+00:00
XSP261016P00675000,2026-08-14 15:14:19+00:00,675.0,2.17,2.48,2.74,0.0,0.0,1.0,0.0,0.24539939178466796,False,REGULAR,USD,P,2026-10-16,59,778.5800170898438,2026-08-18T08:43:39+00:00
XSP261016P00676000,2026-08-07 14:48:08+00:00,676.0,2.86,2.53,2.79,0.0,0.0,1.0,0.0,0.24445335632324222,False,REGULAR,USD,P,2026-10-16,59,778.5800170898438,2026-08-18T08:43:39+00:00
XSP261016P00677000,2026-08-12 13:30:02+00:00,677.0,2.54,2.55,2.83,0.0,0.0,1.0,0.0,0.24329369995117187,False,REGULAR,USD,P,2026-10-16,59,778.5800170898438,2026-08-18T08:43:39+00:00
XSP261016P00678000,2026-08-13 17:23:36+00:00,678.0,2.33,2.59,2.86,0.0,0.0,1.0,0.0,0.2418899053955078,False,REGULAR,USD,P,2026-10-16,59,778.5800170898438,2026-08-18T08:43:39+00:00
XSP261016P00679000,2026-07-28 15:39:29+00:00,679.0,6.38,2.63,2.91,0.0,0.0,1.0,0.0,0.24091335266113278,False,REGULAR,USD,P,2026-10-16,59,778.5800170898438,2026-08-18T08:43:39+00:00
XSP261016P00680000,2026-08-12 19:06:23+00:00,680.0,2.51,2.69,2.95,0.0,0.0,23.0,0.0,0.239692661743164,False,REGULAR,USD,P,2026-10-16,59,778.5800170898438,2026-08-18T08:43:39+00:00
XSP261016P00681000,2026-08-03 16:37:02+00:00,681.0,4.2,2.72,3.0,0.0,0.0,1.0,0.0,0.2386855917358398,False,REGULAR,USD,P,2026-10-16,59,778.5800170898438,2026-08-18T08:43:39+00:00
XSP261016P00682000,2026-08-03 16:37:02+00:00,682.0,4.26,2.76,3.03,0.0,0.0,3.0,0.0,0.23725127990722655,False,REGULAR,USD,P,2026-10-16,59,778.5800170898438,2026-08-18T08:43:39+00:00
XSP261016P00683000,2026-08-13 14:23:09+00:00,683.0,2.43,2.82,3.08,0.0,0.0,1.0,0.0,0.2361831753540039,False,REGULAR,USD,P,2026-10-16,59,778.5800170898438,2026-08-18T08:43:39+00:00
XSP261016P00684000,2026-08-13 13:34:40+00:00,684.0,2.54,2.86,3.12,0.0,0.0,2.0,0.0,0.23490144989013673,False,REGULAR,USD,P,2026-10-16,59,778.5800170898438,2026-08-18T08:43:39+00:00
XSP261016P00685000,2026-08-17 16:09:37+00:00,685.0,2.53,2.91,3.18,0.0,0.0,1.0,0.0,0.23401644897460935,False,REGULAR,USD,P,2026-10-16,59,778.5800170898438,2026-08-18T08:43:39+00:00
XSP261016P00686000,2026-08-18 03:16:06+00:00,686.0,2.9,2.96,3.22,0.32000017,12.403107,1.0,0.0,0.23270420623779298,False,REGULAR,USD,P,2026-10-16,59,778.5800170898438,2026-08-18T08:43:39+00:00
XSP261016P00687000,2026-08-04 14:54:34+00:00,687.0,3.87,2.98,3.27,0.0,0.0,1.0,0.0,0.23157506713867188,False,REGULAR,USD,P,2026-10-16,59,778.5800170898438,2026-08-18T08:43:39+00:00
XSP261016P00688000,2026-08-10 19:30:51+00:00,688.0,3.23,3.04,3.32,0.0,0.0,1.0,0.0,0.23041541076660155,False,REGULAR,USD,P,2026-10-16,59,778.5800170898438,2026-08-18T08:43:39+00:00
XSP261016P00689000,2026-07-14 05:14:09+00:00,689.0,7.67,3.1,3.37,0.0,0.0,3.0,0.0,0.22925575439453127,False,REGULAR,USD,P,2026-10-16,59,778.5800170898438,2026-08-18T08:43:39+00:00
XSP261016P00690000,2026-08-17 17:24:15+00:00,690.0,2.88,3.15,3.42,0.0,0.0,4.0,0.0,0.22809609802246095,False,REGULAR,USD,P,2026-10-16,59,778.5800170898438,2026-08-18T08:43:39+00:00
XSP261016P00691000,2026-08-04 15:44:33+00:00,691.0,4.07,3.18,3.48,0.0,0.0,1.0,0.0,0.22705851074218747,False,REGULAR,USD,P,2026-10-16,59,778.5800170898438,2026-08-18T08:43:39+00:00
XSP261016P00692000,2026-08-03 13:39:26+00:00,692.0,5.44,3.24,3.53,0.0,0.0,2.0,0.0,0.22583781982421874,False,REGULAR,USD,P,2026-10-16,59,778.5800170898438,2026-08-18T08:43:39+00:00
XSP261016P00693000,2026-08-17 13:58:37+00:00,693.0,2.79,3.29,3.59,0.0,0.0,1.0,0.0,0.22480023254394527,False,REGULAR,USD,P,2026-10-16,59,778.5800170898438,2026-08-18T08:43:39+00:00
XSP261016P00695000,2026-08-17 19:30:06+00:00,695.0,3.11,3.42,3.69,0.0,0.0,3.0,0.0,0.22226729888916014,False,REGULAR,USD,P,2026-10-16,59,778.5800170898438,2026-08-18T08:43:39+00:00
XSP261016P00700000,2026-08-18 02:47:38+00:00,700.0,3.6,3.69,4.0,0.26,7.7844315,1.0,0.0,0.2166521206665039,False,REGULAR,USD,P,2026-10-16,59,778.5800170898438,2026-08-18T08:43:39+00:00
XSP261016P00701000,2026-07-27 14:29:53+00:00,701.0,10.12,3.78,4.07,0.0,0.0,1.0,0.0,0.21558401611328126,False,REGULAR,USD,P,2026-10-16,59,778.5800170898438,2026-08-18T08:43:39+00:00
XSP261016P00702000,2026-08-11 14:01:35+00:00,702.0,3.92,3.82,4.13,0.0,0.0,3.0,0.0,0.21436332519531248,False,REGULAR,USD,P,2026-10-16,59,778.5800170898438,2026-08-18T08:43:39+00:00
XSP261016P00703000,2026-08-17 15:05:38+00:00,703.0,3.29,3.9,4.19,0.0,0.0,3.0,0.0,0.21311211700439453,False,REGULAR,USD,P,2026-10-16,59,778.5800170898438,2026-08-18T08:43:39+00:00
XSP261016P00704000,2026-08-05 14:03:24+00:00,704.0,4.71,3.96,4.26,0.0,0.0,2.0,0.0,0.21198297790527343,False,REGULAR,USD,P,2026-10-16,59,778.5800170898438,2026-08-18T08:43:39+00:00
XSP261016P00705000,2026-08-17 17:24:15+00:00,705.0,3.64,4.02,4.34,0.0,0.0,5.0,0.0,0.2110064251708984,False,REGULAR,USD,P,2026-10-16,59,778.5800170898438,2026-08-18T08:43:39+00:00
XSP261016P00708000,2026-08-11 13:46:08+00:00,708.0,4.44,4.24,4.56,0.0,0.0,,0.0,0.20758849060058593,False,REGULAR,USD,P,2026-10-16,59,778.5800170898438,2026-08-18T08:43:39+00:00
XSP261016P00709000,2026-08-11 15:29:36+00:00,709.0,4.45,4.32,4.63,0.0,0.0,1.0,0.0,0.20633728240966792,False,REGULAR,USD,P,2026-10-16,59,778.5800170898438,2026-08-18T08:43:39+00:00
XSP261016P00710000,2026-08-18 08:06:25+00:00,710.0,4.62,4.41,4.71,0.6799998,17.258879,1.0,0.0,0.20523866058349605,False,REGULAR,USD,P,2026-10-16,59,778.5800170898438,2026-08-18T08:43:39+00:00
XSP261016P00711000,2026-08-17 17:02:27+00:00,711.0,3.93,4.46,4.79,0.0,0.0,1.0,0.0,0.20410952148437497,False,REGULAR,USD,P,2026-10-16,59,778.5800170898438,2026-08-18T08:43:39+00:00
XSP261016P00712000,2026-08-13 15:18:35+00:00,712.0,3.9,4.55,4.87,0.0,0.0,1.0,0.0,0.20294986511230467,False,REGULAR,USD,P,2026-10-16,59,778.5800170898438,2026-08-18T08:43:39+00:00
XSP261016P00713000,2026-08-13 13:35:18+00:00,713.0,3.99,4.62,4.96,0.0,0.0,1.0,0.0,0.20191227783203125,False,REGULAR,USD,P,2026-10-16,59,778.5800170898438,2026-08-18T08:43:39+00:00
XSP261016P00714000,2026-08-13 15:24:27+00:00,714.0,4.02,4.71,5.04,0.0,0.0,1.0,0.0,0.20069158691406247,False,REGULAR,USD,P,2026-10-16,59,778.5800170898438,2026-08-18T08:43:39+00:00
XSP261016P00715000,2026-08-17 19:58:09+00:00,715.0,4.36,4.79,5.13,0.0,0.0,17.0,0.0,0.1996082237243652,False,REGULAR,USD,P,2026-10-16,59,778.5800170898438,2026-08-18T08:43:39+00:00
XSP261016P00716000,2026-08-11 18:20:24+00:00,716.0,5.11,4.91,5.21,0.0,0.0,9.0,0.0,0.19835701553344726,False,REGULAR,USD,P,2026-10-16,59,778.5800170898438,2026-08-18T08:43:39+00:00
XSP261016P00717000,2026-08-05 01:24:30+00:00,717.0,5.9,5.0,5.3,0.0,0.0,1.0,0.0,0.19721261779785154,False,REGULAR,USD,P,2026-10-16,59,778.5800170898438,2026-08-18T08:43:39+00:00
XSP261016P00718000,2026-08-10 13:45:57+00:00,718.0,5.15,5.06,5.4,0.0,0.0,1.0,0.0,0.19617503051757812,False,REGULAR,USD,P,2026-10-16,59,778.5800170898438,2026-08-18T08:43:39+00:00
XSP261016P00719000,2026-08-18 08:00:23+00:00,719.0,5.3,5.15,5.5,-0.21999979,-3.9855034,1.0,0.0,0.19510692596435547,False,REGULAR,USD,P,2026-10-16,59,778.5800170898438,2026-08-18T08:43:39+00:00
XSP261016P00720000,2026-08-17 19:32:29+00:00,720.0,4.78,5.25,5.59,0.0,0.0,46.0,0.0,0.19388623504638675,False,REGULAR,USD,P,2026-10-16,59,778.5800170898438,2026-08-18T08:43:39+00:00
XSP261016P00721000,2026-08-17 17:02:27+00:00,721.0,4.66,5.37,5.69,0.0,0.0,1.0,0.0,0.19275709594726562,False,REGULAR,USD,P,2026-10-16,59,778.5800170898438,2026-08-18T08:43:39+00:00
XSP261016P00722000,2026-08-11 16:26:46+00:00,722.0,5.72,5.45,5.79,0.0,0.0,5.0,0.0,0.19161269821166993,False,REGULAR,USD,P,2026-10-16,59,778.5800170898438,2026-08-18T08:43:39+00:00
XSP261016P00723000,2026-08-10 15:34:04+00:00,723.0,5.47,5.55,5.9,0.0,0.0,,0.0,0.1905598522949219,False,REGULAR,USD,P,2026-10-16,59,778.5800170898438,2026-08-18T08:43:39+00:00
XSP261016P00724000,2026-08-17 18:11:26+00:00,724.0,5.05,5.68,5.99,0.0,0.0,2.0,0.0,0.18921709228515626,False,REGULAR,USD,P,2026-10-16,59,778.5800170898438,2026-08-18T08:43:39+00:00
XSP261016P00725000,2026-08-17 19:58:09+00:00,725.0,5.21,5.76,6.11,0.0,0.0,14.0,0.0,0.18824053955078124,False,REGULAR,USD,P,2026-10-16,59,778.5800170898438,2026-08-18T08:43:39+00:00
XSP261016P00726000,2026-08-14 14:03:18+00:00,726.0,4.81,5.88,6.22,0.0,0.0,,0.0,0.18708088317871097,False,REGULAR,USD,P,2026-10-16,59,778.5800170898438,2026-08-18T08:43:39+00:00
XSP261016P00727000,2026-08-17 14:36:06+00:00,727.0,5.01,6.01,6.33,0.0,0.0,2.0,0.0,0.1859212268066406,False,REGULAR,USD,P,2026-10-16,59,778.5800170898438,2026-08-18T08:43:39+00:00
XSP261016P00728000,2026-08-13 14:47:31+00:00,728.0,5.04,6.11,6.46,0.0,0.0,1.0,0.0,0.18494467407226559,False,REGULAR,USD,P,2026-10-16,59,778.5800170898438,2026-08-18T08:43:39+00:00
XSP261016P00729000,2026-08-11 10:22:40+00:00,729.0,6.28,6.22,6.58,0.0,0.0,1.0,0.0,0.18383079360961913,False,REGULAR,USD,P,2026-10-16,59,778.5800170898438,2026-08-18T08:43:39+00:00
XSP261016P00730000,2026-08-17 19:51:49+00:00,730.0,5.72,6.35,6.7,0.0,0.0,23.0,0.0,0.1826863958740234,False,REGULAR,USD,P,2026-10-16,59,778.5800170898438,2026-08-18T08:43:39+00:00
XSP261016P00731000,2026-08-17 15:49:50+00:00,731.0,5.4,6.47,6.83,0.0,0.0,60.0,0.0,0.18161829132080076,False,REGULAR,USD,P,2026-10-16,59,778.5800170898438,2026-08-18T08:43:39+00:00
XSP261016P00732000,2026-08-17 17:37:33+00:00,732.0,5.96,6.63,6.99,0.0,0.0,1.0,0.0,0.1808401008605957,False,REGULAR,USD,P,2026-10-16,59,778.5800170898438,2026-08-18T08:43:39+00:00
XSP261016P00734000,2026-08-17 15:11:30+00:00,734.0,5.71,6.9,7.23,0.0,0.0,3.0,0.0,0.1783224258422852,False,REGULAR,USD,P,2026-10-16,59,778.5800170898438,2026-08-18T08:43:39+00:00
XSP261016P00735000,2026-08-17 16:40:37+00:00,735.0,5.91,7.04,7.36,0.0,0.0,4.0,0.0,0.1771017349243164,False,REGULAR,USD,P,2026-10-16,59,778.5800170898438,2026-08-18T08:43:39+00:00
XSP261016P00736000,2026-08-13 14:04:48+00:00,736.0,5.96,7.14,7.51,0.0,0.0,2.0,0.0,0.17609466491699222,False,REGULAR,USD,P,2026-10-16,59,778.5800170898438,2026-08-18T08:43:39+00:00
XSP261016P00737000,2026-08-17 17:37:33+00:00,737.0,6.55,7.29,7.65,0.0,0.0,1.0,0.0,0.17491974990844728,False,REGULAR,USD,P,2026-10-16,59,778.5800170898438,2026-08-18T08:43:39+00:00
XSP261016P00738000,2026-08-14 18:50:09+00:00,738.0,6.16,7.44,7.8,0.0,0.0,1.0,0.0,0.1738211280822754,False,REGULAR,USD,P,2026-10-16,59,778.5800170898438,2026-08-18T08:43:39+00:00
XSP261016P00739000,2026-08-17 15:11:30+00:00,739.0,6.29,7.6,7.96,0.0,0.0,3.0,0.0,0.1727987994384766,False,REGULAR,USD,P,2026-10-16,59,778.5800170898438,2026-08-18T08:43:39+00:00
XSP261016P00740000,2026-08-17 19:59:15+00:00,740.0,6.9,7.75,8.11,0.0,0.0,34.0,0.0,0.17160862579345704,False,REGULAR,USD,P,2026-10-16,59,778.5800170898438,2026-08-18T08:43:39+00:00
XSP261016P00741000,2026-08-14 18:51:32+00:00,741.0,6.52,7.92,8.28,0.0,0.0,2.0,0.0,0.17060155578613284,False,REGULAR,USD,P,2026-10-16,59,778.5800170898438,2026-08-18T08:43:39+00:00
XSP261016P00742000,2026-08-14 19:54:28+00:00,742.0,6.65,8.08,8.46,0.0,0.0,4.0,0.0,0.16965552032470704,False,REGULAR,USD,P,2026-10-16,59,778.5800170898438,2026-08-18T08:43:39+00:00
XSP261016P00743000,2026-08-04 18:18:50+00:00,743.0,9.24,8.3,8.61,0.0,0.0,2.0,0.0,0.16837379486083986,False,REGULAR,USD,P,2026-10-16,59,778.5800170898438,2026-08-18T08:43:39+00:00
XSP261016P00744000,2026-08-05 00:15:00+00:00,744.0,9.49,8.42,8.8,0.0,0.0,2.0,0.0,0.16744301803588868,False,REGULAR,USD,P,2026-10-16,59,778.5800170898438,2026-08-18T08:43:39+00:00
XSP261016P00745000,2026-08-17 20:08:49+00:00,745.0,7.66,8.6,8.98,0.0,0.0,140.0,0.0,0.1663749134826661,False,REGULAR,USD,P,2026-10-16,59,778.5800170898438,2026-08-18T08:43:39+00:00
XSP261016P00746000,2026-08-14 15:24:02+00:00,746.0,7.41,8.84,9.18,0.0,0.0,3.0,0.0,0.16544413665771485,False,REGULAR,USD,P,2026-10-16,59,778.5800170898438,2026-08-18T08:43:39+00:00
XSP261016P00747000,2026-08-14 16:30:28+00:00,747.0,7.5,9.03,9.35,0.0,0.0,3.0,0.0,0.1641929284667969,False,REGULAR,USD,P,2026-10-16,59,778.5800170898438,2026-08-18T08:43:39+00:00
XSP261016P00748000,2026-08-17 13:48:51+00:00,748.0,7.59,9.23,9.54,0.0,0.0,12.0,0.0,0.16309430664062502,False,REGULAR,USD,P,2026-10-16,59,778.5800170898438,2026-08-18T08:43:39+00:00
XSP261016P00749000,2026-08-17 14:57:41+00:00,749.0,7.83,9.43,9.74,0.0,0.0,4.0,0.0,0.16202620208740232,False,REGULAR,USD,P,2026-10-16,59,778.5800170898438,2026-08-18T08:43:39+00:00
XSP261016P00750000,2026-08-18 02:47:38+00:00,750.0,9.13,9.64,9.95,0.5500002,6.410259,11.0,0.0,0.16101913208007812,False,REGULAR,USD,P,2026-10-16,59,778.5800170898438,2026-08-18T08:43:39+00:00
XSP261016P00751000,2026-08-17 13:38:01+00:00,751.0,8.09,9.85,10.16,0.0,0.0,2.0,0.0,0.15996628616333008,False,REGULAR,USD,P,2026-10-16,59,778.5800170898438,2026-08-18T08:43:39+00:00
XSP261016P00752000,2026-08-18 02:45:13+00:00,752.0,9.5,10.07,10.41,1.1499996,13.7724495,3.0,0.0,0.1592186129760742,False,REGULAR,USD,P,2026-10-16,59,778.5800170898438,2026-08-18T08:43:39+00:00
XSP261016P00753000,2026-08-17 14:57:41+00:00,753.0,8.55,10.23,10.62,0.0,0.0,4.0,0.0,0.15807421524047854,False,REGULAR,USD,P,2026-10-16,59,778.5800170898438,2026-08-18T08:43:39+00:00
XSP261016P00754000,2026-08-17 14:18:01+00:00,754.0,8.66,10.46,10.87,0.0,0.0,2.0,0.0,0.157234990234375,False,REGULAR,USD,P,2026-10-16,59,778.5800170898438,2026-08-18T08:43:39+00:00
XSP261016P00755000,2026-08-18 08:06:25+00:00,755.0,11.08,10.7,11.09,1.5199995,15.899576,6.0,0.0,0.1560753338623047,False,REGULAR,USD,P,2026-10-16,59,778.5800170898438,2026-08-18T08:43:39+00:00
XSP261016P00756000,2026-08-17 13:48:51+00:00,756.0,9.05,11.0,11.39,0.0,0.0,12.0,0.0,0.15555654022216797,False,REGULAR,USD,P,2026-10-16,59,778.5800170898438,2026-08-18T08:43:39+00:00
XSP261016P00757000,2026-08-13 15:57:37+00:00,757.0,9.61,11.18,11.59,0.0,0.0,1.0,0.0,0.15412222839355472,False,REGULAR,USD,P,2026-10-16,59,778.5800170898438,2026-08-18T08:43:39+00:00
XSP261016P00758000,2026-08-14 19:44:26+00:00,758.0,9.38,11.44,11.84,0.0,0.0,12.0,0.0,0.15306938247680668,False,REGULAR,USD,P,2026-10-16,59,778.5800170898438,2026-08-18T08:43:39+00:00
XSP261016P00759000,2026-08-12 19:45:08+00:00,759.0,10.64,11.7,12.09,0.0,0.0,6.0,0.0,0.1519555020141602,False,REGULAR,USD,P,2026-10-16,59,778.5800170898438,2026-08-18T08:43:39+00:00
XSP261016P00760000,2026-08-17 19:51:49+00:00,760.0,10.72,12.05,12.36,0.0,0.0,130.0,0.0,0.15097894927978522,False,REGULAR,USD,P,2026-10-16,59,778.5800170898438,2026-08-18T08:43:39+00:00
XSP261016P00761000,2026-08-17 13:35:16+00:00,761.0,10.2,12.33,12.67,0.0,0.0,1.0,0.0,0.15026179336547857,False,REGULAR,USD,P,2026-10-16,59,778.5800170898438,2026-08-18T08:43:39+00:00
XSP261016P00762000,2026-08-18 06:07:43+00:00,762.0,12.65,12.53,12.96,1.7599993,16.161608,1.0,0.0,0.14933101654052733,False,REGULAR,USD,P,2026-10-16,59,778.5800170898438,2026-08-18T08:43:39+00:00
XSP261016P00763000,2026-08-17 16:49:51+00:00,763.0,10.81,12.82,13.22,0.0,0.0,12.0,0.0,0.1480798083496094,False,REGULAR,USD,P,2026-10-16,59,778.5800170898438,2026-08-18T08:43:39+00:00
XSP261016P00764000,2026-08-17 16:49:51+00:00,764.0,11.07,13.21,13.54,0.0,0.0,12.0,0.0,0.1472863592529297,False,REGULAR,USD,P,2026-10-16,59,778.5800170898438,2026-08-18T08:43:39+00:00
XSP261016P00765000,2026-08-17 19:18:55+00:00,765.0,11.83,13.52,13.83,0.0,0.0,7.0,0.0,0.14617247879028317,False,REGULAR,USD,P,2026-10-16,59,778.5800170898438,2026-08-18T08:43:39+00:00
XSP261016P00766000,2026-08-17 19:04:43+00:00,766.0,12.15,13.75,14.15,0.0,0.0,2.0,0.0,0.14524170196533204,False,REGULAR,USD,P,2026-10-16,59,778.5800170898438,2026-08-18T08:43:39+00:00
XSP261016P00767000,2026-08-17 19:13:49+00:00,767.0,12.49,14.17,14.52,0.0,0.0,4.0,0.0,0.14466187377929687,False,REGULAR,USD,P,2026-10-16,59,778.5800170898438,2026-08-18T08:43:39+00:00
XSP261016P00768000,2026-08-17 15:03:16+00:00,768.0,12.02,14.41,14.84,0.0,0.0,1.0,0.0,0.1436090278625488,False,REGULAR,USD,P,2026-10-16,59,778.5800170898438,2026-08-18T08:43:39+00:00
XSP261016P00769000,2026-08-17 19:13:49+00:00,769.0,13.09,14.75,15.18,0.0,0.0,1.0,0.0,0.14266299240112307,False,REGULAR,USD,P,2026-10-16,59,778.5800170898438,2026-08-18T08:43:39+00:00
XSP261016P00770000,2026-08-18 03:04:56+00:00,770.0,14.5,15.21,15.56,0.8800001,6.4610877,3.0,0.0,0.14196109512329103,False,REGULAR,USD,P,2026-10-16,59,778.5800170898438,2026-08-18T08:43:39+00:00
XSP261016P00771000,2026-08-11 18:23:05+00:00,771.0,15.66,15.47,15.9,0.0,0.0,14.0,0.0,0.14087773193359376,False,REGULAR,USD,P,2026-10-16,59,778.5800170898438,2026-08-18T08:43:39+00:00
XSP261016P00772000,2026-08-14 19:52:30+00:00,772.0,12.98,15.85,16.25,0.0,0.0,2.0,0.0,0.1397943687438965,False,REGULAR,USD,P,2026-10-16,59,778.5800170898438,2026-08-18T08:43:39+00:00
XSP261016P00773000,2026-08-14 17:49:08+00:00,773.0,13.65,16.23,16.63,0.0,0.0,1.0,0.0,0.13889410919189454,False,REGULAR,USD,P,2026-10-16,59,778.5800170898438,2026-08-18T08:43:39+00:00
XSP261016P00774000,2026-08-17 19:11:50+00:00,774.0,14.69,16.62,17.05,0.0,0.0,1.0,0.0,0.13823798782348634,False,REGULAR,USD,P,2026-10-16,59,778.5800170898438,2026-08-18T08:43:39+00:00
XSP261016P00775000,2026-08-17 19:59:15+00:00,775.0,15.16,17.02,17.46,0.0,0.0,30.0,0.0,0.13742928009033206,True,REGULAR,USD,P,2026-10-16,59,778.5800170898438,2026-08-18T08:43:39+00:00
XSP261016P00776000,2026-08-17 13:30:04+00:00,776.0,14.29,17.44,17.87,0.0,0.0,1.0,0.0,0.13655953781127933,True,REGULAR,USD,P,2026-10-16,59,778.5800170898438,2026-08-18T08:43:39+00:00
XSP261016P00777000,2026-08-17 17:25:40+00:00,777.0,15.85,17.86,18.3,0.0,0.0,22.0,0.0,0.1357660887145996,True,REGULAR,USD,P,2026-10-16,59,778.5800170898438,2026-08-18T08:43:39+00:00
XSP261016P00778000,2026-08-17 16:25:44+00:00,778.0,15.32,18.29,18.73,0.0,0.0,3.0,0.0,0.1348963464355469,True,REGULAR,USD,P,2026-10-16,59,778.5800170898438,2026-08-18T08:43:39+00:00
XSP261016P00779000,2026-08-14 19:12:29+00:00,779.0,15.64,18.74,19.18,0.0,0.0,6.0,0.0,0.1341028973388672,True,REGULAR,USD,P,2026-10-16,59,778.5800170898438,2026-08-18T08:43:39+00:00
XSP261016P00780000,2026-08-17 18:46:34+00:00,780.0,16.9,19.2,19.61,0.0,0.0,5.0,0.0,0.13308056869506835,True,REGULAR,USD,P,2026-10-16,59,778.5800170898438,2026-08-18T08:43:39+00:00
XSP261016P00781000,2026-08-17 14:18:32+00:00,781.0,16.49,19.65,20.11,0.0,0.0,2.0,0.0,0.13254651641845705,True,REGULAR,USD,P,2026-10-16,59,778.5800170898438,2026-08-18T08:43:39+00:00
XSP261016P00782000,2026-08-14 15:59:29+00:00,782.0,17.03,20.14,20.56,0.0,0.0,,0.0,0.13152418777465819,True,REGULAR,USD,P,2026-10-16,59,778.5800170898438,2026-08-18T08:43:39+00:00
XSP261016P00784000,2026-08-13 16:17:47+00:00,784.0,18.27,21.08,21.56,0.0,0.0,4.0,0.0,0.13002884140014648,True,REGULAR,USD,P,2026-10-16,59,778.5800170898438,2026-08-18T08:43:39+00:00
XSP261016P00785000,2026-08-05 19:58:19+00:00,785.0,22.13,21.63,22.13,0.0,0.0,2.0,0.0,0.12973892730712888,True,REGULAR,USD,P,2026-10-16,59,778.5800170898438,2026-08-18T08:43:39+00:00
XSP261016P00787000,2026-08-14 15:59:29+00:00,787.0,19.24,20.69,25.69,0.0,0.0,,0.0,0.14887325744628904,True,REGULAR,USD,P,2026-10-16,59,778.5800170898438,2026-08-18T08:43:39+00:00
XSP261016P00788000,2026-08-17 19:18:55+00:00,788.0,20.63,21.24,26.24,0.0,0.0,2.0,0.0,0.1482934292602539,True,REGULAR,USD,P,2026-10-16,59,778.5800170898438,2026-08-18T08:43:39+00:00
XSP261016P00789000,2026-08-06 18:45:20+00:00,789.0,24.9,23.53,24.75,0.0,0.0,199.0,0.0,0.130593410949707,True,REGULAR,USD,P,2026-10-16,59,778.5800170898438,2026-08-18T08:43:39+00:00
XSP261016P00790000,2026-08-17 13:50:43+00:00,790.0,20.53,24.22,25.07,0.0,0.0,764.0,0.0,0.1277858218383789,True,REGULAR,USD,P,2026-10-16,59,778.5800170898438,2026-08-18T08:43:39+00:00
XSP261016P00792000,2026-07-30 12:36:06+00:00,792.0,52.08,25.26,26.51,0.0,0.0,4.0,0.0,0.12870134002685546,True,REGULAR,USD,P,2026-10-16,59,778.5800170898438,2026-08-18T08:43:39+00:00
XSP261016P00793000,2026-08-17 19:18:55+00:00,793.0,23.32,24.19,29.19,0.0,0.0,2.0,0.0,0.14597411651611325,True,REGULAR,USD,P,2026-10-16,59,778.5800170898438,2026-08-18T08:43:39+00:00
XSP261016P00795000,2026-08-17 19:14:49+00:00,795.0,24.61,27.25,28.14,0.0,0.0,2.0,0.0,0.12481038772583009,True,REGULAR,USD,P,2026-10-16,59,778.5800170898438,2026-08-18T08:43:39+00:00
XSP261016P00798000,2026-08-13 18:11:13+00:00,798.0,24.85,27.44,32.44,0.0,0.0,,0.0,0.1444329942321777,True,REGULAR,USD,P,2026-10-16,59,778.5800170898438,2026-08-18T08:43:39+00:00
XSP261016P00799000,2026-08-05 14:15:12+00:00,799.0,28.12,28.12,33.12,0.0,0.0,,0.0,0.14417359741210936,True,REGULAR,USD,P,2026-10-16,59,778.5800170898438,2026-08-18T08:43:39+00:00
XSP261016P00800000,2026-08-14 15:55:44+00:00,800.0,26.35,28.83,33.83,0.0,0.0,2.0,0.0,0.14411256286621094,True,REGULAR,USD,P,2026-10-16,59,778.5800170898438,2026-08-18T08:43:39+00:00
XSP261016P00805000,2026-07-13 14:55:19+00:00,805.0,48.72,32.48,37.48,0.0,0.0,,0.0,0.14373109695434572,True,REGULAR,USD,P,2026-10-16,59,778.5800170898438,2026-08-18T08:43:39+00:00
XSP261016P00810000,2026-07-13 14:55:19+00:00,810.0,52.69,36.36,41.36,0.0,0.0,13.0,0.0,0.1439599765014648,True,REGULAR,USD,P,2026-10-16,59,778.5800170898438,2026-08-18T08:43:39+00:00
XSP261016P00815000,2026-08-13 19:37:21+00:00,815.0,35.6,40.46,45.46,0.0,0.0,1.0,0.0,0.14499756378173828,True,REGULAR,USD,P,2026-10-16,59,778.5800170898438,2026-08-18T08:43:39+00:00
XSP261016P00820000,2026-08-13 15:34:17+00:00,820.0,40.8,0.0,0.0,0.0,0.0,38.0,0.0,1.0000000000000003e-05,True,REGULAR,USD,P,2026-10-16,59,778.5800170898438,2026-08-18T08:43:39+00:00
XSP261016P00830000,2026-07-10 18:18:04+00:00,830.0,67.6,0.0,0.0,0.0,0.0,,0.0,1.0000000000000003e-05,True,REGULAR,USD,P,2026-10-16,59,778.5800170898438,2026-08-18T08:43:39+00:00
XSP261016P00870000,2026-06-04 19:05:18+00:00,870.0,100.88,111.55,113.18,0.0,0.0,14.0,0.0,0.39267575103759766,True,REGULAR,USD,P,2026-10-16,59,778.5800170898438,2026-08-18T08:43:39+00:00
XSP261016P00880000,2026-06-04 19:05:18+00:00,880.0,110.27,121.34,122.97,0.0,0.0,14.0,0.0,0.41084878707885747,True,REGULAR,USD,P,2026-10-16,59,778.5800170898438,2026-08-18T08:43:39+00:00
XSP261016P01000000,2026-06-30 10:13:10+00:00,1000.0,243.91,0.0,0.0,0.0,0.0,,0.0,1.0000000000000003e-05,True,REGULAR,USD,P,2026-10-16,59,778.5800170898438,2026-08-18T08:43:39+00:00
XSP261120C00335000,2026-06-10 19:50:14+00:00,335.0,397.96,0.0,0.0,0.0,0.0,,5.0,1.0000000000000003e-05,True,REGULAR,USD,C,2026-11-20,94,778.5800170898438,2026-08-18T08:43:39+00:00
XSP261120C00425000,2026-08-05 18:40:21+00:00,425.0,352.96,0.0,0.0,0.0,0.0,,0.0,1.0000000000000003e-05,True,REGULAR,USD,C,2026-11-20,94,778.5800170898438,2026-08-18T08:43:39+00:00
XSP261120C00430000,2026-08-05 18:40:21+00:00,430.0,348.03,0.0,0.0,0.0,0.0,1.0,0.0,1.0000000000000003e-05,True,REGULAR,USD,C,2026-11-20,94,778.5800170898438,2026-08-18T08:43:39+00:00
XSP261120C00460000,2026-05-04 19:54:44+00:00,460.0,268.85,0.0,0.0,0.0,0.0,1.0,4.0,1.0000000000000003e-05,True,REGULAR,USD,C,2026-11-20,94,778.5800170898438,2026-08-18T08:43:39+00:00
XSP261120C00465000,2026-08-07 15:55:49+00:00,465.0,315.0,0.0,0.0,0.0,0.0,1.0,0.0,1.0000000000000003e-05,True,REGULAR,USD,C,2026-11-20,94,778.5800170898438,2026-08-18T08:43:39+00:00
XSP261120C00470000,2026-04-28 19:02:14+00:00,470.0,253.96,0.0,0.0,0.0,0.0,1.0,4.0,1.0000000000000003e-05,True,REGULAR,USD,C,2026-11-20,94,778.5800170898438,2026-08-18T08:43:39+00:00
XSP261120C00480000,2026-04-27 20:01:02+00:00,480.0,247.87,0.0,0.0,0.0,0.0,2.0,4.0,1.0000000000000003e-05,True,REGULAR,USD,C,2026-11-20,94,778.5800170898438,2026-08-18T08:43:39+00:00
XSP261120C00490000,2026-05-04 19:53:47+00:00,490.0,240.43,0.0,0.0,0.0,0.0,1.0,4.0,1.0000000000000003e-05,True,REGULAR,USD,C,2026-11-20,94,778.5800170898438,2026-08-18T08:43:39+00:00
XSP261120C00495000,2026-08-13 17:49:55+00:00,495.0,288.28,0.0,0.0,0.0,0.0,1.0,0.0,1.0000000000000003e-05,True,REGULAR,USD,C,2026-11-20,94,778.5800170898438,2026-08-18T08:43:39+00:00
XSP261120C00500000,2026-07-17 14:50:15+00:00,500.0,254.84,0.0,0.0,0.0,0.0,5.0,0.0,1.0000000000000003e-05,True,REGULAR,USD,C,2026-11-20,94,778.5800170898438,2026-08-18T08:43:39+00:00
XSP261120C00510000,2026-07-07 16:31:15+00:00,510.0,248.93,0.0,0.0,0.0,0.0,2.0,0.0,1.0000000000000003e-05,True,REGULAR,USD,C,2026-11-20,94,778.5800170898438,2026-08-18T08:43:39+00:00
XSP261120C00520000,2026-08-13 17:49:55+00:00,520.0,263.75,0.0,0.0,0.0,0.0,1.0,0.0,1.0000000000000003e-05,True,REGULAR,USD,C,2026-11-20,94,778.5800170898438,2026-08-18T08:43:39+00:00
XSP261120C00530000,2026-04-28 19:02:14+00:00,530.0,197.49,0.0,0.0,0.0,0.0,1.0,4.0,1.0000000000000003e-05,True,REGULAR,USD,C,2026-11-20,94,778.5800170898438,2026-08-18T08:43:39+00:00
XSP261120C00540000,2026-04-27 20:01:02+00:00,540.0,191.6,0.0,0.0,0.0,0.0,2.0,5.0,1.0000000000000003e-05,True,REGULAR,USD,C,2026-11-20,94,778.5800170898438,2026-08-18T08:43:39+00:00
XSP261120C00550000,2026-01-14 15:13:30+00:00,550.0,165.59,148.84,152.9,0.0,0.0,1.0,1.0,1.0000000000000003e-05,True,REGULAR,USD,C,2026-11-20,94,778.5800170898438,2026-08-18T08:43:39+00:00
XSP261120C00570000,2026-06-11 17:29:56+00:00,570.0,176.66,0.0,0.0,0.0,0.0,1.0,4.0,1.0000000000000003e-05,True,REGULAR,USD,C,2026-11-20,94,778.5800170898438,2026-08-18T08:43:39+00:00
XSP261120C00580000,2026-07-10 14:24:01+00:00,580.0,185.05,0.0,0.0,0.0,0.0,3.0,0.0,1.0000000000000003e-05,True,REGULAR,USD,C,2026-11-20,94,778.5800170898438,2026-08-18T08:43:39+00:00
XSP261120C00590000,2026-05-15 19:41:32+00:00,590.0,168.74,176.75,177.91,0.0,0.0,1.0,2.0,1.0000000000000003e-05,True,REGULAR,USD,C,2026-11-20,94,778.5800170898438,2026-08-18T08:43:39+00:00
XSP261120C00595000,2026-05-06 19:30:32+00:00,595.0,158.22,0.0,0.0,0.0,0.0,1.0,2.0,1.0000000000000003e-05,True,REGULAR,USD,C,2026-11-20,94,778.5800170898438,2026-08-18T08:43:39+00:00
XSP261120C00600000,2026-08-14 19:35:06+00:00,600.0,185.11,0.0,0.0,0.0,0.0,1.0,0.0,1.0000000000000003e-05,True,REGULAR,USD,C,2026-11-20,94,778.5800170898438,2026-08-18T08:43:39+00:00
XSP261120C00603000,2026-01-22 16:22:43+00:00,603.0,119.11,104.85,108.81,0.0,0.0,25.0,25.0,1.0000000000000003e-05,True,REGULAR,USD,C,2026-11-20,94,778.5800170898438,2026-08-18T08:43:39+00:00
XSP261120C00604000,2026-05-22 14:25:01+00:00,604.0,158.59,156.13,157.76,0.0,0.0,1.0,0.0,1.0000000000000003e-05,True,REGULAR,USD,C,2026-11-20,94,778.5800170898438,2026-08-18T08:43:39+00:00
XSP261120C00605000,2026-06-25 17:50:27+00:00,605.0,144.73,0.0,0.0,0.0,0.0,,0.0,1.0000000000000003e-05,True,REGULAR,USD,C,2026-11-20,94,778.5800170898438,2026-08-18T08:43:39+00:00
XSP261120C00608000,2026-04-01 14:53:20+00:00,608.0,85.44,146.34,147.97,0.0,0.0,1.0,0.0,1.0000000000000003e-05,True,REGULAR,USD,C,2026-11-20,94,778.5800170898438,2026-08-18T08:43:39+00:00
XSP261120C00610000,2026-06-04 19:40:35+00:00,610.0,164.62,150.51,152.14,0.0,0.0,1.0,0.0,1.0000000000000003e-05,True,REGULAR,USD,C,2026-11-20,94,778.5800170898438,2026-08-18T08:43:39+00:00
XSP261120C00614000,2026-02-19 18:59:01+00:00,614.0,103.46,78.88,80.53,0.0,0.0,,0.0,1.0000000000000003e-05,True,REGULAR,USD,C,2026-11-20,94,778.5800170898438,2026-08-18T08:43:39+00:00
XSP261120C00615000,2025-11-03 20:32:16+00:00,615.0,113.37,111.68,112.99,0.0,0.0,,0.0,1.0000000000000003e-05,True,REGULAR,USD,C,2026-11-20,94,778.5800170898438,2026-08-18T08:43:39+00:00
XSP261120C00616000,2026-04-01 17:13:58+00:00,616.0,80.79,139.24,140.87,0.0,0.0,,0.0,1.0000000000000003e-05,True,REGULAR,USD,C,2026-11-20,94,778.5800170898438,2026-08-18T08:43:39+00:00
XSP261120C00620000,2026-06-24 14:24:35+00:00,620.0,135.92,0.0,0.0,0.0,0.0,1.0,0.0,1.0000000000000003e-05,True,REGULAR,USD,C,2026-11-20,94,778.5800170898438,2026-08-18T08:43:39+00:00
XSP261120C00621000,2026-04-01 14:52:26+00:00,621.0,75.78,134.83,136.46,0.0,0.0,1.0,0.0,1.0000000000000003e-05,True,REGULAR,USD,C,2026-11-20,94,778.5800170898438,2026-08-18T08:43:39+00:00
XSP261120C00624000,2026-03-20 13:48:27+00:00,624.0,75.0,0.0,0.0,0.0,0.0,1.0,0.0,1.0000000000000003e-05,True,REGULAR,USD,C,2026-11-20,94,778.5800170898438,2026-08-18T08:43:39+00:00
XSP261120C00628000,2025-10-28 16:32:48+00:00,628.0,104.93,95.79,98.94,0.0,0.0,,2.0,1.0000000000000003e-05,True,REGULAR,USD,C,2026-11-20,94,778.5800170898438,2026-08-18T08:43:39+00:00
XSP261120C00629000,2026-01-06 15:42:38+00:00,629.0,99.23,98.22,99.91,0.0,0.0,,0.0,1.0000000000000003e-05,True,REGULAR,USD,C,2026-11-20,94,778.5800170898438,2026-08-18T08:43:39+00:00
XSP261120C00630000,2026-08-04 13:52:25+00:00,630.0,144.54,0.0,0.0,0.0,0.0,1.0,0.0,1.0000000000000003e-05,True,REGULAR,USD,C,2026-11-20,94,778.5800170898438,2026-08-18T08:43:39+00:00
XSP261120C00631000,2025-12-05 15:47:22+00:00,631.0,99.49,97.05,98.66,0.0,0.0,12.0,0.0,1.0000000000000003e-05,True,REGULAR,USD,C,2026-11-20,94,778.5800170898438,2026-08-18T08:43:39+00:00
XSP261120C00634000,2026-01-02 14:40:06+00:00,634.0,91.19,94.5,95.92,0.0,0.0,2.0,1.0,1.0000000000000003e-05,True,REGULAR,USD,C,2026-11-20,94,778.5800170898438,2026-08-18T08:43:39+00:00
XSP261120C00635000,2026-04-09 14:13:27+00:00,635.0,76.7,0.0,0.0,0.0,0.0,2.0,4.0,1.0000000000000003e-05,True,REGULAR,USD,C,2026-11-20,94,778.5800170898438,2026-08-18T08:43:39+00:00
XSP261120C00638000,2026-05-14 14:18:43+00:00,638.0,131.34,132.56,133.76,0.0,0.0,1.0,2.0,1.0000000000000003e-05,True,REGULAR,USD,C,2026-11-20,94,778.5800170898438,2026-08-18T08:43:39+00:00
XSP261120C00640000,2026-06-05 16:43:54+00:00,640.0,124.26,122.79,124.42,0.0,0.0,1.0,0.0,1.0000000000000003e-05,True,REGULAR,USD,C,2026-11-20,94,778.5800170898438,2026-08-18T08:43:39+00:00
XSP261120C00641000,2026-06-29 14:03:19+00:00,641.0,115.38,0.0,0.0,0.0,0.0,2.0,0.0,1.0000000000000003e-05,True,REGULAR,USD,C,2026-11-20,94,778.5800170898438,2026-08-18T08:43:39+00:00
XSP261120C00644000,2026-06-29 14:34:35+00:00,644.0,113.29,0.0,0.0,0.0,0.0,1.0,0.0,1.0000000000000003e-05,True,REGULAR,USD,C,2026-11-20,94,778.5800170898438,2026-08-18T08:43:39+00:00
XSP261120C00646000,2026-01-12 14:51:49+00:00,646.0,88.38,85.24,86.54,0.0,0.0,,1.0,1.0000000000000003e-05,True,REGULAR,USD,C,2026-11-20,94,778.5800170898438,2026-08-18T08:43:39+00:00
XSP261120C00649000,2025-11-03 19:07:13+00:00,649.0,88.05,85.1,86.29,0.0,0.0,,1.0,1.0000000000000003e-05,True,REGULAR,USD,C,2026-11-20,94,778.5800170898438,2026-08-18T08:43:39+00:00
XSP261120C00650000,2026-08-03 18:30:03+00:00,650.0,117.0,0.0,0.0,0.0,0.0,1.0,0.0,1.0000000000000003e-05,True,REGULAR,USD,C,2026-11-20,94,778.5800170898438,2026-08-18T08:43:39+00:00
XSP261120C00651000,2026-06-24 14:09:37+00:00,651.0,107.23,0.0,0.0,0.0,0.0,,0.0,1.0000000000000003e-05,True,REGULAR,USD,C,2026-11-20,94,778.5800170898438,2026-08-18T08:43:39+00:00
XSP261120C00652000,2025-12-26 16:11:51+00:00,652.0,82.89,81.08,82.39,0.0,0.0,1.0,1.0,1.0000000000000003e-05,True,REGULAR,USD,C,2026-11-20,94,778.5800170898438,2026-08-18T08:43:39+00:00
XSP261120C00653000,2026-05-01 18:38:16+00:00,653.0,96.88,0.0,0.0,0.0,0.0,5.0,3.0,1.0000000000000003e-05,True,REGULAR,USD,C,2026-11-20,94,778.5800170898438,2026-08-18T08:43:39+00:00
XSP261120C00654000,2025-11-07 20:47:06+00:00,654.0,73.56,81.35,82.52,0.0,0.0,2.0,1.0,1.0000000000000003e-05,True,REGULAR,USD,C,2026-11-20,94,778.5800170898438,2026-08-18T08:43:39+00:00
XSP261120C00655000,2025-11-25 17:44:16+00:00,655.0,73.25,80.72,81.73,0.0,0.0,9.0,9.0,1.0000000000000003e-05,True,REGULAR,USD,C,2026-11-20,94,778.5800170898438,2026-08-18T08:43:39+00:00
XSP261120C00656000,2025-11-25 17:34:43+00:00,656.0,72.8,79.86,81.02,0.0,0.0,6.0,5.0,1.0000000000000003e-05,True,REGULAR,USD,C,2026-11-20,94,778.5800170898438,2026-08-18T08:43:39+00:00
XSP261120C00657000,2026-01-06 17:52:11+00:00,657.0,78.78,76.79,77.99,0.0,0.0,2.0,1.0,1.0000000000000003e-05,True,REGULAR,USD,C,2026-11-20,94,778.5800170898438,2026-08-18T08:43:39+00:00
XSP261120C00659000,2026-06-24 14:10:04+00:00,659.0,100.23,0.0,0.0,0.0,0.0,1.0,0.0,1.0000000000000003e-05,True,REGULAR,USD,C,2026-11-20,94,778.5800170898438,2026-08-18T08:43:39+00:00
XSP261120C00660000,2026-07-31 14:08:30+00:00,660.0,95.65,0.0,0.0,0.0,0.0,1.0,0.0,1.0000000000000003e-05,True,REGULAR,USD,C,2026-11-20,94,778.5800170898438,2026-08-18T08:43:39+00:00
XSP261120C00661000,2026-06-26 14:08:00+00:00,661.0,95.37,0.0,0.0,0.0,0.0,1.0,0.0,1.0000000000000003e-05,True,REGULAR,USD,C,2026-11-20,94,778.5800170898438,2026-08-18T08:43:39+00:00
XSP261120C00662000,2026-06-26 15:50:37+00:00,662.0,97.17,0.0,0.0,0.0,0.0,2.0,0.0,1.0000000000000003e-05,True,REGULAR,USD,C,2026-11-20,94,778.5800170898438,2026-08-18T08:43:39+00:00
XSP261120C00663000,2025-12-24 15:41:20+00:00,663.0,73.9,72.86,74.16,0.0,0.0,1.0,2.0,1.0000000000000003e-05,True,REGULAR,USD,C,2026-11-20,94,778.5800170898438,2026-08-18T08:43:39+00:00
XSP261120C00664000,2025-12-05 16:26:40+00:00,664.0,74.49,72.06,73.31,0.0,0.0,1.0,0.0,1.0000000000000003e-05,True,REGULAR,USD,C,2026-11-20,94,778.5800170898438,2026-08-18T08:43:39+00:00
XSP261120C00665000,2025-11-24 19:03:33+00:00,665.0,64.11,73.23,74.36,0.0,0.0,1.0,16.0,1.0000000000000003e-05,True,REGULAR,USD,C,2026-11-20,94,778.5800170898438,2026-08-18T08:43:39+00:00
XSP261120C00666000,2026-04-17 13:38:30+00:00,666.0,76.21,0.0,0.0,0.0,0.0,2.0,2.0,1.0000000000000003e-05,True,REGULAR,USD,C,2026-11-20,94,778.5800170898438,2026-08-18T08:43:39+00:00
XSP261120C00667000,2026-03-31 19:37:25+00:00,667.0,42.0,95.53,97.16,0.0,0.0,6.0,0.0,1.0000000000000003e-05,True,REGULAR,USD,C,2026-11-20,94,778.5800170898438,2026-08-18T08:43:39+00:00
XSP261120C00668000,2026-02-18 19:05:25+00:00,668.0,65.14,42.45,43.8,0.0,0.0,2.0,0.0,1.0000000000000003e-05,True,REGULAR,USD,C,2026-11-20,94,778.5800170898438,2026-08-18T08:43:39+00:00
XSP261120C00669000,2026-01-27 16:43:58+00:00,669.0,72.7,56.12,58.81,0.0,0.0,2.0,7.0,1.0000000000000003e-05,True,REGULAR,USD,C,2026-11-20,94,778.5800170898438,2026-08-18T08:43:39+00:00
XSP261120C00670000,2026-05-26 14:06:24+00:00,670.0,105.56,96.14,97.35,0.0,0.0,1.0,0.0,1.0000000000000003e-05,True,REGULAR,USD,C,2026-11-20,94,778.5800170898438,2026-08-18T08:43:39+00:00
XSP261120C00671000,2026-03-04 19:28:19+00:00,671.0,61.42,40.62,41.96,0.0,0.0,1.0,0.0,1.0000000000000003e-05,True,REGULAR,USD,C,2026-11-20,94,778.5800170898438,2026-08-18T08:43:39+00:00
XSP261120C00672000,2026-04-17 16:09:14+00:00,672.0,74.65,0.0,0.0,0.0,0.0,1.0,17.0,1.0000000000000003e-05,True,REGULAR,USD,C,2026-11-20,94,778.5800170898438,2026-08-18T08:43:39+00:00
XSP261120C00673000,2026-07-08 19:31:27+00:00,673.0,92.37,0.0,0.0,0.0,0.0,2.0,0.0,1.0000000000000003e-05,True,REGULAR,USD,C,2026-11-20,94,778.5800170898438,2026-08-18T08:43:39+00:00
XSP261120C00674000,2025-10-22 16:09:10+00:00,674.0,58.7,60.52,61.71,0.0,0.0,,1.0,1.0000000000000003e-05,True,REGULAR,USD,C,2026-11-20,94,778.5800170898438,2026-08-18T08:43:39+00:00
XSP261120C00675000,2026-04-15 19:51:27+00:00,675.0,64.45,104.64,107.21,0.0,0.0,1.0,2.0,0.2628857891845704,True,REGULAR,USD,C,2026-11-20,94,778.5800170898438,2026-08-18T08:43:39+00:00
XSP261120C00676000,2026-07-02 15:58:12+00:00,676.0,90.26,0.0,0.0,0.0,0.0,6.0,0.0,1.0000000000000003e-05,True,REGULAR,USD,C,2026-11-20,94,778.5800170898438,2026-08-18T08:43:39+00:00
XSP261120C00677000,2025-11-14 21:08:25+00:00,677.0,59.9,64.66,65.72,0.0,0.0,8.0,16.0,1.0000000000000003e-05,True,REGULAR,USD,C,2026-11-20,94,778.5800170898438,2026-08-18T08:43:39+00:00
XSP261120C00678000,2026-01-06 20:03:33+00:00,678.0,64.57,61.71,62.78,0.0,0.0,,1.0,1.0000000000000003e-05,True,REGULAR,USD,C,2026-11-20,94,778.5800170898438,2026-08-18T08:43:39+00:00
XSP261120C00679000,2026-01-02 15:10:51+00:00,679.0,59.27,61.01,62.11,0.0,0.0,8.0,4.0,1.0000000000000003e-05,True,REGULAR,USD,C,2026-11-20,94,778.5800170898438,2026-08-18T08:43:39+00:00
XSP261120C00680000,2026-07-23 17:49:11+00:00,680.0,79.37,0.0,0.0,0.0,0.0,4.0,0.0,1.0000000000000003e-05,True,REGULAR,USD,C,2026-11-20,94,778.5800170898438,2026-08-18T08:43:39+00:00
XSP261120C00681000,2026-03-06 16:43:22+00:00,681.0,48.55,34.75,36.02,0.0,0.0,1.0,0.0,1.0000000000000003e-05,True,REGULAR,USD,C,2026-11-20,94,778.5800170898438,2026-08-18T08:43:39+00:00
XSP261120C00682000,2025-12-31 14:57:11+00:00,682.0,57.75,59.39,60.52,0.0,0.0,,0.0,1.0000000000000003e-05,True,REGULAR,USD,C,2026-11-20,94,778.5800170898438,2026-08-18T08:43:39+00:00
XSP261120C00683000,2026-08-07 15:40:56+00:00,683.0,104.41,0.0,0.0,0.0,0.0,1.0,0.0,1.0000000000000003e-05,True,REGULAR,USD,C,2026-11-20,94,778.5800170898438,2026-08-18T08:43:39+00:00
XSP261120C00684000,2025-12-04 14:31:29+00:00,684.0,59.96,59.9,60.76,0.0,0.0,1.0,8.0,1.0000000000000003e-05,True,REGULAR,USD,C,2026-11-20,94,778.5800170898438,2026-08-18T08:43:39+00:00
XSP261120C00685000,2026-06-15 17:34:07+00:00,685.0,93.95,0.0,0.0,0.0,0.0,1.0,16.0,1.0000000000000003e-05,True,REGULAR,USD,C,2026-11-20,94,778.5800170898438,2026-08-18T08:43:39+00:00
XSP261120C00686000,2026-02-24 19:13:55+00:00,686.0,52.6,31.95,33.22,0.0,0.0,1.0,0.0,1.0000000000000003e-05,True,REGULAR,USD,C,2026-11-20,94,778.5800170898438,2026-08-18T08:43:39+00:00
XSP261120C00687000,2025-11-25 17:45:01+00:00,687.0,52.25,57.76,58.78,0.0,0.0,3.0,5.0,1.0000000000000003e-05,True,REGULAR,USD,C,2026-11-20,94,778.5800170898438,2026-08-18T08:43:39+00:00
XSP261120C00688000,2025-11-25 17:45:29+00:00,688.0,51.7,57.08,57.96,0.0,0.0,2.0,5.0,1.0000000000000003e-05,True,REGULAR,USD,C,2026-11-20,94,778.5800170898438,2026-08-18T08:43:39+00:00
XSP261120C00689000,2025-12-04 14:31:43+00:00,689.0,56.68,56.41,57.42,0.0,0.0,6.0,6.0,1.0000000000000003e-05,True,REGULAR,USD,C,2026-11-20,94,778.5800170898438,2026-08-18T08:43:39+00:00
XSP261120C00690000,2026-06-09 16:50:59+00:00,690.0,67.28,84.36,85.69,0.0,0.0,1.0,2.0,0.13999273101806642,True,REGULAR,USD,C,2026-11-20,94,778.5800170898438,2026-08-18T08:43:39+00:00
XSP261120C00691000,2026-05-28 19:22:12+00:00,691.0,90.13,77.79,79.4,0.0,0.0,1.0,0.0,1.0000000000000003e-05,True,REGULAR,USD,C,2026-11-20,94,778.5800170898438,2026-08-18T08:43:39+00:00
XSP261120C00693000,2026-05-28 19:22:12+00:00,693.0,88.48,76.11,77.71,0.0,0.0,1.0,0.0,1.0000000000000003e-05,True,REGULAR,USD,C,2026-11-20,94,778.5800170898438,2026-08-18T08:43:39+00:00
XSP261120C00694000,2026-02-11 01:58:09+00:00,694.0,52.43,27.65,28.82,0.0,0.0,2.0,0.0,1.0000000000000003e-05,True,REGULAR,USD,C,2026-11-20,94,778.5800170898438,2026-08-18T08:43:39+00:00
XSP261120C00695000,2026-07-09 13:58:44+00:00,695.0,76.69,0.0,0.0,0.0,0.0,8.0,0.0,1.0000000000000003e-05,True,REGULAR,USD,C,2026-11-20,94,778.5800170898438,2026-08-18T08:43:39+00:00
XSP261120C00696000,2026-07-10 14:46:39+00:00,696.0,78.11,0.0,0.0,0.0,0.0,2.0,0.0,1.0000000000000003e-05,True,REGULAR,USD,C,2026-11-20,94,778.5800170898438,2026-08-18T08:43:39+00:00
XSP261120C00697000,2025-11-10 15:47:01+00:00,697.0,50.5,51.24,51.97,0.0,0.0,1.0,1.0,1.0000000000000003e-05,True,REGULAR,USD,C,2026-11-20,94,778.5800170898438,2026-08-18T08:43:39+00:00
XSP261120C00698000,2025-11-20 18:09:30+00:00,698.0,40.59,50.67,51.19,0.0,0.0,2.0,0.0,1.0000000000000003e-05,True,REGULAR,USD,C,2026-11-20,94,778.5800170898438,2026-08-18T08:43:39+00:00
XSP261120C00699000,2026-04-15 17:34:11+00:00,699.0,45.95,79.19,81.73,0.0,0.0,,1.0,0.20020331054687499,True,REGULAR,USD,C,2026-11-20,94,778.5800170898438,2026-08-18T08:43:39+00:00
XSP261120C00700000,2026-08-13 14:03:15+00:00,700.0,92.39,0.0,0.0,0.0,0.0,1.0,0.0,1.0000000000000003e-05,True,REGULAR,USD,C,2026-11-20,94,778.5800170898438,2026-08-18T08:43:39+00:00
XSP261120C00701000,2026-05-27 17:36:09+00:00,701.0,78.26,69.45,71.04,0.0,0.0,2.0,0.0,1.0000000000000003e-05,True,REGULAR,USD,C,2026-11-20,94,778.5800170898438,2026-08-18T08:43:39+00:00
XSP261120C00702000,2026-08-13 19:46:15+00:00,702.0,87.62,0.0,0.0,0.0,0.0,2.0,0.0,1.0000000000000003e-05,True,REGULAR,USD,C,2026-11-20,94,778.5800170898438,2026-08-18T08:43:39+00:00
XSP261120C00703000,2026-07-21 16:31:46+00:00,703.0,68.08,0.0,0.0,0.0,0.0,2.0,0.0,1.0000000000000003e-05,True,REGULAR,USD,C,2026-11-20,94,778.5800170898438,2026-08-18T08:43:39+00:00
XSP261120C00705000,2026-08-03 15:00:37+00:00,705.0,69.0,0.0,0.0,0.0,0.0,1.0,0.0,1.0000000000000003e-05,True,REGULAR,USD,C,2026-11-20,94,778.5800170898438,2026-08-18T08:43:39+00:00
XSP261120C00710000,2026-06-29 17:49:50+00:00,710.0,60.16,71.69,76.69,0.0,0.0,3.0,0.0,0.23511507080078126,True,REGULAR,USD,C,2026-11-20,94,778.5800170898438,2026-08-18T08:43:39+00:00
XSP261120C00715000,2026-08-05 17:06:00+00:00,715.0,74.71,67.32,72.32,0.0,0.0,2.0,0.0,0.22943885803222658,True,REGULAR,USD,C,2026-11-20,94,778.5800170898438,2026-08-18T08:43:39+00:00
XSP261120C00720000,2026-08-11 14:01:49+00:00,720.0,71.61,65.36,66.48,0.0,0.0,2.0,0.0,0.211372632446289,True,REGULAR,USD,C,2026-11-20,94,778.5800170898438,2026-08-18T08:43:39+00:00
XSP261120C00725000,2026-06-12 14:38:03+00:00,725.0,51.19,55.27,56.41,0.0,0.0,2.0,23.0,0.1568382656860352,True,REGULAR,USD,C,2026-11-20,94,778.5800170898438,2026-08-18T08:43:39+00:00
XSP261120C00730000,2026-08-03 17:31:01+00:00,730.0,50.09,54.57,59.57,0.0,0.0,3.0,0.0,0.21295953063964845,True,REGULAR,USD,C,2026-11-20,94,778.5800170898438,2026-08-18T08:43:39+00:00
XSP261120C00735000,2026-08-10 19:01:25+00:00,735.0,58.17,50.46,55.46,0.0,0.0,15.0,0.0,0.20761900787353516,True,REGULAR,USD,C,2026-11-20,94,778.5800170898438,2026-08-18T08:43:39+00:00
XSP261120C00740000,2026-08-17 19:10:38+00:00,740.0,52.85,46.44,51.44,0.0,0.0,2.0,0.0,0.20244633010864255,True,REGULAR,USD,C,2026-11-20,94,778.5800170898438,2026-08-18T08:43:39+00:00
XSP261120C00745000,2026-08-05 14:26:29+00:00,745.0,53.76,42.51,47.51,0.0,0.0,3.0,0.0,0.19733468688964845,True,REGULAR,USD,C,2026-11-20,94,778.5800170898438,2026-08-18T08:43:39+00:00
XSP261120C00750000,2026-08-17 16:35:22+00:00,750.0,46.27,38.68,43.68,0.0,0.0,2.0,0.0,0.19232985412597658,True,REGULAR,USD,C,2026-11-20,94,778.5800170898438,2026-08-18T08:43:39+00:00
XSP261120C00755000,2026-08-14 19:35:06+00:00,755.0,43.4,34.98,39.98,0.0,0.0,5.0,0.0,0.18756915954589842,True,REGULAR,USD,C,2026-11-20,94,778.5800170898438,2026-08-18T08:43:39+00:00
XSP261120C00760000,2026-08-17 16:46:47+00:00,760.0,38.64,33.77,34.77,0.0,0.0,4.0,0.0,0.17221897125244146,True,REGULAR,USD,C,2026-11-20,94,778.5800170898438,2026-08-18T08:43:39+00:00
XSP261120C00765000,2026-08-13 17:22:21+00:00,765.0,37.31,30.51,31.13,0.0,0.0,1.0,0.0,0.166573275756836,True,REGULAR,USD,C,2026-11-20,94,778.5800170898438,2026-08-18T08:43:39+00:00
XSP261120C00770000,2026-08-14 13:54:30+00:00,770.0,34.41,27.25,27.84,0.0,0.0,10.0,0.0,0.16236189208984375,True,REGULAR,USD,C,2026-11-20,94,778.5800170898438,2026-08-18T08:43:39+00:00
XSP261120C00775000,2026-08-17 18:52:30+00:00,775.0,27.44,24.22,24.71,0.0,0.0,15.0,0.0,0.15823443092346193,False,REGULAR,USD,C,2026-11-20,94,778.5800170898438,2026-08-18T08:43:39+00:00
XSP261120C00780000,2026-08-17 16:46:47+00:00,780.0,25.11,21.31,21.8,0.0,0.0,10.0,0.0,0.15451895294189455,False,REGULAR,USD,C,2026-11-20,94,778.5800170898438,2026-08-18T08:43:39+00:00
XSP261120C00785000,2026-08-17 14:06:42+00:00,785.0,22.32,18.57,19.11,0.0,0.0,1.0,0.0,0.15115442359924322,False,REGULAR,USD,C,2026-11-20,94,778.5800170898438,2026-08-18T08:43:39+00:00
XSP261120C00790000,2026-08-14 19:22:01+00:00,790.0,20.16,16.08,16.6,0.0,0.0,7.0,0.0,0.14783567016601565,False,REGULAR,USD,C,2026-11-20,94,778.5800170898438,2026-08-18T08:43:39+00:00
XSP261120C00795000,2026-08-17 14:36:20+00:00,795.0,17.01,13.81,14.22,0.0,0.0,2.0,0.0,0.14417359741210936,False,REGULAR,USD,C,2026-11-20,94,778.5800170898438,2026-08-18T08:43:39+00:00
XSP261120C00800000,2026-08-17 19:23:27+00:00,800.0,13.87,11.76,12.16,0.0,0.0,1.0,0.0,0.1414270428466797,False,REGULAR,USD,C,2026-11-20,94,778.5800170898438,2026-08-18T08:43:39+00:00
XSP261120C00805000,2026-08-13 19:15:14+00:00,805.0,14.69,9.94,10.32,0.0,0.0,11.0,0.0,0.13893988510131838,False,REGULAR,USD,C,2026-11-20,94,778.5800170898438,2026-08-18T08:43:39+00:00
XSP261120C00810000,2026-08-18 04:02:50+00:00,810.0,8.95,8.29,8.75,-1.7300005,-16.198505,2.0,0.0,0.13713936599731447,False,REGULAR,USD,C,2026-11-20,94,778.5800170898438,2026-08-18T08:43:39+00:00
XSP261120C00815000,2026-08-14 14:17:56+00:00,815.0,10.67,6.87,7.32,0.0,0.0,2.0,0.0,0.13510996734619146,False,REGULAR,USD,C,2026-11-20,94,778.5800170898438,2026-08-18T08:43:39+00:00
XSP261120C00820000,2026-08-17 17:49:12+00:00,820.0,7.12,5.63,6.03,0.0,0.0,2.0,0.0,0.13288220642089843,False,REGULAR,USD,C,2026-11-20,94,778.5800170898438,2026-08-18T08:43:39+00:00
XSP261120C00825000,2026-08-18 04:02:50+00:00,825.0,5.09,4.59,4.97,-2.56,-33.46405,4.0,0.0,0.13129530822753904,False,REGULAR,USD,C,2026-11-20,94,778.5800170898438,2026-08-18T08:43:39+00:00
XSP261120C00830000,2026-08-17 13:46:35+00:00,830.0,5.35,3.69,4.1,0.0,0.0,1.0,0.0,0.1302272036743164,False,REGULAR,USD,C,2026-11-20,94,778.5800170898438,2026-08-18T08:43:39+00:00
XSP261120C00835000,2026-08-17 16:00:19+00:00,835.0,4.29,2.94,3.32,0.0,0.0,1.0,0.0,0.1287928918457031,False,REGULAR,USD,C,2026-11-20,94,778.5800170898438,2026-08-18T08:43:39+00:00
XSP261120C00840000,2026-08-18 07:29:03+00:00,840.0,2.64,2.34,2.71,-1.53,-36.690647,17.0,0.0,0.12806047729492187,False,REGULAR,USD,C,2026-11-20,94,778.5800170898438,2026-08-18T08:43:39+00:00
XSP261120C00845000,2026-07-22 13:40:22+00:00,845.0,1.39,1.84,2.19,0.0,0.0,1.0,0.0,0.12729754547119143,False,REGULAR,USD,C,2026-11-20,94,778.5800170898438,2026-08-18T08:43:39+00:00
XSP261120C00850000,2026-08-17 15:49:55+00:00,850.0,2.27,1.44,1.75,0.0,0.0,1.0,0.0,0.12644306182861326,False,REGULAR,USD,C,2026-11-20,94,778.5800170898438,2026-08-18T08:43:39+00:00
XSP261120C00855000,2026-08-14 18:19:35+00:00,855.0,2.03,1.11,1.4,0.0,0.0,3.0,0.0,0.12589375091552735,False,REGULAR,USD,C,2026-11-20,94,778.5800170898438,2026-08-18T08:43:39+00:00
XSP261120C00860000,2026-08-06 15:41:18+00:00,860.0,1.63,0.86,1.13,0.0,0.0,2.0,0.0,0.1258021990966797,False,REGULAR,USD,C,2026-11-20,94,778.5800170898438,2026-08-18T08:43:39+00:00
XSP261120C00865000,2026-08-17 20:03:48+00:00,865.0,0.97,0.66,0.92,0.0,0.0,3.0,0.0,0.12604633728027342,False,REGULAR,USD,C,2026-11-20,94,778.5800170898438,2026-08-18T08:43:39+00:00
XSP261120C00870000,2026-08-14 19:18:44+00:00,870.0,1.09,0.51,0.74,0.0,0.0,1.0,0.0,0.12610737182617188,False,REGULAR,USD,C,2026-11-20,94,778.5800170898438,2026-08-18T08:43:39+00:00
XSP261120C00875000,2026-07-31 14:51:07+00:00,875.0,0.3,0.4,0.6,0.0,0.0,4.0,0.0,0.12641254455566403,False,REGULAR,USD,C,2026-11-20,94,778.5800170898438,2026-08-18T08:43:39+00:00
XSP261120C00880000,2026-08-14 17:54:03+00:00,880.0,0.7,0.31,0.49,0.0,0.0,1.0,0.0,0.12696185546875,False,REGULAR,USD,C,2026-11-20,94,778.5800170898438,2026-08-18T08:43:39+00:00
XSP261120C00890000,2026-07-29 18:47:43+00:00,890.0,0.96,0.19,0.35,0.0,0.0,12.0,0.0,0.1294032373046875,False,REGULAR,USD,C,2026-11-20,94,778.5800170898438,2026-08-18T08:43:39+00:00
XSP261120C00900000,2026-08-14 19:48:18+00:00,900.0,0.33,0.11,0.27,0.0,0.0,2.0,0.0,0.1331873791503906,False,REGULAR,USD,C,2026-11-20,94,778.5800170898438,2026-08-18T08:43:39+00:00
XSP261120C00910000,2026-08-06 14:06:53+00:00,910.0,0.37,0.06,0.22,0.0,0.0,1.0,0.0,0.13770393554687502,False,REGULAR,USD,C,2026-11-20,94,778.5800170898438,2026-08-18T08:43:39+00:00
XSP261120C00915000,2026-07-27 14:30:29+00:00,915.0,0.12,0.05,0.2,0.0,0.0,1.0,0.0,0.14002324829101562,False,REGULAR,USD,C,2026-11-20,94,778.5800170898438,2026-08-18T08:43:39+00:00
XSP261120C00940000,2026-06-24 15:15:48+00:00,940.0,0.17,0.01,0.14,0.0,0.0,,0.0,0.15284050292968754,False,REGULAR,USD,C,2026-11-20,94,778.5800170898438,2026-08-18T08:43:39+00:00
XSP261120C00950000,2026-08-05 13:42:05+00:00,950.0,0.26,0.01,0.12,0.0,0.0,1.0,0.0,0.157234990234375,False,REGULAR,USD,C,2026-11-20,94,778.5800170898438,2026-08-18T08:43:39+00:00
XSP261120C00955000,2026-05-14 15:07:33+00:00,955.0,0.55,0.2,0.34,0.0,0.0,,5.0,0.18262536132812499,False,REGULAR,USD,C,2026-11-20,94,778.5800170898438,2026-08-18T08:43:39+00:00
XSP261120C00960000,2026-06-16 16:48:59+00:00,960.0,0.25,0.0,0.21,0.0,0.0,,2.0,0.1753012158203125,False,REGULAR,USD,C,2026-11-20,94,778.5800170898438,2026-08-18T08:43:39+00:00
XSP261120C00975000,2026-08-07 19:08:04+00:00,975.0,0.03,0.01,0.09,0.0,0.0,1.0,0.0,0.1694418994140625,False,REGULAR,USD,C,2026-11-20,94,778.5800170898438,2026-08-18T08:43:39+00:00
XSP261120C00995000,2026-06-03 13:30:05+00:00,995.0,0.18,0.02,0.11,0.0,0.0,,0.0,0.186531572265625,False,REGULAR,USD,C,2026-11-20,94,778.5800170898438,2026-08-18T08:43:39+00:00
XSP261120C01000000,2026-08-05 14:00:11+00:00,1000.0,0.11,0.0,0.08,0.0,0.0,4.0,0.0,0.18360191406249998,False,REGULAR,USD,C,2026-11-20,94,778.5800170898438,2026-08-18T08:43:39+00:00
XSP261120P00300000,2026-08-17 18:12:22+00:00,300.0,0.11,0.06,0.17,0.0,0.0,5.0,0.0,0.6601596484375001,False,REGULAR,USD,P,2026-11-20,94,778.5800170898438,2026-08-18T08:43:39+00:00
XSP261120P00310000,2026-08-13 19:41:29+00:00,310.0,0.14,0.07,0.19,0.0,0.0,1.0,0.0,0.6455113574218749,False,REGULAR,USD,P,2026-11-20,94,778.5800170898438,2026-08-18T08:43:39+00:00
XSP261120P00350000,2026-08-17 14:53:22+00:00,350.0,0.19,0.14,0.26,0.0,0.0,1.0,0.0,0.5898478515625001,False,REGULAR,USD,P,2026-11-20,94,778.5800170898438,2026-08-18T08:43:39+00:00
XSP261120P00355000,2026-07-13 17:36:09+00:00,355.0,0.45,0.15,0.27,0.0,0.0,,0.0,0.5830119824218749,False,REGULAR,USD,P,2026-11-20,94,778.5800170898438,2026-08-18T08:43:39+00:00
XSP261120P00360000,2026-07-23 15:50:51+00:00,360.0,0.55,0.16,0.28,0.0,0.0,1.0,0.0,0.57617611328125,False,REGULAR,USD,P,2026-11-20,94,778.5800170898438,2026-08-18T08:43:39+00:00
XSP261120P00365000,2026-05-26 13:45:11+00:00,365.0,0.95,0.5,0.59,0.0,0.0,7.0,0.0,0.6293982373046876,False,REGULAR,USD,P,2026-11-20,94,778.5800170898438,2026-08-18T08:43:39+00:00
XSP261120P00375000,2026-08-17 14:48:53+00:00,375.0,0.22,0.19,0.32,0.0,0.0,1.0,0.0,0.5561567822265626,False,REGULAR,USD,P,2026-11-20,94,778.5800170898438,2026-08-18T08:43:39+00:00
XSP261120P00380000,2026-07-06 16:47:04+00:00,380.0,0.6,0.2,0.33,0.0,0.0,1.0,0.0,0.5493209130859377,False,REGULAR,USD,P,2026-11-20,94,778.5800170898438,2026-08-18T08:43:39+00:00
XSP261120P00385000,2026-05-29 19:37:18+00:00,385.0,0.97,0.6,0.69,0.0,0.0,8.0,0.0,0.6010782080078126,False,REGULAR,USD,P,2026-11-20,94,778.5800170898438,2026-08-18T08:43:39+00:00
XSP261120P00395000,2026-06-02 15:08:38+00:00,395.0,1.1,0.66,0.75,0.0,0.0,,0.0,0.58789474609375,False,REGULAR,USD,P,2026-11-20,94,778.5800170898438,2026-08-18T08:43:39+00:00
XSP261120P00410000,2026-06-05 14:02:12+00:00,410.0,1.22,0.75,0.84,0.0,0.0,2.0,0.0,0.567265069580078,False,REGULAR,USD,P,2026-11-20,94,778.5800170898438,2026-08-18T08:43:39+00:00
XSP261120P00420000,2026-08-11 19:03:05+00:00,420.0,0.4,0.33,0.46,0.0,0.0,3.0,0.0,0.500005,False,REGULAR,USD,P,2026-11-20,94,778.5800170898438,2026-08-18T08:43:39+00:00
XSP261120P00425000,2026-07-17 19:34:00+00:00,425.0,0.96,0.34,0.48,0.0,0.0,2.0,0.0,0.5034229345703125,False,REGULAR,USD,P,2026-11-20,94,778.5800170898438,2026-08-18T08:43:39+00:00
XSP261120P00430000,2026-07-02 17:37:57+00:00,430.0,1.07,0.36,0.5,0.0,0.0,2.0,0.0,0.4968312036132813,False,REGULAR,USD,P,2026-11-20,94,778.5800170898438,2026-08-18T08:43:39+00:00
XSP261120P00435000,2026-06-30 19:37:14+00:00,435.0,1.05,0.38,0.52,0.0,0.0,,0.0,0.4904836108398438,False,REGULAR,USD,P,2026-11-20,94,778.5800170898438,2026-08-18T08:43:39+00:00
XSP261120P00440000,2026-05-26 13:45:11+00:00,440.0,1.67,0.98,1.07,0.0,0.0,7.0,0.0,0.5290574438476563,False,REGULAR,USD,P,2026-11-20,94,778.5800170898438,2026-08-18T08:43:39+00:00
XSP261120P00445000,2026-07-15 13:30:27+00:00,445.0,0.93,0.43,0.56,0.0,0.0,1.0,0.0,0.477544287109375,False,REGULAR,USD,P,2026-11-20,94,778.5800170898438,2026-08-18T08:43:39+00:00
XSP261120P00450000,2026-08-12 19:27:14+00:00,450.0,0.5,0.45,0.59,0.0,0.0,1.0,0.0,0.47192910888671874,False,REGULAR,USD,P,2026-11-20,94,778.5800170898438,2026-08-18T08:43:39+00:00
XSP261120P00460000,2026-08-11 18:18:01+00:00,460.0,0.59,0.5,0.64,0.0,0.0,3.0,0.0,0.45972219970703126,False,REGULAR,USD,P,2026-11-20,94,778.5800170898438,2026-08-18T08:43:39+00:00
XSP261120P00465000,2026-05-29 14:51:25+00:00,465.0,1.82,1.18,1.32,0.0,0.0,1.0,0.0,0.5017139672851563,False,REGULAR,USD,P,2026-11-20,94,778.5800170898438,2026-08-18T08:43:39+00:00
XSP261120P00470000,2026-07-23 15:39:08+00:00,470.0,1.46,0.55,0.7,0.0,0.0,9.0,0.0,0.44812563598632804,False,REGULAR,USD,P,2026-11-20,94,778.5800170898438,2026-08-18T08:43:39+00:00
XSP261120P00475000,2026-07-29 18:47:43+00:00,475.0,0.96,0.58,0.73,0.0,0.0,8.0,0.0,0.44214425048828127,False,REGULAR,USD,P,2026-11-20,94,778.5800170898438,2026-08-18T08:43:39+00:00
XSP261120P00480000,2026-08-14 17:22:20+00:00,480.0,0.6,0.61,0.77,0.0,0.0,6.0,0.0,0.4370173486328125,False,REGULAR,USD,P,2026-11-20,94,778.5800170898438,2026-08-18T08:43:39+00:00
XSP261120P00485000,2026-07-31 19:49:53+00:00,485.0,1.1,0.65,0.8,0.0,0.0,10.0,0.0,0.4309138940429688,False,REGULAR,USD,P,2026-11-20,94,778.5800170898438,2026-08-18T08:43:39+00:00
XSP261120P00490000,2026-03-05 20:25:27+00:00,490.0,6.9,6.82,7.07,0.0,0.0,,0.0,0.6329077236938477,False,REGULAR,USD,P,2026-11-20,94,778.5800170898438,2026-08-18T08:43:39+00:00
XSP261120P00495000,2026-08-14 17:22:20+00:00,495.0,0.68,0.72,0.87,0.0,0.0,,0.0,0.4193173303222656,False,REGULAR,USD,P,2026-11-20,94,778.5800170898438,2026-08-18T08:43:39+00:00
XSP261120P00500000,2026-08-12 14:15:36+00:00,500.0,0.78,0.76,0.91,0.0,0.0,2.0,0.0,0.41370215209960937,False,REGULAR,USD,P,2026-11-20,94,778.5800170898438,2026-08-18T08:43:39+00:00
XSP261120P00505000,2026-07-29 14:27:00+00:00,505.0,1.71,0.8,0.95,0.0,0.0,,0.0,0.40808697387695314,False,REGULAR,USD,P,2026-11-20,94,778.5800170898438,2026-08-18T08:43:39+00:00
XSP261120P00510000,2026-06-11 17:30:46+00:00,510.0,2.99,1.42,1.65,0.0,0.0,20.0,55.0,0.4371394177246094,False,REGULAR,USD,P,2026-11-20,94,778.5800170898438,2026-08-18T08:43:39+00:00
XSP261120P00515000,2026-06-29 15:47:43+00:00,515.0,2.28,0.88,1.04,0.0,0.0,1.0,0.0,0.39703972106933594,False,REGULAR,USD,P,2026-11-20,94,778.5800170898438,2026-08-18T08:43:39+00:00
XSP261120P00520000,2026-08-03 18:53:36+00:00,520.0,1.31,0.93,1.09,0.0,0.0,3.0,0.0,0.3916686810302734,False,REGULAR,USD,P,2026-11-20,94,778.5800170898438,2026-08-18T08:43:39+00:00
XSP261120P00525000,2026-07-24 13:56:39+00:00,525.0,2.16,0.97,1.14,0.0,0.0,2.0,0.0,0.38623660644531244,False,REGULAR,USD,P,2026-11-20,94,778.5800170898438,2026-08-18T08:43:39+00:00
XSP261120P00530000,2026-08-06 14:18:15+00:00,530.0,1.17,1.03,1.2,0.0,0.0,30.0,0.0,0.3811097045898437,False,REGULAR,USD,P,2026-11-20,94,778.5800170898438,2026-08-18T08:43:39+00:00
XSP261120P00535000,2026-07-16 19:58:26+00:00,535.0,2.1,1.09,1.25,0.0,0.0,,0.0,0.37543349182128904,False,REGULAR,USD,P,2026-11-20,94,778.5800170898438,2026-08-18T08:43:39+00:00
XSP261120P00540000,2026-08-13 13:33:57+00:00,540.0,1.09,1.14,1.31,0.0,0.0,1.0,0.0,0.370123486328125,False,REGULAR,USD,P,2026-11-20,94,778.5800170898438,2026-08-18T08:43:39+00:00
XSP261120P00545000,2026-06-22 15:25:50+00:00,545.0,3.14,2.28,2.78,0.0,0.0,,1.0,0.41559422302246096,False,REGULAR,USD,P,2026-11-20,94,778.5800170898438,2026-08-18T08:43:39+00:00
XSP261120P00550000,2026-08-12 14:57:30+00:00,550.0,1.28,1.26,1.44,0.0,0.0,2.0,0.0,0.35962554443359374,False,REGULAR,USD,P,2026-11-20,94,778.5800170898438,2026-08-18T08:43:39+00:00
XSP261120P00555000,2026-08-13 14:39:17+00:00,555.0,1.22,1.32,1.51,0.0,0.0,1.0,0.0,0.354376573486328,False,REGULAR,USD,P,2026-11-20,94,778.5800170898438,2026-08-18T08:43:39+00:00
XSP261120P00560000,2026-08-12 19:09:36+00:00,560.0,1.32,1.39,1.58,0.0,0.0,1.0,0.0,0.3490055334472656,False,REGULAR,USD,P,2026-11-20,94,778.5800170898438,2026-08-18T08:43:39+00:00
XSP261120P00565000,2026-08-17 13:36:12+00:00,565.0,1.34,1.46,1.66,0.0,0.0,1.0,0.0,0.3438786315917969,False,REGULAR,USD,P,2026-11-20,94,778.5800170898438,2026-08-18T08:43:39+00:00
XSP261120P00570000,2026-07-29 19:45:38+00:00,570.0,3.32,1.53,1.74,0.0,0.0,1.0,0.0,0.3386296606445312,False,REGULAR,USD,P,2026-11-20,94,778.5800170898438,2026-08-18T08:43:39+00:00
XSP261120P00575000,2026-08-13 19:56:53+00:00,575.0,1.52,1.61,1.83,0.0,0.0,1.0,0.0,0.333563793334961,False,REGULAR,USD,P,2026-11-20,94,778.5800170898438,2026-08-18T08:43:39+00:00
XSP261120P00580000,2026-08-13 14:14:44+00:00,580.0,1.58,1.69,1.92,0.0,0.0,4.0,0.0,0.3283758569335937,False,REGULAR,USD,P,2026-11-20,94,778.5800170898438,2026-08-18T08:43:39+00:00
XSP261120P00585000,2026-08-13 15:57:20+00:00,585.0,1.68,1.77,2.01,0.0,0.0,1.0,0.0,0.32306585144042954,False,REGULAR,USD,P,2026-11-20,94,778.5800170898438,2026-08-18T08:43:39+00:00
XSP261120P00590000,2026-08-05 13:32:15+00:00,590.0,2.19,1.88,2.12,0.0,0.0,5.0,0.0,0.31818308776855464,False,REGULAR,USD,P,2026-11-20,94,778.5800170898438,2026-08-18T08:43:39+00:00
XSP261120P00595000,2026-07-20 18:17:51+00:00,595.0,3.77,1.96,2.22,0.0,0.0,229.0,0.0,0.31287308227539057,False,REGULAR,USD,P,2026-11-20,94,778.5800170898438,2026-08-18T08:43:39+00:00
XSP261120P00600000,2026-08-14 14:50:30+00:00,600.0,1.91,2.08,2.34,0.0,0.0,5.0,0.0,0.3079292840576171,False,REGULAR,USD,P,2026-11-20,94,778.5800170898438,2026-08-18T08:43:39+00:00
XSP261120P00603000,2026-05-06 13:36:05+00:00,603.0,9.03,6.21,7.24,0.0,0.0,1.0,43.0,0.39786368743896483,False,REGULAR,USD,P,2026-11-20,94,778.5800170898438,2026-08-18T08:43:39+00:00
XSP261120P00604000,2026-01-22 16:22:43+00:00,604.0,16.07,18.84,20.2,0.0,0.0,25.0,25.0,0.5486495330810548,False,REGULAR,USD,P,2026-11-20,94,778.5800170898438,2026-08-18T08:43:39+00:00
XSP261120P00605000,2026-08-07 16:48:22+00:00,605.0,2.36,2.19,2.46,0.0,0.0,1.0,0.0,0.30286341674804684,False,REGULAR,USD,P,2026-11-20,94,778.5800170898438,2026-08-18T08:43:39+00:00
XSP261120P00606000,2026-07-01 02:19:14+00:00,606.0,4.79,2.2,2.49,0.0,0.0,10.0,0.0,0.3019784158325196,False,REGULAR,USD,P,2026-11-20,94,778.5800170898438,2026-08-18T08:43:39+00:00
XSP261120P00607000,2026-07-01 02:19:14+00:00,607.0,4.84,2.24,2.51,0.0,0.0,10.0,0.0,0.30084927673339845,False,REGULAR,USD,P,2026-11-20,94,778.5800170898438,2026-08-18T08:43:39+00:00
XSP261120P00608000,2026-05-21 19:56:53+00:00,608.0,7.36,4.48,4.61,0.0,0.0,3.0,0.0,0.3440312179565429,False,REGULAR,USD,P,2026-11-20,94,778.5800170898438,2026-08-18T08:43:39+00:00
XSP261120P00609000,2026-07-02 14:20:18+00:00,609.0,4.53,2.29,2.56,0.0,0.0,4.0,0.0,0.2987741021728515,False,REGULAR,USD,P,2026-11-20,94,778.5800170898438,2026-08-18T08:43:39+00:00
XSP261120P00610000,2026-07-28 19:26:11+00:00,610.0,4.19,2.31,2.59,0.0,0.0,3.0,0.0,0.2978585839843749,False,REGULAR,USD,P,2026-11-20,94,778.5800170898438,2026-08-18T08:43:39+00:00
XSP261120P00611000,2026-05-21 18:40:12+00:00,611.0,7.68,4.62,4.76,0.0,0.0,1.0,0.0,0.3413151806640625,False,REGULAR,USD,P,2026-11-20,94,778.5800170898438,2026-08-18T08:43:39+00:00
XSP261120P00612000,2026-08-04 14:15:27+00:00,612.0,2.86,2.36,2.64,0.0,0.0,2.0,0.0,0.29575289215087885,False,REGULAR,USD,P,2026-11-20,94,778.5800170898438,2026-08-18T08:43:39+00:00
XSP261120P00613000,2026-05-26 18:44:58+00:00,613.0,7.11,4.73,4.86,0.0,0.0,,0.0,0.3394231097412109,False,REGULAR,USD,P,2026-11-20,94,778.5800170898438,2026-08-18T08:43:39+00:00
XSP261120P00614000,2025-11-26 17:10:49+00:00,614.0,22.9,17.73,18.01,0.0,0.0,,1.0,0.5067950932312011,False,REGULAR,USD,P,2026-11-20,94,778.5800170898438,2026-08-18T08:43:39+00:00
XSP261120P00615000,2026-08-04 13:30:02+00:00,615.0,3.02,2.43,2.73,0.0,0.0,1.0,0.0,0.29291478576660146,False,REGULAR,USD,P,2026-11-20,94,778.5800170898438,2026-08-18T08:43:39+00:00
XSP261120P00616000,2026-08-04 15:45:02+00:00,616.0,2.9,2.46,2.75,0.0,0.0,1.0,0.0,0.29169409484863273,False,REGULAR,USD,P,2026-11-20,94,778.5800170898438,2026-08-18T08:43:39+00:00
XSP261120P00617000,2026-07-28 19:48:31+00:00,617.0,4.56,2.5,2.78,0.0,0.0,1.0,0.0,0.2907175421142577,False,REGULAR,USD,P,2026-11-20,94,778.5800170898438,2026-08-18T08:43:39+00:00
XSP261120P00618000,2026-07-27 19:53:43+00:00,618.0,4.96,2.52,2.81,0.0,0.0,1.0,0.0,0.2897409893798828,False,REGULAR,USD,P,2026-11-20,94,778.5800170898438,2026-08-18T08:43:39+00:00
XSP261120P00619000,2026-05-28 17:53:10+00:00,619.0,6.88,5.01,5.26,0.0,0.0,1.0,0.0,0.3352727606201171,False,REGULAR,USD,P,2026-11-20,94,778.5800170898438,2026-08-18T08:43:39+00:00
XSP261120P00620000,2026-08-13 16:27:35+00:00,620.0,2.43,2.58,2.87,0.0,0.0,1.0,0.0,0.28778788391113275,False,REGULAR,USD,P,2026-11-20,94,778.5800170898438,2026-08-18T08:43:39+00:00
XSP261120P00621000,2026-03-26 15:55:50+00:00,621.0,28.72,10.2,10.52,0.0,0.0,1.0,0.0,0.4063932652282715,False,REGULAR,USD,P,2026-11-20,94,778.5800170898438,2026-08-18T08:43:39+00:00
XSP261120P00622000,2026-08-17 19:33:28+00:00,622.0,2.58,2.64,2.93,0.0,0.0,10.0,0.0,0.28574322662353513,False,REGULAR,USD,P,2026-11-20,94,778.5800170898438,2026-08-18T08:43:39+00:00
XSP261120P00623000,2026-04-09 14:17:11+00:00,623.0,20.33,9.73,10.45,0.0,0.0,2.0,1.0,0.4012968806457519,False,REGULAR,USD,P,2026-11-20,94,778.5800170898438,2026-08-18T08:43:39+00:00
XSP261120P00624000,2026-08-05 16:40:58+00:00,624.0,3.05,2.7,2.99,0.0,0.0,,0.0,0.2836985693359374,False,REGULAR,USD,P,2026-11-20,94,778.5800170898438,2026-08-18T08:43:39+00:00
XSP261120P00625000,2026-08-17 14:02:24+00:00,625.0,2.48,2.72,3.03,0.0,0.0,2.0,0.0,0.28290512023925773,False,REGULAR,USD,P,2026-11-20,94,778.5800170898438,2026-08-18T08:43:39+00:00
XSP261120P00626000,2026-06-24 19:48:22+00:00,626.0,8.09,2.77,3.05,0.0,0.0,3.0,0.0,0.28162339477539056,False,REGULAR,USD,P,2026-11-20,94,778.5800170898438,2026-08-18T08:43:39+00:00
XSP261120P00627000,2026-08-14 17:56:35+00:00,627.0,2.52,2.8,3.09,0.0,0.0,1.0,0.0,0.28079942840576166,False,REGULAR,USD,P,2026-11-20,94,778.5800170898438,2026-08-18T08:43:39+00:00
XSP261120P00628000,2026-08-13 13:46:19+00:00,628.0,2.56,2.82,3.12,0.0,0.0,1.0,0.0,0.27973132385253896,False,REGULAR,USD,P,2026-11-20,94,778.5800170898438,2026-08-18T08:43:39+00:00
XSP261120P00629000,2026-08-13 13:46:19+00:00,629.0,2.59,2.85,3.15,0.0,0.0,1.0,0.0,0.27866321929931637,False,REGULAR,USD,P,2026-11-20,94,778.5800170898438,2026-08-18T08:43:39+00:00
XSP261120P00630000,2026-08-13 13:46:43+00:00,630.0,2.62,2.89,3.19,0.0,0.0,1.0,0.0,0.27780873565673825,False,REGULAR,USD,P,2026-11-20,94,778.5800170898438,2026-08-18T08:43:39+00:00
XSP261120P00631000,2026-08-13 13:46:43+00:00,631.0,2.66,2.92,3.23,0.0,0.0,1.0,0.0,0.2769237347412109,False,REGULAR,USD,P,2026-11-20,94,778.5800170898438,2026-08-18T08:43:39+00:00
XSP261120P00632000,2026-08-13 14:18:10+00:00,632.0,2.7,2.94,3.26,0.0,0.0,1.0,0.0,0.275825112915039,False,REGULAR,USD,P,2026-11-20,94,778.5800170898438,2026-08-18T08:43:39+00:00
XSP261120P00633000,2026-08-17 15:57:17+00:00,633.0,2.76,3.0,3.3,0.0,0.0,1.0,0.0,0.27494011199951174,False,REGULAR,USD,P,2026-11-20,94,778.5800170898438,2026-08-18T08:43:39+00:00
XSP261120P00634000,2026-08-13 13:47:44+00:00,634.0,2.75,3.03,3.33,0.0,0.0,1.0,0.0,0.2738414901733398,False,REGULAR,USD,P,2026-11-20,94,778.5800170898438,2026-08-18T08:43:39+00:00
XSP261120P00635000,2026-08-13 13:48:01+00:00,635.0,2.76,3.06,3.36,0.0,0.0,2.0,0.0,0.2727123510742187,False,REGULAR,USD,P,2026-11-20,94,778.5800170898438,2026-08-18T08:43:39+00:00
XSP261120P00636000,2026-08-13 13:48:01+00:00,636.0,2.8,3.09,3.4,0.0,0.0,1.0,0.0,0.2717968328857422,False,REGULAR,USD,P,2026-11-20,94,778.5800170898438,2026-08-18T08:43:39+00:00
XSP261120P00637000,2026-08-13 13:48:13+00:00,637.0,2.82,3.12,3.44,0.0,0.0,1.0,0.0,0.2708813146972656,False,REGULAR,USD,P,2026-11-20,94,778.5800170898438,2026-08-18T08:43:39+00:00
XSP261120P00638000,2026-08-13 13:48:13+00:00,638.0,2.86,3.16,3.48,0.0,0.0,1.0,0.0,0.2699047619628906,False,REGULAR,USD,P,2026-11-20,94,778.5800170898438,2026-08-18T08:43:39+00:00
XSP261120P00639000,2026-08-13 13:48:32+00:00,639.0,2.89,3.21,3.52,0.0,0.0,1.0,0.0,0.2689587265014648,False,REGULAR,USD,P,2026-11-20,94,778.5800170898438,2026-08-18T08:43:39+00:00
XSP261120P00640000,2026-08-13 13:48:32+00:00,640.0,2.93,3.24,3.56,0.0,0.0,1.0,0.0,0.268012691040039,False,REGULAR,USD,P,2026-11-20,94,778.5800170898438,2026-08-18T08:43:39+00:00
XSP261120P00641000,2026-05-11 14:09:09+00:00,641.0,11.9,7.34,7.64,0.0,0.0,,1.0,0.32863525375366204,False,REGULAR,USD,P,2026-11-20,94,778.5800170898438,2026-08-18T08:43:39+00:00
XSP261120P00642000,2026-08-13 14:18:10+00:00,642.0,3.02,3.31,3.64,0.0,0.0,2.0,0.0,0.26605958557128906,False,REGULAR,USD,P,2026-11-20,94,778.5800170898438,2026-08-18T08:43:39+00:00
XSP261120P00643000,2026-08-13 13:48:45+00:00,643.0,3.03,3.35,3.68,0.0,0.0,1.0,0.0,0.2650525155639648,False,REGULAR,USD,P,2026-11-20,94,778.5800170898438,2026-08-18T08:43:39+00:00
XSP261120P00644000,2026-08-13 13:48:58+00:00,644.0,3.05,3.41,3.72,0.0,0.0,1.0,0.0,0.2640454455566406,False,REGULAR,USD,P,2026-11-20,94,778.5800170898438,2026-08-18T08:43:39+00:00
XSP261120P00645000,2026-08-13 13:48:58+00:00,645.0,3.1,3.43,3.76,0.0,0.0,1.0,0.0,0.26306889282226564,False,REGULAR,USD,P,2026-11-20,94,778.5800170898438,2026-08-18T08:43:39+00:00
XSP261120P00646000,2026-08-13 13:49:13+00:00,646.0,3.12,3.49,3.8,0.0,0.0,2.0,0.0,0.26203130554199217,False,REGULAR,USD,P,2026-11-20,94,778.5800170898438,2026-08-18T08:43:39+00:00
XSP261120P00647000,2026-08-13 13:49:13+00:00,647.0,3.17,3.51,3.84,0.0,0.0,2.0,0.0,0.26099371826171874,False,REGULAR,USD,P,2026-11-20,94,778.5800170898438,2026-08-18T08:43:39+00:00
XSP261120P00649000,2026-08-13 13:49:26+00:00,649.0,3.23,3.61,3.93,0.0,0.0,3.0,0.0,0.2591016473388672,False,REGULAR,USD,P,2026-11-20,94,778.5800170898438,2026-08-18T08:43:39+00:00
XSP261120P00650000,2026-08-14 16:04:02+00:00,650.0,3.33,3.64,3.98,0.0,0.0,5.0,0.0,0.25821664642333986,False,REGULAR,USD,P,2026-11-20,94,778.5800170898438,2026-08-18T08:43:39+00:00
XSP261120P00652000,2026-06-09 13:51:56+00:00,652.0,10.07,5.94,6.44,0.0,0.0,1.0,2.0,0.2914194393920897,False,REGULAR,USD,P,2026-11-20,94,778.5800170898438,2026-08-18T08:43:39+00:00
XSP261120P00654000,2025-11-21 15:50:07+00:00,654.0,43.08,25.17,25.57,0.0,0.0,7.0,7.0,0.48337308624267583,False,REGULAR,USD,P,2026-11-20,94,778.5800170898438,2026-08-18T08:43:39+00:00
XSP261120P00655000,2026-07-21 17:27:50+00:00,655.0,6.91,3.89,4.21,0.0,0.0,2.0,0.0,0.2533033654785156,False,REGULAR,USD,P,2026-11-20,94,778.5800170898438,2026-08-18T08:43:39+00:00
XSP261120P00656000,2026-06-08 17:48:26+00:00,656.0,11.39,6.23,6.74,0.0,0.0,2.0,3.0,0.28784891845703114,False,REGULAR,USD,P,2026-11-20,94,778.5800170898438,2026-08-18T08:43:39+00:00
XSP261120P00657000,2026-08-10 09:44:43+00:00,657.0,4.0,3.97,4.3,0.0,0.0,1.0,0.0,0.2512281909179687,False,REGULAR,USD,P,2026-11-20,94,778.5800170898438,2026-08-18T08:43:39+00:00
XSP261120P00658000,2026-06-08 17:48:26+00:00,658.0,11.64,6.38,6.88,0.0,0.0,2.0,1.0,0.2858500370788574,False,REGULAR,USD,P,2026-11-20,94,778.5800170898438,2026-08-18T08:43:39+00:00
XSP261120P00659000,2026-08-17 20:12:06+00:00,659.0,3.9,4.06,4.41,0.0,0.0,5.0,0.0,0.2494276718139648,False,REGULAR,USD,P,2026-11-20,94,778.5800170898438,2026-08-18T08:43:39+00:00
XSP261120P00660000,2026-08-13 13:49:38+00:00,660.0,3.68,4.12,4.46,0.0,0.0,11.0,0.0,0.24845111907958983,False,REGULAR,USD,P,2026-11-20,94,778.5800170898438,2026-08-18T08:43:39+00:00
XSP261120P00661000,2026-04-14 18:23:22+00:00,661.0,23.19,14.11,14.89,0.0,0.0,1.0,1.0,0.3680330531311035,False,REGULAR,USD,P,2026-11-20,94,778.5800170898438,2026-08-18T08:43:39+00:00
XSP261120P00662000,2026-08-13 13:50:27+00:00,662.0,3.76,4.21,4.56,0.0,0.0,1.0,0.0,0.24643697906494144,False,REGULAR,USD,P,2026-11-20,94,778.5800170898438,2026-08-18T08:43:39+00:00
XSP261120P00663000,2026-08-13 13:50:27+00:00,663.0,3.81,4.27,4.62,0.0,0.0,2.0,0.0,0.24555197814941404,False,REGULAR,USD,P,2026-11-20,94,778.5800170898438,2026-08-18T08:43:39+00:00
XSP261120P00664000,2026-08-13 13:50:41+00:00,664.0,3.85,4.34,4.67,0.0,0.0,4.0,0.0,0.24451439086914065,False,REGULAR,USD,P,2026-11-20,94,778.5800170898438,2026-08-18T08:43:39+00:00
XSP261120P00665000,2026-08-13 13:50:41+00:00,665.0,3.91,4.37,4.73,0.0,0.0,4.0,0.0,0.24362938995361327,False,REGULAR,USD,P,2026-11-20,94,778.5800170898438,2026-08-18T08:43:39+00:00
XSP261120P00666000,2026-08-13 13:50:55+00:00,666.0,3.95,4.43,4.79,0.0,0.0,1.0,0.0,0.2427138717651367,False,REGULAR,USD,P,2026-11-20,94,778.5800170898438,2026-08-18T08:43:39+00:00
XSP261120P00667000,2026-08-17 16:11:53+00:00,667.0,4.08,4.48,4.84,0.0,0.0,5.0,0.0,0.24164576721191405,False,REGULAR,USD,P,2026-11-20,94,778.5800170898438,2026-08-18T08:43:39+00:00
XSP261120P00668000,2026-08-13 13:51:10+00:00,668.0,4.05,4.56,4.9,0.0,0.0,1.0,0.0,0.24073024902343748,False,REGULAR,USD,P,2026-11-20,94,778.5800170898438,2026-08-18T08:43:39+00:00
XSP261120P00669000,2026-08-13 13:51:10+00:00,669.0,4.11,4.62,4.95,0.0,0.0,1.0,0.0,0.23963162719726558,False,REGULAR,USD,P,2026-11-20,94,778.5800170898438,2026-08-18T08:43:39+00:00
XSP261120P00670000,2026-08-13 13:51:22+00:00,670.0,4.15,4.67,5.01,0.0,0.0,1.0,0.0,0.2386855917358398,False,REGULAR,USD,P,2026-11-20,94,778.5800170898438,2026-08-18T08:43:39+00:00
XSP261120P00671000,2026-08-13 13:51:22+00:00,671.0,4.21,4.74,5.07,0.0,0.0,1.0,0.0,0.23770903900146478,False,REGULAR,USD,P,2026-11-20,94,778.5800170898438,2026-08-18T08:43:39+00:00
XSP261120P00672000,2026-07-24 13:56:39+00:00,672.0,10.14,4.78,5.14,0.0,0.0,2.0,0.0,0.23685455535888672,False,REGULAR,USD,P,2026-11-20,94,778.5800170898438,2026-08-18T08:43:39+00:00
XSP261120P00673000,2026-08-13 13:51:34+00:00,673.0,4.3,4.84,5.2,0.0,0.0,7.0,0.0,0.2358780026245117,False,REGULAR,USD,P,2026-11-20,94,778.5800170898438,2026-08-18T08:43:39+00:00
XSP261120P00674000,2026-08-13 13:51:34+00:00,674.0,4.37,4.9,5.27,0.0,0.0,1.0,0.0,0.23499300170898438,False,REGULAR,USD,P,2026-11-20,94,778.5800170898438,2026-08-18T08:43:39+00:00
XSP261120P00675000,2026-08-14 16:04:02+00:00,675.0,4.48,4.98,5.32,0.0,0.0,10.0,0.0,0.23386386260986325,False,REGULAR,USD,P,2026-11-20,94,778.5800170898438,2026-08-18T08:43:39+00:00
XSP261120P00676000,2026-07-02 15:58:12+00:00,676.0,10.46,5.04,5.39,0.0,0.0,6.0,0.0,0.23294834442138673,False,REGULAR,USD,P,2026-11-20,94,778.5800170898438,2026-08-18T08:43:39+00:00
XSP261120P00677000,2026-05-14 13:56:06+00:00,677.0,16.13,10.78,11.11,0.0,0.0,4.0,3.0,0.2956918576049804,False,REGULAR,USD,P,2026-11-20,94,778.5800170898438,2026-08-18T08:43:39+00:00
XSP261120P00680000,2026-08-17 19:30:56+00:00,680.0,5.01,5.28,5.66,0.0,0.0,2.0,0.0,0.2291184266662598,False,REGULAR,USD,P,2026-11-20,94,778.5800170898438,2026-08-18T08:43:39+00:00
XSP261120P00681000,2026-08-17 17:34:40+00:00,681.0,5.05,5.35,5.73,0.0,0.0,1.0,0.0,0.22815713256835937,False,REGULAR,USD,P,2026-11-20,94,778.5800170898438,2026-08-18T08:43:39+00:00
XSP261120P00682000,2026-06-11 16:51:44+00:00,682.0,18.28,8.5,9.05,0.0,0.0,1.0,6.0,0.264106480102539,False,REGULAR,USD,P,2026-11-20,94,778.5800170898438,2026-08-18T08:43:39+00:00
XSP261120P00683000,2026-06-11 16:51:44+00:00,683.0,18.45,8.61,9.17,0.0,0.0,1.0,2.0,0.2633588069152832,False,REGULAR,USD,P,2026-11-20,94,778.5800170898438,2026-08-18T08:43:39+00:00
XSP261120P00684000,2026-07-13 09:59:48+00:00,684.0,9.46,5.56,5.94,0.0,0.0,2.0,0.0,0.22519695709228515,False,REGULAR,USD,P,2026-11-20,94,778.5800170898438,2026-08-18T08:43:39+00:00
XSP261120P00685000,2026-08-17 15:59:00+00:00,685.0,5.05,5.63,6.01,0.0,0.0,6.0,0.0,0.2241898870849609,False,REGULAR,USD,P,2026-11-20,94,778.5800170898438,2026-08-18T08:43:39+00:00
XSP261120P00686000,2026-08-10 13:32:22+00:00,686.0,5.7,5.73,6.09,0.0,0.0,5.0,0.0,0.22327436889648436,False,REGULAR,USD,P,2026-11-20,94,778.5800170898438,2026-08-18T08:43:39+00:00
XSP261120P00687000,2026-08-13 13:52:30+00:00,687.0,5.14,5.78,6.17,0.0,0.0,1.0,0.0,0.22235885070800776,False,REGULAR,USD,P,2026-11-20,94,778.5800170898438,2026-08-18T08:43:39+00:00
XSP261120P00688000,2026-08-13 13:52:30+00:00,688.0,5.21,5.86,6.25,0.0,0.0,1.0,0.0,0.22142807388305663,False,REGULAR,USD,P,2026-11-20,94,778.5800170898438,2026-08-18T08:43:39+00:00
XSP261120P00689000,2026-08-17 20:03:48+00:00,689.0,5.58,5.95,6.33,0.0,0.0,1.0,0.0,0.22048203842163083,False,REGULAR,USD,P,2026-11-20,94,778.5800170898438,2026-08-18T08:43:39+00:00
XSP261120P00690000,2026-08-17 19:30:56+00:00,690.0,5.67,6.03,6.4,0.0,0.0,2.0,0.0,0.21939867523193357,False,REGULAR,USD,P,2026-11-20,94,778.5800170898438,2026-08-18T08:43:39+00:00
XSP261120P00691000,2026-08-13 13:53:31+00:00,691.0,5.41,6.09,6.48,0.0,0.0,1.0,0.0,0.21842212249755855,False,REGULAR,USD,P,2026-11-20,94,778.5800170898438,2026-08-18T08:43:39+00:00
XSP261120P00692000,2026-08-13 13:53:31+00:00,692.0,5.49,6.17,6.57,0.0,0.0,1.0,0.0,0.21755238021850587,False,REGULAR,USD,P,2026-11-20,94,778.5800170898438,2026-08-18T08:43:39+00:00
XSP261120P00693000,2026-08-05 13:42:14+00:00,693.0,6.85,6.27,6.65,0.0,0.0,2.0,0.0,0.21654531021118162,False,REGULAR,USD,P,2026-11-20,94,778.5800170898438,2026-08-18T08:43:39+00:00
XSP261120P00694000,2026-05-06 13:36:09+00:00,694.0,21.62,16.62,17.99,0.0,0.0,1.0,1.0,0.32092964233398436,False,REGULAR,USD,P,2026-11-20,94,778.5800170898438,2026-08-18T08:43:39+00:00
XSP261120P00695000,2026-08-17 17:45:39+00:00,695.0,5.98,6.44,6.82,0.0,0.0,2.0,0.0,0.21460746337890624,False,REGULAR,USD,P,2026-11-20,94,778.5800170898438,2026-08-18T08:43:39+00:00
XSP261120P00696000,2026-05-07 17:20:57+00:00,696.0,21.72,16.99,18.36,0.0,0.0,10.0,1.0,0.3193427441406249,False,REGULAR,USD,P,2026-11-20,94,778.5800170898438,2026-08-18T08:43:39+00:00
XSP261120P00697000,2026-08-13 13:53:41+00:00,697.0,5.85,6.61,6.99,0.0,0.0,1.0,0.0,0.2126085820007324,False,REGULAR,USD,P,2026-11-20,94,778.5800170898438,2026-08-18T08:43:39+00:00
XSP261120P00698000,2026-08-13 13:53:41+00:00,698.0,5.93,6.68,7.1,0.0,0.0,1.0,0.0,0.21186090881347652,False,REGULAR,USD,P,2026-11-20,94,778.5800170898438,2026-08-18T08:43:39+00:00
XSP261120P00699000,2026-08-13 13:52:16+00:00,699.0,6.0,6.77,7.18,0.0,0.0,13.0,0.0,0.21076228698730468,False,REGULAR,USD,P,2026-11-20,94,778.5800170898438,2026-08-18T08:43:39+00:00
XSP261120P00700000,2026-08-17 19:55:58+00:00,700.0,6.46,6.86,7.28,0.0,0.0,12.0,0.0,0.2098772860717773,False,REGULAR,USD,P,2026-11-20,94,778.5800170898438,2026-08-18T08:43:39+00:00
XSP261120P00701000,2026-08-17 13:42:27+00:00,701.0,6.12,6.98,7.36,0.0,0.0,1.0,0.0,0.2087481469726562,False,REGULAR,USD,P,2026-11-20,94,778.5800170898438,2026-08-18T08:43:39+00:00
XSP261120P00702000,2026-08-13 13:54:33+00:00,702.0,6.25,7.07,7.46,0.0,0.0,7.0,0.0,0.20783262878417966,False,REGULAR,USD,P,2026-11-20,94,778.5800170898438,2026-08-18T08:43:39+00:00
XSP261120P00703000,2026-08-13 13:54:33+00:00,703.0,6.34,7.17,7.55,0.0,0.0,7.0,0.0,0.2067950415039062,False,REGULAR,USD,P,2026-11-20,94,778.5800170898438,2026-08-18T08:43:39+00:00
XSP261120P00705000,2026-08-17 18:09:02+00:00,705.0,6.78,7.34,7.76,0.0,0.0,2.0,0.0,0.2049640051269531,False,REGULAR,USD,P,2026-11-20,94,778.5800170898438,2026-08-18T08:43:39+00:00
XSP261120P00710000,2026-08-17 14:13:09+00:00,710.0,6.9,7.86,8.29,0.0,0.0,84.0,0.0,0.20014227600097656,False,REGULAR,USD,P,2026-11-20,94,778.5800170898438,2026-08-18T08:43:39+00:00
XSP261120P00715000,2026-08-17 13:35:37+00:00,715.0,7.43,8.51,8.87,0.0,0.0,5.0,0.0,0.19535106414794923,False,REGULAR,USD,P,2026-11-20,94,778.5800170898438,2026-08-18T08:43:39+00:00
XSP261120P00720000,2026-08-17 14:23:26+00:00,720.0,8.0,9.06,9.5,0.0,0.0,7.0,0.0,0.1905598522949219,False,REGULAR,USD,P,2026-11-20,94,778.5800170898438,2026-08-18T08:43:39+00:00
XSP261120P00725000,2026-08-17 19:59:46+00:00,725.0,9.08,9.76,10.17,0.0,0.0,4.0,0.0,0.18563131271362304,False,REGULAR,USD,P,2026-11-20,94,778.5800170898438,2026-08-18T08:43:39+00:00
XSP261120P00730000,2026-08-18 06:52:46+00:00,730.0,10.46,10.49,10.94,0.8800001,9.185805,1.0,0.0,0.1810079458618164,False,REGULAR,USD,P,2026-11-20,94,778.5800170898438,2026-08-18T08:43:39+00:00
XSP261120P00735000,2026-08-17 16:09:03+00:00,735.0,10.04,11.32,11.77,0.0,0.0,9.0,0.0,0.17629302719116213,False,REGULAR,USD,P,2026-11-20,94,778.5800170898438,2026-08-18T08:43:39+00:00
XSP261120P00740000,2026-08-17 20:14:51+00:00,740.0,11.38,12.27,12.66,0.0,0.0,45.0,0.0,0.17145603942871096,False,REGULAR,USD,P,2026-11-20,94,778.5800170898438,2026-08-18T08:43:39+00:00
XSP261120P00745000,2026-08-17 16:09:03+00:00,745.0,11.71,13.28,13.67,0.0,0.0,25.0,0.0,0.16685556053161624,False,REGULAR,USD,P,2026-11-20,94,778.5800170898438,2026-08-18T08:43:39+00:00
XSP261120P00750000,2026-08-17 19:24:46+00:00,750.0,13.21,14.33,14.81,0.0,0.0,68.0,0.0,0.16248396118164063,False,REGULAR,USD,P,2026-11-20,94,778.5800170898438,2026-08-18T08:43:39+00:00
XSP261120P00755000,2026-08-18 02:33:06+00:00,755.0,14.96,15.55,16.05,0.8800001,6.250001,3.0,0.0,0.15804369796752932,False,REGULAR,USD,P,2026-11-20,94,778.5800170898438,2026-08-18T08:43:39+00:00
XSP261120P00760000,2026-08-18 06:52:46+00:00,760.0,16.74,16.91,17.41,0.97999954,6.2182713,5.0,0.0,0.15358817611694336,False,REGULAR,USD,P,2026-11-20,94,778.5800170898438,2026-08-18T08:43:39+00:00
XSP261120P00765000,2026-08-17 19:18:48+00:00,765.0,16.89,18.4,18.92,0.0,0.0,36.0,0.0,0.14925472335815432,False,REGULAR,USD,P,2026-11-20,94,778.5800170898438,2026-08-18T08:43:39+00:00
XSP261120P00770000,2026-08-17 19:55:58+00:00,770.0,18.62,20.07,20.61,0.0,0.0,47.0,0.0,0.1451196328735352,False,REGULAR,USD,P,2026-11-20,94,778.5800170898438,2026-08-18T08:43:39+00:00
XSP261120P00775000,2026-08-18 04:30:00+00:00,775.0,21.27,22.01,22.41,1.210001,6.0319095,1.0,0.0,0.14065648170471193,True,REGULAR,USD,P,2026-11-20,94,778.5800170898438,2026-08-18T08:43:39+00:00
XSP261120P00780000,2026-08-17 17:20:21+00:00,780.0,21.72,24.06,24.45,0.0,0.0,4.0,0.0,0.13660531372070314,True,REGULAR,USD,P,2026-11-20,94,778.5800170898438,2026-08-18T08:43:39+00:00
XSP261120P00785000,2026-08-17 16:10:28+00:00,785.0,23.18,26.18,26.74,0.0,0.0,11.0,0.0,0.13294324096679688,True,REGULAR,USD,P,2026-11-20,94,778.5800170898438,2026-08-18T08:43:39+00:00
XSP261120P00790000,2026-08-17 19:18:48+00:00,790.0,26.27,28.72,29.16,0.0,0.0,2.0,0.0,0.1288081504821777,True,REGULAR,USD,P,2026-11-20,94,778.5800170898438,2026-08-18T08:43:39+00:00
XSP261120P00795000,2026-08-17 19:18:48+00:00,795.0,28.75,31.06,31.94,0.0,0.0,4.0,0.0,0.1256648713684082,True,REGULAR,USD,P,2026-11-20,94,778.5800170898438,2026-08-18T08:43:39+00:00
XSP261120P00800000,2026-08-13 14:23:49+00:00,800.0,29.2,32.19,37.19,0.0,0.0,2.0,0.0,0.13839057418823242,True,REGULAR,USD,P,2026-11-20,94,778.5800170898438,2026-08-18T08:43:39+00:00
XSP261120P00815000,2026-08-05 14:21:10+00:00,815.0,41.59,42.16,47.16,0.0,0.0,,0.0,0.1299525482177734,True,REGULAR,USD,P,2026-11-20,94,778.5800170898438,2026-08-18T08:43:39+00:00
XSP261120P00825000,2026-08-06 18:45:31+00:00,825.0,51.76,51.31,52.41,0.0,0.0,,0.0,0.09763475616455078,True,REGULAR,USD,P,2026-11-20,94,778.5800170898438,2026-08-18T08:43:39+00:00
XSP261120P00830000,2026-08-13 18:43:01+00:00,830.0,49.06,55.34,56.46,0.0,0.0,,0.0,0.08863216064453125,True,REGULAR,USD,P,2026-11-20,94,778.5800170898438,2026-08-18T08:43:39+00:00
XSP261120P00840000,2026-06-22 15:36:38+00:00,840.0,82.93,0.0,0.0,0.0,0.0,1.0,1.0,1.0000000000000003e-05,True,REGULAR,USD,P,2026-11-20,94,778.5800170898438,2026-08-18T08:43:39+00:00
XSP261120P00850000,2026-08-05 16:09:00+00:00,850.0,71.82,0.0,0.0,0.0,0.0,,0.0,1.0000000000000003e-05,True,REGULAR,USD,P,2026-11-20,94,778.5800170898438,2026-08-18T08:43:39+00:00
XSP261120P00860000,2026-08-13 15:05:51+00:00,860.0,74.43,0.0,0.0,0.0,0.0,5.0,0.0,1.0000000000000003e-05,True,REGULAR,USD,P,2026-11-20,94,778.5800170898438,2026-08-18T08:43:39+00:00
XSP261120P00870000,2026-08-13 15:05:51+00:00,870.0,83.44,0.0,0.0,0.0,0.0,,0.0,1.0000000000000003e-05,True,REGULAR,USD,P,2026-11-20,94,778.5800170898438,2026-08-18T08:43:39+00:00
XSP261120P00895000,2026-06-11 17:29:56+00:00,895.0,148.24,0.0,0.0,0.0,0.0,1.0,0.0,1.0000000000000003e-05,True,REGULAR,USD,P,2026-11-20,94,778.5800170898438,2026-08-18T08:43:39+00:00
XSP270115C00050000,2026-08-04 14:40:15+00:00,50.0,715.56,0.0,0.0,0.0,0.0,2.0,0.0,1.0000000000000003e-05,True,REGULAR,USD,C,2027-01-15,150,778.5800170898438,2026-08-18T08:43:39+00:00
XSP270115C00055000,2026-07-23 15:58:40+00:00,55.0,683.01,0.0,0.0,0.0,0.0,15.0,0.0,1.0000000000000003e-05,True,REGULAR,USD,C,2027-01-15,150,778.5800170898438,2026-08-18T08:43:39+00:00
XSP270115C00090000,2026-04-30 17:30:36+00:00,90.0,626.7,0.0,0.0,0.0,0.0,,1.0,1.0000000000000003e-05,True,REGULAR,USD,C,2027-01-15,150,778.5800170898438,2026-08-18T08:43:39+00:00
XSP270115C00120000,2026-01-22 20:41:10+00:00,120.0,569.06,554.96,559.71,0.0,0.0,1.0,1.0,1.0000000000000003e-05,True,REGULAR,USD,C,2027-01-15,150,778.5800170898438,2026-08-18T08:43:39+00:00
XSP270115C00165000,2026-07-13 17:43:00+00:00,165.0,587.96,605.32,606.57,0.0,0.0,,0.0,1.0000000000000003e-05,True,REGULAR,USD,C,2027-01-15,150,778.5800170898438,2026-08-18T08:43:39+00:00
XSP270115C00185000,2026-04-16 17:14:41+00:00,185.0,518.9,554.04,560.22,0.0,0.0,,0.0,1.0000000000000003e-05,True,REGULAR,USD,C,2027-01-15,150,778.5800170898438,2026-08-18T08:43:39+00:00
XSP270115C00195000,2026-06-26 20:00:25+00:00,195.0,541.25,575.87,577.07,0.0,0.0,1.0,0.0,1.0000000000000003e-05,True,REGULAR,USD,C,2027-01-15,150,778.5800170898438,2026-08-18T08:43:39+00:00
XSP270115C00450000,2026-07-21 14:26:53+00:00,450.0,307.5,326.69,327.83,0.0,0.0,1.0,0.0,0.49335223449707044,True,REGULAR,USD,C,2027-01-15,150,778.5800170898438,2026-08-18T08:43:39+00:00
XSP270115C00460000,2025-12-24 17:29:45+00:00,460.0,250.7,248.62,251.8,0.0,0.0,5.0,0.0,1.0000000000000003e-05,True,REGULAR,USD,C,2027-01-15,150,778.5800170898438,2026-08-18T08:43:39+00:00
XSP270115C00470000,2025-12-24 17:29:45+00:00,470.0,241.56,239.24,242.45,0.0,0.0,5.0,5.0,1.0000000000000003e-05,True,REGULAR,USD,C,2027-01-15,150,778.5800170898438,2026-08-18T08:43:39+00:00
XSP270115C00480000,2026-08-13 14:43:29+00:00,480.0,308.73,297.63,298.78,0.0,0.0,4.0,0.0,0.46603927520751964,True,REGULAR,USD,C,2027-01-15,150,778.5800170898438,2026-08-18T08:43:39+00:00
XSP270115C00490000,2026-07-07 18:50:20+00:00,490.0,271.58,287.94,289.09,0.0,0.0,1.0,0.0,0.4559075405883789,True,REGULAR,USD,C,2027-01-15,150,778.5800170898438,2026-08-18T08:43:39+00:00
XSP270115C00500000,2026-07-14 19:08:37+00:00,500.0,265.19,278.26,279.41,0.0,0.0,1.0,0.0,0.44565373687744136,True,REGULAR,USD,C,2027-01-15,150,778.5800170898438,2026-08-18T08:43:39+00:00
XSP270115C00510000,2026-08-04 13:32:03+00:00,510.0,262.97,268.6,269.74,0.0,0.0,1.0,0.0,0.43530838134765626,True,REGULAR,USD,C,2027-01-15,150,778.5800170898438,2026-08-18T08:43:39+00:00
XSP270115C00520000,2026-06-11 13:36:18+00:00,520.0,224.42,246.58,250.84,0.0,0.0,5.0,9.0,1.0000000000000003e-05,True,REGULAR,USD,C,2027-01-15,150,778.5800170898438,2026-08-18T08:43:39+00:00
XSP270115C00530000,2026-07-21 16:19:38+00:00,530.0,232.61,249.27,250.36,0.0,0.0,14.0,0.0,0.4130307720947265,True,REGULAR,USD,C,2027-01-15,150,778.5800170898438,2026-08-18T08:43:39+00:00
XSP270115C00540000,2026-08-17 17:19:43+00:00,540.0,245.81,239.7,240.83,0.0,0.0,1.0,0.0,0.4041502456665039,True,REGULAR,USD,C,2027-01-15,150,778.5800170898438,2026-08-18T08:43:39+00:00
XSP270115C00550000,2026-07-08 14:41:05+00:00,550.0,209.07,230.06,231.14,0.0,0.0,2.0,0.0,0.3924010955810546,True,REGULAR,USD,C,2027-01-15,150,778.5800170898438,2026-08-18T08:43:39+00:00
XSP270115C00555000,2026-07-07 18:50:20+00:00,555.0,209.85,225.32,226.43,0.0,0.0,1.0,0.0,0.3884643673706054,True,REGULAR,USD,C,2027-01-15,150,778.5800170898438,2026-08-18T08:43:39+00:00
XSP270115C00560000,2026-07-30 13:30:02+00:00,560.0,190.11,220.53,221.64,0.0,0.0,1.0,0.0,0.3832153964233398,True,REGULAR,USD,C,2027-01-15,150,778.5800170898438,2026-08-18T08:43:39+00:00
XSP270115C00565000,2026-06-15 19:56:30+00:00,565.0,206.17,0.0,0.0,0.0,0.0,1.0,2.0,1.0000000000000003e-05,True,REGULAR,USD,C,2027-01-15,150,778.5800170898438,2026-08-18T08:43:39+00:00
XSP270115C00570000,2026-04-29 14:32:36+00:00,570.0,165.85,186.19,191.26,0.0,0.0,5.0,12.0,1.0000000000000003e-05,True,REGULAR,USD,C,2027-01-15,150,778.5800170898438,2026-08-18T08:43:39+00:00
XSP270115C00575000,2026-04-27 14:01:29+00:00,575.0,163.9,181.66,186.69,0.0,0.0,2.0,6.0,1.0000000000000003e-05,True,REGULAR,USD,C,2027-01-15,150,778.5800170898438,2026-08-18T08:43:39+00:00
XSP270115C00580000,2026-03-31 18:08:59+00:00,580.0,105.31,176.84,178.47,0.0,0.0,1.0,0.0,1.0000000000000003e-05,True,REGULAR,USD,C,2027-01-15,150,778.5800170898438,2026-08-18T08:43:39+00:00
XSP270115C00585000,2026-07-13 17:06:32+00:00,585.0,183.34,196.69,197.73,0.0,0.0,1.0,0.0,0.3563907135009765,True,REGULAR,USD,C,2027-01-15,150,778.5800170898438,2026-08-18T08:43:39+00:00
XSP270115C00590000,2026-06-25 17:16:28+00:00,590.0,166.46,191.95,192.99,0.0,0.0,2.0,0.0,0.3513095875549316,True,REGULAR,USD,C,2027-01-15,150,778.5800170898438,2026-08-18T08:43:39+00:00
XSP270115C00595000,2026-07-13 17:06:32+00:00,595.0,174.08,187.23,188.26,0.0,0.0,1.0,0.0,0.3462589788818359,True,REGULAR,USD,C,2027-01-15,150,778.5800170898438,2026-08-18T08:43:39+00:00
XSP270115C00600000,2026-08-03 14:12:17+00:00,600.0,167.57,182.55,183.61,0.0,0.0,2.0,0.0,0.3420018193054199,True,REGULAR,USD,C,2027-01-15,150,778.5800170898438,2026-08-18T08:43:39+00:00
XSP270115C00605000,2026-03-17 13:58:25+00:00,605.0,107.0,107.6,162.41,0.0,0.0,9.0,143.0,1.0000000000000003e-05,True,REGULAR,USD,C,2027-01-15,150,778.5800170898438,2026-08-18T08:43:39+00:00
XSP270115C00610000,2026-07-07 19:20:03+00:00,610.0,157.58,173.13,174.17,0.0,0.0,2.0,0.0,0.3315801705932617,True,REGULAR,USD,C,2027-01-15,150,778.5800170898438,2026-08-18T08:43:39+00:00
XSP270115C00615000,2026-05-29 15:36:59+00:00,615.0,165.0,152.31,153.94,0.0,0.0,1.0,0.0,1.0000000000000003e-05,True,REGULAR,USD,C,2027-01-15,150,778.5800170898438,2026-08-18T08:43:39+00:00
XSP270115C00620000,2026-08-06 16:15:59+00:00,620.0,164.48,163.79,164.82,0.0,0.0,1.0,0.0,0.32166205688476557,True,REGULAR,USD,C,2027-01-15,150,778.5800170898438,2026-08-18T08:43:39+00:00
XSP270115C00625000,2026-06-08 14:49:27+00:00,625.0,144.11,148.77,152.14,0.0,0.0,3.0,48.0,0.21689625885009767,True,REGULAR,USD,C,2027-01-15,150,778.5800170898438,2026-08-18T08:43:39+00:00
XSP270115C00630000,2026-08-04 16:13:06+00:00,630.0,156.15,154.57,155.3,0.0,0.0,1.0,0.0,0.3096840272521973,True,REGULAR,USD,C,2027-01-15,150,778.5800170898438,2026-08-18T08:43:39+00:00
XSP270115C00635000,2026-03-31 13:57:50+00:00,635.0,63.64,129.03,130.66,0.0,0.0,2.0,0.0,1.0000000000000003e-05,True,REGULAR,USD,C,2027-01-15,150,778.5800170898438,2026-08-18T08:43:39+00:00
XSP270115C00640000,2026-07-27 15:04:28+00:00,640.0,122.3,145.23,146.15,0.0,0.0,1.0,0.0,0.3007882421875,True,REGULAR,USD,C,2027-01-15,150,778.5800170898438,2026-08-18T08:43:39+00:00
XSP270115C00645000,2026-04-24 19:00:18+00:00,645.0,104.69,121.59,123.64,0.0,0.0,1.0,24.0,1.0000000000000003e-05,True,REGULAR,USD,C,2027-01-15,150,778.5800170898438,2026-08-18T08:43:39+00:00
XSP270115C00650000,2026-08-14 13:59:11+00:00,650.0,145.4,136.1,137.04,0.0,0.0,1.0,0.0,0.29160254302978506,True,REGULAR,USD,C,2027-01-15,150,778.5800170898438,2026-08-18T08:43:39+00:00
XSP270115C00655000,2026-08-14 16:05:50+00:00,655.0,139.21,131.08,132.39,0.0,0.0,1.0,0.0,0.28598736480712883,True,REGULAR,USD,C,2027-01-15,150,778.5800170898438,2026-08-18T08:43:39+00:00
XSP270115C00660000,2026-08-17 13:31:12+00:00,660.0,134.61,127.09,127.79,0.0,0.0,1.0,0.0,0.28066210067749015,True,REGULAR,USD,C,2027-01-15,150,778.5800170898438,2026-08-18T08:43:39+00:00
XSP270115C00665000,2026-08-06 20:08:47+00:00,665.0,124.53,122.49,123.4,0.0,0.0,2.0,0.0,0.27686270019531245,True,REGULAR,USD,C,2027-01-15,150,778.5800170898438,2026-08-18T08:43:39+00:00
XSP270115C00670000,2026-08-06 17:17:25+00:00,670.0,119.37,118.06,118.72,0.0,0.0,1.0,0.0,0.2706219178771973,True,REGULAR,USD,C,2027-01-15,150,778.5800170898438,2026-08-18T08:43:39+00:00
XSP270115C00675000,2026-07-20 19:14:32+00:00,675.0,95.12,113.53,114.42,0.0,0.0,1.0,0.0,0.26711243148803715,True,REGULAR,USD,C,2027-01-15,150,778.5800170898438,2026-08-18T08:43:39+00:00
XSP270115C00680000,2026-08-03 18:54:39+00:00,680.0,101.99,109.15,109.79,0.0,0.0,1.0,0.0,0.2609632009887696,True,REGULAR,USD,C,2027-01-15,150,778.5800170898438,2026-08-18T08:43:39+00:00
XSP270115C00685000,2026-08-10 17:17:49+00:00,685.0,109.95,104.73,105.37,0.0,0.0,1.0,0.0,0.25618724777221685,True,REGULAR,USD,C,2027-01-15,150,778.5800170898438,2026-08-18T08:43:39+00:00
XSP270115C00690000,2026-07-30 17:27:04+00:00,690.0,78.68,100.35,100.98,0.0,0.0,3.0,0.0,0.251411294555664,True,REGULAR,USD,C,2027-01-15,150,778.5800170898438,2026-08-18T08:43:39+00:00
XSP270115C00695000,2026-08-13 14:23:30+00:00,695.0,106.0,96.02,96.66,0.0,0.0,1.0,0.0,0.24690999679565429,True,REGULAR,USD,C,2027-01-15,150,778.5800170898438,2026-08-18T08:43:39+00:00
XSP270115C00700000,2026-08-13 18:49:09+00:00,700.0,99.56,91.89,92.75,0.0,0.0,3.0,0.0,0.24486533950805667,True,REGULAR,USD,C,2027-01-15,150,778.5800170898438,2026-08-18T08:43:39+00:00
XSP270115C00705000,2026-08-13 13:30:02+00:00,705.0,93.12,87.61,88.21,0.0,0.0,1.0,0.0,0.23844145355224605,True,REGULAR,USD,C,2027-01-15,150,778.5800170898438,2026-08-18T08:43:39+00:00
XSP270115C00710000,2026-08-04 13:30:02+00:00,710.0,78.71,83.37,83.96,0.0,0.0,1.0,0.0,0.23366550033569333,True,REGULAR,USD,C,2027-01-15,150,778.5800170898438,2026-08-18T08:43:39+00:00
XSP270115C00715000,2026-08-13 13:30:02+00:00,715.0,84.53,78.63,79.7,0.0,0.0,1.0,0.0,0.22857674507141115,True,REGULAR,USD,C,2027-01-15,150,778.5800170898438,2026-08-18T08:43:39+00:00
XSP270115C00720000,2026-08-12 15:32:58+00:00,720.0,78.29,75.02,75.85,0.0,0.0,1.0,0.0,0.22568523345947267,True,REGULAR,USD,C,2027-01-15,150,778.5800170898438,2026-08-18T08:43:39+00:00
XSP270115C00730000,2026-08-12 15:32:58+00:00,730.0,70.14,66.37,67.39,0.0,0.0,1.0,0.0,0.21451591156005856,True,REGULAR,USD,C,2027-01-15,150,778.5800170898438,2026-08-18T08:43:39+00:00
XSP270115C00740000,2026-08-13 18:17:29+00:00,740.0,66.05,58.5,59.51,0.0,0.0,2.0,0.0,0.20543702285766602,True,REGULAR,USD,C,2027-01-15,150,778.5800170898438,2026-08-18T08:43:39+00:00
XSP270115C00750000,2026-08-17 19:32:34+00:00,750.0,54.75,50.99,51.93,0.0,0.0,1.0,0.0,0.19657175506591795,True,REGULAR,USD,C,2027-01-15,150,778.5800170898438,2026-08-18T08:43:39+00:00
XSP270115C00760000,2026-08-14 19:13:59+00:00,760.0,49.74,44.29,44.71,0.0,0.0,1.0,0.0,0.18798114273071287,True,REGULAR,USD,C,2027-01-15,150,778.5800170898438,2026-08-18T08:43:39+00:00
XSP270115C00770000,2026-08-17 13:31:12+00:00,770.0,42.96,37.62,37.95,0.0,0.0,2.0,0.0,0.17992458267211914,True,REGULAR,USD,C,2027-01-15,150,778.5800170898438,2026-08-18T08:43:39+00:00
XSP270115C00780000,2026-08-13 18:44:24+00:00,780.0,37.61,31.42,31.63,0.0,0.0,137.0,0.0,0.17202060897827148,False,REGULAR,USD,C,2027-01-15,150,778.5800170898438,2026-08-18T08:43:39+00:00
XSP270115C00790000,2026-08-17 18:36:36+00:00,790.0,28.43,25.8,26.01,0.0,0.0,1.0,0.0,0.165322067565918,False,REGULAR,USD,C,2027-01-15,150,778.5800170898438,2026-08-18T08:43:39+00:00
XSP270115C00800000,2026-08-17 19:32:34+00:00,800.0,22.92,20.78,20.99,0.0,0.0,9.0,0.0,0.15912706115722658,False,REGULAR,USD,C,2027-01-15,150,778.5800170898438,2026-08-18T08:43:39+00:00
XSP270115C00810000,2026-08-17 16:04:42+00:00,810.0,19.3,16.51,16.68,0.0,0.0,7.0,0.0,0.15387046089172365,False,REGULAR,USD,C,2027-01-15,150,778.5800170898438,2026-08-18T08:43:39+00:00
XSP270115C00820000,2026-08-14 14:23:22+00:00,820.0,16.7,12.84,13.03,0.0,0.0,3.0,0.0,0.14931575790405271,False,REGULAR,USD,C,2027-01-15,150,778.5800170898438,2026-08-18T08:43:39+00:00
XSP270115C00830000,2026-08-17 15:24:40+00:00,830.0,12.06,9.81,9.99,0.0,0.0,4.0,0.0,0.14527221923828126,False,REGULAR,USD,C,2027-01-15,150,778.5800170898438,2026-08-18T08:43:39+00:00
XSP270115C00840000,2026-08-13 20:09:44+00:00,840.0,10.42,7.39,7.55,0.0,0.0,3.0,0.0,0.1419763537597656,False,REGULAR,USD,C,2027-01-15,150,778.5800170898438,2026-08-18T08:43:39+00:00
XSP270115C00850000,2026-08-17 19:32:34+00:00,850.0,6.34,5.46,5.61,0.0,0.0,3.0,0.0,0.1391229887390137,False,REGULAR,USD,C,2027-01-15,150,778.5800170898438,2026-08-18T08:43:39+00:00
XSP270115C00860000,2026-08-11 16:49:32+00:00,860.0,5.12,3.75,4.08,0.0,0.0,8.0,0.0,0.13646798599243165,False,REGULAR,USD,C,2027-01-15,150,778.5800170898438,2026-08-18T08:43:39+00:00
XSP270115C00870000,2026-07-31 14:07:56+00:00,870.0,1.22,2.84,2.96,0.0,0.0,2.0,0.0,0.13468272552490235,False,REGULAR,USD,C,2027-01-15,150,778.5800170898438,2026-08-18T08:43:39+00:00
XSP270115C00880000,2026-08-17 16:06:30+00:00,880.0,2.75,2.0,2.11,0.0,0.0,8.0,0.0,0.13306531005859373,False,REGULAR,USD,C,2027-01-15,150,778.5800170898438,2026-08-18T08:43:39+00:00
XSP270115C00890000,2026-08-17 13:48:08+00:00,890.0,2.04,1.38,1.51,0.0,0.0,4.0,0.0,0.13214979187011722,False,REGULAR,USD,C,2027-01-15,150,778.5800170898438,2026-08-18T08:43:39+00:00
XSP270115C00900000,2026-08-13 14:49:11+00:00,900.0,1.79,0.98,1.08,0.0,0.0,2.0,0.0,0.1316615155029297,False,REGULAR,USD,C,2027-01-15,150,778.5800170898438,2026-08-18T08:43:39+00:00
XSP270115C00910000,2026-08-14 18:54:38+00:00,910.0,1.12,0.66,0.78,0.0,0.0,2.0,0.0,0.13172255004882813,False,REGULAR,USD,C,2027-01-15,150,778.5800170898438,2026-08-18T08:43:39+00:00
XSP270115C00915000,2026-07-22 15:27:07+00:00,915.0,0.54,0.57,0.67,0.0,0.0,5.0,0.0,0.1320277227783203,False,REGULAR,USD,C,2027-01-15,150,778.5800170898438,2026-08-18T08:43:39+00:00
XSP270115C00920000,2026-08-06 19:18:06+00:00,920.0,0.76,0.49,0.58,0.0,0.0,2.0,0.0,0.13251599914550782,False,REGULAR,USD,C,2027-01-15,150,778.5800170898438,2026-08-18T08:43:39+00:00
XSP270115C00925000,2026-08-17 14:37:56+00:00,925.0,0.62,0.4,0.51,0.0,0.0,1.0,0.0,0.13337048278808594,False,REGULAR,USD,C,2027-01-15,150,778.5800170898438,2026-08-18T08:43:39+00:00
XSP270115C00930000,2026-08-03 19:02:47+00:00,930.0,0.44,0.34,0.44,0.0,0.0,7.0,0.0,0.133797724609375,False,REGULAR,USD,C,2027-01-15,150,778.5800170898438,2026-08-18T08:43:39+00:00
XSP270115C00935000,2026-06-16 17:19:36+00:00,935.0,1.01,0.04,0.42,0.0,0.0,1.0,12.0,0.13617807189941405,False,REGULAR,USD,C,2027-01-15,150,778.5800170898438,2026-08-18T08:43:39+00:00
XSP270115C00940000,2026-05-14 15:33:36+00:00,940.0,1.76,0.89,1.0,0.0,0.0,,0.0,0.1595237857055664,False,REGULAR,USD,C,2027-01-15,150,778.5800170898438,2026-08-18T08:43:39+00:00
XSP270115C00945000,2026-02-24 14:52:56+00:00,945.0,0.32,0.09,0.22,0.0,0.0,,0.0,0.13099013549804686,False,REGULAR,USD,C,2027-01-15,150,778.5800170898438,2026-08-18T08:43:39+00:00
XSP270115C00950000,2026-07-15 13:36:55+00:00,950.0,0.35,0.19,0.29,0.0,0.0,2.0,0.0,0.1388025573730469,False,REGULAR,USD,C,2027-01-15,150,778.5800170898438,2026-08-18T08:43:39+00:00
XSP270115C00955000,2026-06-04 20:07:10+00:00,955.0,0.86,0.27,0.36,0.0,0.0,1.0,0.0,0.1458825646972656,False,REGULAR,USD,C,2027-01-15,150,778.5800170898438,2026-08-18T08:43:39+00:00
XSP270115C00960000,2026-07-27 19:44:10+00:00,960.0,0.14,0.15,0.24,0.0,0.0,6.0,0.0,0.14136600830078128,False,REGULAR,USD,C,2027-01-15,150,778.5800170898438,2026-08-18T08:43:39+00:00
XSP270115C00965000,2026-07-02 14:09:02+00:00,965.0,0.3,0.12,0.23,0.0,0.0,1.0,0.0,0.143563251953125,False,REGULAR,USD,C,2027-01-15,150,778.5800170898438,2026-08-18T08:43:39+00:00
XSP270115C00975000,2026-06-23 19:55:23+00:00,975.0,0.22,0.01,0.31,0.0,0.0,1.0,2.0,0.1550377465820313,False,REGULAR,USD,C,2027-01-15,150,778.5800170898438,2026-08-18T08:43:39+00:00
XSP270115C00980000,2026-07-02 17:29:02+00:00,980.0,0.21,0.01,0.24,0.0,0.0,,0.0,0.1530846411132813,False,REGULAR,USD,C,2027-01-15,150,778.5800170898438,2026-08-18T08:43:39+00:00
XSP270115C00985000,2025-10-20 14:54:00+00:00,985.0,0.27,0.31,0.55,0.0,0.0,1.0,1.0,0.17383638671875,False,REGULAR,USD,C,2027-01-15,150,778.5800170898438,2026-08-18T08:43:39+00:00
XSP270115C00990000,2026-05-13 16:20:01+00:00,990.0,0.42,0.32,0.41,0.0,0.0,1.0,204.0,0.16993017578125003,False,REGULAR,USD,C,2027-01-15,150,778.5800170898438,2026-08-18T08:43:39+00:00
XSP270115C00995000,2026-04-27 15:21:25+00:00,995.0,0.23,0.11,0.35,0.0,0.0,1.0,200.0,0.16931983032226564,False,REGULAR,USD,C,2027-01-15,150,778.5800170898438,2026-08-18T08:43:39+00:00
XSP270115C01000000,2026-08-04 16:12:43+00:00,1000.0,0.2,0.06,0.15,0.0,0.0,2.0,0.0,0.15564809204101562,False,REGULAR,USD,C,2027-01-15,150,778.5800170898438,2026-08-18T08:43:39+00:00
XSP270115C01050000,2026-04-17 15:48:31+00:00,1050.0,0.15,0.0,0.23,0.0,0.0,2.0,2.0,0.1901936450195313,False,REGULAR,USD,C,2027-01-15,150,778.5800170898438,2026-08-18T08:43:39+00:00
XSP270115C01060000,2026-06-18 16:58:28+00:00,1060.0,0.09,0.0,0.24,0.0,0.0,11.0,11.0,0.196297099609375,False,REGULAR,USD,C,2027-01-15,150,778.5800170898438,2026-08-18T08:43:39+00:00
XSP270115C01070000,2026-05-28 15:50:19+00:00,1070.0,0.15,0.02,0.11,0.0,0.0,100.0,0.0,0.18506674316406246,False,REGULAR,USD,C,2027-01-15,150,778.5800170898438,2026-08-18T08:43:39+00:00
XSP270115C01080000,2026-06-30 19:04:28+00:00,1080.0,0.09,0.0,0.09,0.0,0.0,10.0,0.0,0.1860432958984375,False,REGULAR,USD,C,2027-01-15,150,778.5800170898438,2026-08-18T08:43:39+00:00
XSP270115C01120000,2026-07-09 15:55:50+00:00,1120.0,0.05,0.0,0.08,0.0,0.0,,0.0,0.2016681396484375,False,REGULAR,USD,C,2027-01-15,150,778.5800170898438,2026-08-18T08:43:39+00:00
XSP270115C01180000,2026-06-22 16:07:27+00:00,1180.0,0.05,0.0,0.21,0.0,0.0,14.0,55.0,0.24976336181640624,False,REGULAR,USD,C,2027-01-15,150,778.5800170898438,2026-08-18T08:43:39+00:00
XSP270115C01230000,2026-01-09 17:36:32+00:00,1230.0,0.05,0.0,0.12,0.0,0.0,,1.0,0.2563550927734375,False,REGULAR,USD,C,2027-01-15,150,778.5800170898438,2026-08-18T08:43:39+00:00
XSP270115C01250000,2026-08-10 14:36:58+00:00,1250.0,0.02,,0.06,0.0,0.0,,0.0,0.24805439453125,False,REGULAR,USD,C,2027-01-15,150,778.5800170898438,2026-08-18T08:43:39+00:00
XSP270115C01260000,2026-07-20 13:30:06+00:00,1260.0,0.01,0.0,0.06,0.0,0.0,,0.0,0.25196060546875,False,REGULAR,USD,C,2027-01-15,150,778.5800170898438,2026-08-18T08:43:39+00:00
XSP270115C01300000,2026-06-11 13:30:06+00:00,1300.0,0.01,0.0,0.09,0.0,0.0,2.0,8.0,0.2758861474609374,False,REGULAR,USD,C,2027-01-15,150,778.5800170898438,2026-08-18T08:43:39+00:00
XSP270115C01340000,2026-06-11 13:46:17+00:00,1340.0,0.01,0.0,0.09,0.0,0.0,1.0,10.0,0.29004616210937495,False,REGULAR,USD,C,2027-01-15,150,778.5800170898438,2026-08-18T08:43:39+00:00
XSP270115P00055000,2026-04-23 15:09:20+00:00,55.0,0.04,0.0,0.13,0.0,0.0,1.0,3.0,1.37109689453125,False,REGULAR,USD,P,2027-01-15,150,778.5800170898438,2026-08-18T08:43:39+00:00
XSP270115P00100000,2026-05-26 14:19:14+00:00,100.0,0.1,0.0,0.08,0.0,0.0,5.0,0.0,1.015629921875,False,REGULAR,USD,P,2027-01-15,150,778.5800170898438,2026-08-18T08:43:39+00:00
XSP270115P00170000,2026-04-08 17:03:57+00:00,170.0,0.4,0.0,0.0,0.0,0.0,1.0,4.0,0.500005,False,REGULAR,USD,P,2027-01-15,150,778.5800170898438,2026-08-18T08:43:39+00:00
XSP270115P00175000,2026-07-30 16:24:30+00:00,175.0,0.08,0.04,0.13,0.0,0.0,60.0,0.0,0.7861349511718749,False,REGULAR,USD,P,2027-01-15,150,778.5800170898438,2026-08-18T08:43:39+00:00
XSP270115P00195000,2026-07-22 14:05:24+00:00,195.0,0.16,0.07,0.16,0.0,0.0,1.0,0.0,0.7509790527343749,False,REGULAR,USD,P,2027-01-15,150,778.5800170898438,2026-08-18T08:43:39+00:00
XSP270115P00450000,2026-08-17 18:34:26+00:00,450.0,1.15,1.18,1.27,0.0,0.0,1.0,0.0,0.41809663940429687,False,REGULAR,USD,P,2027-01-15,150,778.5800170898438,2026-08-18T08:43:39+00:00
XSP270115P00460000,2026-08-12 15:13:23+00:00,460.0,1.23,1.23,1.44,0.0,0.0,1.0,0.0,0.411138701171875,False,REGULAR,USD,P,2027-01-15,150,778.5800170898438,2026-08-18T08:43:39+00:00
XSP270115P00470000,2026-07-17 18:20:25+00:00,470.0,2.28,1.41,1.48,0.0,0.0,1.0,0.0,0.3978331701660156,False,REGULAR,USD,P,2027-01-15,150,778.5800170898438,2026-08-18T08:43:39+00:00
XSP270115P00480000,2026-08-12 15:13:23+00:00,480.0,1.45,1.51,1.61,0.0,0.0,1.0,0.0,0.38849488464355464,False,REGULAR,USD,P,2027-01-15,150,778.5800170898438,2026-08-18T08:43:39+00:00
XSP270115P00490000,2026-08-12 15:13:23+00:00,490.0,1.57,1.64,1.74,0.0,0.0,1.0,0.0,0.37879039184570307,False,REGULAR,USD,P,2027-01-15,150,778.5800170898438,2026-08-18T08:43:39+00:00
XSP270115P00500000,2026-08-14 19:48:50+00:00,500.0,1.64,1.78,1.87,0.0,0.0,1.0,0.0,0.3687807263183594,False,REGULAR,USD,P,2027-01-15,150,778.5800170898438,2026-08-18T08:43:39+00:00
XSP270115P00510000,2026-07-29 16:40:03+00:00,510.0,3.03,1.93,2.03,0.0,0.0,1.0,0.0,0.3595645098876953,False,REGULAR,USD,P,2027-01-15,150,778.5800170898438,2026-08-18T08:43:39+00:00
XSP270115P00520000,2026-08-17 16:59:26+00:00,520.0,1.98,2.09,2.19,0.0,0.0,1.0,0.0,0.35004312072753896,False,REGULAR,USD,P,2027-01-15,150,778.5800170898438,2026-08-18T08:43:39+00:00
XSP270115P00530000,2026-07-23 14:20:33+00:00,530.0,3.77,2.28,2.37,0.0,0.0,36.0,0.0,0.34076586975097656,False,REGULAR,USD,P,2027-01-15,150,778.5800170898438,2026-08-18T08:43:39+00:00
XSP270115P00540000,2026-08-13 13:56:38+00:00,540.0,2.2,2.47,2.57,0.0,0.0,1.0,0.0,0.33170223968505863,False,REGULAR,USD,P,2027-01-15,150,778.5800170898438,2026-08-18T08:43:39+00:00
XSP270115P00550000,2026-08-17 14:02:24+00:00,550.0,2.44,2.68,2.8,0.0,0.0,2.0,0.0,0.322974299621582,False,REGULAR,USD,P,2027-01-15,150,778.5800170898438,2026-08-18T08:43:39+00:00
XSP270115P00555000,2026-08-13 14:39:17+00:00,555.0,2.51,2.78,2.9,0.0,0.0,1.0,0.0,0.3181220532226562,False,REGULAR,USD,P,2027-01-15,150,778.5800170898438,2026-08-18T08:43:39+00:00
XSP270115P00560000,2026-08-13 14:22:14+00:00,560.0,2.64,2.93,3.02,0.0,0.0,2.0,0.0,0.3136360140991211,False,REGULAR,USD,P,2027-01-15,150,778.5800170898438,2026-08-18T08:43:39+00:00
XSP270115P00565000,2026-08-13 15:55:21+00:00,565.0,2.81,3.05,3.15,0.0,0.0,3.0,0.0,0.30927204406738285,False,REGULAR,USD,P,2027-01-15,150,778.5800170898438,2026-08-18T08:43:39+00:00
XSP270115P00570000,2026-08-13 19:56:53+00:00,570.0,2.9,3.19,3.29,0.0,0.0,1.0,0.0,0.3049691085815429,False,REGULAR,USD,P,2027-01-15,150,778.5800170898438,2026-08-18T08:43:39+00:00
XSP270115P00575000,2026-08-13 15:00:10+00:00,575.0,2.95,3.31,3.44,0.0,0.0,1.0,0.0,0.3007577249145508,False,REGULAR,USD,P,2027-01-15,150,778.5800170898438,2026-08-18T08:43:39+00:00
XSP270115P00580000,2026-08-17 19:50:17+00:00,580.0,3.32,3.49,3.62,0.0,0.0,1.0,0.0,0.2969735830688476,False,REGULAR,USD,P,2027-01-15,150,778.5800170898438,2026-08-18T08:43:39+00:00
XSP270115P00585000,2026-06-01 17:43:29+00:00,585.0,7.07,5.5,5.78,0.0,0.0,1.0,0.0,0.32434757690429683,False,REGULAR,USD,P,2027-01-15,150,778.5800170898438,2026-08-18T08:43:39+00:00
XSP270115P00590000,2026-08-07 13:31:54+00:00,590.0,3.85,3.81,3.92,0.0,0.0,2.0,0.0,0.28794047027587877,False,REGULAR,USD,P,2027-01-15,150,778.5800170898438,2026-08-18T08:43:39+00:00
XSP270115P00595000,2026-08-18 04:39:02+00:00,595.0,3.9,3.99,4.1,0.18000007,4.8387117,5.0,0.0,0.28375960388183585,False,REGULAR,USD,P,2027-01-15,150,778.5800170898438,2026-08-18T08:43:39+00:00
XSP270115P00600000,2026-08-14 19:51:04+00:00,600.0,3.7,4.19,4.29,0.0,0.0,5.0,0.0,0.27960925476074217,False,REGULAR,USD,P,2027-01-15,150,778.5800170898438,2026-08-18T08:43:39+00:00
XSP270115P00605000,2026-08-17 13:30:27+00:00,605.0,3.93,4.38,4.48,0.0,0.0,1.0,0.0,0.27530631927490234,False,REGULAR,USD,P,2027-01-15,150,778.5800170898438,2026-08-18T08:43:39+00:00
XSP270115P00610000,2026-08-05 14:13:52+00:00,610.0,4.62,4.59,4.7,0.0,0.0,2.0,0.0,0.2713085565185547,False,REGULAR,USD,P,2027-01-15,150,778.5800170898438,2026-08-18T08:43:39+00:00
XSP270115P00615000,2026-08-11 14:36:27+00:00,615.0,4.69,4.8,4.91,0.0,0.0,6.0,0.0,0.2670361383056641,False,REGULAR,USD,P,2027-01-15,150,778.5800170898438,2026-08-18T08:43:39+00:00
XSP270115P00620000,2026-08-14 15:57:14+00:00,620.0,4.65,5.03,5.15,0.0,0.0,2.0,0.0,0.2630078582763672,False,REGULAR,USD,P,2027-01-15,150,778.5800170898438,2026-08-18T08:43:39+00:00
XSP270115P00625000,2026-08-13 13:30:02+00:00,625.0,4.76,5.28,5.57,0.0,0.0,1.0,0.0,0.2611463046264648,False,REGULAR,USD,P,2027-01-15,150,778.5800170898438,2026-08-18T08:43:39+00:00
XSP270115P00630000,2026-08-14 16:17:32+00:00,630.0,5.07,5.54,5.67,0.0,0.0,1.0,0.0,0.25499707412719735,False,REGULAR,USD,P,2027-01-15,150,778.5800170898438,2026-08-18T08:43:39+00:00
XSP270115P00635000,2026-07-29 16:41:51+00:00,635.0,9.7,5.81,5.94,0.0,0.0,1.0,0.0,0.25086198364257806,False,REGULAR,USD,P,2027-01-15,150,778.5800170898438,2026-08-18T08:43:39+00:00
XSP270115P00640000,2026-08-04 15:08:12+00:00,640.0,6.49,6.11,6.23,0.0,0.0,1.0,0.0,0.24678792770385743,False,REGULAR,USD,P,2027-01-15,150,778.5800170898438,2026-08-18T08:43:39+00:00
XSP270115P00645000,2026-08-17 13:30:27+00:00,645.0,5.72,6.41,6.54,0.0,0.0,4.0,0.0,0.24275964767456054,False,REGULAR,USD,P,2027-01-15,150,778.5800170898438,2026-08-18T08:43:39+00:00
XSP270115P00650000,2026-08-17 19:33:59+00:00,650.0,6.41,6.77,6.86,0.0,0.0,1.0,0.0,0.2386550744628906,False,REGULAR,USD,P,2027-01-15,150,778.5800170898438,2026-08-18T08:43:39+00:00
XSP270115P00655000,2026-07-09 15:35:45+00:00,655.0,10.55,7.09,7.23,0.0,0.0,1.0,0.0,0.2348709326171875,False,REGULAR,USD,P,2027-01-15,150,778.5800170898438,2026-08-18T08:43:39+00:00
XSP270115P00660000,2026-08-07 16:17:58+00:00,660.0,7.33,7.45,7.58,0.0,0.0,12.0,0.0,0.23069006622314453,False,REGULAR,USD,P,2027-01-15,150,778.5800170898438,2026-08-18T08:43:39+00:00
XSP270115P00665000,2026-08-17 13:30:27+00:00,665.0,6.97,7.84,7.98,0.0,0.0,6.0,0.0,0.2267838552856445,False,REGULAR,USD,P,2027-01-15,150,778.5800170898438,2026-08-18T08:43:39+00:00
XSP270115P00670000,2026-08-12 18:02:28+00:00,670.0,7.69,8.26,8.39,0.0,0.0,6.0,0.0,0.22275557525634765,False,REGULAR,USD,P,2027-01-15,150,778.5800170898438,2026-08-18T08:43:39+00:00
XSP270115P00675000,2026-08-11 17:37:55+00:00,675.0,8.56,8.68,8.82,0.0,0.0,1.0,0.0,0.21868151931762692,False,REGULAR,USD,P,2027-01-15,150,778.5800170898438,2026-08-18T08:43:39+00:00
XSP270115P00680000,2026-08-14 12:13:02+00:00,680.0,8.0,9.16,9.26,0.0,0.0,3.0,0.0,0.21447013565063477,False,REGULAR,USD,P,2027-01-15,150,778.5800170898438,2026-08-18T08:43:39+00:00
XSP270115P00685000,2026-08-17 17:09:37+00:00,685.0,8.93,9.63,9.77,0.0,0.0,1.0,0.0,0.21060970062255857,False,REGULAR,USD,P,2027-01-15,150,778.5800170898438,2026-08-18T08:43:39+00:00
XSP270115P00690000,2026-08-11 17:37:55+00:00,690.0,10.0,10.18,10.28,0.0,0.0,1.0,0.0,0.206489868774414,False,REGULAR,USD,P,2027-01-15,150,778.5800170898438,2026-08-18T08:43:39+00:00
XSP270115P00695000,2026-08-14 14:28:14+00:00,695.0,9.63,10.71,11.05,0.0,0.0,2.0,0.0,0.20407900421142577,False,REGULAR,USD,P,2027-01-15,150,778.5800170898438,2026-08-18T08:43:39+00:00
XSP270115P00700000,2026-08-17 19:33:59+00:00,700.0,10.68,11.31,11.41,0.0,0.0,2.0,0.0,0.19831123962402342,False,REGULAR,USD,P,2027-01-15,150,778.5800170898438,2026-08-18T08:43:39+00:00
XSP270115P00705000,2026-08-17 13:30:27+00:00,705.0,10.57,11.9,12.06,0.0,0.0,3.0,0.0,0.19443554595947266,False,REGULAR,USD,P,2027-01-15,150,778.5800170898438,2026-08-18T08:43:39+00:00
XSP270115P00710000,2026-08-12 19:02:46+00:00,710.0,11.67,12.57,12.73,0.0,0.0,6.0,0.0,0.1903767486572266,False,REGULAR,USD,P,2027-01-15,150,778.5800170898438,2026-08-18T08:43:39+00:00
XSP270115P00715000,2026-08-14 18:03:58+00:00,715.0,11.87,13.3,13.4,0.0,0.0,1.0,0.0,0.18602803726196288,False,REGULAR,USD,P,2027-01-15,150,778.5800170898438,2026-08-18T08:43:39+00:00
XSP270115P00720000,2026-08-17 19:50:17+00:00,720.0,13.17,14.04,14.16,0.0,0.0,2.0,0.0,0.18193872268676758,False,REGULAR,USD,P,2027-01-15,150,778.5800170898438,2026-08-18T08:43:39+00:00
XSP270115P00730000,2026-08-17 19:50:17+00:00,730.0,14.75,15.74,15.85,0.0,0.0,1.0,0.0,0.17379061080932617,False,REGULAR,USD,P,2027-01-15,150,778.5800170898438,2026-08-18T08:43:39+00:00
XSP270115P00740000,2026-08-17 18:43:09+00:00,740.0,16.51,17.66,17.83,0.0,0.0,1.0,0.0,0.1658027146148682,False,REGULAR,USD,P,2027-01-15,150,778.5800170898438,2026-08-18T08:43:39+00:00
XSP270115P00750000,2026-08-18 04:03:48+00:00,750.0,19.35,19.93,20.05,0.6400013,3.4206378,1.0,0.0,0.1574333525085449,False,REGULAR,USD,P,2027-01-15,150,778.5800170898438,2026-08-18T08:43:39+00:00
XSP270115P00760000,2026-08-18 04:03:48+00:00,760.0,21.93,22.56,22.7,0.75,3.5410764,1.0,0.0,0.1493996804046631,False,REGULAR,USD,P,2027-01-15,150,778.5800170898438,2026-08-18T08:43:39+00:00
XSP270115P00770000,2026-08-17 19:42:19+00:00,770.0,24.1,25.64,25.78,0.0,0.0,7.0,0.0,0.14131260307312013,False,REGULAR,USD,P,2027-01-15,150,778.5800170898438,2026-08-18T08:43:39+00:00
XSP270115P00780000,2026-08-17 19:42:19+00:00,780.0,27.47,29.21,29.4,0.0,0.0,6.0,0.0,0.1333247068786621,True,REGULAR,USD,P,2027-01-15,150,778.5800170898438,2026-08-18T08:43:39+00:00
XSP270115P00790000,2026-08-07 18:33:44+00:00,790.0,32.33,33.44,33.64,0.0,0.0,1.0,0.0,0.12538258659362794,True,REGULAR,USD,P,2027-01-15,150,778.5800170898438,2026-08-18T08:43:39+00:00
XSP270115P00800000,2026-08-07 15:07:21+00:00,800.0,36.57,38.13,38.45,0.0,0.0,2.0,0.0,0.11670042243957521,True,REGULAR,USD,P,2027-01-15,150,778.5800170898438,2026-08-18T08:43:39+00:00
XSP270115P00810000,2026-08-07 19:38:06+00:00,810.0,41.7,43.69,44.53,0.0,0.0,27.0,0.0,0.1106961489868164,True,REGULAR,USD,P,2027-01-15,150,778.5800170898438,2026-08-18T08:43:39+00:00
XSP270115P00820000,2026-08-17 14:21:49+00:00,820.0,45.68,49.81,50.71,0.0,0.0,2.0,0.0,0.09986251708984376,True,REGULAR,USD,P,2027-01-15,150,778.5800170898438,2026-08-18T08:43:39+00:00
XSP270115P00830000,2026-08-13 16:47:36+00:00,830.0,51.57,56.56,57.52,0.0,0.0,2.0,0.0,0.08408508697509767,True,REGULAR,USD,P,2027-01-15,150,778.5800170898438,2026-08-18T08:43:39+00:00
XSP270115P00840000,2026-08-17 14:21:49+00:00,840.0,59.14,63.91,64.92,0.0,0.0,4.0,0.0,1.0000000000000003e-05,True,REGULAR,USD,P,2027-01-15,150,778.5800170898438,2026-08-18T08:43:39+00:00
XSP270115P00850000,2026-08-05 13:31:11+00:00,850.0,66.93,71.76,72.84,0.0,0.0,1.0,0.0,1.0000000000000003e-05,True,REGULAR,USD,P,2027-01-15,150,778.5800170898438,2026-08-18T08:43:39+00:00
XSP270115P00860000,2026-08-17 14:21:49+00:00,860.0,74.75,80.06,80.83,0.0,0.0,2.0,0.0,1.0000000000000003e-05,True,REGULAR,USD,P,2027-01-15,150,778.5800170898438,2026-08-18T08:43:39+00:00
XSP270115P00880000,2026-08-07 13:47:25+00:00,880.0,94.53,97.66,98.59,0.0,0.0,1.0,0.0,1.0000000000000003e-05,True,REGULAR,USD,P,2027-01-15,150,778.5800170898438,2026-08-18T08:43:39+00:00
XSP270115P00890000,2026-08-07 20:09:48+00:00,890.0,102.97,106.85,107.83,0.0,0.0,1.0,0.0,1.0000000000000003e-05,True,REGULAR,USD,P,2027-01-15,150,778.5800170898438,2026-08-18T08:43:39+00:00
XSP270115P00900000,2026-08-05 16:41:51+00:00,900.0,113.0,116.23,117.25,0.0,0.0,2.0,0.0,1.0000000000000003e-05,True,REGULAR,USD,P,2027-01-15,150,778.5800170898438,2026-08-18T08:43:39+00:00
XSP270115P00910000,2026-08-05 13:49:24+00:00,910.0,118.63,125.68,126.76,0.0,0.0,1.0,0.0,1.0000000000000003e-05,True,REGULAR,USD,P,2027-01-15,150,778.5800170898438,2026-08-18T08:43:39+00:00
XSP270115P00915000,2026-08-04 17:20:52+00:00,915.0,127.37,130.53,131.59,0.0,0.0,2.0,0.0,1.0000000000000003e-05,True,REGULAR,USD,P,2027-01-15,150,778.5800170898438,2026-08-18T08:43:39+00:00
XSP270115P00920000,2026-08-13 17:01:36+00:00,920.0,127.4,135.26,136.37,0.0,0.0,1.0,0.0,1.0000000000000003e-05,True,REGULAR,USD,P,2027-01-15,150,778.5800170898438,2026-08-18T08:43:39+00:00
XSP270115P00925000,2026-08-04 13:46:55+00:00,925.0,146.0,140.12,141.23,0.0,0.0,1.0,0.0,1.0000000000000003e-05,True,REGULAR,USD,P,2027-01-15,150,778.5800170898438,2026-08-18T08:43:39+00:00
XSP270115P00930000,2026-08-05 14:10:18+00:00,930.0,137.18,145.02,146.11,0.0,0.0,1.0,0.0,1.0000000000000003e-05,True,REGULAR,USD,P,2027-01-15,150,778.5800170898438,2026-08-18T08:43:39+00:00
XSP270115P00935000,2026-08-05 14:10:18+00:00,935.0,141.95,149.87,150.97,0.0,0.0,2.0,0.0,1.0000000000000003e-05,True,REGULAR,USD,P,2027-01-15,150,778.5800170898438,2026-08-18T08:43:39+00:00
XSP270115P00940000,2026-08-05 13:50:17+00:00,940.0,147.91,154.74,155.84,0.0,0.0,1.0,0.0,1.0000000000000003e-05,True,REGULAR,USD,P,2027-01-15,150,778.5800170898438,2026-08-18T08:43:39+00:00
XSP270115P00945000,2026-08-04 17:18:59+00:00,945.0,155.91,159.61,160.72,0.0,0.0,2.0,0.0,1.0000000000000003e-05,True,REGULAR,USD,P,2027-01-15,150,778.5800170898438,2026-08-18T08:43:39+00:00
XSP270115P00950000,2026-08-04 15:05:48+00:00,950.0,164.92,164.49,165.6,0.0,0.0,2.0,0.0,1.0000000000000003e-05,True,REGULAR,USD,P,2027-01-15,150,778.5800170898438,2026-08-18T08:43:39+00:00
XSP270115P00955000,2026-07-30 18:18:52+00:00,955.0,196.0,169.37,170.49,0.0,0.0,2.0,0.0,1.0000000000000003e-05,True,REGULAR,USD,P,2027-01-15,150,778.5800170898438,2026-08-18T08:43:39+00:00
XSP270115P00960000,2026-04-20 13:16:00+00:00,960.0,225.86,195.47,201.24,0.0,0.0,4.0,2.0,0.3369054347229004,True,REGULAR,USD,P,2027-01-15,150,778.5800170898438,2026-08-18T08:43:39+00:00
XSP270115P00965000,2026-05-07 16:23:42+00:00,965.0,208.08,200.29,206.29,0.0,0.0,137.0,21.0,0.34230699203491205,True,REGULAR,USD,P,2027-01-15,150,778.5800170898438,2026-08-18T08:43:39+00:00
XSP270115P00970000,2026-08-04 14:43:47+00:00,970.0,186.08,184.04,185.16,0.0,0.0,16.0,0.0,1.0000000000000003e-05,True,REGULAR,USD,P,2027-01-15,150,778.5800170898438,2026-08-18T08:43:39+00:00
XSP270115P00975000,2026-03-27 18:04:21+00:00,975.0,309.95,215.14,216.77,0.0,0.0,3.0,0.0,0.3558108853149413,True,REGULAR,USD,P,2027-01-15,150,778.5800170898438,2026-08-18T08:43:39+00:00
XSP270115P00980000,2026-04-20 13:17:22+00:00,980.0,245.16,214.8,220.59,0.0,0.0,,2.0,0.35169105346679685,True,REGULAR,USD,P,2027-01-15,150,778.5800170898438,2026-08-18T08:43:39+00:00
XSP270115P00985000,2026-03-27 18:04:21+00:00,985.0,319.63,224.78,226.41,0.0,0.0,3.0,0.0,0.3627993408203125,True,REGULAR,USD,P,2027-01-15,150,778.5800170898438,2026-08-18T08:43:39+00:00
XSP270115P00990000,2026-08-03 14:52:43+00:00,990.0,216.0,203.55,204.71,0.0,0.0,1.0,0.0,1.0000000000000003e-05,True,REGULAR,USD,P,2027-01-15,150,778.5800170898438,2026-08-18T08:43:39+00:00
XSP270115P01000000,2026-07-30 16:42:13+00:00,1000.0,242.12,213.43,214.56,0.0,0.0,1.0,0.0,1.0000000000000003e-05,True,REGULAR,USD,P,2027-01-15,150,778.5800170898438,2026-08-18T08:43:39+00:00
XSP270115P01010000,2026-07-30 18:22:43+00:00,1010.0,250.0,223.15,224.32,0.0,0.0,,0.0,1.0000000000000003e-05,True,REGULAR,USD,P,2027-01-15,150,778.5800170898438,2026-08-18T08:43:39+00:00
XSP270115P01030000,2026-03-27 15:18:46+00:00,1030.0,358.9,268.32,269.95,0.0,0.0,3.0,0.0,0.39230954376220706,True,REGULAR,USD,P,2027-01-15,150,778.5800170898438,2026-08-18T08:43:39+00:00
XSP270115P01070000,2026-08-13 14:11:39+00:00,1070.0,272.29,0.0,0.0,0.0,0.0,3.0,0.0,1.0000000000000003e-05,True,REGULAR,USD,P,2027-01-15,150,778.5800170898438,2026-08-18T08:43:39+00:00
XSP270115P01140000,2026-03-27 11:56:38+00:00,1140.0,461.1,375.11,376.74,0.0,0.0,1.0,0.0,0.44899537826538083,True,REGULAR,USD,P,2027-01-15,150,778.5800170898438,2026-08-18T08:43:39+00:00
XSP270115P01180000,2026-03-27 17:51:37+00:00,1180.0,507.3,413.97,415.6,0.0,0.0,8.0,0.0,0.4642387561035156,True,REGULAR,USD,P,2027-01-15,150,778.5800170898438,2026-08-18T08:43:39+00:00
XSP270115P01300000,2026-06-22 14:14:06+00:00,1300.0,517.35,0.0,0.0,0.0,0.0,,1.0,1.0000000000000003e-05,True,REGULAR,USD,P,2027-01-15,150,778.5800170898438,2026-08-18T08:43:39+00:00
XSP270115P01480000,2026-07-28 15:20:05+00:00,1480.0,708.5,0.0,0.0,0.0,0.0,1.0,0.0,1.0000000000000003e-05,True,REGULAR,USD,P,2027-01-15,150,778.5800170898438,2026-08-18T08:43:39+00:00
XSP270319C00250000,2026-08-03 14:53:22+00:00,250.0,510.99,522.56,523.83,0.0,0.0,1.0,0.0,1.0000000000000003e-05,True,REGULAR,USD,C,2027-03-19,213,778.5800170898438,2026-08-18T08:43:39+00:00
XSP270319C00255000,2026-07-23 13:30:43+00:00,255.0,490.05,517.66,518.9,0.0,0.0,2.0,0.0,1.0000000000000003e-05,True,REGULAR,USD,C,2027-03-19,213,778.5800170898438,2026-08-18T08:43:39+00:00
XSP270319C00260000,2026-07-23 13:30:38+00:00,260.0,485.25,512.86,514.14,0.0,0.0,1.0,0.0,1.0000000000000003e-05,True,REGULAR,USD,C,2027-03-19,213,778.5800170898438,2026-08-18T08:43:39+00:00
XSP270319C00275000,2026-07-23 15:12:37+00:00,275.0,468.4,498.33,499.6,0.0,0.0,2.0,0.0,0.45898978515625005,True,REGULAR,USD,C,2027-03-19,213,778.5800170898438,2026-08-18T08:43:39+00:00
XSP270319C00300000,2026-07-31 19:58:19+00:00,300.0,454.89,474.07,475.3,0.0,0.0,2.0,0.0,0.543949873046875,True,REGULAR,USD,C,2027-03-19,213,778.5800170898438,2026-08-18T08:43:39+00:00
XSP270319C00320000,2026-05-11 14:55:23+00:00,320.0,428.66,440.16,443.9,0.0,0.0,,1.0,1.0000000000000003e-05,True,REGULAR,USD,C,2027-03-19,213,778.5800170898438,2026-08-18T08:43:39+00:00
XSP270319C00325000,2026-08-03 19:50:02+00:00,325.0,432.94,449.88,451.11,0.0,0.0,2.0,0.0,0.5164843273925781,True,REGULAR,USD,C,2027-03-19,213,778.5800170898438,2026-08-18T08:43:39+00:00
XSP270319C00420000,2026-07-01 19:33:44+00:00,420.0,341.01,358.26,359.46,0.0,0.0,1.0,0.0,0.4979298254394532,True,REGULAR,USD,C,2027-03-19,213,778.5800170898438,2026-08-18T08:43:39+00:00
XSP270319C00430000,2026-05-27 19:03:36+00:00,430.0,335.04,329.73,331.36,0.0,0.0,1.0,0.0,1.0000000000000003e-05,True,REGULAR,USD,C,2027-03-19,213,778.5800170898438,2026-08-18T08:43:39+00:00
XSP270319C00440000,2026-07-23 15:12:51+00:00,440.0,310.4,339.1,340.34,0.0,0.0,1.0,0.0,0.4822439471435547,True,REGULAR,USD,C,2027-03-19,213,778.5800170898438,2026-08-18T08:43:39+00:00
XSP270319C00450000,2026-08-06 17:22:06+00:00,450.0,330.67,329.46,330.66,0.0,0.0,1.0,0.0,0.47165445343017576,True,REGULAR,USD,C,2027-03-19,213,778.5800170898438,2026-08-18T08:43:39+00:00
XSP270319C00490000,2026-04-30 20:12:40+00:00,490.0,249.09,263.89,270.3,0.0,0.0,,4.0,1.0000000000000003e-05,True,REGULAR,USD,C,2027-03-19,213,778.5800170898438,2026-08-18T08:43:39+00:00
XSP270319C00500000,2026-08-13 15:18:39+00:00,500.0,290.5,281.76,282.97,0.0,0.0,1.0,0.0,0.42676354492187507,True,REGULAR,USD,C,2027-03-19,213,778.5800170898438,2026-08-18T08:43:39+00:00
XSP270319C00510000,2026-06-12 19:59:38+00:00,510.0,250.44,259.73,264.46,0.0,0.0,9.0,9.0,1.0000000000000003e-05,True,REGULAR,USD,C,2027-03-19,213,778.5800170898438,2026-08-18T08:43:39+00:00
XSP270319C00540000,2026-03-03 15:06:18+00:00,540.0,165.0,147.69,150.16,0.0,0.0,,0.0,1.0000000000000003e-05,True,REGULAR,USD,C,2027-03-19,213,778.5800170898438,2026-08-18T08:43:39+00:00
XSP270319C00550000,2026-02-20 19:43:13+00:00,550.0,168.26,139.57,142.04,0.0,0.0,5.0,0.0,1.0000000000000003e-05,True,REGULAR,USD,C,2027-03-19,213,778.5800170898438,2026-08-18T08:43:39+00:00
XSP270319C00560000,2026-02-26 16:11:46+00:00,560.0,160.4,131.58,134.05,0.0,0.0,,0.0,1.0000000000000003e-05,True,REGULAR,USD,C,2027-03-19,213,778.5800170898438,2026-08-18T08:43:39+00:00
XSP270319C00570000,2026-03-02 15:43:47+00:00,570.0,148.8,123.74,126.2,0.0,0.0,,0.0,1.0000000000000003e-05,True,REGULAR,USD,C,2027-03-19,213,778.5800170898438,2026-08-18T08:43:39+00:00
XSP270319C00580000,2026-06-12 19:59:38+00:00,580.0,186.83,195.33,199.21,0.0,0.0,9.0,7.0,0.2645947564697265,True,REGULAR,USD,C,2027-03-19,213,778.5800170898438,2026-08-18T08:43:39+00:00
XSP270319C00590000,2026-07-27 14:52:34+00:00,590.0,172.41,197.24,198.33,0.0,0.0,1.0,0.0,0.3435429415893554,True,REGULAR,USD,C,2027-03-19,213,778.5800170898438,2026-08-18T08:43:39+00:00
XSP270319C00600000,2026-07-27 14:52:34+00:00,600.0,163.48,188.04,189.12,0.0,0.0,,0.0,0.3346624151611328,True,REGULAR,USD,C,2027-03-19,213,778.5800170898438,2026-08-18T08:43:39+00:00
XSP270319C00610000,2026-08-05 14:55:35+00:00,610.0,184.99,178.91,179.96,0.0,0.0,1.0,0.0,0.3258429232788086,True,REGULAR,USD,C,2027-03-19,213,778.5800170898438,2026-08-18T08:43:39+00:00
XSP270319C00615000,2026-02-06 16:02:33+00:00,615.0,116.44,0.0,0.0,0.0,0.0,1.0,3.0,1.0000000000000003e-05,True,REGULAR,USD,C,2027-03-19,213,778.5800170898438,2026-08-18T08:43:39+00:00
XSP270319C00620000,2026-08-13 14:38:58+00:00,620.0,180.17,169.85,170.85,0.0,0.0,1.0,0.0,0.31702343139648437,True,REGULAR,USD,C,2027-03-19,213,778.5800170898438,2026-08-18T08:43:39+00:00
XSP270319C00625000,2026-04-27 18:00:12+00:00,625.0,128.19,144.96,147.77,0.0,0.0,1.0,1.0,1.0000000000000003e-05,True,REGULAR,USD,C,2027-03-19,213,778.5800170898438,2026-08-18T08:43:39+00:00
XSP270319C00628000,2026-01-29 17:21:15+00:00,628.0,110.86,0.0,0.0,0.0,0.0,,3.0,1.0000000000000003e-05,True,REGULAR,USD,C,2027-03-19,213,778.5800170898438,2026-08-18T08:43:39+00:00
XSP270319C00629000,2026-05-14 18:25:19+00:00,629.0,153.15,153.01,155.77,0.0,0.0,1.0,1.0,0.25713328323364254,True,REGULAR,USD,C,2027-03-19,213,778.5800170898438,2026-08-18T08:43:39+00:00
XSP270319C00630000,2026-06-16 19:02:58+00:00,630.0,151.87,0.0,0.0,0.0,0.0,4.0,0.0,1.0000000000000003e-05,True,REGULAR,USD,C,2027-03-19,213,778.5800170898438,2026-08-18T08:43:39+00:00
XSP270319C00632000,2026-06-15 14:13:23+00:00,632.0,151.1,0.0,0.0,0.0,0.0,1.0,4.0,1.0000000000000003e-05,True,REGULAR,USD,C,2027-03-19,213,778.5800170898438,2026-08-18T08:43:39+00:00
XSP270319C00635000,2026-06-17 14:32:40+00:00,635.0,147.26,0.0,0.0,0.0,0.0,1.0,1.0,1.0000000000000003e-05,True,REGULAR,USD,C,2027-03-19,213,778.5800170898438,2026-08-18T08:43:39+00:00
XSP270319C00636000,2026-03-23 13:55:09+00:00,636.0,81.41,134.14,136.58,0.0,0.0,1.0,0.0,1.0000000000000003e-05,True,REGULAR,USD,C,2027-03-19,213,778.5800170898438,2026-08-18T08:43:39+00:00
XSP270319C00638000,2026-01-30 20:57:57+00:00,638.0,103.53,0.0,0.0,0.0,0.0,7.0,7.0,1.0000000000000003e-05,True,REGULAR,USD,C,2027-03-19,213,778.5800170898438,2026-08-18T08:43:39+00:00
XSP270319C00639000,2026-01-30 20:57:57+00:00,639.0,102.81,0.0,0.0,0.0,0.0,5.0,5.0,1.0000000000000003e-05,True,REGULAR,USD,C,2027-03-19,213,778.5800170898438,2026-08-18T08:43:39+00:00
XSP270319C00640000,2026-05-19 19:28:08+00:00,640.0,131.5,136.95,138.58,0.0,0.0,2.0,0.0,0.18424277679443357,True,REGULAR,USD,C,2027-03-19,213,778.5800170898438,2026-08-18T08:43:39+00:00
XSP270319C00643000,2026-04-09 15:15:54+00:00,643.0,84.59,128.76,134.49,0.0,0.0,2.0,2.0,0.16730569030761722,True,REGULAR,USD,C,2027-03-19,213,778.5800170898438,2026-08-18T08:43:39+00:00
XSP270319C00644000,2026-04-08 18:07:47+00:00,644.0,84.5,127.82,133.67,0.0,0.0,1.0,1.0,0.16855689849853522,True,REGULAR,USD,C,2027-03-19,213,778.5800170898438,2026-08-18T08:43:39+00:00
XSP270319C00645000,2026-07-20 16:48:19+00:00,645.0,131.61,147.46,148.41,0.0,0.0,1.0,0.0,0.2955774178314209,True,REGULAR,USD,C,2027-03-19,213,778.5800170898438,2026-08-18T08:43:39+00:00
XSP270319C00647000,2026-01-20 16:18:15+00:00,647.0,92.15,84.02,86.61,0.0,0.0,,1.0,1.0000000000000003e-05,True,REGULAR,USD,C,2027-03-19,213,778.5800170898438,2026-08-18T08:43:39+00:00
XSP270319C00649000,2026-03-20 19:57:53+00:00,649.0,66.94,102.93,108.94,0.0,0.0,36.0,36.0,1.0000000000000003e-05,True,REGULAR,USD,C,2027-03-19,213,778.5800170898438,2026-08-18T08:43:39+00:00
XSP270319C00650000,2026-08-07 14:38:34+00:00,650.0,148.07,143.08,144.06,0.0,0.0,4.0,0.0,0.29184668121337876,True,REGULAR,USD,C,2027-03-19,213,778.5800170898438,2026-08-18T08:43:39+00:00
XSP270319C00651000,2026-04-24 14:40:40+00:00,651.0,104.16,122.4,126.41,0.0,0.0,1.0,2.0,0.15747912841796874,True,REGULAR,USD,C,2027-03-19,213,778.5800170898438,2026-08-18T08:43:39+00:00
XSP270319C00653000,2026-05-20 18:46:43+00:00,653.0,125.17,125.92,127.56,0.0,0.0,,0.0,0.18903398864746096,True,REGULAR,USD,C,2027-03-19,213,778.5800170898438,2026-08-18T08:43:39+00:00
XSP270319C00655000,2026-07-31 19:58:19+00:00,655.0,122.32,138.64,139.58,0.0,0.0,2.0,0.0,0.2871622798156737,True,REGULAR,USD,C,2027-03-19,213,778.5800170898438,2026-08-18T08:43:39+00:00
XSP270319C00658000,2026-04-13 16:32:04+00:00,658.0,77.33,116.64,122.32,0.0,0.0,1.0,1.0,0.18062647994995118,True,REGULAR,USD,C,2027-03-19,213,778.5800170898438,2026-08-18T08:43:39+00:00
XSP270319C00659000,2026-04-07 16:30:05+00:00,659.0,62.38,0.0,0.0,0.0,0.0,,1.0,1.0000000000000003e-05,True,REGULAR,USD,C,2027-03-19,213,778.5800170898438,2026-08-18T08:43:39+00:00
XSP270319C00660000,2026-06-24 18:04:35+00:00,660.0,112.66,134.27,135.19,0.0,0.0,4.0,0.0,0.28292037887573235,True,REGULAR,USD,C,2027-03-19,213,778.5800170898438,2026-08-18T08:43:39+00:00
XSP270319C00661000,2026-03-23 17:02:34+00:00,661.0,63.4,114.0,116.44,0.0,0.0,,0.0,0.14695066925048827,True,REGULAR,USD,C,2027-03-19,213,778.5800170898438,2026-08-18T08:43:39+00:00
XSP270319C00664000,2026-03-19 15:11:12+00:00,664.0,62.75,91.58,97.44,0.0,0.0,,6.0,1.0000000000000003e-05,True,REGULAR,USD,C,2027-03-19,213,778.5800170898438,2026-08-18T08:43:39+00:00
XSP270319C00665000,2026-06-30 14:27:36+00:00,665.0,115.68,129.92,130.83,0.0,0.0,1.0,0.0,0.2787318831634521,True,REGULAR,USD,C,2027-03-19,213,778.5800170898438,2026-08-18T08:43:39+00:00
XSP270319C00667000,2026-08-05 17:53:05+00:00,667.0,132.93,128.22,129.17,0.0,0.0,8.0,0.0,0.2775111922454834,True,REGULAR,USD,C,2027-03-19,213,778.5800170898438,2026-08-18T08:43:39+00:00
XSP270319C00668000,2026-03-17 18:46:02+00:00,668.0,65.95,88.6,94.42,0.0,0.0,,6.0,1.0000000000000003e-05,True,REGULAR,USD,C,2027-03-19,213,778.5800170898438,2026-08-18T08:43:39+00:00
XSP270319C00670000,2026-07-27 14:57:30+00:00,670.0,104.25,125.6,126.5,0.0,0.0,1.0,0.0,0.27458916336059574,True,REGULAR,USD,C,2027-03-19,213,778.5800170898438,2026-08-18T08:43:39+00:00
XSP270319C00671000,2026-08-04 19:12:18+00:00,671.0,130.63,124.77,125.7,0.0,0.0,4.0,0.0,0.27411614562988285,True,REGULAR,USD,C,2027-03-19,213,778.5800170898438,2026-08-18T08:43:39+00:00
XSP270319C00672000,2026-04-24 18:27:04+00:00,672.0,90.32,105.63,109.55,0.0,0.0,1.0,1.0,0.17368380035400394,True,REGULAR,USD,C,2027-03-19,213,778.5800170898438,2026-08-18T08:43:39+00:00
XSP270319C00675000,2026-08-06 14:06:03+00:00,675.0,125.26,121.34,122.25,0.0,0.0,1.0,0.0,0.27075924560546877,True,REGULAR,USD,C,2027-03-19,213,778.5800170898438,2026-08-18T08:43:39+00:00
XSP270319C00676000,2026-03-11 15:22:02+00:00,676.0,65.0,82.73,88.47,0.0,0.0,,7.0,1.0000000000000003e-05,True,REGULAR,USD,C,2027-03-19,213,778.5800170898438,2026-08-18T08:43:39+00:00
XSP270319C00677000,2026-03-11 15:26:57+00:00,677.0,64.5,82.0,87.74,0.0,0.0,9.0,12.0,1.0000000000000003e-05,True,REGULAR,USD,C,2027-03-19,213,778.5800170898438,2026-08-18T08:43:39+00:00
XSP270319C00679000,2026-02-06 15:03:56+00:00,679.0,68.74,53.66,56.51,0.0,0.0,1.0,1.0,1.0000000000000003e-05,True,REGULAR,USD,C,2027-03-19,213,778.5800170898438,2026-08-18T08:43:39+00:00
XSP270319C00680000,2026-06-16 19:05:01+00:00,680.0,110.49,0.0,0.0,0.0,0.0,4.0,4.0,1.0000000000000003e-05,True,REGULAR,USD,C,2027-03-19,213,778.5800170898438,2026-08-18T08:43:39+00:00
XSP270319C00682000,2026-04-22 17:42:37+00:00,682.0,81.2,97.85,101.63,0.0,0.0,1.0,2.0,0.17621673400878907,True,REGULAR,USD,C,2027-03-19,213,778.5800170898438,2026-08-18T08:43:39+00:00
XSP270319C00683000,2026-06-15 18:37:59+00:00,683.0,110.4,0.0,0.0,0.0,0.0,6.0,11.0,1.0000000000000003e-05,True,REGULAR,USD,C,2027-03-19,213,778.5800170898438,2026-08-18T08:43:39+00:00
XSP270319C00684000,2026-06-05 16:08:54+00:00,684.0,104.15,100.43,102.06,0.0,0.0,1.0,0.0,0.18987321365356447,True,REGULAR,USD,C,2027-03-19,213,778.5800170898438,2026-08-18T08:43:39+00:00
XSP270319C00685000,2026-03-18 16:40:35+00:00,685.0,53.3,73.58,84.14,0.0,0.0,1.0,6.0,1.0000000000000003e-05,True,REGULAR,USD,C,2027-03-19,213,778.5800170898438,2026-08-18T08:43:39+00:00
XSP270319C00686000,2026-04-30 19:20:01+00:00,686.0,83.97,94.78,98.53,0.0,0.0,1.0,0.0,0.1769796658325195,True,REGULAR,USD,C,2027-03-19,213,778.5800170898438,2026-08-18T08:43:39+00:00
XSP270319C00687000,2026-03-02 08:30:48+00:00,687.0,57.39,44.51,46.09,0.0,0.0,1.0,0.0,1.0000000000000003e-05,True,REGULAR,USD,C,2027-03-19,213,778.5800170898438,2026-08-18T08:43:39+00:00
XSP270319C00688000,2026-02-25 15:02:46+00:00,688.0,66.25,43.95,45.53,0.0,0.0,,0.0,1.0000000000000003e-05,True,REGULAR,USD,C,2027-03-19,213,778.5800170898438,2026-08-18T08:43:39+00:00
XSP270319C00689000,2026-03-02 16:09:46+00:00,689.0,61.9,43.39,44.96,0.0,0.0,,0.0,1.0000000000000003e-05,True,REGULAR,USD,C,2027-03-19,213,778.5800170898438,2026-08-18T08:43:39+00:00
XSP270319C00690000,2026-07-27 14:58:49+00:00,690.0,88.43,108.34,109.44,0.0,0.0,1.0,0.0,0.25801828414917,True,REGULAR,USD,C,2027-03-19,213,778.5800170898438,2026-08-18T08:43:39+00:00
XSP270319C00691000,2026-02-23 15:08:15+00:00,691.0,61.0,42.28,43.84,0.0,0.0,,0.0,1.0000000000000003e-05,True,REGULAR,USD,C,2027-03-19,213,778.5800170898438,2026-08-18T08:43:39+00:00
XSP270319C00693000,2026-02-03 19:28:26+00:00,693.0,62.2,45.6,48.44,0.0,0.0,,1.0,1.0000000000000003e-05,True,REGULAR,USD,C,2027-03-19,213,778.5800170898438,2026-08-18T08:43:39+00:00
XSP270319C00695000,2026-04-22 13:58:52+00:00,695.0,70.86,88.66,91.16,0.0,0.0,1.0,16.0,0.1749350085449219,True,REGULAR,USD,C,2027-03-19,213,778.5800170898438,2026-08-18T08:43:39+00:00
XSP270319C00698000,2026-08-05 17:53:05+00:00,698.0,106.51,102.02,102.74,0.0,0.0,8.0,0.0,0.25135026000976557,True,REGULAR,USD,C,2027-03-19,213,778.5800170898438,2026-08-18T08:43:39+00:00
XSP270319C00699000,2026-01-15 20:19:05+00:00,699.0,62.36,50.42,52.18,0.0,0.0,,1.0,1.0000000000000003e-05,True,REGULAR,USD,C,2027-03-19,213,778.5800170898438,2026-08-18T08:43:39+00:00
XSP270319C00700000,2026-08-17 15:46:22+00:00,700.0,106.11,100.03,101.09,0.0,0.0,1.0,0.0,0.24974810317993162,True,REGULAR,USD,C,2027-03-19,213,778.5800170898438,2026-08-18T08:43:39+00:00
XSP270319C00702000,2026-04-21 14:40:29+00:00,702.0,67.0,82.76,86.46,0.0,0.0,1.0,0.0,0.1785055294799805,True,REGULAR,USD,C,2027-03-19,213,778.5800170898438,2026-08-18T08:43:39+00:00
XSP270319C00705000,2026-08-11 18:33:57+00:00,705.0,98.28,95.93,96.97,0.0,0.0,1.0,0.0,0.24564352996826172,True,REGULAR,USD,C,2027-03-19,213,778.5800170898438,2026-08-18T08:43:39+00:00
XSP270319C00706000,2026-04-08 17:27:42+00:00,706.0,40.63,80.33,85.48,0.0,0.0,,1.0,0.18932390274047856,True,REGULAR,USD,C,2027-03-19,213,778.5800170898438,2026-08-18T08:43:39+00:00
XSP270319C00707000,2026-05-19 19:56:49+00:00,707.0,78.42,82.43,84.07,0.0,0.0,1.0,0.0,0.18553976089477536,True,REGULAR,USD,C,2027-03-19,213,778.5800170898438,2026-08-18T08:43:39+00:00
XSP270319C00708000,2026-08-03 13:51:30+00:00,708.0,81.98,93.83,94.52,0.0,0.0,3.0,0.0,0.24320977745056152,True,REGULAR,USD,C,2027-03-19,213,778.5800170898438,2026-08-18T08:43:39+00:00
XSP270319C00710000,2026-08-17 17:59:50+00:00,710.0,96.54,91.87,92.9,0.0,0.0,1.0,0.0,0.24161524993896483,True,REGULAR,USD,C,2027-03-19,213,778.5800170898438,2026-08-18T08:43:39+00:00
XSP270319C00711000,2026-08-03 15:37:45+00:00,711.0,82.28,91.46,92.15,0.0,0.0,,0.0,0.24109645629882812,True,REGULAR,USD,C,2027-03-19,213,778.5800170898438,2026-08-18T08:43:39+00:00
XSP270319C00715000,2026-08-04 13:58:10+00:00,715.0,85.23,87.86,88.87,0.0,0.0,3.0,0.0,0.23757934059143063,True,REGULAR,USD,C,2027-03-19,213,778.5800170898438,2026-08-18T08:43:39+00:00
XSP270319C00720000,2026-08-04 19:03:11+00:00,720.0,89.78,84.27,84.88,0.0,0.0,12.0,0.0,0.23354343124389648,True,REGULAR,USD,C,2027-03-19,213,778.5800170898438,2026-08-18T08:43:39+00:00
XSP270319C00721000,2026-03-17 18:45:39+00:00,721.0,35.0,53.27,55.59,0.0,0.0,,6.0,0.07361766235351563,True,REGULAR,USD,C,2027-03-19,213,778.5800170898438,2026-08-18T08:43:39+00:00
XSP270319C00722000,2026-06-24 16:11:38+00:00,722.0,69.94,82.65,83.3,0.0,0.0,2.0,0.0,0.2319565330505371,True,REGULAR,USD,C,2027-03-19,213,778.5800170898438,2026-08-18T08:43:39+00:00
XSP270319C00723000,2026-08-12 19:39:14+00:00,723.0,85.83,81.86,82.51,0.0,0.0,4.0,0.0,0.2311401959991455,True,REGULAR,USD,C,2027-03-19,213,778.5800170898438,2026-08-18T08:43:39+00:00
XSP270319C00724000,2026-05-01 13:37:13+00:00,724.0,59.41,67.12,70.53,0.0,0.0,2.0,13.0,0.17633880310058597,True,REGULAR,USD,C,2027-03-19,213,778.5800170898438,2026-08-18T08:43:39+00:00
XSP270319C00725000,2026-08-05 14:10:35+00:00,725.0,88.82,80.38,80.98,0.0,0.0,3.0,0.0,0.22972877212524412,True,REGULAR,USD,C,2027-03-19,213,778.5800170898438,2026-08-18T08:43:39+00:00
XSP270319C00726000,2026-05-05 16:56:27+00:00,726.0,59.5,66.04,69.51,0.0,0.0,8.0,8.0,0.177841778793335,True,REGULAR,USD,C,2027-03-19,213,778.5800170898438,2026-08-18T08:43:39+00:00
XSP270319C00728000,2026-02-12 14:34:33+00:00,728.0,44.87,24.06,25.38,0.0,0.0,,0.0,1.0000000000000003e-05,True,REGULAR,USD,C,2027-03-19,213,778.5800170898438,2026-08-18T08:43:39+00:00
XSP270319C00729000,2026-07-16 15:20:17+00:00,729.0,70.69,77.24,77.88,0.0,0.0,,0.0,0.2266160102844238,True,REGULAR,USD,C,2027-03-19,213,778.5800170898438,2026-08-18T08:43:39+00:00
XSP270319C00730000,2026-08-17 17:26:53+00:00,730.0,80.76,76.51,77.1,0.0,0.0,1.0,0.0,0.2257920439147949,True,REGULAR,USD,C,2027-03-19,213,778.5800170898438,2026-08-18T08:43:39+00:00
XSP270319C00735000,2026-08-04 15:14:08+00:00,735.0,73.3,72.69,73.27,0.0,0.0,3.0,0.0,0.2218553157043457,True,REGULAR,USD,C,2027-03-19,213,778.5800170898438,2026-08-18T08:43:39+00:00
XSP270319C00740000,2026-08-07 15:35:59+00:00,740.0,73.76,68.93,69.51,0.0,0.0,5.0,0.0,0.2179948806762695,True,REGULAR,USD,C,2027-03-19,213,778.5800170898438,2026-08-18T08:43:39+00:00
XSP270319C00750000,2026-08-03 17:59:16+00:00,750.0,55.55,61.58,62.13,0.0,0.0,91.0,0.0,0.21015194152832029,True,REGULAR,USD,C,2027-03-19,213,778.5800170898438,2026-08-18T08:43:39+00:00
XSP270319C00760000,2026-08-13 14:20:36+00:00,760.0,62.28,54.57,55.08,0.0,0.0,4.0,0.0,0.20265995101928708,True,REGULAR,USD,C,2027-03-19,213,778.5800170898438,2026-08-18T08:43:39+00:00
XSP270319C00770000,2026-08-17 15:16:17+00:00,770.0,52.64,47.96,48.37,0.0,0.0,10.0,0.0,0.1954273573303223,True,REGULAR,USD,C,2027-03-19,213,778.5800170898438,2026-08-18T08:43:39+00:00
XSP270319C00780000,2026-08-17 15:16:17+00:00,780.0,46.12,41.68,42.0,0.0,0.0,10.0,0.0,0.188309203414917,False,REGULAR,USD,C,2027-03-19,213,778.5800170898438,2026-08-18T08:43:39+00:00
XSP270319C00790000,2026-08-05 17:39:29+00:00,790.0,39.29,35.93,36.17,0.0,0.0,4.0,0.0,0.18201501586914062,False,REGULAR,USD,C,2027-03-19,213,778.5800170898438,2026-08-18T08:43:39+00:00
XSP270319C00800000,2026-08-17 17:26:22+00:00,800.0,33.37,30.58,30.75,0.0,0.0,10.0,0.0,0.17587341468811038,False,REGULAR,USD,C,2027-03-19,213,778.5800170898438,2026-08-18T08:43:39+00:00
XSP270319C00810000,2026-08-17 19:45:33+00:00,810.0,27.89,25.75,25.93,0.0,0.0,195.0,0.0,0.17060918510437015,False,REGULAR,USD,C,2027-03-19,213,778.5800170898438,2026-08-18T08:43:39+00:00
XSP270319C00820000,2026-08-17 19:45:33+00:00,820.0,23.34,21.07,21.56,0.0,0.0,203.0,0.0,0.1655051712036133,False,REGULAR,USD,C,2027-03-19,213,778.5800170898438,2026-08-18T08:43:39+00:00
XSP270319C00830000,2026-08-17 17:26:22+00:00,830.0,19.67,17.58,17.81,0.0,0.0,14.0,0.0,0.1613319341278076,False,REGULAR,USD,C,2027-03-19,213,778.5800170898438,2026-08-18T08:43:39+00:00
XSP270319C01350000,2026-08-10 14:34:18+00:00,1350.0,0.03,0.0,0.08,0.0,0.0,100.0,0.0,0.24414818359375,False,REGULAR,USD,C,2027-03-19,213,778.5800170898438,2026-08-18T08:43:39+00:00
XSP270319C01360000,2026-06-24 16:13:49+00:00,1360.0,0.02,0.0,0.08,0.0,0.0,,0.0,0.247077841796875,False,REGULAR,USD,C,2027-03-19,213,778.5800170898438,2026-08-18T08:43:39+00:00
XSP270319C01480000,2026-06-10 15:54:18+00:00,1480.0,0.12,0.0,0.1,0.0,0.0,3.0,2.0,0.28516339843749994,False,REGULAR,USD,C,2027-03-19,213,778.5800170898438,2026-08-18T08:43:39+00:00
XSP270319P00255000,2026-07-29 18:33:36+00:00,255.0,0.6,0.38,0.51,0.0,0.0,,0.0,0.5898478515625001,False,REGULAR,USD,P,2027-03-19,213,778.5800170898438,2026-08-18T08:43:39+00:00
XSP270319P00275000,2026-07-21 15:52:17+00:00,275.0,0.69,0.48,0.6,0.0,0.0,,0.0,0.5647016186523439,False,REGULAR,USD,P,2027-03-19,213,778.5800170898438,2026-08-18T08:43:39+00:00
XSP270319P00290000,2026-06-29 17:21:54+00:00,290.0,0.88,0.55,0.69,0.0,0.0,,0.0,0.5466353930664063,False,REGULAR,USD,P,2027-03-19,213,778.5800170898438,2026-08-18T08:43:39+00:00
XSP270319P00300000,2026-07-06 15:48:41+00:00,300.0,0.9,0.61,0.73,0.0,0.0,2.0,0.0,0.5340622766113281,False,REGULAR,USD,P,2027-03-19,213,778.5800170898438,2026-08-18T08:43:39+00:00
XSP270319P00315000,2026-08-11 15:07:15+00:00,315.0,0.72,0.71,0.82,0.0,0.0,,0.0,0.5172167419433593,False,REGULAR,USD,P,2027-03-19,213,778.5800170898438,2026-08-18T08:43:39+00:00
XSP270319P00320000,2026-05-11 14:55:23+00:00,320.0,1.62,1.16,1.28,0.0,0.0,,1.0,0.5427291821289064,False,REGULAR,USD,P,2027-03-19,213,778.5800170898438,2026-08-18T08:43:39+00:00
XSP270319P00325000,2026-07-13 19:44:41+00:00,325.0,1.12,0.77,0.89,0.0,0.0,2.0,0.0,0.50586431640625,False,REGULAR,USD,P,2027-03-19,213,778.5800170898438,2026-08-18T08:43:39+00:00
XSP270319P00420000,2026-08-11 17:15:43+00:00,420.0,1.69,1.66,1.78,0.0,0.0,3.0,0.0,0.41223732299804683,False,REGULAR,USD,P,2027-03-19,213,778.5800170898438,2026-08-18T08:43:39+00:00
XSP270319P00430000,2026-07-29 19:23:20+00:00,430.0,2.45,1.79,1.91,0.0,0.0,2.0,0.0,0.4028380029296875,False,REGULAR,USD,P,2027-03-19,213,778.5800170898438,2026-08-18T08:43:39+00:00
XSP270319P00440000,2026-06-09 14:11:33+00:00,440.0,3.18,2.33,2.55,0.0,0.0,8.0,3.0,0.40906352661132805,False,REGULAR,USD,P,2027-03-19,213,778.5800170898438,2026-08-18T08:43:39+00:00
XSP270319P00450000,2026-07-29 15:33:00+00:00,450.0,2.89,2.08,2.2,0.0,0.0,1.0,0.0,0.3845276391601562,False,REGULAR,USD,P,2027-03-19,213,778.5800170898438,2026-08-18T08:43:39+00:00
XSP270319P00460000,2026-03-19 19:53:24+00:00,460.0,8.94,5.16,5.7,0.0,0.0,1.0,4.0,0.4482782223510742,False,REGULAR,USD,P,2027-03-19,213,778.5800170898438,2026-08-18T08:43:39+00:00
XSP270319P00470000,2026-04-16 15:10:11+00:00,470.0,6.31,3.99,4.3,0.0,0.0,1.0,2.0,0.40698835205078127,False,REGULAR,USD,P,2027-03-19,213,778.5800170898438,2026-08-18T08:43:39+00:00
XSP270319P00480000,2026-08-14 13:40:15+00:00,480.0,2.4,2.6,2.72,0.0,0.0,3.0,0.0,0.35816071533203125,False,REGULAR,USD,P,2027-03-19,213,778.5800170898438,2026-08-18T08:43:39+00:00
XSP270319P00490000,2026-08-04 19:38:14+00:00,490.0,2.88,2.81,2.92,0.0,0.0,1.0,0.0,0.34961587890624996,False,REGULAR,USD,P,2027-03-19,213,778.5800170898438,2026-08-18T08:43:39+00:00
XSP270319P00500000,2026-08-14 13:32:23+00:00,500.0,2.76,3.01,3.13,0.0,0.0,1.0,0.0,0.34107104248046877,False,REGULAR,USD,P,2027-03-19,213,778.5800170898438,2026-08-18T08:43:39+00:00
XSP270319P00510000,2026-08-13 17:23:18+00:00,510.0,3.0,3.25,3.37,0.0,0.0,1.0,0.0,0.33289241333007813,False,REGULAR,USD,P,2027-03-19,213,778.5800170898438,2026-08-18T08:43:39+00:00
XSP270319P00520000,2026-07-21 18:10:04+00:00,520.0,4.53,3.51,3.66,0.0,0.0,2.0,0.0,0.3253851641845703,False,REGULAR,USD,P,2027-03-19,213,778.5800170898438,2026-08-18T08:43:39+00:00
XSP270319P00530000,2026-07-30 17:05:26+00:00,530.0,4.96,3.79,3.92,0.0,0.0,5.0,0.0,0.31702343139648437,False,REGULAR,USD,P,2027-03-19,213,778.5800170898438,2026-08-18T08:43:39+00:00
XSP270319P00540000,2026-08-04 17:42:57+00:00,540.0,4.05,4.09,4.25,0.0,0.0,4.0,0.0,0.30951618225097655,False,REGULAR,USD,P,2027-03-19,213,778.5800170898438,2026-08-18T08:43:39+00:00
XSP270319P00550000,2026-08-11 19:35:26+00:00,550.0,4.3,4.43,4.71,0.0,0.0,5.0,0.0,0.3036568658447265,False,REGULAR,USD,P,2027-03-19,213,778.5800170898438,2026-08-18T08:43:39+00:00
XSP270319P00560000,2026-05-28 19:17:05+00:00,560.0,7.73,6.48,6.73,0.0,0.0,6.0,0.0,0.31737438003540036,False,REGULAR,USD,P,2027-03-19,213,778.5800170898438,2026-08-18T08:43:39+00:00
XSP270319P00570000,2026-08-10 17:17:55+00:00,570.0,4.94,5.2,5.34,0.0,0.0,4.0,0.0,0.2864146066284179,False,REGULAR,USD,P,2027-03-19,213,778.5800170898438,2026-08-18T08:43:39+00:00
XSP270319P00580000,2026-08-17 18:07:29+00:00,580.0,5.43,5.67,5.77,0.0,0.0,1.0,0.0,0.2788463229370117,False,REGULAR,USD,P,2027-03-19,213,778.5800170898438,2026-08-18T08:43:39+00:00
XSP270319P00590000,2026-08-12 16:41:46+00:00,590.0,5.74,6.13,6.28,0.0,0.0,3.0,0.0,0.271842608795166,False,REGULAR,USD,P,2027-03-19,213,778.5800170898438,2026-08-18T08:43:39+00:00
XSP270319P00600000,2026-08-14 19:51:04+00:00,600.0,6.06,6.67,6.82,0.0,0.0,20.0,0.0,0.2646863082885742,False,REGULAR,USD,P,2027-03-19,213,778.5800170898438,2026-08-18T08:43:39+00:00
XSP270319P00610000,2026-08-12 16:45:00+00:00,610.0,6.79,7.25,7.41,0.0,0.0,3.0,0.0,0.25756052505493165,False,REGULAR,USD,P,2027-03-19,213,778.5800170898438,2026-08-18T08:43:39+00:00
XSP270319P00615000,2026-08-12 16:45:00+00:00,615.0,7.1,7.57,7.74,0.0,0.0,3.0,0.0,0.2541578491210938,False,REGULAR,USD,P,2027-03-19,213,778.5800170898438,2026-08-18T08:43:39+00:00
XSP270319P00620000,2026-08-05 13:30:02+00:00,620.0,7.77,7.9,8.07,0.0,0.0,1.0,0.0,0.25060258682250974,False,REGULAR,USD,P,2027-03-19,213,778.5800170898438,2026-08-18T08:43:39+00:00
XSP270319P00625000,2026-08-17 17:29:38+00:00,625.0,7.95,8.24,8.45,0.0,0.0,2.0,0.0,0.24738301452636718,False,REGULAR,USD,P,2027-03-19,213,778.5800170898438,2026-08-18T08:43:39+00:00
XSP270319P00627000,2026-07-13 18:46:56+00:00,627.0,11.4,8.4,8.57,0.0,0.0,1.0,0.0,0.24576559906005857,False,REGULAR,USD,P,2027-03-19,213,778.5800170898438,2026-08-18T08:43:39+00:00
XSP270319P00628000,2026-06-24 14:25:03+00:00,628.0,13.98,8.47,8.68,0.0,0.0,1.0,0.0,0.24538413314819335,False,REGULAR,USD,P,2027-03-19,213,778.5800170898438,2026-08-18T08:43:39+00:00
XSP270319P00629000,2026-06-24 14:25:03+00:00,629.0,14.09,8.54,8.71,0.0,0.0,1.0,0.0,0.2443007699584961,False,REGULAR,USD,P,2027-03-19,213,778.5800170898438,2026-08-18T08:43:39+00:00
XSP270319P00630000,2026-07-30 19:18:30+00:00,630.0,11.36,8.62,8.79,0.0,0.0,2.0,0.0,0.2436446485900879,False,REGULAR,USD,P,2027-03-19,213,778.5800170898438,2026-08-18T08:43:39+00:00
XSP270319P00631000,2026-07-14 15:13:41+00:00,631.0,11.35,8.69,8.87,0.0,0.0,2.0,0.0,0.24298852722167968,False,REGULAR,USD,P,2027-03-19,213,778.5800170898438,2026-08-18T08:43:39+00:00
XSP270319P00632000,2026-06-22 15:44:35+00:00,632.0,13.47,12.16,13.35,0.0,0.0,5.0,11.0,0.2772746833801269,False,REGULAR,USD,P,2027-03-19,213,778.5800170898438,2026-08-18T08:43:39+00:00
XSP270319P00633000,2026-07-01 14:03:35+00:00,633.0,12.42,8.84,9.05,0.0,0.0,2.0,0.0,0.24182887084960938,False,REGULAR,USD,P,2027-03-19,213,778.5800170898438,2026-08-18T08:43:39+00:00
XSP270319P00634000,2026-08-14 14:15:47+00:00,634.0,8.19,8.93,9.1,0.0,0.0,1.0,0.0,0.24089809402465817,False,REGULAR,USD,P,2027-03-19,213,778.5800170898438,2026-08-18T08:43:39+00:00
XSP270319P00635000,2026-08-07 18:38:35+00:00,635.0,8.82,9.0,9.18,0.0,0.0,1.0,0.0,0.24021145538330074,False,REGULAR,USD,P,2027-03-19,213,778.5800170898438,2026-08-18T08:43:39+00:00
XSP270319P00636000,2026-05-28 18:37:09+00:00,636.0,14.33,12.35,12.81,0.0,0.0,,0.0,0.2674176042175293,False,REGULAR,USD,P,2027-03-19,213,778.5800170898438,2026-08-18T08:43:39+00:00
XSP270319P00637000,2026-07-21 13:30:02+00:00,637.0,12.42,9.16,9.34,0.0,0.0,1.0,0.0,0.23883817810058594,False,REGULAR,USD,P,2027-03-19,213,778.5800170898438,2026-08-18T08:43:39+00:00
XSP270319P00638000,2026-05-27 13:48:51+00:00,638.0,15.36,12.57,13.04,0.0,0.0,,0.0,0.2662121719360352,False,REGULAR,USD,P,2027-03-19,213,778.5800170898438,2026-08-18T08:43:39+00:00
XSP270319P00640000,2026-08-17 17:22:30+00:00,640.0,8.93,9.41,9.58,0.0,0.0,1.0,0.0,0.2367172276306152,False,REGULAR,USD,P,2027-03-19,213,778.5800170898438,2026-08-18T08:43:39+00:00
XSP270319P00642000,2026-03-23 14:13:21+00:00,642.0,36.91,18.99,19.48,0.0,0.0,2.0,0.0,0.30431298721313477,False,REGULAR,USD,P,2027-03-19,213,778.5800170898438,2026-08-18T08:43:39+00:00
XSP270319P00645000,2026-07-06 18:56:28+00:00,645.0,12.94,9.83,10.05,0.0,0.0,5.0,0.0,0.2336197244262695,False,REGULAR,USD,P,2027-03-19,213,778.5800170898438,2026-08-18T08:43:39+00:00
XSP270319P00647000,2026-04-13 14:38:47+00:00,647.0,30.75,19.01,19.85,0.0,0.0,3.0,3.0,0.29874358489990227,False,REGULAR,USD,P,2027-03-19,213,778.5800170898438,2026-08-18T08:43:39+00:00
XSP270319P00649000,2026-08-12 16:45:00+00:00,649.0,9.55,10.18,10.37,0.0,0.0,1.0,0.0,0.2305832557678223,False,REGULAR,USD,P,2027-03-19,213,778.5800170898438,2026-08-18T08:43:39+00:00
XSP270319P00650000,2026-08-12 16:41:46+00:00,650.0,9.64,10.26,10.49,0.0,0.0,1.0,0.0,0.23012549667358395,False,REGULAR,USD,P,2027-03-19,213,778.5800170898438,2026-08-18T08:43:39+00:00
XSP270319P00651000,2026-04-24 14:40:40+00:00,651.0,24.77,17.79,18.48,0.0,0.0,1.0,1.0,0.283713827972412,False,REGULAR,USD,P,2027-03-19,213,778.5800170898438,2026-08-18T08:43:39+00:00
XSP270319P00652000,2026-03-11 18:43:20+00:00,652.0,37.18,24.21,25.46,0.0,0.0,,0.0,0.3248053359985351,False,REGULAR,USD,P,2027-03-19,213,778.5800170898438,2026-08-18T08:43:39+00:00
XSP270319P00653000,2026-04-08 14:43:37+00:00,653.0,34.46,0.0,0.0,0.0,0.0,,0.0,0.0312596875,False,REGULAR,USD,P,2027-03-19,213,778.5800170898438,2026-08-18T08:43:39+00:00
XSP270319P00655000,2026-08-07 14:04:08+00:00,655.0,10.68,10.73,10.96,0.0,0.0,1.0,0.0,0.22667704483032225,False,REGULAR,USD,P,2027-03-19,213,778.5800170898438,2026-08-18T08:43:39+00:00
XSP270319P00656000,2026-04-02 18:07:00+00:00,656.0,43.94,21.21,21.77,0.0,0.0,11.0,0.0,0.2961801339721679,False,REGULAR,USD,P,2027-03-19,213,778.5800170898438,2026-08-18T08:43:39+00:00
XSP270319P00657000,2026-03-19 15:39:57+00:00,657.0,45.5,25.22,26.49,0.0,0.0,,1.0,0.32237921279907217,False,REGULAR,USD,P,2027-03-19,213,778.5800170898438,2026-08-18T08:43:39+00:00
XSP270319P00658000,2026-06-08 17:28:21+00:00,658.0,18.95,13.61,14.12,0.0,0.0,7.0,7.0,0.24456016677856446,False,REGULAR,USD,P,2027-03-19,213,778.5800170898438,2026-08-18T08:43:39+00:00
XSP270319P00659000,2026-08-03 15:05:59+00:00,659.0,12.49,11.13,11.32,0.0,0.0,1.0,0.0,0.2237016107177734,False,REGULAR,USD,P,2027-03-19,213,778.5800170898438,2026-08-18T08:43:39+00:00
XSP270319P00660000,2026-08-14 19:14:22+00:00,660.0,10.22,11.23,11.41,0.0,0.0,15.0,0.0,0.22293867889404295,False,REGULAR,USD,P,2027-03-19,213,778.5800170898438,2026-08-18T08:43:39+00:00
XSP270319P00664000,2026-04-06 13:51:07+00:00,664.0,44.68,22.58,23.14,0.0,0.0,1.0,0.0,0.2912821116638183,False,REGULAR,USD,P,2027-03-19,213,778.5800170898438,2026-08-18T08:43:39+00:00
XSP270319P00665000,2026-07-28 15:18:23+00:00,665.0,15.9,11.74,11.93,0.0,0.0,1.0,0.0,0.2195360029602051,False,REGULAR,USD,P,2027-03-19,213,778.5800170898438,2026-08-18T08:43:39+00:00
XSP270319P00666000,2026-06-03 19:38:33+00:00,666.0,18.54,16.06,16.61,0.0,0.0,,0.0,0.24875629180908204,False,REGULAR,USD,P,2027-03-19,213,778.5800170898438,2026-08-18T08:43:39+00:00
XSP270319P00667000,2026-06-09 17:35:45+00:00,667.0,22.77,14.73,15.26,0.0,0.0,,0.0,0.23870085037231442,False,REGULAR,USD,P,2027-03-19,213,778.5800170898438,2026-08-18T08:43:39+00:00
XSP270319P00668000,2026-03-16 19:43:06+00:00,668.0,43.6,27.54,28.83,0.0,0.0,,9.0,0.31677929321289056,False,REGULAR,USD,P,2027-03-19,213,778.5800170898438,2026-08-18T08:43:39+00:00
XSP270319P00669000,2026-05-29 13:57:21+00:00,669.0,18.35,16.48,17.04,0.0,0.0,1.0,0.0,0.2468489622497559,False,REGULAR,USD,P,2027-03-19,213,778.5800170898438,2026-08-18T08:43:39+00:00
XSP270319P00670000,2026-08-10 15:41:17+00:00,670.0,11.7,12.28,12.48,0.0,0.0,3.0,0.0,0.21614858566284179,False,REGULAR,USD,P,2027-03-19,213,778.5800170898438,2026-08-18T08:43:39+00:00
XSP270319P00671000,2026-08-05 14:46:37+00:00,671.0,12.01,12.39,12.58,0.0,0.0,1.0,0.0,0.21538565383911135,False,REGULAR,USD,P,2027-03-19,213,778.5800170898438,2026-08-18T08:43:39+00:00
XSP270319P00672000,2026-04-24 18:27:04+00:00,672.0,28.76,21.21,21.96,0.0,0.0,1.0,1.0,0.27140010833740236,False,REGULAR,USD,P,2027-03-19,213,778.5800170898438,2026-08-18T08:43:39+00:00
XSP270319P00673000,2026-06-08 17:33:11+00:00,673.0,21.33,15.52,16.08,0.0,0.0,1.0,2.0,0.23484041534423827,False,REGULAR,USD,P,2027-03-19,213,778.5800170898438,2026-08-18T08:43:39+00:00
XSP270319P00675000,2026-08-14 14:59:42+00:00,675.0,11.81,12.87,13.01,0.0,0.0,1055.0,0.0,0.21245599563598633,False,REGULAR,USD,P,2027-03-19,213,778.5800170898438,2026-08-18T08:43:39+00:00
XSP270319P00677000,2026-03-16 13:41:23+00:00,677.0,46.4,29.56,30.89,0.0,0.0,1.0,1.0,0.31230851272583,False,REGULAR,USD,P,2027-03-19,213,778.5800170898438,2026-08-18T08:43:39+00:00
XSP270319P00678000,2026-04-08 14:16:58+00:00,678.0,41.09,24.4,25.29,0.0,0.0,1.0,1.0,0.2802653761291503,False,REGULAR,USD,P,2027-03-19,213,778.5800170898438,2026-08-18T08:43:39+00:00
XSP270319P00679000,2026-06-08 16:09:47+00:00,679.0,22.23,16.37,16.94,0.0,0.0,2.0,2.0,0.2309494630432129,False,REGULAR,USD,P,2027-03-19,213,778.5800170898438,2026-08-18T08:43:39+00:00
XSP270319P00680000,2026-07-23 15:38:37+00:00,680.0,20.46,13.43,13.68,0.0,0.0,1.0,0.0,0.20948056152343747,False,REGULAR,USD,P,2027-03-19,213,778.5800170898438,2026-08-18T08:43:39+00:00
XSP270319P00681000,2026-06-24 14:21:35+00:00,681.0,22.26,13.56,13.75,0.0,0.0,1.0,0.0,0.2084582328796386,False,REGULAR,USD,P,2027-03-19,213,778.5800170898438,2026-08-18T08:43:39+00:00
XSP270319P00682000,2026-07-08 15:44:42+00:00,682.0,20.15,13.68,13.88,0.0,0.0,5.0,0.0,0.20780211151123046,False,REGULAR,USD,P,2027-03-19,213,778.5800170898438,2026-08-18T08:43:39+00:00
XSP270319P00684000,2026-06-05 16:08:54+00:00,684.0,23.29,18.81,19.42,0.0,0.0,1.0,0.0,0.2376480044555664,False,REGULAR,USD,P,2027-03-19,213,778.5800170898438,2026-08-18T08:43:39+00:00
XSP270319P00685000,2026-06-11 18:22:09+00:00,685.0,25.04,17.26,17.85,0.0,0.0,5.0,11.0,0.22705851074218747,False,REGULAR,USD,P,2027-03-19,213,778.5800170898438,2026-08-18T08:43:39+00:00
XSP270319P00687000,2026-07-17 16:41:09+00:00,687.0,20.04,14.31,14.56,0.0,0.0,1.0,0.0,0.20459779785156246,False,REGULAR,USD,P,2027-03-19,213,778.5800170898438,2026-08-18T08:43:39+00:00
XSP270319P00688000,2026-07-17 16:41:09+00:00,688.0,20.24,14.44,14.64,0.0,0.0,1.0,0.0,0.20359072784423826,False,REGULAR,USD,P,2027-03-19,213,778.5800170898438,2026-08-18T08:43:39+00:00
XSP270319P00689000,2026-02-25 19:00:11+00:00,689.0,40.8,53.68,55.38,0.0,0.0,1.0,0.0,0.4132749102783203,False,REGULAR,USD,P,2027-03-19,213,778.5800170898438,2026-08-18T08:43:39+00:00
XSP270319P00690000,2026-08-14 18:53:02+00:00,690.0,13.41,14.71,14.91,0.0,0.0,1.0,0.0,0.2022174505615234,False,REGULAR,USD,P,2027-03-19,213,778.5800170898438,2026-08-18T08:43:39+00:00
XSP270319P00691000,2026-03-19 14:46:04+00:00,691.0,57.55,32.95,34.36,0.0,0.0,1.0,2.0,0.3054573849487304,False,REGULAR,USD,P,2027-03-19,213,778.5800170898438,2026-08-18T08:43:39+00:00
XSP270319P00692000,2026-08-04 13:46:06+00:00,692.0,15.95,14.98,15.18,0.0,0.0,,0.0,0.20082128532409665,False,REGULAR,USD,P,2027-03-19,213,778.5800170898438,2026-08-18T08:43:39+00:00
XSP270319P00695000,2026-08-13 20:04:41+00:00,695.0,13.98,15.39,15.6,0.0,0.0,10.0,0.0,0.19873848144531248,False,REGULAR,USD,P,2027-03-19,213,778.5800170898438,2026-08-18T08:43:39+00:00
XSP270319P00696000,2026-05-14 17:08:56+00:00,696.0,26.74,21.97,22.34,0.0,0.0,,1.0,0.23445894943237305,False,REGULAR,USD,P,2027-03-19,213,778.5800170898438,2026-08-18T08:43:39+00:00
XSP270319P00698000,2026-03-16 13:31:29+00:00,698.0,54.63,34.79,36.23,0.0,0.0,,9.0,0.30212337287902835,False,REGULAR,USD,P,2027-03-19,213,778.5800170898438,2026-08-18T08:43:39+00:00
XSP270319P00699000,2026-07-10 13:44:53+00:00,699.0,20.49,15.97,16.17,0.0,0.0,,0.0,0.1959080043792725,False,REGULAR,USD,P,2027-03-19,213,778.5800170898438,2026-08-18T08:43:39+00:00
XSP270319P00700000,2026-08-17 13:56:03+00:00,700.0,14.85,16.12,16.33,0.0,0.0,5.0,0.0,0.19527477096557616,False,REGULAR,USD,P,2027-03-19,213,778.5800170898438,2026-08-18T08:43:39+00:00
XSP270319P00702000,2026-04-16 17:34:55+00:00,702.0,39.94,27.17,28.01,0.0,0.0,,1.0,0.25382215911865236,False,REGULAR,USD,P,2027-03-19,213,778.5800170898438,2026-08-18T08:43:39+00:00
XSP270319P00704000,2026-04-16 16:42:36+00:00,704.0,40.58,27.6,28.46,0.0,0.0,1.0,2.0,0.2526243561553956,False,REGULAR,USD,P,2027-03-19,213,778.5800170898438,2026-08-18T08:43:39+00:00
XSP270319P00705000,2026-04-17 19:51:23+00:00,705.0,37.66,27.85,28.69,0.0,0.0,1.0,0.0,0.25203689865112305,False,REGULAR,USD,P,2027-03-19,213,778.5800170898438,2026-08-18T08:43:39+00:00
XSP270319P00707000,2026-04-23 15:44:40+00:00,707.0,38.0,28.29,29.16,0.0,0.0,,0.0,0.2508925009155273,False,REGULAR,USD,P,2027-03-19,213,778.5800170898438,2026-08-18T08:43:39+00:00
XSP270319P00708000,2026-04-22 20:00:44+00:00,708.0,38.33,28.55,29.4,0.0,0.0,1.0,1.0,0.2503279313659668,False,REGULAR,USD,P,2027-03-19,213,778.5800170898438,2026-08-18T08:43:39+00:00
XSP270319P00710000,2026-08-11 13:56:38+00:00,710.0,17.08,17.68,17.89,0.0,0.0,1.0,0.0,0.18822528091430663,False,REGULAR,USD,P,2027-03-19,213,778.5800170898438,2026-08-18T08:43:39+00:00
XSP270319P00711000,2026-04-27 17:36:42+00:00,711.0,38.27,29.26,30.13,0.0,0.0,1.0,0.0,0.2486342227172852,False,REGULAR,USD,P,2027-03-19,213,778.5800170898438,2026-08-18T08:43:39+00:00
XSP270319P00712000,2026-05-06 15:51:53+00:00,712.0,33.63,29.48,30.37,0.0,0.0,1.0,0.0,0.24803150657653808,False,REGULAR,USD,P,2027-03-19,213,778.5800170898438,2026-08-18T08:43:39+00:00
XSP270319P00713000,2026-05-06 15:52:26+00:00,713.0,33.89,29.72,30.62,0.0,0.0,1.0,3.0,0.2474745663452148,False,REGULAR,USD,P,2027-03-19,213,778.5800170898438,2026-08-18T08:43:39+00:00
XSP270319P00714000,2026-06-11 15:27:43+00:00,714.0,34.49,22.35,23.05,0.0,0.0,,14.0,0.20833616378784175,False,REGULAR,USD,P,2027-03-19,213,778.5800170898438,2026-08-18T08:43:39+00:00
XSP270319P00715000,2026-06-22 15:39:58+00:00,715.0,27.27,21.4,21.86,0.0,0.0,1.0,5.0,0.20066106964111324,False,REGULAR,USD,P,2027-03-19,213,778.5800170898438,2026-08-18T08:43:39+00:00
XSP270319P00716000,2026-06-30 16:32:07+00:00,716.0,25.71,18.7,18.91,0.0,0.0,2.0,0.0,0.1839833799743652,False,REGULAR,USD,P,2027-03-19,213,778.5800170898438,2026-08-18T08:43:39+00:00
XSP270319P00717000,2026-07-10 13:44:53+00:00,717.0,24.04,18.86,19.07,0.0,0.0,1.0,0.0,0.18318993087768554,False,REGULAR,USD,P,2027-03-19,213,778.5800170898438,2026-08-18T08:43:39+00:00
XSP270319P00719000,2026-07-29 16:22:55+00:00,719.0,28.65,19.23,19.45,0.0,0.0,2.0,0.0,0.18188531745910644,False,REGULAR,USD,P,2027-03-19,213,778.5800170898438,2026-08-18T08:43:39+00:00
XSP270319P00720000,2026-08-14 18:40:31+00:00,720.0,17.78,19.4,19.89,0.0,0.0,1.0,0.0,0.18247277496337888,False,REGULAR,USD,P,2027-03-19,213,778.5800170898438,2026-08-18T08:43:39+00:00
XSP270319P00721000,2026-06-11 15:27:43+00:00,721.0,36.49,23.8,24.54,0.0,0.0,,15.0,0.20383486602783202,False,REGULAR,USD,P,2027-03-19,213,778.5800170898438,2026-08-18T08:43:39+00:00
XSP270319P00722000,2026-08-03 14:19:51+00:00,722.0,22.35,19.78,20.0,0.0,0.0,,0.0,0.17974147903442383,False,REGULAR,USD,P,2027-03-19,213,778.5800170898438,2026-08-18T08:43:39+00:00
XSP270319P00723000,2026-01-22 14:39:04+00:00,723.0,51.77,59.59,62.05,0.0,0.0,,9.0,0.3746400427246094,False,REGULAR,USD,P,2027-03-19,213,778.5800170898438,2026-08-18T08:43:39+00:00
XSP270319P00724000,2026-08-03 14:19:51+00:00,724.0,22.77,20.16,20.39,0.0,0.0,,0.0,0.1783834603881836,False,REGULAR,USD,P,2027-03-19,213,778.5800170898438,2026-08-18T08:43:39+00:00
XSP270319P00725000,2026-07-02 13:55:24+00:00,725.0,26.76,20.35,20.57,0.0,0.0,,0.0,0.17760526992797854,False,REGULAR,USD,P,2027-03-19,213,778.5800170898438,2026-08-18T08:43:39+00:00
XSP270319P00728000,2026-05-06 16:45:51+00:00,728.0,38.24,33.68,34.61,0.0,0.0,1.0,10.0,0.23906705764770508,False,REGULAR,USD,P,2027-03-19,213,778.5800170898438,2026-08-18T08:43:39+00:00
XSP270319P00729000,2026-05-26 18:55:51+00:00,729.0,32.14,28.03,28.82,0.0,0.0,1.0,0.0,0.21024349334716796,False,REGULAR,USD,P,2027-03-19,213,778.5800170898438,2026-08-18T08:43:39+00:00
XSP270319P00730000,2026-08-17 13:41:57+00:00,730.0,19.7,21.33,21.55,0.0,0.0,1.0,0.0,0.17397371444702148,False,REGULAR,USD,P,2027-03-19,213,778.5800170898438,2026-08-18T08:43:39+00:00
XSP270319P00735000,2026-08-14 15:16:42+00:00,735.0,20.79,22.39,22.67,0.0,0.0,1.0,0.0,0.17072362487792972,False,REGULAR,USD,P,2027-03-19,213,778.5800170898438,2026-08-18T08:43:39+00:00
XSP270319P00740000,2026-08-13 14:15:05+00:00,740.0,21.34,23.5,23.73,0.0,0.0,1.0,0.0,0.16687844848632816,False,REGULAR,USD,P,2027-03-19,213,778.5800170898438,2026-08-18T08:43:39+00:00
XSP270319P00750000,2026-08-17 14:31:12+00:00,750.0,24.08,25.92,26.14,0.0,0.0,1.0,0.0,0.1595848202514648,False,REGULAR,USD,P,2027-03-19,213,778.5800170898438,2026-08-18T08:43:39+00:00
XSP270319P00760000,2026-08-13 14:27:12+00:00,760.0,25.93,28.62,28.85,0.0,0.0,1.0,0.0,0.15223015747070315,False,REGULAR,USD,P,2027-03-19,213,778.5800170898438,2026-08-18T08:43:39+00:00
XSP270319P00770000,2026-08-17 14:19:31+00:00,770.0,29.34,31.64,31.88,0.0,0.0,1.0,0.0,0.14466950309753418,False,REGULAR,USD,P,2027-03-19,213,778.5800170898438,2026-08-18T08:43:39+00:00
XSP270319P00780000,2026-08-13 14:29:53+00:00,780.0,31.71,35.11,35.35,0.0,0.0,2.0,0.0,0.1371851419067383,True,REGULAR,USD,P,2027-03-19,213,778.5800170898438,2026-08-18T08:43:39+00:00
XSP270319P00790000,2026-08-14 18:53:02+00:00,790.0,35.81,39.01,39.24,0.0,0.0,11.0,0.0,0.1293956079864502,True,REGULAR,USD,P,2027-03-19,213,778.5800170898438,2026-08-18T08:43:39+00:00
XSP270319P00800000,2026-08-07 15:29:59+00:00,800.0,41.24,43.39,43.62,0.0,0.0,106.0,0.0,0.1212703840637207,True,REGULAR,USD,P,2027-03-19,213,778.5800170898438,2026-08-18T08:43:39+00:00
XSP270319P00810000,2026-08-17 19:50:43+00:00,810.0,45.93,48.22,48.46,0.0,0.0,3.0,0.0,0.1121838660430908,True,REGULAR,USD,P,2027-03-19,213,778.5800170898438,2026-08-18T08:43:39+00:00
XSP270319P00820000,2026-08-17 19:50:43+00:00,820.0,51.1,53.46,53.94,0.0,0.0,3.0,0.0,0.10228101097106931,True,REGULAR,USD,P,2027-03-19,213,778.5800170898438,2026-08-18T08:43:39+00:00
XSP270319P00830000,2026-08-11 14:19:33+00:00,830.0,56.6,59.4,59.93,0.0,0.0,2.0,0.0,0.08942560974121094,True,REGULAR,USD,P,2027-03-19,213,778.5800170898438,2026-08-18T08:43:39+00:00
XSP270319P01360000,2026-07-23 14:09:09+00:00,1360.0,582.2,557.65,559.05,0.0,0.0,1.0,0.0,1.0000000000000003e-05,True,REGULAR,USD,P,2027-03-19,213,778.5800170898438,2026-08-18T08:43:39+00:00
XSP270319P01410000,2026-07-23 14:50:50+00:00,1410.0,631.5,606.25,607.7,0.0,0.0,1.0,0.0,1.0000000000000003e-05,True,REGULAR,USD,P,2027-03-19,213,778.5800170898438,2026-08-18T08:43:39+00:00
XSP270319P01450000,2026-07-01 05:02:01+00:00,1450.0,660.65,645.2,646.66,0.0,0.0,,0.0,1.0000000000000003e-05,True,REGULAR,USD,P,2027-03-19,213,778.5800170898438,2026-08-18T08:43:39+00:00
XSP270319P01460000,2026-07-01 05:02:01+00:00,1460.0,670.32,655.01,656.44,0.0,0.0,,0.0,1.0000000000000003e-05,True,REGULAR,USD,P,2027-03-19,213,778.5800170898438,2026-08-18T08:43:39+00:00
XSP270319P01470000,2026-07-01 06:56:18+00:00,1470.0,680.65,664.68,666.14,0.0,0.0,,0.0,1.0000000000000003e-05,True,REGULAR,USD,P,2027-03-19,213,778.5800170898438,2026-08-18T08:43:39+00:00
XSP270319P01480000,2026-07-01 06:56:18+00:00,1480.0,690.32,674.5,675.93,0.0,0.0,,0.0,1.0000000000000003e-05,True,REGULAR,USD,P,2027-03-19,213,778.5800170898438,2026-08-18T08:43:39+00:00
XSP270716C00460000,2026-08-14 17:30:56+00:00,460.0,334.09,326.35,327.88,0.0,0.0,1.0,0.0,0.44540959869384766,True,REGULAR,USD,C,2027-07-16,332,778.5800170898438,2026-08-18T08:43:39+00:00
XSP270716C00610000,2026-07-10 14:24:01+00:00,610.0,180.86,190.54,191.74,0.0,0.0,,0.0,0.3265905964660644,True,REGULAR,USD,C,2027-07-16,332,778.5800170898438,2026-08-18T08:43:39+00:00
XSP270716C00630000,2026-08-07 19:00:34+00:00,630.0,177.02,173.37,174.57,0.0,0.0,5.0,0.0,0.3125221336364746,True,REGULAR,USD,C,2027-07-16,332,778.5800170898438,2026-08-18T08:43:39+00:00
XSP270716C00650000,2026-08-07 19:00:34+00:00,650.0,159.98,156.46,157.57,0.0,0.0,5.0,0.0,0.29799591171264644,True,REGULAR,USD,C,2027-07-16,332,778.5800170898438,2026-08-18T08:43:39+00:00
XSP270716C00660000,2026-08-03 19:08:56+00:00,660.0,140.5,148.2,149.31,0.0,0.0,2.0,0.0,0.2913049996185302,True,REGULAR,USD,C,2027-07-16,332,778.5800170898438,2026-08-18T08:43:39+00:00
XSP270716C00670000,2026-08-04 19:56:15+00:00,670.0,143.3,139.98,141.03,0.0,0.0,,0.0,0.2841486991119384,True,REGULAR,USD,C,2027-07-16,332,778.5800170898438,2026-08-18T08:43:39+00:00
XSP270716C00680000,2026-08-10 17:54:35+00:00,680.0,136.55,131.94,132.92,0.0,0.0,,0.0,0.27732045928955074,True,REGULAR,USD,C,2027-07-16,332,778.5800170898438,2026-08-18T08:43:39+00:00
XSP270716C00700000,2026-07-30 15:59:36+00:00,700.0,93.4,116.18,117.11,0.0,0.0,1.0,0.0,0.2640378162384033,True,REGULAR,USD,C,2027-07-16,332,778.5800170898438,2026-08-18T08:43:39+00:00
XSP270716C00710000,2026-07-09 16:05:06+00:00,710.0,99.22,108.49,109.4,0.0,0.0,2.0,0.0,0.2574613439178467,True,REGULAR,USD,C,2027-07-16,332,778.5800170898438,2026-08-18T08:43:39+00:00
XSP270716C00712000,2026-07-02 19:29:31+00:00,712.0,94.0,106.88,107.81,0.0,0.0,,0.0,0.2559049629974365,True,REGULAR,USD,C,2027-07-16,332,778.5800170898438,2026-08-18T08:43:39+00:00
XSP270716C00714000,2026-07-09 13:52:17+00:00,714.0,97.54,105.37,106.29,0.0,0.0,,0.0,0.2546003495788575,True,REGULAR,USD,C,2027-07-16,332,778.5800170898438,2026-08-18T08:43:39+00:00
XSP270716C00720000,2026-07-20 20:01:21+00:00,720.0,85.13,100.92,101.8,0.0,0.0,,0.0,0.2508009490966796,True,REGULAR,USD,C,2027-07-16,332,778.5800170898438,2026-08-18T08:43:39+00:00
XSP270716C00735000,2026-06-29 14:45:03+00:00,735.0,73.6,89.84,90.68,0.0,0.0,8.0,0.0,0.24084468879699705,True,REGULAR,USD,C,2027-07-16,332,778.5800170898438,2026-08-18T08:43:39+00:00
XSP270716C00736000,2026-06-29 14:48:47+00:00,736.0,72.4,89.08,89.95,0.0,0.0,,0.0,0.2401733087921142,True,REGULAR,USD,C,2027-07-16,332,778.5800170898438,2026-08-18T08:43:39+00:00
XSP270716C00738000,2026-07-29 17:17:32+00:00,738.0,67.54,87.68,88.57,0.0,0.0,9.0,0.0,0.23910520423889156,True,REGULAR,USD,C,2027-07-16,332,778.5800170898438,2026-08-18T08:43:39+00:00
XSP270716C00740000,2026-07-23 17:02:42+00:00,740.0,69.4,86.27,87.11,0.0,0.0,2.0,0.0,0.2377319269561767,True,REGULAR,USD,C,2027-07-16,332,778.5800170898438,2026-08-18T08:43:39+00:00
XSP270716C00741000,2026-07-30 15:18:09+00:00,741.0,64.0,85.5,86.35,0.0,0.0,1.0,0.0,0.23692321922302248,True,REGULAR,USD,C,2027-07-16,332,778.5800170898438,2026-08-18T08:43:39+00:00
XSP270716C00744000,2026-07-07 14:40:02+00:00,744.0,73.0,83.37,84.21,0.0,0.0,,0.0,0.23497011375427249,True,REGULAR,USD,C,2027-07-16,332,778.5800170898438,2026-08-18T08:43:39+00:00
XSP270716C00745000,2026-08-13 18:48:02+00:00,745.0,90.15,82.69,83.5,0.0,0.0,2.0,0.0,0.23432162170410153,True,REGULAR,USD,C,2027-07-16,332,778.5800170898438,2026-08-18T08:43:39+00:00
XSP270716C00747000,2026-07-10 16:39:24+00:00,747.0,75.4,81.29,82.15,0.0,0.0,,0.0,0.23324588783264158,True,REGULAR,USD,C,2027-07-16,332,778.5800170898438,2026-08-18T08:43:39+00:00
XSP270716C00748000,2026-07-17 14:33:06+00:00,748.0,69.34,80.56,81.39,0.0,0.0,1.0,0.0,0.23239903350830077,True,REGULAR,USD,C,2027-07-16,332,778.5800170898438,2026-08-18T08:43:39+00:00
XSP270716C00749000,2026-08-07 14:05:54+00:00,749.0,82.47,79.87,80.69,0.0,0.0,1.0,0.0,0.23175817077636718,True,REGULAR,USD,C,2027-07-16,332,778.5800170898438,2026-08-18T08:43:39+00:00
XSP270716C00750000,2026-08-06 19:30:46+00:00,750.0,80.48,79.24,80.05,0.0,0.0,1.0,0.0,0.2313232996368408,True,REGULAR,USD,C,2027-07-16,332,778.5800170898438,2026-08-18T08:43:39+00:00
XSP270716C00751000,2026-08-10 19:33:57+00:00,751.0,82.83,78.49,79.34,0.0,0.0,6.0,0.0,0.23063666099548338,True,REGULAR,USD,C,2027-07-16,332,778.5800170898438,2026-08-18T08:43:39+00:00
XSP270716C00752000,2026-07-16 15:16:27+00:00,752.0,71.5,77.81,78.66,0.0,0.0,,0.0,0.23004157417297363,True,REGULAR,USD,C,2027-07-16,332,778.5800170898438,2026-08-18T08:43:39+00:00
XSP270716C00753000,2026-07-16 15:14:52+00:00,753.0,71.1,77.09,77.91,0.0,0.0,,0.0,0.22920234916687013,True,REGULAR,USD,C,2027-07-16,332,778.5800170898438,2026-08-18T08:43:39+00:00
XSP270716C00754000,2026-07-16 17:22:05+00:00,754.0,69.56,76.41,77.22,0.0,0.0,,0.0,0.22856148643493654,True,REGULAR,USD,C,2027-07-16,332,778.5800170898438,2026-08-18T08:43:39+00:00
XSP270716C00755000,2026-07-15 18:58:52+00:00,755.0,69.51,75.75,76.53,0.0,0.0,2.0,0.0,0.22792062370300292,True,REGULAR,USD,C,2027-07-16,332,778.5800170898438,2026-08-18T08:43:39+00:00
XSP270716C00756000,2026-08-10 19:38:01+00:00,756.0,79.39,75.07,75.91,0.0,0.0,1.0,0.0,0.22750864051818845,True,REGULAR,USD,C,2027-07-16,332,778.5800170898438,2026-08-18T08:43:39+00:00
XSP270716C00757000,2026-07-13 15:23:59+00:00,757.0,68.6,74.39,75.22,0.0,0.0,,0.0,0.22685251914978025,True,REGULAR,USD,C,2027-07-16,332,778.5800170898438,2026-08-18T08:43:39+00:00
XSP270716C00758000,2026-07-13 15:25:32+00:00,758.0,67.9,73.71,74.54,0.0,0.0,,0.0,0.22621928573608396,True,REGULAR,USD,C,2027-07-16,332,778.5800170898438,2026-08-18T08:43:39+00:00
XSP270716C00760000,2026-07-17 14:51:24+00:00,760.0,61.44,72.36,73.13,0.0,0.0,1.0,0.0,0.22476208595275873,True,REGULAR,USD,C,2027-07-16,332,778.5800170898438,2026-08-18T08:43:39+00:00
XSP270716C00764000,2026-07-16 17:22:05+00:00,764.0,63.18,69.69,70.5,0.0,0.0,,0.0,0.22242751457214352,True,REGULAR,USD,C,2027-07-16,332,778.5800170898438,2026-08-18T08:43:39+00:00
XSP270716C00770000,2026-08-14 18:25:43+00:00,770.0,71.18,65.8,66.54,0.0,0.0,,0.0,0.21865481670379633,True,REGULAR,USD,C,2027-07-16,332,778.5800170898438,2026-08-18T08:43:39+00:00
XSP270716C00775000,2026-08-14 18:25:43+00:00,775.0,67.86,62.55,63.26,0.0,0.0,332.0,0.0,0.21537802452087404,False,REGULAR,USD,C,2027-07-16,332,778.5800170898438,2026-08-18T08:43:39+00:00
XSP270716C00779000,2026-08-06 19:30:46+00:00,779.0,61.16,60.15,60.73,0.0,0.0,,0.0,0.21293664268493653,False,REGULAR,USD,C,2027-07-16,332,778.5800170898438,2026-08-18T08:43:39+00:00
XSP270716C00780000,2026-08-13 20:10:50+00:00,780.0,66.17,59.53,60.11,0.0,0.0,4.0,0.0,0.21234918518066404,False,REGULAR,USD,C,2027-07-16,332,778.5800170898438,2026-08-18T08:43:39+00:00
XSP270716C00782000,2026-07-20 20:01:21+00:00,782.0,46.44,58.29,58.86,0.0,0.0,,0.0,0.21112086494445798,False,REGULAR,USD,C,2027-07-16,332,778.5800170898438,2026-08-18T08:43:39+00:00
XSP270716C00790000,2026-07-17 19:22:54+00:00,790.0,42.7,53.47,54.01,0.0,0.0,12.0,0.0,0.2063716143417358,False,REGULAR,USD,C,2027-07-16,332,778.5800170898438,2026-08-18T08:43:39+00:00
XSP270716C00791000,2026-07-23 15:03:37+00:00,791.0,39.27,52.88,53.41,0.0,0.0,1.0,0.0,0.2057650835418701,False,REGULAR,USD,C,2027-07-16,332,778.5800170898438,2026-08-18T08:43:39+00:00
XSP270716C00795000,2026-07-28 18:32:23+00:00,795.0,36.64,50.56,51.07,0.0,0.0,2.0,0.0,0.20343814147949218,False,REGULAR,USD,C,2027-07-16,332,778.5800170898438,2026-08-18T08:43:39+00:00
XSP270716C00800000,2026-08-12 15:51:25+00:00,800.0,49.85,47.74,48.22,0.0,0.0,24.0,0.0,0.20059240577697748,False,REGULAR,USD,C,2027-07-16,332,778.5800170898438,2026-08-18T08:43:39+00:00
XSP270716C00810000,2026-07-16 15:17:42+00:00,810.0,38.0,42.39,42.73,0.0,0.0,1.0,0.0,0.19492000766754153,False,REGULAR,USD,C,2027-07-16,332,778.5800170898438,2026-08-18T08:43:39+00:00
XSP270716C00820000,2026-07-16 15:18:04+00:00,820.0,33.4,37.37,37.71,0.0,0.0,1.0,0.0,0.18988847229003908,False,REGULAR,USD,C,2027-07-16,332,778.5800170898438,2026-08-18T08:43:39+00:00
XSP270716C00830000,2026-08-13 18:48:02+00:00,830.0,37.78,32.68,33.02,0.0,0.0,2.0,0.0,0.1849904499816894,False,REGULAR,USD,C,2027-07-16,332,778.5800170898438,2026-08-18T08:43:39+00:00
XSP270716C00840000,2026-07-27 14:32:16+00:00,840.0,18.34,28.44,28.78,0.0,0.0,4.0,0.0,0.18061885063171387,False,REGULAR,USD,C,2027-07-16,332,778.5800170898438,2026-08-18T08:43:39+00:00
XSP270716C00850000,2026-07-29 15:50:10+00:00,850.0,13.69,24.53,24.85,0.0,0.0,49.0,0.0,0.1762625099182129,False,REGULAR,USD,C,2027-07-16,332,778.5800170898438,2026-08-18T08:43:39+00:00
XSP270716C00860000,2026-07-20 14:00:30+00:00,860.0,15.97,21.09,21.4,0.0,0.0,,0.0,0.17257754920959475,False,REGULAR,USD,C,2027-07-16,332,778.5800170898438,2026-08-18T08:43:39+00:00
XSP270716C00880000,2026-08-13 20:10:50+00:00,880.0,18.66,15.3,15.6,0.0,0.0,5.0,0.0,0.16611551666259772,False,REGULAR,USD,C,2027-07-16,332,778.5800170898438,2026-08-18T08:43:39+00:00
XSP270716C00890000,2026-08-04 14:17:18+00:00,890.0,13.04,12.94,13.23,0.0,0.0,2.0,0.0,0.16339947937011723,False,REGULAR,USD,C,2027-07-16,332,778.5800170898438,2026-08-18T08:43:39+00:00
XSP270716C00900000,2026-08-12 13:56:25+00:00,900.0,11.92,10.89,11.16,0.0,0.0,1.0,0.0,0.1609199509429932,False,REGULAR,USD,C,2027-07-16,332,778.5800170898438,2026-08-18T08:43:39+00:00
XSP270716P00460000,2026-08-10 14:12:25+00:00,460.0,3.87,3.99,4.3,0.0,0.0,1.0,0.0,0.33814138427734375,False,REGULAR,USD,P,2027-07-16,332,778.5800170898438,2026-08-18T08:43:39+00:00
XSP270716P00480000,2026-07-17 18:34:28+00:00,480.0,6.09,4.61,4.78,0.0,0.0,4.0,0.0,0.3218451605224609,False,REGULAR,USD,P,2027-07-16,332,778.5800170898438,2026-08-18T08:43:39+00:00
XSP270716P00490000,2026-08-10 19:08:35+00:00,490.0,4.8,4.95,5.12,0.0,0.0,1.0,0.0,0.3149482568359374,False,REGULAR,USD,P,2027-07-16,332,778.5800170898438,2026-08-18T08:43:39+00:00
XSP270716P00500000,2026-07-17 18:27:03+00:00,500.0,6.97,5.31,5.5,0.0,0.0,7.0,0.0,0.3083565258789062,False,REGULAR,USD,P,2027-07-16,332,778.5800170898438,2026-08-18T08:43:39+00:00
XSP270716P00510000,2026-08-10 13:45:33+00:00,510.0,5.53,5.71,5.89,0.0,0.0,1.0,0.0,0.3016274671936035,False,REGULAR,USD,P,2027-07-16,332,778.5800170898438,2026-08-18T08:43:39+00:00
XSP270716P00520000,2026-08-04 19:44:14+00:00,520.0,6.07,6.13,6.32,0.0,0.0,1.0,0.0,0.2951120294189453,False,REGULAR,USD,P,2027-07-16,332,778.5800170898438,2026-08-18T08:43:39+00:00
XSP270716P00530000,2026-08-03 18:58:35+00:00,530.0,7.07,6.59,6.79,0.0,0.0,1.0,0.0,0.2887796952819824,False,REGULAR,USD,P,2027-07-16,332,778.5800170898438,2026-08-18T08:43:39+00:00
XSP270716P00540000,2026-08-11 14:34:45+00:00,540.0,6.89,7.08,7.29,0.0,0.0,2.0,0.0,0.2824626197814941,False,REGULAR,USD,P,2027-07-16,332,778.5800170898438,2026-08-18T08:43:39+00:00
XSP270716P00550000,2026-08-07 19:47:24+00:00,550.0,7.39,7.62,7.84,0.0,0.0,1.0,0.0,0.2763286479187011,False,REGULAR,USD,P,2027-07-16,332,778.5800170898438,2026-08-18T08:43:39+00:00
XSP270716P00560000,2026-08-17 13:52:17+00:00,560.0,7.77,8.2,8.43,0.0,0.0,1.0,0.0,0.27022519332885747,False,REGULAR,USD,P,2027-07-16,332,778.5800170898438,2026-08-18T08:43:39+00:00
XSP270716P00570000,2026-08-03 15:11:53+00:00,570.0,9.52,8.83,9.1,0.0,0.0,1.0,0.0,0.26448794601440423,False,REGULAR,USD,P,2027-07-16,332,778.5800170898438,2026-08-18T08:43:39+00:00
XSP270716P00580000,2026-08-11 15:08:39+00:00,580.0,9.25,9.51,9.79,0.0,0.0,2.0,0.0,0.2585218191528321,False,REGULAR,USD,P,2027-07-16,332,778.5800170898438,2026-08-18T08:43:39+00:00
XSP270716P00590000,2026-08-13 14:56:41+00:00,590.0,9.5,10.26,10.5,0.0,0.0,1.0,0.0,0.25237258865356443,False,REGULAR,USD,P,2027-07-16,332,778.5800170898438,2026-08-18T08:43:39+00:00
XSP270716P00600000,2026-07-30 15:54:33+00:00,600.0,14.15,11.07,11.31,0.0,0.0,1.0,0.0,0.2465743067932129,False,REGULAR,USD,P,2027-07-16,332,778.5800170898438,2026-08-18T08:43:39+00:00
XSP270716P00610000,2026-08-13 19:25:05+00:00,610.0,11.24,11.94,12.24,0.0,0.0,5.0,0.0,0.24118800811767577,False,REGULAR,USD,P,2027-07-16,332,778.5800170898438,2026-08-18T08:43:39+00:00
XSP270716P00620000,2026-08-13 19:25:05+00:00,620.0,12.12,12.88,13.19,0.0,0.0,5.0,0.0,0.23548127807617186,False,REGULAR,USD,P,2027-07-16,332,778.5800170898438,2026-08-18T08:43:39+00:00
XSP270716P00630000,2026-07-27 14:30:22+00:00,630.0,18.15,13.89,14.16,0.0,0.0,1.0,0.0,0.22948463394165042,False,REGULAR,USD,P,2027-07-16,332,778.5800170898438,2026-08-18T08:43:39+00:00
XSP270716P00640000,2026-08-03 14:22:39+00:00,640.0,16.0,14.99,15.32,0.0,0.0,3.0,0.0,0.22412885253906245,False,REGULAR,USD,P,2027-07-16,332,778.5800170898438,2026-08-18T08:43:39+00:00
XSP270716P00650000,2026-08-14 18:00:26+00:00,650.0,15.24,16.17,16.45,0.0,0.0,1.0,0.0,0.218132208404541,False,REGULAR,USD,P,2027-07-16,332,778.5800170898438,2026-08-18T08:43:39+00:00
XSP270716P00660000,2026-08-14 18:00:26+00:00,660.0,16.43,17.45,17.79,0.0,0.0,1.0,0.0,0.21275353904724123,False,REGULAR,USD,P,2027-07-16,332,778.5800170898438,2026-08-18T08:43:39+00:00
XSP270716P00670000,2026-07-28 14:57:00+00:00,670.0,23.69,18.83,19.18,0.0,0.0,1.0,0.0,0.2070849555969238,False,REGULAR,USD,P,2027-07-16,332,778.5800170898438,2026-08-18T08:43:39+00:00
XSP270716P00675000,2026-07-20 14:03:12+00:00,675.0,24.62,19.57,19.93,0.0,0.0,12.0,0.0,0.20430788375854486,False,REGULAR,USD,P,2027-07-16,332,778.5800170898438,2026-08-18T08:43:39+00:00
XSP270716P00680000,2026-07-17 14:51:24+00:00,680.0,25.93,20.33,20.69,0.0,0.0,1.0,0.0,0.20143926010131835,False,REGULAR,USD,P,2027-07-16,332,778.5800170898438,2026-08-18T08:43:39+00:00
XSP270716P00681000,2026-07-10 15:12:32+00:00,681.0,24.49,20.48,20.85,0.0,0.0,,0.0,0.20088231986999508,False,REGULAR,USD,P,2027-07-16,332,778.5800170898438,2026-08-18T08:43:39+00:00
XSP270716P00682000,2026-07-10 15:12:32+00:00,682.0,24.66,20.64,20.95,0.0,0.0,,0.0,0.20005072418212888,False,REGULAR,USD,P,2027-07-16,332,778.5800170898438,2026-08-18T08:43:39+00:00
XSP270716P00683000,2026-08-07 17:25:01+00:00,683.0,20.04,20.8,21.11,0.0,0.0,1.0,0.0,0.19948615463256836,False,REGULAR,USD,P,2027-07-16,332,778.5800170898438,2026-08-18T08:43:39+00:00
XSP270716P00685000,2026-07-16 14:32:56+00:00,685.0,24.71,21.12,21.43,0.0,0.0,,0.0,0.19834175689697264,False,REGULAR,USD,P,2027-07-16,332,778.5800170898438,2026-08-18T08:43:39+00:00
XSP270716P00688000,2026-07-22 16:16:19+00:00,688.0,25.7,21.61,21.92,0.0,0.0,,0.0,0.1966175309753418,False,REGULAR,USD,P,2027-07-16,332,778.5800170898438,2026-08-18T08:43:39+00:00
XSP270716P00690000,2026-08-10 19:51:59+00:00,690.0,21.15,21.95,22.32,0.0,0.0,1.0,0.0,0.19576304733276367,False,REGULAR,USD,P,2027-07-16,332,778.5800170898438,2026-08-18T08:43:39+00:00
XSP270716P00691000,2026-07-02 13:48:12+00:00,691.0,26.7,22.12,22.42,0.0,0.0,,0.0,0.19488567573547363,False,REGULAR,USD,P,2027-07-16,332,778.5800170898438,2026-08-18T08:43:39+00:00
XSP270716P00692000,2026-06-22 15:28:53+00:00,692.0,29.39,28.05,29.68,0.0,0.0,,1.0,0.22428143890380853,False,REGULAR,USD,P,2027-07-16,332,778.5800170898438,2026-08-18T08:43:39+00:00
XSP270716P00693000,2026-06-22 15:28:53+00:00,693.0,29.6,28.27,29.9,0.0,0.0,,1.0,0.22379316253662107,False,REGULAR,USD,P,2027-07-16,332,778.5800170898438,2026-08-18T08:43:39+00:00
XSP270716P00698000,2026-08-07 16:48:45+00:00,698.0,22.35,23.33,23.7,0.0,0.0,1.0,0.0,0.1911167925262451,False,REGULAR,USD,P,2027-07-16,332,778.5800170898438,2026-08-18T08:43:39+00:00
XSP270716P00700000,2026-08-03 18:05:08+00:00,700.0,25.25,23.67,24.04,0.0,0.0,1.0,0.0,0.18987321365356447,False,REGULAR,USD,P,2027-07-16,332,778.5800170898438,2026-08-18T08:43:39+00:00
XSP270716P00707000,2026-08-07 18:41:09+00:00,707.0,24.14,24.99,25.31,0.0,0.0,1.0,0.0,0.18566182998657227,False,REGULAR,USD,P,2027-07-16,332,778.5800170898438,2026-08-18T08:43:39+00:00
XSP270716P00709000,2026-07-17 20:11:54+00:00,709.0,32.94,25.37,25.69,0.0,0.0,6.0,0.0,0.18447165634155271,False,REGULAR,USD,P,2027-07-16,332,778.5800170898438,2026-08-18T08:43:39+00:00
XSP270716P00720000,2026-07-20 20:01:21+00:00,720.0,34.96,27.59,27.91,0.0,0.0,,0.0,0.17794095993041992,False,REGULAR,USD,P,2027-07-16,332,778.5800170898438,2026-08-18T08:43:39+00:00
XSP270716P00730000,2026-07-20 13:51:10+00:00,730.0,36.17,29.74,30.13,0.0,0.0,,0.0,0.1720358676147461,False,REGULAR,USD,P,2027-07-16,332,778.5800170898438,2026-08-18T08:43:39+00:00
XSP270716P00733000,2026-07-30 19:20:17+00:00,733.0,36.87,30.44,30.78,0.0,0.0,,0.0,0.1700522448730469,False,REGULAR,USD,P,2027-07-16,332,778.5800170898438,2026-08-18T08:43:39+00:00
XSP270716P00735000,2026-08-11 17:41:59+00:00,735.0,30.08,30.91,31.24,0.0,0.0,2.0,0.0,0.16879340736389162,False,REGULAR,USD,P,2027-07-16,332,778.5800170898438,2026-08-18T08:43:39+00:00
XSP270716P00738000,2026-06-26 16:16:42+00:00,738.0,43.0,31.62,31.95,0.0,0.0,136.0,0.0,0.1669165950775147,False,REGULAR,USD,P,2027-07-16,332,778.5800170898438,2026-08-18T08:43:39+00:00
XSP270716P00740000,2026-07-20 13:51:10+00:00,740.0,38.86,32.1,32.5,0.0,0.0,1.0,0.0,0.16590952507019047,False,REGULAR,USD,P,2027-07-16,332,778.5800170898438,2026-08-18T08:43:39+00:00
XSP270716P00741000,2026-07-17 14:34:16+00:00,741.0,40.13,32.34,32.68,0.0,0.0,12.0,0.0,0.1650397827911377,False,REGULAR,USD,P,2027-07-16,332,778.5800170898438,2026-08-18T08:43:39+00:00
XSP270716P00742000,2026-07-27 14:32:16+00:00,742.0,41.86,32.59,32.93,0.0,0.0,4.0,0.0,0.16442180801391604,False,REGULAR,USD,P,2027-07-16,332,778.5800170898438,2026-08-18T08:43:39+00:00
XSP270716P00743000,2026-07-30 19:20:17+00:00,743.0,39.77,32.84,33.18,0.0,0.0,1.0,0.0,0.16379620391845706,False,REGULAR,USD,P,2027-07-16,332,778.5800170898438,2026-08-18T08:43:39+00:00
XSP270716P00744000,2026-08-17 14:53:06+00:00,744.0,31.48,33.09,33.5,0.0,0.0,1.0,0.0,0.16341473800659184,False,REGULAR,USD,P,2027-07-16,332,778.5800170898438,2026-08-18T08:43:39+00:00
XSP270716P00745000,2026-07-30 19:31:04+00:00,745.0,40.42,33.34,33.68,0.0,0.0,,0.0,0.16252210777282713,False,REGULAR,USD,P,2027-07-16,332,778.5800170898438,2026-08-18T08:43:39+00:00
XSP270716P00747000,2026-07-31 17:58:39+00:00,747.0,39.46,33.85,34.19,0.0,0.0,2.0,0.0,0.16124038230895996,False,REGULAR,USD,P,2027-07-16,332,778.5800170898438,2026-08-18T08:43:39+00:00
XSP270716P00748000,2026-07-31 17:58:39+00:00,748.0,39.75,34.09,34.5,0.0,0.0,2.0,0.0,0.1607826232147217,False,REGULAR,USD,P,2027-07-16,332,778.5800170898438,2026-08-18T08:43:39+00:00
XSP270716P00749000,2026-08-07 14:05:54+00:00,749.0,33.52,34.37,34.71,0.0,0.0,1.0,0.0,0.15996628616333008,False,REGULAR,USD,P,2027-07-16,332,778.5800170898438,2026-08-18T08:43:39+00:00
XSP270716P00750000,2026-07-22 16:15:04+00:00,750.0,40.6,34.63,34.97,0.0,0.0,2.0,0.0,0.15931016479492188,False,REGULAR,USD,P,2027-07-16,332,778.5800170898438,2026-08-18T08:43:39+00:00
XSP270716P00751000,2026-07-13 14:51:50+00:00,751.0,40.86,34.9,35.24,0.0,0.0,1.0,0.0,0.1586845606994629,False,REGULAR,USD,P,2027-07-16,332,778.5800170898438,2026-08-18T08:43:39+00:00
XSP270716P00752000,2026-07-27 18:42:39+00:00,752.0,45.01,35.16,35.5,0.0,0.0,1.0,0.0,0.1580131806945801,False,REGULAR,USD,P,2027-07-16,332,778.5800170898438,2026-08-18T08:43:39+00:00
XSP270716P00753000,2026-07-23 16:57:53+00:00,753.0,45.98,35.43,35.77,0.0,0.0,1.0,0.0,0.1573723179626465,False,REGULAR,USD,P,2027-07-16,332,778.5800170898438,2026-08-18T08:43:39+00:00
XSP270716P00754000,2026-07-13 14:38:47+00:00,754.0,41.72,35.7,36.05,0.0,0.0,1.0,0.0,0.15675434318542483,False,REGULAR,USD,P,2027-07-16,332,778.5800170898438,2026-08-18T08:43:39+00:00
XSP270716P00755000,2026-07-23 15:01:05+00:00,755.0,46.71,35.98,36.31,0.0,0.0,1.0,0.0,0.1560524459075928,False,REGULAR,USD,P,2027-07-16,332,778.5800170898438,2026-08-18T08:43:39+00:00
XSP270716P00757000,2026-07-13 14:39:13+00:00,757.0,42.65,36.53,36.87,0.0,0.0,1.0,0.0,0.1547707204437256,False,REGULAR,USD,P,2027-07-16,332,778.5800170898438,2026-08-18T08:43:39+00:00
XSP270716P00758000,2026-07-29 14:43:43+00:00,758.0,48.04,36.81,37.15,0.0,0.0,,0.0,0.1541145990753174,False,REGULAR,USD,P,2027-07-16,332,778.5800170898438,2026-08-18T08:43:39+00:00
XSP270716P00759000,2026-07-17 15:06:39+00:00,759.0,46.46,37.09,37.5,0.0,0.0,1.0,0.0,0.15368735725402832,False,REGULAR,USD,P,2027-07-16,332,778.5800170898438,2026-08-18T08:43:39+00:00
XSP270716P00762000,2026-07-27 18:42:39+00:00,762.0,48.48,37.93,38.35,0.0,0.0,,0.0,0.1516579586029053,False,REGULAR,USD,P,2027-07-16,332,778.5800170898438,2026-08-18T08:43:39+00:00
XSP270716P00763000,2026-07-23 16:57:53+00:00,763.0,49.45,38.24,38.58,0.0,0.0,1.0,0.0,0.15078058700561525,False,REGULAR,USD,P,2027-07-16,332,778.5800170898438,2026-08-18T08:43:39+00:00
XSP270716P00769000,2026-07-17 15:06:39+00:00,769.0,49.96,40.04,40.38,0.0,0.0,1.0,0.0,0.14672941902160644,False,REGULAR,USD,P,2027-07-16,332,778.5800170898438,2026-08-18T08:43:39+00:00
XSP270716P00770000,2026-08-14 18:16:00+00:00,770.0,37.92,40.34,40.69,0.0,0.0,2.0,0.0,0.14605040969848632,False,REGULAR,USD,P,2027-07-16,332,778.5800170898438,2026-08-18T08:43:39+00:00
XSP270716P00775000,2026-08-14 18:16:00+00:00,775.0,39.41,41.6,42.27,0.0,0.0,2.0,0.0,0.14258669921875,True,REGULAR,USD,P,2027-07-16,332,778.5800170898438,2026-08-18T08:43:39+00:00
XSP270716P00779000,2026-07-30 19:31:04+00:00,779.0,52.36,43.24,43.59,0.0,0.0,1.0,0.0,0.1397867394256592,True,REGULAR,USD,P,2027-07-16,332,778.5800170898438,2026-08-18T08:43:39+00:00
XSP270716P00780000,2026-08-13 19:25:05+00:00,780.0,40.76,43.57,43.92,0.0,0.0,5.0,0.0,0.13906195419311523,True,REGULAR,USD,P,2027-07-16,332,778.5800170898438,2026-08-18T08:43:39+00:00
XSP270716P00782000,2026-07-20 20:01:21+00:00,782.0,54.61,44.25,44.6,0.0,0.0,,0.0,0.13762764236450198,True,REGULAR,USD,P,2027-07-16,332,778.5800170898438,2026-08-18T08:43:39+00:00
XSP270716P00790000,2026-07-17 19:23:29+00:00,790.0,58.9,47.09,47.45,0.0,0.0,12.0,0.0,0.13180647254943847,True,REGULAR,USD,P,2027-07-16,332,778.5800170898438,2026-08-18T08:43:39+00:00
XSP270716P00791000,2026-07-16 16:57:55+00:00,791.0,54.43,47.45,47.81,0.0,0.0,,0.0,0.13102828208923337,True,REGULAR,USD,P,2027-07-16,332,778.5800170898438,2026-08-18T08:43:39+00:00
XSP270716P00800000,2026-07-15 18:37:40+00:00,800.0,57.6,50.92,51.28,0.0,0.0,1.0,0.0,0.12408560249328615,True,REGULAR,USD,P,2027-07-16,332,778.5800170898438,2026-08-18T08:43:39+00:00
XSP270716P00810000,2026-07-31 19:34:33+00:00,810.0,63.48,55.09,55.46,0.0,0.0,1.0,0.0,0.11580016288757325,True,REGULAR,USD,P,2027-07-16,332,778.5800170898438,2026-08-18T08:43:39+00:00
XSP270716P00870000,2026-07-31 19:34:33+00:00,870.0,101.12,87.96,88.66,0.0,0.0,1.0,0.0,1.0000000000000003e-05,True,REGULAR,USD,P,2027-07-16,332,778.5800170898438,2026-08-18T08:43:39+00:00
XSP270716P00900000,2026-08-11 19:50:01+00:00,900.0,108.04,109.63,110.42,0.0,0.0,2.0,0.0,1.0000000000000003e-05,True,REGULAR,USD,P,2027-07-16,332,778.5800170898438,2026-08-18T08:43:39+00:00
XSP271217C00050000,2026-06-01 13:34:58+00:00,50.0,701.0,0.0,0.0,0.0,0.0,1.0,0.0,1.0000000000000003e-05,True,REGULAR,USD,C,2027-12-17,486,778.5800170898438,2026-08-18T08:43:39+00:00
XSP271217C00055000,2026-04-27 13:30:38+00:00,55.0,653.7,0.0,0.0,0.0,0.0,1.0,1.0,1.0000000000000003e-05,True,REGULAR,USD,C,2027-12-17,486,778.5800170898438,2026-08-18T08:43:39+00:00
XSP271217C00060000,2026-04-29 14:34:07+00:00,60.0,647.6,0.0,0.0,0.0,0.0,1.0,1.0,1.0000000000000003e-05,True,REGULAR,USD,C,2027-12-17,486,778.5800170898438,2026-08-18T08:43:39+00:00
XSP271217C00065000,2026-04-30 17:33:18+00:00,65.0,647.87,0.0,0.0,0.0,0.0,,1.0,1.0000000000000003e-05,True,REGULAR,USD,C,2027-12-17,486,778.5800170898438,2026-08-18T08:43:39+00:00
XSP271217C00145000,2026-04-22 19:33:03+00:00,145.0,567.49,589.11,603.93,0.0,0.0,,0.0,1.0000000000000003e-05,True,REGULAR,USD,C,2027-12-17,486,778.5800170898438,2026-08-18T08:43:39+00:00
XSP271217C00150000,2026-06-18 14:13:30+00:00,150.0,599.0,0.0,0.0,0.0,0.0,,2.0,1.0000000000000003e-05,True,REGULAR,USD,C,2027-12-17,486,778.5800170898438,2026-08-18T08:43:39+00:00
XSP271217C00165000,2026-05-01 15:23:59+00:00,165.0,561.71,570.62,585.41,0.0,0.0,1.0,0.0,1.0000000000000003e-05,True,REGULAR,USD,C,2027-12-17,486,778.5800170898438,2026-08-18T08:43:39+00:00
XSP271217C00190000,2026-06-01 13:41:24+00:00,190.0,571.38,0.0,0.0,0.0,0.0,1.0,0.0,1.0000000000000003e-05,True,REGULAR,USD,C,2027-12-17,486,778.5800170898438,2026-08-18T08:43:39+00:00
XSP271217C00300000,2026-05-27 19:38:32+00:00,300.0,464.91,0.0,0.0,0.0,0.0,1.0,0.0,1.0000000000000003e-05,True,REGULAR,USD,C,2027-12-17,486,778.5800170898438,2026-08-18T08:43:39+00:00
XSP271217C00320000,2025-08-19 16:36:58+00:00,320.0,342.33,355.93,373.07,0.0,0.0,,0.0,1.0000000000000003e-05,True,REGULAR,USD,C,2027-12-17,486,778.5800170898438,2026-08-18T08:43:39+00:00
XSP271217C00330000,2025-08-19 16:36:58+00:00,330.0,333.42,347.13,364.23,0.0,0.0,,0.0,1.0000000000000003e-05,True,REGULAR,USD,C,2027-12-17,486,778.5800170898438,2026-08-18T08:43:39+00:00
XSP271217C00350000,2026-05-19 13:44:45+00:00,350.0,402.97,0.0,0.0,0.0,0.0,17.0,0.0,1.0000000000000003e-05,True,REGULAR,USD,C,2027-12-17,486,778.5800170898438,2026-08-18T08:43:39+00:00
XSP271217C00355000,2026-05-19 13:44:45+00:00,355.0,398.42,0.0,0.0,0.0,0.0,17.0,0.0,1.0000000000000003e-05,True,REGULAR,USD,C,2027-12-17,486,778.5800170898438,2026-08-18T08:43:39+00:00
XSP271217C00365000,2025-08-20 16:13:05+00:00,365.0,299.13,316.52,333.48,0.0,0.0,,0.0,1.0000000000000003e-05,True,REGULAR,USD,C,2027-12-17,486,778.5800170898438,2026-08-18T08:43:39+00:00
XSP271217C00370000,2025-11-26 14:46:10+00:00,370.0,332.33,336.62,351.36,0.0,0.0,2.0,1.0,1.0000000000000003e-05,True,REGULAR,USD,C,2027-12-17,486,778.5800170898438,2026-08-18T08:43:39+00:00
XSP271217C00380000,2025-11-24 16:43:35+00:00,380.0,314.31,323.0,347.0,0.0,0.0,2.0,1.0,1.0000000000000003e-05,True,REGULAR,USD,C,2027-12-17,486,778.5800170898438,2026-08-18T08:43:39+00:00
XSP271217C00385000,2026-07-17 13:35:43+00:00,385.0,378.76,401.39,404.69,0.0,0.0,1.0,0.0,0.4849752430725098,True,REGULAR,USD,C,2027-12-17,486,778.5800170898438,2026-08-18T08:43:39+00:00
XSP271217C00390000,2026-08-04 14:53:54+00:00,390.0,396.78,396.9,400.2,0.0,0.0,1.0,0.0,0.4820303262329102,True,REGULAR,USD,C,2027-12-17,486,778.5800170898438,2026-08-18T08:43:39+00:00
XSP271217C00395000,2026-08-04 14:53:54+00:00,395.0,392.2,392.25,395.55,0.0,0.0,,0.0,0.4776358389282227,True,REGULAR,USD,C,2027-12-17,486,778.5800170898438,2026-08-18T08:43:39+00:00
XSP271217C00400000,2025-12-22 16:44:59+00:00,400.0,311.12,305.0,329.0,0.0,0.0,1.0,15.0,1.0000000000000003e-05,True,REGULAR,USD,C,2027-12-17,486,778.5800170898438,2026-08-18T08:43:39+00:00
XSP271217C00410000,2026-04-16 19:31:46+00:00,410.0,317.01,347.3,361.38,0.0,0.0,1.0,2.0,1.0000000000000003e-05,True,REGULAR,USD,C,2027-12-17,486,778.5800170898438,2026-08-18T08:43:39+00:00
XSP271217C00415000,2026-04-24 16:31:19+00:00,415.0,324.6,342.85,356.9,0.0,0.0,1.0,1.0,1.0000000000000003e-05,True,REGULAR,USD,C,2027-12-17,486,778.5800170898438,2026-08-18T08:43:39+00:00
XSP271217C00450000,2026-05-01 16:20:12+00:00,450.0,302.44,311.96,325.76,0.0,0.0,1.0,4.0,0.2304764453125,True,REGULAR,USD,C,2027-12-17,486,778.5800170898438,2026-08-18T08:43:39+00:00
XSP271217C00455000,2025-12-08 19:22:20+00:00,455.0,262.99,258.0,282.0,0.0,0.0,1.0,0.0,1.0000000000000003e-05,True,REGULAR,USD,C,2027-12-17,486,778.5800170898438,2026-08-18T08:43:39+00:00
XSP271217C00460000,2025-12-17 17:27:26+00:00,460.0,249.21,254.0,278.0,0.0,0.0,1.0,1.0,1.0000000000000003e-05,True,REGULAR,USD,C,2027-12-17,486,778.5800170898438,2026-08-18T08:43:39+00:00
XSP271217C00465000,2026-05-06 16:18:30+00:00,465.0,297.97,298.86,312.52,0.0,0.0,1.0,1.0,0.2547987118530274,True,REGULAR,USD,C,2027-12-17,486,778.5800170898438,2026-08-18T08:43:39+00:00
XSP271217C00470000,2026-05-18 13:44:49+00:00,470.0,300.02,0.0,0.0,0.0,0.0,1.0,0.0,1.0000000000000003e-05,True,REGULAR,USD,C,2027-12-17,486,778.5800170898438,2026-08-18T08:43:39+00:00
XSP271217C00475000,2025-10-31 19:00:22+00:00,475.0,250.37,215.44,276.03,0.0,0.0,1.0,1.0,1.0000000000000003e-05,True,REGULAR,USD,C,2027-12-17,486,778.5800170898438,2026-08-18T08:43:39+00:00
XSP271217C00480000,2026-05-05 13:30:11+00:00,480.0,275.0,285.86,299.38,0.0,0.0,1.0,1.0,0.2664715687561035,True,REGULAR,USD,C,2027-12-17,486,778.5800170898438,2026-08-18T08:43:39+00:00
XSP271217C00485000,2026-04-08 15:20:45+00:00,485.0,226.21,254.63,319.16,0.0,0.0,1.0,2.0,0.44054209365844726,True,REGULAR,USD,C,2027-12-17,486,778.5800170898438,2026-08-18T08:43:39+00:00
XSP271217C00490000,2026-04-08 15:14:04+00:00,490.0,222.03,250.43,314.74,0.0,0.0,1.0,2.0,0.43669691726684573,True,REGULAR,USD,C,2027-12-17,486,778.5800170898438,2026-08-18T08:43:39+00:00
XSP271217C00495000,2026-06-12 15:14:48+00:00,495.0,282.88,288.22,297.64,0.0,0.0,2.0,1.0,0.35892364715576175,True,REGULAR,USD,C,2027-12-17,486,778.5800170898438,2026-08-18T08:43:39+00:00
XSP271217C00500000,2026-07-20 18:45:28+00:00,500.0,278.0,297.77,300.86,0.0,0.0,1.0,0.0,0.4015105015563965,True,REGULAR,USD,C,2027-12-17,486,778.5800170898438,2026-08-18T08:43:39+00:00
XSP271217C00505000,2026-04-28 19:57:31+00:00,505.0,245.0,264.45,277.7,0.0,0.0,1.0,1.0,0.275123215637207,True,REGULAR,USD,C,2027-12-17,486,778.5800170898438,2026-08-18T08:43:39+00:00
XSP271217C00510000,2026-05-07 19:20:40+00:00,510.0,255.4,260.21,273.4,0.0,0.0,1.0,7.0,0.27591666473388665,True,REGULAR,USD,C,2027-12-17,486,778.5800170898438,2026-08-18T08:43:39+00:00
XSP271217C00515000,2026-05-07 15:28:02+00:00,515.0,257.56,255.99,269.11,0.0,0.0,9.0,5.0,0.2764659756469726,True,REGULAR,USD,C,2027-12-17,486,778.5800170898438,2026-08-18T08:43:39+00:00
XSP271217C00520000,2026-05-06 16:18:30+00:00,520.0,250.96,251.78,264.84,0.0,0.0,1.0,3.0,0.27687795883178706,True,REGULAR,USD,C,2027-12-17,486,778.5800170898438,2026-08-18T08:43:39+00:00
XSP271217C00525000,2026-07-09 17:43:32+00:00,525.0,264.52,275.91,278.92,0.0,0.0,1.0,0.0,0.38478703598022457,True,REGULAR,USD,C,2027-12-17,486,778.5800170898438,2026-08-18T08:43:39+00:00
XSP271217C00530000,2026-08-13 17:34:42+00:00,530.0,280.5,271.56,274.55,0.0,0.0,1.0,0.0,0.3814148773193359,True,REGULAR,USD,C,2027-12-17,486,778.5800170898438,2026-08-18T08:43:39+00:00
XSP271217C00535000,2026-05-01 16:23:55+00:00,535.0,230.06,239.26,252.12,0.0,0.0,1.0,2.0,0.2771831315612792,True,REGULAR,USD,C,2027-12-17,486,778.5800170898438,2026-08-18T08:43:39+00:00
XSP271217C00540000,2026-05-21 15:59:59+00:00,540.0,240.96,0.0,0.0,0.0,0.0,20.0,0.0,1.0000000000000003e-05,True,REGULAR,USD,C,2027-12-17,486,778.5800170898438,2026-08-18T08:43:39+00:00
XSP271217C00545000,2026-04-28 19:57:31+00:00,545.0,213.0,232.1,242.59,0.0,0.0,1.0,1.0,0.2696453651428223,True,REGULAR,USD,C,2027-12-17,486,778.5800170898438,2026-08-18T08:43:39+00:00
XSP271217C00550000,2026-05-07 16:52:48+00:00,550.0,226.28,227.96,238.44,0.0,0.0,8.0,11.0,0.26966825309753417,True,REGULAR,USD,C,2027-12-17,486,778.5800170898438,2026-08-18T08:43:39+00:00
XSP271217C00555000,2026-08-13 19:44:00+00:00,555.0,260.09,249.97,252.88,0.0,0.0,1.0,0.0,0.36483636878967296,True,REGULAR,USD,C,2027-12-17,486,778.5800170898438,2026-08-18T08:43:39+00:00
XSP271217C00560000,2026-08-13 19:44:00+00:00,560.0,255.78,245.69,248.58,0.0,0.0,1.0,0.0,0.36154813262939456,True,REGULAR,USD,C,2027-12-17,486,778.5800170898438,2026-08-18T08:43:39+00:00
XSP271217C00565000,2026-08-06 17:14:16+00:00,565.0,243.37,241.43,244.3,0.0,0.0,1.0,0.0,0.35831330169677733,True,REGULAR,USD,C,2027-12-17,486,778.5800170898438,2026-08-18T08:43:39+00:00
XSP271217C00570000,2026-05-01 14:43:01+00:00,570.0,201.17,211.57,221.99,0.0,0.0,1.0,4.0,0.26853148468017574,True,REGULAR,USD,C,2027-12-17,486,778.5800170898438,2026-08-18T08:43:39+00:00
XSP271217C00575000,2026-08-03 18:58:30+00:00,575.0,226.26,233.07,235.64,0.0,0.0,1.0,0.0,0.3512790702819824,True,REGULAR,USD,C,2027-12-17,486,778.5800170898438,2026-08-18T08:43:39+00:00
XSP271217C00580000,2026-07-16 17:41:13+00:00,580.0,217.72,228.85,231.4,0.0,0.0,1.0,0.0,0.348090015258789,True,REGULAR,USD,C,2027-12-17,486,778.5800170898438,2026-08-18T08:43:39+00:00
XSP271217C00585000,2026-03-19 19:44:32+00:00,585.0,139.61,164.88,184.98,0.0,0.0,1.0,3.0,1.0000000000000003e-05,True,REGULAR,USD,C,2027-12-17,486,778.5800170898438,2026-08-18T08:43:39+00:00
XSP271217C00590000,2026-07-13 16:27:45+00:00,590.0,208.47,220.46,222.98,0.0,0.0,4.0,0.0,0.3418187156677246,True,REGULAR,USD,C,2027-12-17,486,778.5800170898438,2026-08-18T08:43:39+00:00
XSP271217C00595000,2026-08-06 18:40:55+00:00,595.0,219.27,216.2,218.71,0.0,0.0,1.0,0.0,0.3383626345062255,True,REGULAR,USD,C,2027-12-17,486,778.5800170898438,2026-08-18T08:43:39+00:00
XSP271217C00600000,2026-08-14 19:32:26+00:00,600.0,220.0,212.13,214.62,0.0,0.0,6.0,0.0,0.335593191986084,True,REGULAR,USD,C,2027-12-17,486,778.5800170898438,2026-08-18T08:43:39+00:00
XSP271217C00605000,2026-08-04 13:31:31+00:00,605.0,203.4,207.99,210.47,0.0,0.0,1.0,0.0,0.33251857673645024,True,REGULAR,USD,C,2027-12-17,486,778.5800170898438,2026-08-18T08:43:39+00:00
XSP271217C00610000,2026-07-08 14:50:39+00:00,610.0,184.73,203.88,206.34,0.0,0.0,1.0,0.0,0.32947447875976554,True,REGULAR,USD,C,2027-12-17,486,778.5800170898438,2026-08-18T08:43:39+00:00
XSP271217C00615000,2026-06-30 17:34:39+00:00,615.0,185.93,199.78,202.22,0.0,0.0,1.0,0.0,0.3264151221466064,True,REGULAR,USD,C,2027-12-17,486,778.5800170898438,2026-08-18T08:43:39+00:00
XSP271217C00620000,2026-07-13 16:54:40+00:00,620.0,184.44,195.69,198.12,0.0,0.0,2.0,0.0,0.3233710241699218,True,REGULAR,USD,C,2027-12-17,486,778.5800170898438,2026-08-18T08:43:39+00:00
XSP271217C00625000,2026-08-04 19:23:38+00:00,625.0,198.03,191.63,194.04,0.0,0.0,1.0,0.0,0.32034981414794916,True,REGULAR,USD,C,2027-12-17,486,778.5800170898438,2026-08-18T08:43:39+00:00
XSP271217C00630000,2026-08-14 14:09:57+00:00,630.0,196.93,187.59,189.98,0.0,0.0,1.0,0.0,0.31734386276245113,True,REGULAR,USD,C,2027-12-17,486,778.5800170898438,2026-08-18T08:43:39+00:00
XSP271217C00635000,2026-07-23 19:56:31+00:00,635.0,161.95,183.57,185.94,0.0,0.0,1.0,0.0,0.3143531700134277,True,REGULAR,USD,C,2027-12-17,486,778.5800170898438,2026-08-18T08:43:39+00:00
XSP271217C00640000,2026-07-06 17:22:45+00:00,640.0,169.16,179.5,181.86,0.0,0.0,2.0,0.0,0.31115648567199705,True,REGULAR,USD,C,2027-12-17,486,778.5800170898438,2026-08-18T08:43:39+00:00
XSP271217C00645000,2026-08-07 19:52:29+00:00,645.0,180.98,175.59,177.93,0.0,0.0,2.0,0.0,0.30844044837951656,True,REGULAR,USD,C,2027-12-17,486,778.5800170898438,2026-08-18T08:43:39+00:00
XSP271217C00650000,2026-08-07 14:16:43+00:00,650.0,175.0,171.63,173.95,0.0,0.0,1.0,0.0,0.3054802729034424,True,REGULAR,USD,C,2027-12-17,486,778.5800170898438,2026-08-18T08:43:39+00:00
XSP271217C00655000,2026-07-10 13:53:17+00:00,655.0,159.32,167.7,170.0,0.0,0.0,2.0,0.0,0.3025582440185547,True,REGULAR,USD,C,2027-12-17,486,778.5800170898438,2026-08-18T08:43:39+00:00
XSP271217C00660000,2026-08-17 17:53:29+00:00,660.0,168.83,163.78,166.07,0.0,0.0,2.0,0.0,0.29964384445190423,True,REGULAR,USD,C,2027-12-17,486,778.5800170898438,2026-08-18T08:43:39+00:00
XSP271217C00665000,2026-08-11 19:09:25+00:00,665.0,162.2,159.82,162.82,0.0,0.0,2.0,0.0,0.29895720581054686,True,REGULAR,USD,C,2027-12-17,486,778.5800170898438,2026-08-18T08:43:39+00:00
XSP271217C00670000,2026-08-11 19:09:25+00:00,670.0,158.37,155.95,158.19,0.0,0.0,2.0,0.0,0.2935403898620605,True,REGULAR,USD,C,2027-12-17,486,778.5800170898438,2026-08-18T08:43:39+00:00
XSP271217C00675000,2026-07-20 13:50:00+00:00,675.0,139.26,152.11,155.06,0.0,0.0,2.0,0.0,0.2930673721313476,True,REGULAR,USD,C,2027-12-17,486,778.5800170898438,2026-08-18T08:43:39+00:00
XSP271217C00680000,2026-08-12 19:11:35+00:00,680.0,153.1,148.71,150.43,0.0,0.0,5.0,0.0,0.2875666336822509,True,REGULAR,USD,C,2027-12-17,486,778.5800170898438,2026-08-18T08:43:39+00:00
XSP271217C00685000,2026-04-01 15:25:34+00:00,685.0,72.21,118.88,131.63,0.0,0.0,2.0,0.0,0.2355499419403076,True,REGULAR,USD,C,2027-12-17,486,778.5800170898438,2026-08-18T08:43:39+00:00
XSP271217C00690000,2026-05-21 18:43:40+00:00,690.0,127.54,124.99,131.27,0.0,0.0,1.0,0.0,0.24449150291442875,True,REGULAR,USD,C,2027-12-17,486,778.5800170898438,2026-08-18T08:43:39+00:00
XSP271217C00695000,2026-08-17 17:37:16+00:00,695.0,141.94,137.03,139.85,0.0,0.0,1.0,0.0,0.2814479204559326,True,REGULAR,USD,C,2027-12-17,486,778.5800170898438,2026-08-18T08:43:39+00:00
XSP271217C00700000,2026-08-18 06:54:33+00:00,700.0,135.24,133.68,135.32,3.3200073,2.5166824,1.0,0.0,0.27607688041687006,True,REGULAR,USD,C,2027-12-17,486,778.5800170898438,2026-08-18T08:43:39+00:00
XSP271217C00705000,2026-06-17 16:15:21+00:00,705.0,122.04,0.0,0.0,0.0,0.0,1.0,4.0,1.0000000000000003e-05,True,REGULAR,USD,C,2027-12-17,486,778.5800170898438,2026-08-18T08:43:39+00:00
XSP271217C00710000,2026-08-17 17:34:52+00:00,710.0,130.9,126.39,127.99,0.0,0.0,1.0,0.0,0.27056088333129885,True,REGULAR,USD,C,2027-12-17,486,778.5800170898438,2026-08-18T08:43:39+00:00
XSP271217C00715000,2026-06-08 19:42:15+00:00,715.0,108.85,114.0,118.92,0.0,0.0,1.0,2.0,0.25115952705383304,True,REGULAR,USD,C,2027-12-17,486,778.5800170898438,2026-08-18T08:43:39+00:00
XSP271217C00720000,2026-08-13 18:02:23+00:00,720.0,126.44,119.15,120.74,0.0,0.0,1.0,0.0,0.26496096374511713,True,REGULAR,USD,C,2027-12-17,486,778.5800170898438,2026-08-18T08:43:39+00:00
XSP271217C00730000,2026-07-09 15:13:51+00:00,730.0,102.5,111.73,114.43,0.0,0.0,3.0,0.0,0.2618100553131104,True,REGULAR,USD,C,2027-12-17,486,778.5800170898438,2026-08-18T08:43:39+00:00
XSP271217C00740000,2026-07-24 19:44:37+00:00,740.0,87.0,104.79,107.47,0.0,0.0,1.0,0.0,0.25632457550048826,True,REGULAR,USD,C,2027-12-17,486,778.5800170898438,2026-08-18T08:43:39+00:00
XSP271217C00750000,2026-08-13 16:06:39+00:00,750.0,104.03,98.0,100.66,0.0,0.0,3.0,0.0,0.2508925009155273,True,REGULAR,USD,C,2027-12-17,486,778.5800170898438,2026-08-18T08:43:39+00:00
XSP271217C00760000,2026-08-04 16:10:07+00:00,760.0,93.13,91.37,94.01,0.0,0.0,1.0,0.0,0.24551764621734617,True,REGULAR,USD,C,2027-12-17,486,778.5800170898438,2026-08-18T08:43:39+00:00
XSP271217C00770000,2026-08-13 14:51:44+00:00,770.0,92.0,84.92,87.53,0.0,0.0,1.0,0.0,0.24021145538330074,True,REGULAR,USD,C,2027-12-17,486,778.5800170898438,2026-08-18T08:43:39+00:00
XSP271217C00780000,2026-08-04 11:03:37+00:00,780.0,73.8,78.65,81.23,0.0,0.0,1.0,0.0,0.23497011375427249,False,REGULAR,USD,C,2027-12-17,486,778.5800170898438,2026-08-18T08:43:39+00:00
XSP271217C00790000,2026-08-13 14:51:12+00:00,790.0,79.25,72.86,74.16,0.0,0.0,3.0,0.0,0.227096657333374,False,REGULAR,USD,C,2027-12-17,486,778.5800170898438,2026-08-18T08:43:39+00:00
XSP271217C00800000,2026-08-06 13:57:37+00:00,800.0,69.88,66.99,68.28,0.0,0.0,2.0,0.0,0.22208419525146478,False,REGULAR,USD,C,2027-12-17,486,778.5800170898438,2026-08-18T08:43:39+00:00
XSP271217C00810000,2026-08-13 14:04:38+00:00,810.0,67.85,61.39,62.66,0.0,0.0,2.0,0.0,0.21727009544372558,False,REGULAR,USD,C,2027-12-17,486,778.5800170898438,2026-08-18T08:43:39+00:00
XSP271217C00820000,2026-08-13 14:02:50+00:00,820.0,62.29,56.04,57.29,0.0,0.0,2.0,0.0,0.2126009526824951,False,REGULAR,USD,C,2027-12-17,486,778.5800170898438,2026-08-18T08:43:39+00:00
XSP271217C00830000,2026-06-11 15:44:53+00:00,830.0,38.04,46.33,47.73,0.0,0.0,10.0,18.0,0.195419728012085,False,REGULAR,USD,C,2027-12-17,486,778.5800170898438,2026-08-18T08:43:39+00:00
XSP271217C00840000,2026-08-06 17:05:55+00:00,840.0,47.45,46.13,47.35,0.0,0.0,4.0,0.0,0.20377383148193356,False,REGULAR,USD,C,2027-12-17,486,778.5800170898438,2026-08-18T08:43:39+00:00
XSP271217C00850000,2026-08-05 16:05:16+00:00,850.0,44.0,41.58,42.8,0.0,0.0,2.0,0.0,0.19963874099731443,False,REGULAR,USD,C,2027-12-17,486,778.5800170898438,2026-08-18T08:43:39+00:00
XSP271217C00860000,2026-08-14 14:09:57+00:00,860.0,42.66,37.38,38.59,0.0,0.0,1.0,0.0,0.19584696983337405,False,REGULAR,USD,C,2027-12-17,486,778.5800170898438,2026-08-18T08:43:39+00:00
XSP271217C00870000,2026-08-06 20:09:14+00:00,870.0,34.41,33.39,34.59,0.0,0.0,2.0,0.0,0.19200942276000982,False,REGULAR,USD,C,2027-12-17,486,778.5800170898438,2026-08-18T08:43:39+00:00
XSP271217C00880000,2026-07-09 16:37:10+00:00,880.0,26.0,29.75,30.91,0.0,0.0,20.0,0.0,0.18845416046142577,False,REGULAR,USD,C,2027-12-17,486,778.5800170898438,2026-08-18T08:43:39+00:00
XSP271217C00890000,2026-08-04 14:05:16+00:00,890.0,25.6,26.4,27.52,0.0,0.0,1.0,0.0,0.18510870441436766,False,REGULAR,USD,C,2027-12-17,486,778.5800170898438,2026-08-18T08:43:39+00:00
XSP271217C00900000,2026-08-10 15:22:55+00:00,900.0,26.11,23.35,24.43,0.0,0.0,6.0,0.0,0.18201501586914062,False,REGULAR,USD,C,2027-12-17,486,778.5800170898438,2026-08-18T08:43:39+00:00
XSP271217C00910000,2026-08-13 14:04:38+00:00,910.0,24.28,20.59,21.65,0.0,0.0,4.0,0.0,0.17925320266723632,False,REGULAR,USD,C,2027-12-17,486,778.5800170898438,2026-08-18T08:43:39+00:00
XSP271217C00915000,2026-08-11 15:58:25+00:00,915.0,21.28,19.32,20.37,0.0,0.0,1.0,0.0,0.17798673583984376,False,REGULAR,USD,C,2027-12-17,486,778.5800170898438,2026-08-18T08:43:39+00:00
XSP271217C00920000,2026-07-17 13:37:13+00:00,920.0,13.42,18.1,19.13,0.0,0.0,6.0,0.0,0.17668212242126466,False,REGULAR,USD,C,2027-12-17,486,778.5800170898438,2026-08-18T08:43:39+00:00
XSP271217C00925000,2026-05-21 15:59:52+00:00,925.0,14.25,13.58,14.93,0.0,0.0,1.0,0.0,0.16368939346313482,False,REGULAR,USD,C,2027-12-17,486,778.5800170898438,2026-08-18T08:43:39+00:00
XSP271217C00930000,2026-07-13 14:27:40+00:00,930.0,14.65,15.83,16.85,0.0,0.0,1.0,0.0,0.17427888717651369,False,REGULAR,USD,C,2027-12-17,486,778.5800170898438,2026-08-18T08:43:39+00:00
XSP271217C00935000,2026-03-31 19:50:27+00:00,935.0,2.75,10.37,12.29,0.0,0.0,1.0,0.0,0.15857775024414064,False,REGULAR,USD,C,2027-12-17,486,778.5800170898438,2026-08-18T08:43:39+00:00
XSP271217C00940000,2026-06-24 19:40:48+00:00,940.0,10.0,13.82,14.8,0.0,0.0,1.0,0.0,0.1720434969329834,False,REGULAR,USD,C,2027-12-17,486,778.5800170898438,2026-08-18T08:43:39+00:00
XSP271217C00945000,2026-08-10 16:50:20+00:00,945.0,14.64,12.91,13.86,0.0,0.0,2.0,0.0,0.17100590965270998,False,REGULAR,USD,C,2027-12-17,486,778.5800170898438,2026-08-18T08:43:39+00:00
XSP271217C00950000,2026-07-23 19:42:16+00:00,950.0,7.8,12.03,12.98,0.0,0.0,1.0,0.0,0.17003698623657232,False,REGULAR,USD,C,2027-12-17,486,778.5800170898438,2026-08-18T08:43:39+00:00
XSP271217C00955000,2026-07-23 19:42:16+00:00,955.0,7.24,11.22,12.16,0.0,0.0,1.0,0.0,0.16915961463928222,False,REGULAR,USD,C,2027-12-17,486,778.5800170898438,2026-08-18T08:43:39+00:00
XSP271217C00960000,2026-05-22 14:27:31+00:00,960.0,10.76,8.35,9.61,0.0,0.0,1.0,0.0,0.15979081184387206,False,REGULAR,USD,C,2027-12-17,486,778.5800170898438,2026-08-18T08:43:39+00:00
XSP271217C00965000,2026-07-14 17:08:41+00:00,965.0,8.93,9.72,10.6,0.0,0.0,1.0,0.0,0.16724465576171876,False,REGULAR,USD,C,2027-12-17,486,778.5800170898438,2026-08-18T08:43:39+00:00
XSP271217C00970000,2026-08-06 20:09:14+00:00,970.0,9.7,9.06,9.92,0.0,0.0,2.0,0.0,0.16649698257446294,False,REGULAR,USD,C,2027-12-17,486,778.5800170898438,2026-08-18T08:43:39+00:00
XSP271217C00980000,2026-08-14 19:53:00+00:00,980.0,9.71,7.84,8.64,0.0,0.0,1.0,0.0,0.16491008438110355,False,REGULAR,USD,C,2027-12-17,486,778.5800170898438,2026-08-18T08:43:39+00:00
XSP271217C00990000,2026-08-17 13:30:02+00:00,990.0,8.63,6.77,7.52,0.0,0.0,3.0,0.0,0.16349866050720216,False,REGULAR,USD,C,2027-12-17,486,778.5800170898438,2026-08-18T08:43:39+00:00
XSP271217C00995000,2026-08-04 19:41:22+00:00,995.0,8.0,6.28,7.01,0.0,0.0,1.0,0.0,0.16283490982055665,False,REGULAR,USD,C,2027-12-17,486,778.5800170898438,2026-08-18T08:43:39+00:00
XSP271217C01000000,2026-08-13 15:10:40+00:00,1000.0,7.45,5.84,6.54,0.0,0.0,1.0,0.0,0.16223982299804687,False,REGULAR,USD,C,2027-12-17,486,778.5800170898438,2026-08-18T08:43:39+00:00
XSP271217C01005000,2026-04-16 19:34:04+00:00,1005.0,2.04,4.5,5.68,0.0,0.0,1.0,22.0,0.15889818161010744,False,REGULAR,USD,C,2027-12-17,486,778.5800170898438,2026-08-18T08:43:39+00:00
XSP271217C01010000,2026-05-18 13:42:48+00:00,1010.0,5.3,4.1,5.13,0.0,0.0,1.0,0.0,0.1572502488708496,False,REGULAR,USD,C,2027-12-17,486,778.5800170898438,2026-08-18T08:43:39+00:00
XSP271217C01015000,2026-08-14 14:33:11+00:00,1015.0,6.34,4.66,5.31,0.0,0.0,,0.0,0.16069870071411135,False,REGULAR,USD,C,2027-12-17,486,778.5800170898438,2026-08-18T08:43:39+00:00
XSP271217C01025000,2026-04-21 01:56:20+00:00,1025.0,1.98,3.44,4.53,0.0,0.0,1.0,0.0,0.15911180252075197,False,REGULAR,USD,C,2027-12-17,486,778.5800170898438,2026-08-18T08:43:39+00:00
XSP271217C01050000,2026-06-10 15:33:17+00:00,1050.0,2.71,2.64,3.35,0.0,0.0,2.0,98.0,0.15894395751953128,False,REGULAR,USD,C,2027-12-17,486,778.5800170898438,2026-08-18T08:43:39+00:00
XSP271217C01060000,2026-06-10 15:33:17+00:00,1060.0,2.46,2.33,3.01,0.0,0.0,2.0,2.0,0.1593406820678711,False,REGULAR,USD,C,2027-12-17,486,778.5800170898438,2026-08-18T08:43:39+00:00
XSP271217C01095000,2026-06-18 14:43:05+00:00,1095.0,2.09,0.91,1.67,0.0,0.0,,1.0,0.15506826385498051,False,REGULAR,USD,C,2027-12-17,486,778.5800170898438,2026-08-18T08:43:39+00:00
XSP271217C01100000,2026-08-17 17:36:10+00:00,1100.0,1.75,1.37,1.79,0.0,0.0,1.0,0.0,0.15851671569824222,False,REGULAR,USD,C,2027-12-17,486,778.5800170898438,2026-08-18T08:43:39+00:00
XSP271217C01110000,2026-07-10 13:54:17+00:00,1110.0,1.64,1.2,1.6,0.0,0.0,1.0,0.0,0.15888292297363282,False,REGULAR,USD,C,2027-12-17,486,778.5800170898438,2026-08-18T08:43:39+00:00
XSP271217C01130000,2026-06-15 14:18:56+00:00,1130.0,1.63,0.63,1.24,0.0,0.0,1.0,0.0,0.1588218884277344,False,REGULAR,USD,C,2027-12-17,486,778.5800170898438,2026-08-18T08:43:39+00:00
XSP271217C01150000,2026-05-14 20:06:11+00:00,1150.0,1.64,1.26,1.58,0.0,0.0,,0.0,0.17108983215332033,False,REGULAR,USD,C,2027-12-17,486,778.5800170898438,2026-08-18T08:43:39+00:00
XSP271217C01170000,2026-08-05 13:51:36+00:00,1170.0,1.39,0.59,0.92,0.0,0.0,,0.0,0.16358258300781253,False,REGULAR,USD,C,2027-12-17,486,778.5800170898438,2026-08-18T08:43:39+00:00
XSP271217C01190000,2025-12-05 19:21:11+00:00,1190.0,0.4,0.22,0.61,0.0,0.0,1.0,18.0,0.1601646484375,False,REGULAR,USD,C,2027-12-17,486,778.5800170898438,2026-08-18T08:43:39+00:00
XSP271217C01200000,2026-07-28 15:24:54+00:00,1200.0,1.19,0.4,0.76,0.0,0.0,1.0,0.0,0.16754982849121097,False,REGULAR,USD,C,2027-12-17,486,778.5800170898438,2026-08-18T08:43:39+00:00
XSP271217C01210000,2026-05-18 18:17:07+00:00,1210.0,0.76,0.49,0.94,0.0,0.0,2.0,0.0,0.1751181121826172,False,REGULAR,USD,C,2027-12-17,486,778.5800170898438,2026-08-18T08:43:39+00:00
XSP271217C01220000,2026-08-03 14:15:02+00:00,1220.0,0.39,0.35,0.67,0.0,0.0,2.0,0.0,0.16999121032714848,False,REGULAR,USD,C,2027-12-17,486,778.5800170898438,2026-08-18T08:43:39+00:00
XSP271217C01230000,2026-06-30 13:52:07+00:00,1230.0,0.6,0.29,0.65,0.0,0.0,,0.0,0.17194431579589847,False,REGULAR,USD,C,2027-12-17,486,778.5800170898438,2026-08-18T08:43:39+00:00
XSP271217C01250000,2026-06-05 13:36:38+00:00,1250.0,0.64,0.32,0.78,0.0,0.0,1.0,0.0,0.18116053222656248,False,REGULAR,USD,C,2027-12-17,486,778.5800170898438,2026-08-18T08:43:39+00:00
XSP271217C01270000,2026-06-29 17:26:52+00:00,1270.0,0.45,0.2,0.52,0.0,0.0,1.0,0.0,0.17701018310546873,False,REGULAR,USD,C,2027-12-17,486,778.5800170898438,2026-08-18T08:43:39+00:00
XSP271217C01280000,2026-07-16 11:36:21+00:00,1280.0,0.3,0.18,0.5,0.0,0.0,1.0,0.0,0.17859708129882812,False,REGULAR,USD,C,2027-12-17,486,778.5800170898438,2026-08-18T08:43:39+00:00
XSP271217C01300000,2026-07-29 15:22:51+00:00,1300.0,0.25,0.14,0.46,0.0,0.0,3.0,0.0,0.18146570495605469,False,REGULAR,USD,C,2027-12-17,486,778.5800170898438,2026-08-18T08:43:39+00:00
XSP271217C01330000,2026-08-07 17:41:44+00:00,1330.0,0.31,0.1,0.41,0.0,0.0,5.0,0.0,0.18579915771484373,False,REGULAR,USD,C,2027-12-17,486,778.5800170898438,2026-08-18T08:43:39+00:00
XSP271217C01340000,2026-07-01 15:34:27+00:00,1340.0,0.35,0.07,0.42,0.0,0.0,1.0,0.0,0.188484677734375,False,REGULAR,USD,C,2027-12-17,486,778.5800170898438,2026-08-18T08:43:39+00:00
XSP271217C01390000,2026-06-17 18:44:16+00:00,1390.0,0.39,0.01,0.48,0.0,0.0,,5.0,0.20227848510742186,False,REGULAR,USD,C,2027-12-17,486,778.5800170898438,2026-08-18T08:43:39+00:00
XSP271217C01480000,2026-08-05 14:09:33+00:00,1480.0,0.36,0.01,0.28,0.0,0.0,,0.0,0.2082598706054687,False,REGULAR,USD,C,2027-12-17,486,778.5800170898438,2026-08-18T08:43:39+00:00
XSP271217P00050000,2026-05-11 13:58:55+00:00,50.0,0.07,0.0,0.15,0.0,0.0,,1.0,0.8027363476562499,False,REGULAR,USD,P,2027-12-17,486,778.5800170898438,2026-08-18T08:43:39+00:00
XSP271217P00080000,2025-12-08 18:00:16+00:00,80.0,0.22,0.0,0.32,0.0,0.0,1.0,0.0,0.709963837890625,False,REGULAR,USD,P,2027-12-17,486,778.5800170898438,2026-08-18T08:43:39+00:00
XSP271217P00085000,2026-02-09 16:32:01+00:00,85.0,0.2,0.0,0.53,0.0,0.0,,0.0,0.7270535107421875,False,REGULAR,USD,P,2027-12-17,486,778.5800170898438,2026-08-18T08:43:39+00:00
XSP271217P00110000,2025-12-16 18:37:58+00:00,110.0,0.43,0.16,0.47,0.0,0.0,,2.0,0.6528355029296876,False,REGULAR,USD,P,2027-12-17,486,778.5800170898438,2026-08-18T08:43:39+00:00
XSP271217P00115000,2026-06-17 17:15:14+00:00,115.0,0.28,0.03,0.49,0.0,0.0,2.0,2.0,0.6250037500000001,False,REGULAR,USD,P,2027-12-17,486,778.5800170898438,2026-08-18T08:43:39+00:00
XSP271217P00135000,2026-04-29 15:02:54+00:00,135.0,0.4,0.21,0.6,0.0,0.0,3.0,1.0,0.6008340698242189,False,REGULAR,USD,P,2027-12-17,486,778.5800170898438,2026-08-18T08:43:39+00:00
XSP271217P00140000,2026-04-28 15:02:46+00:00,140.0,0.56,0.25,0.64,0.0,0.0,1.0,1.0,0.594730615234375,False,REGULAR,USD,P,2027-12-17,486,778.5800170898438,2026-08-18T08:43:39+00:00
XSP271217P00145000,2026-04-29 15:03:08+00:00,145.0,0.5,0.3,0.68,0.0,0.0,3.0,1.0,0.5893595751953126,False,REGULAR,USD,P,2027-12-17,486,778.5800170898438,2026-08-18T08:43:39+00:00
XSP271217P00155000,2026-04-17 14:02:53+00:00,155.0,0.85,0.38,0.77,0.0,0.0,2.0,5.0,0.5769085278320312,False,REGULAR,USD,P,2027-12-17,486,778.5800170898438,2026-08-18T08:43:39+00:00
XSP271217P00180000,2026-07-07 15:49:02+00:00,180.0,0.7,0.51,0.75,0.0,0.0,1.0,0.0,0.5302781347656251,False,REGULAR,USD,P,2027-12-17,486,778.5800170898438,2026-08-18T08:43:39+00:00
XSP271217P00190000,2026-04-09 14:23:27+00:00,190.0,1.32,0.86,1.19,0.0,0.0,3.0,19.0,0.5444381494140625,False,REGULAR,USD,P,2027-12-17,486,778.5800170898438,2026-08-18T08:43:39+00:00
XSP271217P00195000,2026-06-24 17:28:39+00:00,195.0,1.01,0.64,0.88,0.0,0.0,1.0,0.0,0.5139208764648437,False,REGULAR,USD,P,2027-12-17,486,778.5800170898438,2026-08-18T08:43:39+00:00
XSP271217P00300000,2026-08-06 14:06:53+00:00,300.0,2.0,1.91,2.2,0.0,0.0,1.0,0.0,0.420476986694336,False,REGULAR,USD,P,2027-12-17,486,778.5800170898438,2026-08-18T08:43:39+00:00
XSP271217P00310000,2026-07-27 15:27:52+00:00,310.0,2.63,2.06,2.37,0.0,0.0,10.0,0.0,0.41211525390625,False,REGULAR,USD,P,2027-12-17,486,778.5800170898438,2026-08-18T08:43:39+00:00
XSP271217P00320000,2026-01-22 15:36:25+00:00,320.0,3.98,4.21,5.37,0.0,0.0,1.0,2.0,0.46402513519287114,False,REGULAR,USD,P,2027-12-17,486,778.5800170898438,2026-08-18T08:43:39+00:00
XSP271217P00330000,2025-10-22 19:05:32+00:00,330.0,5.48,5.18,5.79,0.0,0.0,1.0,12.0,0.456609437866211,False,REGULAR,USD,P,2027-12-17,486,778.5800170898438,2026-08-18T08:43:39+00:00
XSP271217P00340000,2026-08-12 14:22:14+00:00,340.0,2.66,2.62,2.93,0.0,0.0,2.0,0.0,0.3880066082763671,False,REGULAR,USD,P,2027-12-17,486,778.5800170898438,2026-08-18T08:43:39+00:00
XSP271217P00350000,2026-08-10 14:33:37+00:00,350.0,2.85,2.81,3.16,0.0,0.0,4.0,0.0,0.38080453186035157,False,REGULAR,USD,P,2027-12-17,486,778.5800170898438,2026-08-18T08:43:39+00:00
XSP271217P00355000,2026-07-17 18:09:36+00:00,355.0,3.8,2.93,3.26,0.0,0.0,1.0,0.0,0.37683728637695313,False,REGULAR,USD,P,2027-12-17,486,778.5800170898438,2026-08-18T08:43:39+00:00
XSP271217P00360000,2026-05-01 18:29:01+00:00,360.0,4.75,3.86,4.46,0.0,0.0,2.0,21.0,0.393560751953125,False,REGULAR,USD,P,2027-12-17,486,778.5800170898438,2026-08-18T08:43:39+00:00
XSP271217P00365000,2025-08-20 16:13:08+00:00,365.0,7.29,5.66,7.41,0.0,0.0,2.0,2.0,0.4312801013183594,False,REGULAR,USD,P,2027-12-17,486,778.5800170898438,2026-08-18T08:43:39+00:00
XSP271217P00370000,2026-02-23 17:00:58+00:00,370.0,6.6,5.96,7.46,0.0,0.0,5.0,0.0,0.4251461294555664,False,REGULAR,USD,P,2027-12-17,486,778.5800170898438,2026-08-18T08:43:39+00:00
XSP271217P00375000,2026-08-06 19:14:04+00:00,375.0,3.43,3.38,3.75,0.0,0.0,8.0,0.0,0.3625246853637696,False,REGULAR,USD,P,2027-12-17,486,778.5800170898438,2026-08-18T08:43:39+00:00
XSP271217P00380000,2026-07-06 18:26:43+00:00,380.0,4.21,3.5,3.88,0.0,0.0,9.0,0.0,0.3590151989746094,False,REGULAR,USD,P,2027-12-17,486,778.5800170898438,2026-08-18T08:43:39+00:00
XSP271217P00385000,2026-03-30 15:00:01+00:00,385.0,9.15,4.97,5.95,0.0,0.0,5.0,0.0,0.38544315734863277,False,REGULAR,USD,P,2027-12-17,486,778.5800170898438,2026-08-18T08:43:39+00:00
XSP271217P00390000,2026-04-17 18:23:36+00:00,390.0,6.03,4.75,5.47,0.0,0.0,6.0,82.0,0.3725038336181641,False,REGULAR,USD,P,2027-12-17,486,778.5800170898438,2026-08-18T08:43:39+00:00
XSP271217P00395000,2026-08-13 14:32:44+00:00,395.0,3.82,3.86,4.31,0.0,0.0,6.0,0.0,0.34894449890136714,False,REGULAR,USD,P,2027-12-17,486,778.5800170898438,2026-08-18T08:43:39+00:00
XSP271217P00400000,2026-08-05 19:01:46+00:00,400.0,4.09,4.01,4.43,0.0,0.0,1.0,0.0,0.34516035705566406,False,REGULAR,USD,P,2027-12-17,486,778.5800170898438,2026-08-18T08:43:39+00:00
XSP271217P00405000,2026-01-21 14:30:02+00:00,405.0,8.3,8.22,9.7,0.0,0.0,5.0,8.0,0.4048521429443359,False,REGULAR,USD,P,2027-12-17,486,778.5800170898438,2026-08-18T08:43:39+00:00
XSP271217P00410000,2026-07-31 18:47:32+00:00,410.0,5.0,4.3,4.74,0.0,0.0,2.0,0.0,0.3385686260986328,False,REGULAR,USD,P,2027-12-17,486,778.5800170898438,2026-08-18T08:43:39+00:00
XSP271217P00415000,2026-07-23 16:00:11+00:00,415.0,5.8,4.44,4.91,0.0,0.0,1.0,0.0,0.3354558642578125,False,REGULAR,USD,P,2027-12-17,486,778.5800170898438,2026-08-18T08:43:39+00:00
XSP271217P00420000,2026-06-22 15:41:06+00:00,420.0,5.98,5.31,6.31,0.0,0.0,1.0,37.0,0.3483036361694336,False,REGULAR,USD,P,2027-12-17,486,778.5800170898438,2026-08-18T08:43:39+00:00
XSP271217P00425000,2025-07-28 19:55:26+00:00,425.0,10.83,9.13,11.31,0.0,0.0,,3.0,0.39490351196289064,False,REGULAR,USD,P,2027-12-17,486,778.5800170898438,2026-08-18T08:43:39+00:00
XSP271217P00430000,2026-02-23 17:00:58+00:00,430.0,10.31,9.77,11.55,0.0,0.0,2.0,0.0,0.39073790420532223,False,REGULAR,USD,P,2027-12-17,486,778.5800170898438,2026-08-18T08:43:39+00:00
XSP271217P00440000,2026-07-15 17:22:22+00:00,440.0,6.4,5.27,5.8,0.0,0.0,2.0,0.0,0.31964791687011707,False,REGULAR,USD,P,2027-12-17,486,778.5800170898438,2026-08-18T08:43:39+00:00
XSP271217P00445000,2026-05-18 15:00:03+00:00,445.0,7.78,6.25,7.07,0.0,0.0,1.0,0.0,0.3288030987548828,False,REGULAR,USD,P,2027-12-17,486,778.5800170898438,2026-08-18T08:43:39+00:00
XSP271217P00450000,2026-08-17 18:51:59+00:00,450.0,5.8,5.64,6.2,0.0,0.0,17.0,0.0,0.31357497955322267,False,REGULAR,USD,P,2027-12-17,486,778.5800170898438,2026-08-18T08:43:39+00:00
XSP271217P00455000,2026-04-02 15:54:57+00:00,455.0,13.18,8.15,9.47,0.0,0.0,1.0,0.0,0.34149828430175777,False,REGULAR,USD,P,2027-12-17,486,778.5800170898438,2026-08-18T08:43:39+00:00
XSP271217P00460000,2026-08-14 17:53:34+00:00,460.0,6.04,6.04,6.62,0.0,0.0,3.0,0.0,0.30753255950927727,False,REGULAR,USD,P,2027-12-17,486,778.5800170898438,2026-08-18T08:43:39+00:00
XSP271217P00465000,2026-04-17 15:23:29+00:00,465.0,10.88,8.08,9.09,0.0,0.0,1.0,6.0,0.32660585510253903,False,REGULAR,USD,P,2027-12-17,486,778.5800170898438,2026-08-18T08:43:39+00:00
XSP271217P00470000,2026-05-12 16:11:23+00:00,470.0,9.83,7.84,8.35,0.0,0.0,3.0,179.0,0.31417006637573236,False,REGULAR,USD,P,2027-12-17,486,778.5800170898438,2026-08-18T08:43:39+00:00
XSP271217P00475000,2026-08-03 04:19:57+00:00,475.0,7.4,6.69,7.32,0.0,0.0,3.0,0.0,0.29883513671874995,False,REGULAR,USD,P,2027-12-17,486,778.5800170898438,2026-08-18T08:43:39+00:00
XSP271217P00480000,2026-05-18 13:30:07+00:00,480.0,10.1,8.01,8.92,0.0,0.0,4.0,0.0,0.3084938536071777,False,REGULAR,USD,P,2027-12-17,486,778.5800170898438,2026-08-18T08:43:39+00:00
XSP271217P00485000,2026-07-20 15:44:39+00:00,485.0,8.95,7.18,7.82,0.0,0.0,2.0,0.0,0.29311314804077143,False,REGULAR,USD,P,2027-12-17,486,778.5800170898438,2026-08-18T08:43:39+00:00
XSP271217P00490000,2026-04-28 16:24:49+00:00,490.0,12.51,9.69,10.77,0.0,0.0,1.0,26.0,0.31308670318603515,False,REGULAR,USD,P,2027-12-17,486,778.5800170898438,2026-08-18T08:43:39+00:00
XSP271217P00495000,2026-06-16 19:34:15+00:00,495.0,9.79,9.09,10.4,0.0,0.0,6.0,18.0,0.30463341857910153,False,REGULAR,USD,P,2027-12-17,486,778.5800170898438,2026-08-18T08:43:39+00:00
XSP271217P00500000,2026-08-17 14:40:31+00:00,500.0,8.0,7.94,8.65,0.0,0.0,3.0,0.0,0.28482770843505856,False,REGULAR,USD,P,2027-12-17,486,778.5800170898438,2026-08-18T08:43:39+00:00
XSP271217P00505000,2026-08-10 19:08:48+00:00,505.0,8.17,8.23,8.94,0.0,0.0,2.0,0.0,0.28206589523315423,False,REGULAR,USD,P,2027-12-17,486,778.5800170898438,2026-08-18T08:43:39+00:00
XSP271217P00510000,2026-07-23 19:42:16+00:00,510.0,11.07,8.52,9.24,0.0,0.0,1.0,0.0,0.2793345993041991,False,REGULAR,USD,P,2027-12-17,486,778.5800170898438,2026-08-18T08:43:39+00:00
XSP271217P00515000,2026-08-13 14:32:44+00:00,515.0,8.67,8.83,9.56,0.0,0.0,6.0,0.0,0.2766948551940917,False,REGULAR,USD,P,2027-12-17,486,778.5800170898438,2026-08-18T08:43:39+00:00
XSP271217P00520000,2026-08-07 19:26:56+00:00,520.0,9.13,9.14,9.88,0.0,0.0,3.0,0.0,0.27399407653808594,False,REGULAR,USD,P,2027-12-17,486,778.5800170898438,2026-08-18T08:43:39+00:00
XSP271217P00525000,2026-07-22 15:07:51+00:00,525.0,11.45,9.47,10.22,0.0,0.0,6.0,0.0,0.27138484970092774,False,REGULAR,USD,P,2027-12-17,486,778.5800170898438,2026-08-18T08:43:39+00:00
XSP271217P00530000,2026-06-11 14:29:48+00:00,530.0,14.74,11.09,11.97,0.0,0.0,1.0,226.0,0.27864796066284175,False,REGULAR,USD,P,2027-12-17,486,778.5800170898438,2026-08-18T08:43:39+00:00
XSP271217P00535000,2026-01-06 16:11:37+00:00,535.0,20.24,19.02,21.06,0.0,0.0,2.0,11.0,0.3283758569335937,False,REGULAR,USD,P,2027-12-17,486,778.5800170898438,2026-08-18T08:43:39+00:00
XSP271217P00540000,2026-08-11 14:34:24+00:00,540.0,10.49,10.55,11.27,0.0,0.0,1.0,0.0,0.2633740655517578,False,REGULAR,USD,P,2027-12-17,486,778.5800170898438,2026-08-18T08:43:39+00:00
XSP271217P00545000,2026-08-07 13:44:57+00:00,545.0,10.86,10.92,11.66,0.0,0.0,1.0,0.0,0.26084113189697267,False,REGULAR,USD,P,2027-12-17,486,778.5800170898438,2026-08-18T08:43:39+00:00
XSP271217P00550000,2026-07-20 13:49:12+00:00,550.0,13.79,11.3,12.06,0.0,0.0,2.0,0.0,0.25830819824218754,False,REGULAR,USD,P,2027-12-17,486,778.5800170898438,2026-08-18T08:43:39+00:00
XSP271217P00555000,2026-08-12 19:22:00+00:00,555.0,11.5,11.71,12.46,0.0,0.0,1.0,0.0,0.25571423004150395,False,REGULAR,USD,P,2027-12-17,486,778.5800170898438,2026-08-18T08:43:39+00:00
XSP271217P00560000,2026-07-09 13:54:16+00:00,560.0,14.4,12.12,12.88,0.0,0.0,20.0,0.0,0.25316603775024416,False,REGULAR,USD,P,2027-12-17,486,778.5800170898438,2026-08-18T08:43:39+00:00
XSP271217P00565000,2026-06-16 19:34:15+00:00,565.0,15.75,15.03,16.61,0.0,0.0,6.0,26.0,0.26963010650634767,False,REGULAR,USD,P,2027-12-17,486,778.5800170898438,2026-08-18T08:43:39+00:00
XSP271217P00570000,2026-08-11 13:41:36+00:00,570.0,12.86,13.01,13.79,0.0,0.0,1.0,0.0,0.24828327407836914,False,REGULAR,USD,P,2027-12-17,486,778.5800170898438,2026-08-18T08:43:39+00:00
XSP271217P00575000,2026-06-09 16:17:30+00:00,575.0,20.0,15.15,16.13,0.0,0.0,2.0,101.0,0.25623302368164064,False,REGULAR,USD,P,2027-12-17,486,778.5800170898438,2026-08-18T08:43:39+00:00
XSP271217P00580000,2026-08-14 17:51:42+00:00,580.0,13.73,13.93,14.74,0.0,0.0,7.0,0.0,0.24332421722412106,False,REGULAR,USD,P,2027-12-17,486,778.5800170898438,2026-08-18T08:43:39+00:00
XSP271217P00585000,2026-06-11 18:29:48+00:00,585.0,20.16,16.22,17.23,0.0,0.0,1.0,22.0,0.25142655319213864,False,REGULAR,USD,P,2027-12-17,486,778.5800170898438,2026-08-18T08:43:39+00:00
XSP271217P00590000,2026-08-04 17:53:13+00:00,590.0,14.91,14.9,15.73,0.0,0.0,4.0,0.0,0.23828123786926267,False,REGULAR,USD,P,2027-12-17,486,778.5800170898438,2026-08-18T08:43:39+00:00
XSP271217P00595000,2026-07-06 18:26:43+00:00,595.0,18.06,15.44,16.29,0.0,0.0,9.0,0.0,0.23598481307983393,False,REGULAR,USD,P,2027-12-17,486,778.5800170898438,2026-08-18T08:43:39+00:00
XSP271217P00600000,2026-08-14 15:03:47+00:00,600.0,15.66,15.95,16.81,0.0,0.0,1.0,0.0,0.23339847419738768,False,REGULAR,USD,P,2027-12-17,486,778.5800170898438,2026-08-18T08:43:39+00:00
XSP271217P00605000,2026-07-01 15:28:48+00:00,605.0,19.33,16.49,17.36,0.0,0.0,1.0,0.0,0.23088842849731445,False,REGULAR,USD,P,2027-12-17,486,778.5800170898438,2026-08-18T08:43:39+00:00
XSP271217P00610000,2026-08-06 19:24:01+00:00,610.0,16.84,17.07,17.95,0.0,0.0,4.0,0.0,0.22849282257080078,False,REGULAR,USD,P,2027-12-17,486,778.5800170898438,2026-08-18T08:43:39+00:00
XSP271217P00615000,2026-07-09 17:08:55+00:00,615.0,20.6,17.66,18.54,0.0,0.0,20.0,0.0,0.22601329414367674,False,REGULAR,USD,P,2027-12-17,486,778.5800170898438,2026-08-18T08:43:39+00:00
XSP271217P00620000,2026-08-05 15:26:24+00:00,620.0,18.0,18.27,19.16,0.0,0.0,5.0,0.0,0.22358717094421385,False,REGULAR,USD,P,2027-12-17,486,778.5800170898438,2026-08-18T08:43:39+00:00
XSP271217P00625000,2026-08-11 13:46:50+00:00,625.0,18.73,18.9,19.8,0.0,0.0,2.0,0.0,0.22116867706298826,False,REGULAR,USD,P,2027-12-17,486,778.5800170898438,2026-08-18T08:43:39+00:00
XSP271217P00630000,2026-08-12 18:49:56+00:00,630.0,18.98,19.54,20.45,0.0,0.0,10.0,0.0,0.21870440727233884,False,REGULAR,USD,P,2027-12-17,486,778.5800170898438,2026-08-18T08:43:39+00:00
XSP271217P00635000,2026-06-24 19:40:48+00:00,635.0,27.21,20.21,21.13,0.0,0.0,1.0,0.0,0.21628591339111325,False,REGULAR,USD,P,2027-12-17,486,778.5800170898438,2026-08-18T08:43:39+00:00
XSP271217P00640000,2026-08-14 14:36:07+00:00,640.0,20.3,20.9,21.83,0.0,0.0,1.0,0.0,0.2138597901916504,False,REGULAR,USD,P,2027-12-17,486,778.5800170898438,2026-08-18T08:43:39+00:00
XSP271217P00645000,2026-07-31 15:50:42+00:00,645.0,25.41,21.6,22.54,0.0,0.0,1.0,0.0,0.21138789108276362,False,REGULAR,USD,P,2027-12-17,486,778.5800170898438,2026-08-18T08:43:39+00:00
XSP271217P00650000,2026-08-07 15:29:46+00:00,650.0,21.72,22.33,23.28,0.0,0.0,1.0,0.0,0.2089388799285888,False,REGULAR,USD,P,2027-12-17,486,778.5800170898438,2026-08-18T08:43:39+00:00
XSP271217P00655000,2026-06-16 15:43:46+00:00,655.0,28.16,27.78,29.66,0.0,0.0,1.0,1831.0,0.22806558074951172,False,REGULAR,USD,P,2027-12-17,486,778.5800170898438,2026-08-18T08:43:39+00:00
XSP271217P00660000,2026-07-29 13:59:42+00:00,660.0,29.36,23.97,24.7,0.0,0.0,10.0,0.0,0.20354495193481442,False,REGULAR,USD,P,2027-12-17,486,778.5800170898438,2026-08-18T08:43:39+00:00
XSP271217P00665000,2026-06-11 19:36:45+00:00,665.0,32.64,27.58,28.74,0.0,0.0,2.0,21.0,0.21315026359558106,False,REGULAR,USD,P,2027-12-17,486,778.5800170898438,2026-08-18T08:43:39+00:00
XSP271217P00670000,2026-08-07 13:39:08+00:00,670.0,25.3,25.5,26.47,0.0,0.0,1.0,0.0,0.1990970594024658,False,REGULAR,USD,P,2027-12-17,486,778.5800170898438,2026-08-18T08:43:39+00:00
XSP271217P00675000,2026-08-03 13:45:57+00:00,675.0,28.7,26.35,27.32,0.0,0.0,2.0,0.0,0.19658701370239257,False,REGULAR,USD,P,2027-12-17,486,778.5800170898438,2026-08-18T08:43:39+00:00
XSP271217P00680000,2026-08-13 14:42:21+00:00,680.0,26.0,27.22,28.2,0.0,0.0,1.0,0.0,0.19408459732055666,False,REGULAR,USD,P,2027-12-17,486,778.5800170898438,2026-08-18T08:43:39+00:00
XSP271217P00685000,2026-07-07 16:26:12+00:00,685.0,32.76,28.13,29.12,0.0,0.0,7.0,0.0,0.19162032752990724,False,REGULAR,USD,P,2027-12-17,486,778.5800170898438,2026-08-18T08:43:39+00:00
XSP271217P00690000,2026-08-13 13:38:35+00:00,690.0,27.81,29.06,30.05,0.0,0.0,1.0,0.0,0.1890797645568848,False,REGULAR,USD,P,2027-12-17,486,778.5800170898438,2026-08-18T08:43:39+00:00
XSP271217P00695000,2026-08-03 18:28:34+00:00,695.0,31.82,30.01,31.03,0.0,0.0,7.0,0.0,0.18660023612976076,False,REGULAR,USD,P,2027-12-17,486,778.5800170898438,2026-08-18T08:43:39+00:00
XSP271217P00700000,2026-08-14 15:02:59+00:00,700.0,30.15,31.0,32.01,0.0,0.0,1.0,0.0,0.18400626792907712,False,REGULAR,USD,P,2027-12-17,486,778.5800170898438,2026-08-18T08:43:39+00:00
XSP271217P00705000,2026-08-07 18:13:47+00:00,705.0,31.28,32.01,33.04,0.0,0.0,7.0,0.0,0.18146570495605469,False,REGULAR,USD,P,2027-12-17,486,778.5800170898438,2026-08-18T08:43:39+00:00
XSP271217P00710000,2026-08-14 15:34:14+00:00,710.0,32.26,33.06,34.08,0.0,0.0,1.0,0.0,0.17883359016418457,False,REGULAR,USD,P,2027-12-17,486,778.5800170898438,2026-08-18T08:43:39+00:00
XSP271217P00715000,2026-07-27 13:36:22+00:00,715.0,39.75,34.14,35.17,0.0,0.0,1.0,0.0,0.1762472512817383,False,REGULAR,USD,P,2027-12-17,486,778.5800170898438,2026-08-18T08:43:39+00:00
XSP271217P00720000,2026-08-14 08:03:42+00:00,720.0,33.97,35.35,36.16,0.0,0.0,100.0,0.0,0.17322604125976562,False,REGULAR,USD,P,2027-12-17,486,778.5800170898438,2026-08-18T08:43:39+00:00
XSP271217P00730000,2026-07-29 18:01:06+00:00,730.0,59.93,37.55,38.6,0.0,0.0,1.0,0.0,0.1682288378143311,False,REGULAR,USD,P,2027-12-17,486,778.5800170898438,2026-08-18T08:43:39+00:00
XSP271217P00740000,2026-08-14 14:37:08+00:00,740.0,38.8,40.01,41.08,0.0,0.0,1.0,0.0,0.16279676322937012,False,REGULAR,USD,P,2027-12-17,486,778.5800170898438,2026-08-18T08:43:39+00:00
XSP271217P00750000,2026-08-14 20:00:27+00:00,750.0,41.21,42.6,43.7,0.0,0.0,3.0,0.0,0.1571968436431885,False,REGULAR,USD,P,2027-12-17,486,778.5800170898438,2026-08-18T08:43:39+00:00
XSP271217P00760000,2026-08-13 14:00:58+00:00,760.0,43.29,45.35,46.47,0.0,0.0,1.0,0.0,0.15140619110107423,False,REGULAR,USD,P,2027-12-17,486,778.5800170898438,2026-08-18T08:43:39+00:00
XSP271217P00770000,2026-08-13 14:25:19+00:00,770.0,46.51,48.28,49.42,0.0,0.0,1.0,0.0,0.14544006423950195,False,REGULAR,USD,P,2027-12-17,486,778.5800170898438,2026-08-18T08:43:39+00:00
XSP271217P00780000,2026-08-14 15:34:14+00:00,780.0,49.98,51.41,52.56,0.0,0.0,2.0,0.0,0.13925650180816657,True,REGULAR,USD,P,2027-12-17,486,778.5800170898438,2026-08-18T08:43:39+00:00
XSP271217P00790000,2026-06-11 15:44:53+00:00,790.0,74.5,59.83,61.23,0.0,0.0,10.0,171.0,0.14773267436981202,True,REGULAR,USD,P,2027-12-17,486,778.5800170898438,2026-08-18T08:43:39+00:00
XSP271217P00800000,2026-08-12 16:13:52+00:00,800.0,56.9,58.29,59.48,0.0,0.0,8.0,0.0,0.12601963466644284,True,REGULAR,USD,P,2027-12-17,486,778.5800170898438,2026-08-18T08:43:39+00:00
XSP271217P00810000,2026-08-17 14:19:02+00:00,810.0,60.17,62.08,63.28,0.0,0.0,1.0,0.0,0.11874889438629149,True,REGULAR,USD,P,2027-12-17,486,778.5800170898438,2026-08-18T08:43:39+00:00
XSP271217P00820000,2026-08-14 13:33:44+00:00,820.0,63.3,66.13,67.34,0.0,0.0,1.0,0.0,0.11086017932891844,True,REGULAR,USD,P,2027-12-17,486,778.5800170898438,2026-08-18T08:43:39+00:00
XSP271217P00830000,2026-06-02 17:09:18+00:00,830.0,78.2,79.91,81.6,0.0,0.0,10.0,0.0,0.13277158130645755,True,REGULAR,USD,P,2027-12-17,486,778.5800170898438,2026-08-18T08:43:39+00:00
XSP271217P00840000,2026-08-12 14:17:44+00:00,840.0,73.04,75.0,76.24,0.0,0.0,1.0,0.0,0.09153130157470701,True,REGULAR,USD,P,2027-12-17,486,778.5800170898438,2026-08-18T08:43:39+00:00
XSP271217P00850000,2026-07-24 15:32:46+00:00,850.0,92.78,79.85,81.11,0.0,0.0,8.0,0.0,0.07798163238525391,True,REGULAR,USD,P,2027-12-17,486,778.5800170898438,2026-08-18T08:43:39+00:00
XSP271217P00860000,2026-06-15 19:50:52+00:00,860.0,95.23,82.59,83.8,0.0,0.0,2.0,2.0,1.0000000000000003e-05,True,REGULAR,USD,P,2027-12-17,486,778.5800170898438,2026-08-18T08:43:39+00:00
XSP271217P00880000,2026-08-04 18:23:47+00:00,880.0,93.99,95.9,97.87,0.0,0.0,,0.0,1.0000000000000003e-05,True,REGULAR,USD,P,2027-12-17,486,778.5800170898438,2026-08-18T08:43:39+00:00
XSP271217P00890000,2026-08-03 16:12:34+00:00,890.0,107.84,101.92,103.93,0.0,0.0,760.0,0.0,1.0000000000000003e-05,True,REGULAR,USD,P,2027-12-17,486,778.5800170898438,2026-08-18T08:43:39+00:00
XSP271217P00900000,2026-08-12 16:13:52+00:00,900.0,105.92,108.21,110.25,0.0,0.0,8.0,0.0,1.0000000000000003e-05,True,REGULAR,USD,P,2027-12-17,486,778.5800170898438,2026-08-18T08:43:39+00:00
XSP271217P00910000,2026-04-20 13:16:17+00:00,910.0,160.9,132.7,139.65,0.0,0.0,,2.0,0.10450877189636229,True,REGULAR,USD,P,2027-12-17,486,778.5800170898438,2026-08-18T08:43:39+00:00
XSP271217P00915000,2025-12-23 19:00:31+00:00,915.0,182.17,170.0,186.0,0.0,0.0,1.0,3.0,0.2600782000732422,True,REGULAR,USD,P,2027-12-17,486,778.5800170898438,2026-08-18T08:43:39+00:00
XSP271217P00920000,2026-04-20 13:16:17+00:00,920.0,168.98,139.26,146.26,0.0,0.0,4.0,1.0,0.07911077148437501,True,REGULAR,USD,P,2027-12-17,486,778.5800170898438,2026-08-18T08:43:39+00:00
XSP271217P00925000,2025-07-11 18:56:38+00:00,925.0,229.89,192.74,209.37,0.0,0.0,1.0,1.0,0.307425749053955,True,REGULAR,USD,P,2027-12-17,486,778.5800170898438,2026-08-18T08:43:39+00:00
XSP271217P00930000,2026-05-18 14:33:46+00:00,930.0,152.73,140.21,146.81,0.0,0.0,1.0,0.0,1.0000000000000003e-05,True,REGULAR,USD,P,2027-12-17,486,778.5800170898438,2026-08-18T08:43:39+00:00
XSP271217P00935000,2025-07-11 18:58:55+00:00,935.0,238.41,201.29,217.99,0.0,0.0,1.0,1.0,0.3105919161224364,True,REGULAR,USD,P,2027-12-17,486,778.5800170898438,2026-08-18T08:43:39+00:00
XSP271217P00940000,2026-04-20 13:16:27+00:00,940.0,185.68,155.07,162.47,0.0,0.0,,2.0,1.0000000000000003e-05,True,REGULAR,USD,P,2027-12-17,486,778.5800170898438,2026-08-18T08:43:39+00:00
XSP271217P00950000,2026-05-05 15:06:16+00:00,950.0,179.96,162.91,170.46,0.0,0.0,7.0,2.0,1.0000000000000003e-05,True,REGULAR,USD,P,2027-12-17,486,778.5800170898438,2026-08-18T08:43:39+00:00
XSP271217P00960000,2026-05-05 15:06:16+00:00,960.0,188.4,170.19,178.67,0.0,0.0,7.0,2.0,1.0000000000000003e-05,True,REGULAR,USD,P,2027-12-17,486,778.5800170898438,2026-08-18T08:43:39+00:00
XSP271217P00965000,2026-08-10 16:38:35+00:00,965.0,152.0,155.5,157.84,0.0,0.0,,0.0,1.0000000000000003e-05,True,REGULAR,USD,P,2027-12-17,486,778.5800170898438,2026-08-18T08:43:39+00:00
XSP271217P00970000,2026-08-04 14:43:47+00:00,970.0,161.73,159.5,161.88,0.0,0.0,15.0,0.0,1.0000000000000003e-05,True,REGULAR,USD,P,2027-12-17,486,778.5800170898438,2026-08-18T08:43:39+00:00
XSP271217P00980000,2026-08-14 19:21:29+00:00,980.0,162.96,167.26,169.85,0.0,0.0,1.0,0.0,1.0000000000000003e-05,True,REGULAR,USD,P,2027-12-17,486,778.5800170898438,2026-08-18T08:43:39+00:00
XSP271217P00985000,2026-08-14 19:21:29+00:00,985.0,167.02,171.81,174.01,0.0,0.0,1.0,0.0,1.0000000000000003e-05,True,REGULAR,USD,P,2027-12-17,486,778.5800170898438,2026-08-18T08:43:39+00:00
XSP271217P00990000,2026-04-20 13:17:22+00:00,990.0,229.45,195.06,203.94,0.0,0.0,,2.0,1.0000000000000003e-05,True,REGULAR,USD,P,2027-12-17,486,778.5800170898438,2026-08-18T08:43:39+00:00
XSP271217P00995000,2025-10-28 15:45:51+00:00,995.0,246.3,203.69,302.95,0.0,0.0,10.0,5.0,0.4249019912719727,True,REGULAR,USD,P,2027-12-17,486,778.5800170898438,2026-08-18T08:43:39+00:00
XSP271217P01000000,2026-07-20 18:45:28+00:00,1000.0,206.3,184.38,186.68,0.0,0.0,1.0,0.0,1.0000000000000003e-05,True,REGULAR,USD,P,2027-12-17,486,778.5800170898438,2026-08-18T08:43:39+00:00
XSP271217P01035000,2026-05-06 16:22:02+00:00,1035.0,247.72,232.22,245.52,0.0,0.0,10.0,0.0,1.0000000000000003e-05,True,REGULAR,USD,P,2027-12-17,486,778.5800170898438,2026-08-18T08:43:39+00:00
XSP271217P01040000,2026-05-06 16:22:02+00:00,1040.0,252.27,236.64,250.03,0.0,0.0,10.0,0.0,1.0000000000000003e-05,True,REGULAR,USD,P,2027-12-17,486,778.5800170898438,2026-08-18T08:43:39+00:00
XSP271217P01070000,2026-08-13 14:11:39+00:00,1070.0,238.54,245.98,249.08,0.0,0.0,3.0,0.0,1.0000000000000003e-05,True,REGULAR,USD,P,2027-12-17,486,778.5800170898438,2026-08-18T08:43:39+00:00
XSP271217P01160000,2026-03-31 19:48:21+00:00,1160.0,440.11,0.0,0.0,0.0,0.0,2.0,0.0,1.0000000000000003e-05,True,REGULAR,USD,P,2027-12-17,486,778.5800170898438,2026-08-18T08:43:39+00:00
XSP271217P01320000,2026-01-14 20:55:01+00:00,1320.0,547.91,563.46,571.25,0.0,0.0,,1.0,0.38972320487976075,True,REGULAR,USD,P,2027-12-17,486,778.5800170898438,2026-08-18T08:43:39+00:00
XSP271217P01330000,2026-01-14 20:55:01+00:00,1330.0,557.11,572.8,580.6,0.0,0.0,,1.0,0.3903182917022705,True,REGULAR,USD,P,2027-12-17,486,778.5800170898438,2026-08-18T08:43:39+00:00
XSP271217P01340000,2026-03-31 19:48:21+00:00,1340.0,607.84,0.0,0.0,0.0,0.0,2.0,0.0,1.0000000000000003e-05,True,REGULAR,USD,P,2027-12-17,486,778.5800170898438,2026-08-18T08:43:39+00:00
XSP271217P01380000,2026-08-06 20:10:32+00:00,1380.0,533.33,535.21,538.7,0.0,0.0,,0.0,1.0000000000000003e-05,True,REGULAR,USD,P,2027-12-17,486,778.5800170898438,2026-08-18T08:43:39+00:00
XSP271217P01470000,2026-05-29 14:20:43+00:00,1470.0,626.06,0.0,0.0,0.0,0.0,1.0,0.0,1.0000000000000003e-05,True,REGULAR,USD,P,2027-12-17,486,778.5800170898438,2026-08-18T08:43:39+00:00
XSP271217P01480000,2026-08-06 20:10:32+00:00,1480.0,627.06,629.19,632.71,0.0,0.0,4.0,0.0,1.0000000000000003e-05,True,REGULAR,USD,P,2027-12-17,486,778.5800170898438,2026-08-18T08:43:39+00:00
