expiry,T,days_to_expiry,cp,strike,price,spread,price_source,quote_age_days,volume,openInterest,spot,quoted_spot,forward,discount,r,q,fwd_method,n_parity_pairs,log_moneyness,std_moneyness,iv,contractSymbol,snapshot_utc,model_price,price_error,model_iv,iv_error
2026-08-24,0.01643835616438356,6,C,742.0,29.21,0.379999999999999,mid,8.430809720266204,3.0,0.0,770.3342101802784,778.5800170898438,770.985772722086,0.9994034163914924,0.03630299948180265,-0.015129180849365924,parity (robust forward),44,-0.03832067720634637,-2.88921136495516,0.16756665316893612,XSP260824C00742000,2026-08-18T08:43:39+00:00,29.04470903939489,-0.1652909606051125,0.13912126125239543,-0.02844539191654069
2026-08-24,0.01643835616438356,6,C,743.0,28.23,0.38000000000000256,mid,2.430416201747685,5.0,0.0,770.3342101802784,778.5800170898438,770.985772722086,0.9994034163914924,0.03630299948180265,-0.015129180849365924,parity (robust forward),44,-0.036973875655967575,-2.787668421840125,0.16508130704585214,XSP260824C00743000,2026-08-18T08:43:39+00:00,28.061879411399673,-0.16812058860032764,0.13884819353734396,-0.026233113508508182
2026-08-24,0.01643835616438356,6,C,744.0,27.25,0.38000000000000256,mid,1.8807749980439814,31.0,0.0,770.3342101802784,778.5800170898438,770.985772722086,0.9994034163914924,0.03630299948180265,-0.015129180849365924,parity (robust forward),44,-0.03562888554063491,-2.6862620530004864,0.1623835899305359,XSP260824C00744000,2026-08-18T08:43:39+00:00,27.082267279968846,-0.1677327200311538,0.13858198213538792,-0.023801607795147978
2026-08-24,0.01643835616438356,6,C,745.0,26.275,0.370000000000001,mid,1.8807749980439814,31.0,0.0,770.3342101802784,778.5800170898438,770.985772722086,0.9994034163914924,0.03630299948180265,-0.015129180849365924,parity (robust forward),44,-0.03428570199416729,-2.5849918915474857,0.16001360426912908,XSP260824C00745000,2026-08-18T08:43:39+00:00,26.10640465064853,-0.16859534935147025,0.13832288840464121,-0.02169071586448787
2026-08-24,0.01643835616438356,6,C,746.0,25.305,0.36999999999999744,mid,15.893911572118057,1.0,0.0,770.3342101802784,778.5800170898438,770.985772722086,0.9994034163914924,0.03630299948180265,-0.015129180849365924,parity (robust forward),44,-0.03294432016996588,-2.48385757206878,0.15788557457605032,XSP260824C00746000,2026-08-18T08:43:39+00:00,25.134890827855315,-0.17010917214468435,0.13807117799996824,-0.019814396576082083
2026-08-24,0.01643835616438356,6,C,747.0,24.33,0.360000000000003,mid,2.430416201747685,5.0,0.0,770.3342101802784,778.5800170898438,770.985772722086,0.9994034163914924,0.03630299948180265,-0.015129180849365924,parity (robust forward),44,-0.03160473524090946,-2.382858730620553,0.15501662182060166,XSP260824C00747000,2026-08-18T08:43:39+00:00,24.168396630789516,-0.16160336921048213,0.13782712024353094,-0.01718950157707072
2026-08-24,0.01643835616438356,6,C,748.0,23.36,0.35999999999999943,mid,2.373402312858796,2.0,0.0,770.3342101802784,778.5800170898438,770.985772722086,0.9994034163914924,0.03630299948180265,-0.015129180849365924,parity (robust forward),44,-0.03026694239924956,-2.2819950047196094,0.15237017469689212,XSP260824C00748000,2026-08-18T08:43:39+00:00,23.20766798721695,-0.15233201278304875,0.1375909873873942,-0.014779187309497926
2026-08-24,0.01643835616438356,6,C,750.0,21.29,0.7199999999999989,mid,6.356781942488426,8.0,0.0,770.3342101802784,778.5800170898438,770.985772722086,0.9994034163914924,0.03630299948180265,-0.015129180849365924,parity (robust forward),44,-0.027596713843370632,-2.0806714568832594,0.1356347993926484,XSP260824C00750000,2026-08-18T08:43:39+00:00,21.306882135073693,0.016882135073693405,0.13714359483959185,0.0015087954469434617
2026-08-24,0.01643835616438356,6,C,752.0,19.555,0.3500000000000014,mid,1.1375111091550927,1.0,0.0,770.3342101802784,778.5800170898438,770.985772722086,0.9994034163914924,0.03630299948180265,-0.015129180849365924,parity (robust forward),44,-0.024933596423887,-1.8798840576118319,0.14442046794936347,XSP260824C00752000,2026-08-18T08:43:39+00:00,19.440079710989494,-0.11492028901050588,0.1367312020537578,-0.007689265895605674
2026-08-24,0.01643835616438356,6,C,753.0,18.549999999999997,0.4800000000000004,mid,6.889987961006944,1.0,0.0,770.3342101802784,778.5800170898438,770.985772722086,0.9994034163914924,0.03630299948180265,-0.015129180849365924,parity (robust forward),44,-0.02360469257383317,-1.7796905227785713,0.13829478206893306,XSP260824C00753000,2026-08-18T08:43:39+00:00,18.52212467952961,-0.0278753204703861,0.13653881465722614,-0.0017559674117069157
2026-08-24,0.01643835616438356,6,C,754.0,17.615000000000002,0.4700000000000024,mid,4.668483331377315,1.0,0.0,770.3342101802784,778.5800170898438,770.985772722086,0.9994034163914924,0.03630299948180265,-0.015129180849365924,parity (robust forward),44,-0.02227755236577071,-1.6796299588335275,0.1362949126502631,XSP260824C00754000,2026-08-18T08:43:39+00:00,17.616056599558647,0.0010565995586446775,0.1363559922472535,6.107959699039323e-05
2026-08-24,0.01643835616438356,6,C,755.0,16.9,0.8000000000000007,mid,1.8658675906365738,5.0,0.0,770.3342101802784,778.5800170898438,770.985772722086,0.9994034163914924,0.03630299948180265,-0.015129180849365924,parity (robust forward),44,-0.020952171124702115,-1.579702013302346,0.14509337306979853,XSP260824C00755000,2026-08-18T08:43:39+00:00,16.72315026674471,-0.1768497332552883,0.1361829979318672,-0.008910375137931331
2026-08-24,0.01643835616438356,6,C,756.0,15.81,0.3000000000000007,mid,1.8658675906365738,5.0,0.0,770.3342101802784,778.5800170898438,770.985772722086,0.9994034163914924,0.03630299948180265,-0.015129180849365924,parity (robust forward),44,-0.01962854419419374,-1.479906335110308,0.13432972957928127,XSP260824C00756000,2026-08-18T08:43:39+00:00,15.844736442829685,0.03473644282968458,0.1360200880702711,0.001690358490989835
2026-08-24,0.01643835616438356,6,C,757.0,14.895,0.28999999999999915,mid,1.6392587943402777,2.0,0.0,770.3342101802784,778.5800170898438,770.985772722086,0.9994034163914924,0.03630299948180265,-0.015129180849365924,parity (robust forward),44,-0.018306666936277995,-1.3802425745749534,0.13192473902852242,XSP260824C00757000,2026-08-18T08:43:39+00:00,14.982190860651144,0.08719086065114467,0.1358675106441835,0.003942771615661089
2026-08-24,0.01643835616438356,6,C,758.0,13.99,0.28000000000000114,mid,1.7461453684143518,3.0,0.0,770.3342101802784,778.5800170898438,770.985772722086,0.9994034163914924,0.03630299948180265,-0.015129180849365924,parity (robust forward),44,-0.01698653473135515,-1.2807103833986782,0.12953214432277974,XSP260824C00758000,2026-08-18T08:43:39+00:00,14.136921103864552,0.14692110386455148,0.13572550356753604,0.006193359244756308
2026-08-24,0.01643835616438356,6,C,759.0,13.105,0.2699999999999996,mid,1.6376615721180554,1.0,0.0,770.3342101802784,778.5800170898438,770.985772722086,0.9994034163914924,0.03630299948180265,-0.015129180849365924,parity (robust forward),44,-0.015668142978096804,-1.1813094146614571,0.12750697093673075,XSP260824C00759000,2026-08-18T08:43:39+00:00,13.310351479470796,0.2053514794707958,0.13559429294834158,0.008087322011610831
2026-08-24,0.01643835616438356,6,C,760.0,12.23,0.2599999999999998,mid,4.668483331377315,6.0,0.0,770.3342101802784,778.5800170898438,770.985772722086,0.9994034163914924,0.03630299948180265,-0.015129180849365924,parity (robust forward),44,-0.014351487093350001,-1.0820393228136138,0.12535219677809234,XSP260824C00760000,2026-08-18T08:43:39+00:00,12.503906086209781,0.27390608620978085,0.13547409133396413,0.010121894555871785
2026-08-24,0.01643835616438356,6,C,761.0,11.375,0.25,mid,1.7440736091550924,1.0,0.0,770.3342101802784,778.5800170898438,770.985772722086,0.9994034163914924,0.03630299948180265,-0.015129180849365924,parity (robust forward),44,-0.013036562512040962,-0.9828997636685629,0.12339459296282587,XSP260824C00761000,2026-08-18T08:43:39+00:00,11.718990367996525,0.3439903679965255,0.13536509595942464,0.01197050299659877
2026-08-24,0.01643835616438356,6,C,762.0,10.525,0.23000000000000043,mid,1.6376615721180554,2.0,0.0,770.3342101802784,778.5800170898438,770.985772722086,0.9994034163914924,0.03630299948180265,-0.015129180849365924,parity (robust forward),44,-0.011723364687080446,-0.8838903943956743,0.12103699768472392,XSP260824C00762000,2026-08-18T08:43:39+00:00,10.956971524412324,0.4319715244123241,0.13526748703141991,0.01423048934669599
2026-08-24,0.01643835616438356,6,C,764.0,8.89,0.20000000000000107,mid,14.912314349895833,,0.0,770.3342101802784,778.5800170898438,770.985772722086,0.9994034163914924,0.03630299948180265,-0.015129180849365924,parity (robust forward),44,-0.009102131207206298,-0.686260860881086,0.11666160092598783,XSP260824C00764000,2026-08-18T08:43:39+00:00,9.506780136185625,0.6167801361856249,0.13510705439437767,0.01844545346838984
2026-08-24,0.01643835616438356,6,C,765.0,8.114999999999998,0.16999999999999993,mid,1.7317356461921294,1.0,0.0,770.3342101802784,778.5800170898438,770.985772722086,0.9994034163914924,0.03630299948180265,-0.015129180849365924,parity (robust forward),44,-0.0077940865471909865,-0.5876400176941272,0.11478607293707947,XSP260824C00765000,2026-08-18T08:43:39+00:00,8.820967813198536,0.7059678131985372,0.13504449161158372,0.020258418674504244
2026-08-24,0.01643835616438356,6,C,766.0,7.35,0.16000000000000014,mid,4.6509601832291665,,0.0,770.3342101802784,778.5800170898438,770.985772722086,0.9994034163914924,0.03630299948180265,-0.015129180849365924,parity (robust forward),44,-0.0064877506331354464,-0.48914800647483475,0.11248550197485523,XSP260824C00766000,2026-08-18T08:43:39+00:00,8.162733534186884,0.8127335341868847,0.13499383443000426,0.022508332455149035
2026-08-24,0.01643835616438356,6,C,767.0,6.640000000000001,0.05999999999999961,mid,1.7218745350810183,2.0,0.0,770.3342101802784,778.5800170898438,770.985772722086,0.9994034163914924,0.03630299948180265,-0.015129180849365924,parity (robust forward),44,-0.005183119006470594,-0.39078449106661073,0.11096512963936339,XSP260824C00767000,2026-08-18T08:43:39+00:00,7.532953650596596,0.8929536505965956,0.13495515552997928,0.023990025890615885
2026-08-24,0.01643835616438356,6,C,768.0,5.945,0.04999999999999982,mid,1.6653120350810184,2.0,0.0,770.3342101802784,778.5800170898438,770.985772722086,0.9994034163914924,0.03630299948180265,-0.015129180849365924,parity (robust forward),44,-0.003880187226054648,-0.2925491366268,0.10903340791729099,XSP260824C00768000,2026-08-18T08:43:39+00:00,6.932353003035757,0.9873530030357571,0.1349285026995455,0.02589509478225452
2026-08-24,0.01643835616438356,6,C,769.0,5.279999999999999,0.040000000000000036,mid,1.8479046276736109,1.0,0.0,770.3342101802784,778.5800170898438,770.985772722086,0.9994034163914924,0.03630299948180265,-0.015129180849365924,parity (robust forward),44,-0.002578950868082763,-0.19444160961987633,0.10704931695289248,XSP260824C00769000,2026-08-18T08:43:39+00:00,6.3614918988834575,1.081491898883458,0.1349138981918787,0.027864581238986233
2026-08-24,0.01643835616438356,6,C,770.0,4.645,0.04999999999999982,mid,1.6653120350810184,15.0,0.0,770.3342101802784,778.5800170898438,770.985772722086,0.9994034163914924,0.03630299948180265,-0.015129180849365924,parity (robust forward),44,-0.0012794055259972383,-0.09646157781067279,0.10495363329031344,XSP260824C00770000,2026-08-18T08:43:39+00:00,5.820756072198492,1.1757560721984923,0.13491133833508895,0.029957705044775504
2026-08-24,0.01643835616438356,6,C,771.0,4.07,0.040000000000000036,mid,1.8401384239699072,12.0,0.0,770.3342101802784,778.5800170898438,770.985772722086,0.9994034163914924,0.03630299948180265,-0.015129180849365924,parity (robust forward),44,1.8453189602795264e-05,0.0013912897424275903,0.10344861197364046,XSP260824C00771000,2026-08-18T08:43:39+00:00,5.310349949909323,1.240349949909323,0.1349207934062561,0.03147218143261564
2026-08-24,0.01643835616438356,6,C,772.0,3.53,0.040000000000000036,mid,1.1375111091550927,1.0,0.0,770.3342101802784,778.5800170898438,770.985772722086,0.9994034163914924,0.03630299948180265,-0.015129180849365924,parity (robust forward),44,0.0013146296510493313,0.09911732269412318,0.10184410154641217,XSP260824C00772000,2026-08-18T08:43:39+00:00,4.830293435825411,1.3002934358254108,0.13494220777232774,0.033098106225915566
2026-08-24,0.01643835616438356,6,C,773.0,3.02,0.040000000000000036,mid,1.6479624980439813,24.0,0.0,770.3342101802784,778.5800170898438,770.985772722086,0.9994034163914924,0.03630299948180265,-0.015129180849365924,parity (robust forward),44,0.002609128213695199,0.19671684941895773,0.09996840216133851,XSP260824C00773000,2026-08-18T08:43:39+00:00,4.38042230143958,1.3604223014395802,0.13497550029840272,0.03500709813706421
2026-08-24,0.01643835616438356,6,C,774.0,2.57,0.040000000000000036,mid,1.2230782387847223,41.0,0.0,770.3342101802784,778.5800170898438,770.985772722086,0.9994034163914924,0.03630299948180265,-0.015129180849365924,parity (robust forward),44,0.00390195321600043,0.2941901970178319,0.09856365667645217,XSP260824C00774000,2026-08-18T08:43:39+00:00,3.9603921462680773,1.3903921462680775,0.13502056501370013,0.03645690833724796
2026-08-24,0.01643835616438356,6,C,775.0,2.16,0.040000000000000036,mid,1.1562495350810185,43.0,0.0,770.3342101802784,778.5800170898438,770.985772722086,0.9994034163914924,0.03630299948180265,-0.015129180849365924,parity (robust forward),44,0.005193108979620165,0.3915376913246311,0.0971011900488213,XSP260824C00775000,2026-08-18T08:43:39+00:00,3.5696857672663214,1.4096857672663212,0.1350772720202581,0.0379760819714368
2026-08-24,0.01643835616438356,6,C,776.0,1.8,0.040000000000000036,mid,1.6427078684143517,27.0,0.0,770.3342101802784,778.5800170898438,770.985772722086,0.9994034163914924,0.03630299948180265,-0.015129180849365924,parity (robust forward),44,0.006482599809491996,0.48875965691281104,0.09586006929579093,XSP260824C00776000,2026-08-18T08:43:39+00:00,3.2076236630686026,1.4076236630686025,0.13514546862154572,0.0392853993257548
2026-08-24,0.01643835616438356,6,C,777.0,1.49,0.040000000000000036,mid,1.213182405451389,7.0,0.0,770.3342101802784,778.5800170898438,770.985772722086,0.9994034163914924,0.03630299948180265,-0.015129180849365924,parity (robust forward),44,0.007770429993920763,0.5858564171017902,0.0948969733098079,XSP260824C00777000,2026-08-18T08:43:39+00:00,2.873377300051885,1.3833773000518852,0.13522498064594377,0.04032800733613587
2026-08-24,0.01643835616438356,6,C,778.0,1.21,0.040000000000000036,mid,1.221643053599537,45.0,0.0,770.3342101802784,778.5800170898438,770.985772722086,0.9994034163914924,0.03630299948180265,-0.015129180849365924,parity (robust forward),44,0.00905660380466478,0.6828282939634518,0.09364846842595528,XSP260824C00778000,2026-08-18T08:43:39+00:00,2.565984688055039,1.355984688055039,0.13531561393739772,0.04166714551144243
2026-08-24,0.01643835616438356,6,C,779.0,0.97,0.040000000000000036,mid,1.6640273128587961,31.0,0.0,770.3342101802784,778.5800170898438,770.985772722086,0.9994034163914924,0.03630299948180265,-0.015129180849365924,parity (robust forward),44,0.010341125497021519,0.7796756083286033,0.09246764286672768,XSP260824C00779000,2026-08-18T08:43:39+00:00,2.2843677570720047,1.3143677570720047,0.1354171559755778,0.04294951310885012
2026-08-24,0.01643835616438356,6,C,780.0,0.77,0.040000000000000036,mid,1.197233331377315,8.0,0.0,770.3342101802784,778.5800170898438,770.985772722086,0.9994034163914924,0.03630299948180265,-0.015129180849365924,parity (robust forward),44,0.011623999309910753,0.8763986797932457,0.09146703621817502,XSP260824C00780000,2026-08-18T08:43:39+00:00,2.0273509939822247,1.2573509939822247,0.13552937760015957,0.044062341381984546
2026-08-24,0.01643835616438356,6,C,781.0,0.615,0.030000000000000027,mid,1.399258794340278,1.0,0.0,770.3342101802784,778.5800170898438,770.985772722086,0.9994034163914924,0.03630299948180265,-0.015129180849365924,parity (robust forward),44,0.012905229465959154,0.9729978267249513,0.09107341938010267,XSP260824C00781000,2026-08-18T08:43:39+00:00,1.7936807903804777,1.1786807903804777,0.13565203480319268,0.04457861542309001
2026-08-24,0.01643835616438356,6,C,782.0,0.485,0.030000000000000027,mid,1.6322564795254628,22.0,0.0,770.3342101802784,778.5800170898438,770.985772722086,0.9994034163914924,0.03630299948180265,-0.015129180849365924,parity (robust forward),44,0.014184820171584345,1.0694733662692009,0.09064417254812693,XSP260824C00782000,2026-08-18T08:43:39+00:00,1.5820449674421866,1.0970449674421867,0.1357848705583491,0.04514069801022216
2026-08-24,0.01643835616438356,6,C,783.0,0.38,0.020000000000000018,mid,1.2964115721180556,2.0,0.0,770.3342101802784,778.5800170898438,770.985772722086,0.9994034163914924,0.03630299948180265,-0.015129180849365924,parity (robust forward),44,0.015462775617076222,1.1658256143555155,0.09034362663869766,XSP260824C00783000,2026-08-18T08:43:39+00:00,1.3910919788934848,1.011091978893485,0.13592761665944847,0.04558399002075081
2026-08-24,0.01643835616438356,6,C,784.0,0.3,0.020000000000000018,mid,1.221643053599537,6.0,0.0,770.3342101802784,778.5800170898438,770.985772722086,0.9994034163914924,0.03630299948180265,-0.015129180849365924,parity (robust forward),44,0.016739099976681045,1.262054885703796,0.09044644209642637,XSP260824C00784000,2026-08-18T08:43:39+00:00,1.2194493450453336,0.9194493450453336,0.1360799955424171,0.045633553445990724
2026-08-24,0.01643835616438356,6,C,785.0,0.22999999999999998,0.01999999999999999,mid,1.6474763869328701,46.0,0.0,770.3342101802784,778.5800170898438,770.985772722086,0.9994034163914924,0.03630299948180265,-0.015129180849365924,parity (robust forward),44,0.018013797408681705,1.358161493830375,0.09013556337013579,XSP260824C00785000,2026-08-18T08:43:39+00:00,1.065740935387609,0.8357409353876091,0.1362417220597107,0.046106158689574905
2026-08-24,0.01643835616438356,6,C,786.0,0.175,0.009999999999999981,mid,1.221643053599537,1.0,0.0,770.3342101802784,778.5800170898438,770.985772722086,0.9994034163914924,0.03630299948180265,-0.015129180849365924,parity (robust forward),44,0.019286872055479676,1.4541457510541964,0.08990328568129063,XSP260824C00786000,2026-08-18T08:43:39+00:00,0.9286027900859324,0.7536027900859323,0.13641250519485792,0.04650921951356729
2026-08-24,0.01643835616438356,6,C,787.0,0.14500000000000002,0.009999999999999981,mid,1.119270368414352,4.0,0.0,770.3342101802784,778.5800170898438,770.985772722086,0.9994034163914924,0.03630299948180265,-0.015129180849365924,parity (robust forward),44,0.02055832804367643,1.5500079685029522,0.09128613403840903,XSP260824C00787000,2026-08-18T08:43:39+00:00,0.8066972475556469,0.6616972475556469,0.13659204969177213,0.0453059156533631
2026-08-24,0.01643835616438356,6,C,788.0,0.11499999999999999,0.009999999999999995,mid,1.6393629610069442,15.0,0.0,770.3342101802784,778.5800170898438,770.985772722086,0.9994034163914924,0.03630299948180265,-0.015129180849365924,parity (robust forward),44,0.021828169484152407,1.6457484561190379,0.09194702640864538,XSP260824C00788000,2026-08-18T08:43:39+00:00,0.6987252221559288,0.5837252221559288,0.13678005758787495,0.04483303117922957
2026-08-27,0.024657534246575342,9,C,730.0,41.47,0.3999999999999986,mid,15.779362961006946,3.0,0.0,770.3342101802784,778.5800170898438,771.137239145594,0.9996849973397041,0.012777120408908804,-0.029477685900925157,parity (regression),39,-0.054821825066362635,-2.9778987311969773,0.19603337235459942,XSP260827C00730000,2026-08-18T08:43:39+00:00,41.15616080342579,-0.31383919657420734,0.13911900149708312,-0.0569143708575163
2026-08-27,0.024657534246575342,9,C,733.0,38.525,0.39000000000000057,mid,16.28295092396991,,0.0,770.3342101802784,778.5800170898438,771.137239145594,0.9996849973397041,0.012777120408908804,-0.029477685900925157,parity (regression),39,-0.05072065732214799,-2.7551250054565646,0.1890703618071756,XSP260827C00733000,2026-08-18T08:43:39+00:00,38.179950835494196,-0.34504916450580225,0.13859062351153048,-0.050479738295645116
2026-08-27,0.024657534246575342,9,C,735.0,36.57,0.37999999999999545,mid,18.90849490545139,1.0,0.0,770.3342101802784,778.5800170898438,771.137239145594,0.9996849973397041,0.012777120408908804,-0.029477685900925157,parity (regression),39,-0.04799585999596279,-2.607115148240146,0.1846114524896231,XSP260827C00735000,2026-08-18T08:43:39+00:00,36.20328606091596,-0.36671393908404326,0.13825572043003956,-0.04635573205958354
2026-08-27,0.024657534246575342,9,C,737.0,34.629999999999995,0.38000000000000256,mid,16.30190925730324,4.0,0.0,770.3342101802784,778.5800170898438,771.137239145594,0.9996849973397041,0.012777120408908804,-0.029477685900925157,parity (regression),39,-0.045278467019462844,-2.4595074922183486,0.18081409766763962,XSP260827C00737000,2026-08-18T08:43:39+00:00,34.23488224067876,-0.3951177593212378,0.1379354178499544,-0.04287867981768523
2026-08-27,0.024657534246575342,9,C,738.0,33.66,0.38000000000000256,mid,16.28295092396991,6.0,0.0,770.3342101802784,778.5800170898438,771.137239145594,0.9996849973397041,0.012777120408908804,-0.029477685900925157,parity (regression),39,-0.04392253460832689,-2.3858538077264013,0.17867611156193486,XSP260827C00738000,2026-08-18T08:43:39+00:00,33.2545400069838,-0.4054599930161942,0.1377809361546146,-0.04089517540732027
2026-08-27,0.024657534246575342,9,C,740.0,31.725,0.370000000000001,mid,15.908159257303241,1.0,0.0,770.3342101802784,778.5800170898438,771.137239145594,0.9996849973397041,0.012777120408908804,-0.029477685900925157,parity (regression),39,-0.04121617301058404,-2.2388453716095302,0.17429790547590118,XSP260827C00740000,2026-08-18T08:43:39+00:00,31.303400954447397,-0.42159904555260397,0.13748370061499912,-0.03681420486090206
2026-08-27,0.024657534246575342,9,C,741.0,30.765,0.370000000000001,mid,6.7310759239699065,1.0,0.0,770.3342101802784,778.5800170898438,771.137239145594,0.9996849973397041,0.012777120408908804,-0.029477685900925157,parity (regression),39,-0.03986573391271253,-2.165490081608836,0.1723571222833905,XSP260827C00741000,2026-08-18T08:43:39+00:00,30.333447875288243,-0.4315521247117573,0.13734110150122633,-0.035016020782164176
2026-08-27,0.024657534246575342,9,C,745.0,26.955,0.33000000000000185,mid,8.648217127673611,1.0,0.0,770.3342101802784,778.5800170898438,771.137239145594,0.9996849973397041,0.012777120408908804,-0.029477685900925157,parity (regression),39,-0.034482140829239866,-1.8730555449412343,0.1644527316640431,XSP260827C00745000,2026-08-18T08:43:39+00:00,26.502831625427575,-0.4521683745724232,0.1368126083466608,-0.027640123317382276
2026-08-27,0.024657534246575342,9,C,747.0,25.07,0.3200000000000003,mid,1.3805782387847223,5.0,0.0,770.3342101802784,778.5800170898438,771.137239145594,0.9996849973397041,0.012777120408908804,-0.029477685900925157,parity (regression),39,-0.03180117407598217,-1.7274265462122966,0.16034564869395193,XSP260827C00747000,2026-08-18T08:43:39+00:00,24.625438351489606,-0.44456164851039404,0.13657454238449931,-0.023771106309452616
2026-08-27,0.024657534246575342,9,C,748.0,24.134999999999998,0.3099999999999987,mid,14.707013423969908,,0.0,770.3342101802784,778.5800170898438,771.137239145594,0.9996849973397041,0.012777120408908804,-0.029477685900925157,parity (regression),39,-0.030463381234322174,-1.654758195588047,0.15832428034391657,XSP260827C00748000,2026-08-18T08:43:39+00:00,23.698619568911226,-0.43638043108877156,0.13646230520901328,-0.02186197513490329
2026-08-27,0.024657534246575342,9,C,749.0,23.205,0.3099999999999987,mid,13.63892314619213,,0.0,770.3342101802784,778.5800170898438,771.137239145594,0.9996849973397041,0.012777120408908804,-0.029477685900925157,parity (regression),39,-0.029127375691579988,-1.5821869302974796,0.15629824956705146,XSP260827C00749000,2026-08-18T08:43:39+00:00,22.78074292720055,-0.424257072799449,0.13635468967391726,-0.019943559893134205
2026-08-27,0.024657534246575342,9,C,750.0,22.27,0.3200000000000003,mid,1.7629509239699073,3.0,0.0,770.3342101802784,778.5800170898438,771.137239145594,0.9996849973397041,0.012777120408908804,-0.029477685900925157,parity (regression),39,-0.027793152678443275,-1.509712491273532,0.1538440850514037,XSP260827C00750000,2026-08-18T08:43:39+00:00,21.872622896442635,-0.3973771035573641,0.136251761588157,-0.017592323463246712
2026-08-27,0.024657534246575342,9,C,751.0,21.41,0.4200000000000017,mid,8.6455435165625,1.0,0.0,770.3342101802784,778.5800170898438,771.137239145594,0.9996849973397041,0.012777120408908804,-0.029477685900925157,parity (regression),39,-0.026460707444664708,-1.4373346204847455,0.1540875757636301,XSP260827C00751000,2026-08-18T08:43:39+00:00,20.975107515294667,-0.43489248470533326,0.13615358449252982,-0.01793399127110029
2026-08-27,0.024657534246575342,9,C,752.0,20.509999999999998,0.41999999999999815,mid,16.42247638693287,,0.0,770.3342101802784,778.5800170898438,771.137239145594,0.9996849973397041,0.012777120408908804,-0.029477685900925157,parity (regression),39,-0.02513003525895956,-1.365053060929702,0.15241478572845302,XSP260827C00752000,2026-08-18T08:43:39+00:00,20.089074303486996,-0.4209256965130024,0.13606021944633312,-0.016354566282119898
2026-08-27,0.024657534246575342,9,C,753.0,19.604999999999997,0.41000000000000014,mid,1.3805782387847223,5.0,0.0,770.3342101802784,778.5800170898438,771.137239145594,0.9996849973397041,0.012777120408908804,-0.029477685900925157,parity (regression),39,-0.023801131408905857,-1.2928675566316001,0.15028740016917982,XSP260827C00753000,2026-08-18T08:43:39+00:00,19.21542543045223,-0.3895745695477686,0.13597172481503303,-0.014315675354146795
2026-08-27,0.024657534246575342,9,C,754.0,18.715000000000003,0.41000000000000014,mid,14.72974490545139,,0.0,770.3342101802784,778.5800170898438,771.137239145594,0.9996849973397041,0.012777120408908804,-0.029477685900925157,parity (regression),39,-0.02247399120084341,-1.2207778526327715,0.1484092905976192,XSP260827C00754000,2026-08-18T08:43:39+00:00,18.355082157903098,-0.35991784209690536,0.13588815605814347,-0.012521134539475731
2026-08-27,0.024657534246575342,9,C,755.0,17.77,0.28000000000000114,mid,5.912997220266204,5.0,0.0,770.3342101802784,778.5800170898438,771.137239145594,0.9996849973397041,0.012777120408908804,-0.029477685900925157,parity (regression),39,-0.021148609959774713,-1.148783694989296,0.14448103473830956,XSP260827C00755000,2026-08-18T08:43:39+00:00,17.508978591900814,-0.26102140809918595,0.13580956552231838,-0.008671469215991184
2026-08-27,0.024657534246575342,9,C,756.0,16.924999999999997,0.2699999999999996,mid,14.902765738784723,,0.0,770.3342101802784,778.5800170898438,771.137239145594,0.9996849973397041,0.012777120408908804,-0.029477685900925157,parity (regression),39,-0.01982498302926647,-1.0768848307656542,0.14351097829676104,XSP260827C00756000,2026-08-18T08:43:39+00:00,16.678054798284165,-0.24694520171583179,0.13573600223424764,-0.0077749760625134
2026-08-27,0.024657534246575342,9,C,757.0,16.075,0.25,mid,4.744004164710648,,0.0,770.3342101802784,778.5800170898438,771.137239145594,0.9996849973397041,0.012777120408908804,-0.029477685900925157,parity (regression),39,-0.018503105771350625,-1.0050810080293509,0.1420129317177676,XSP260827C00757000,2026-08-18T08:43:39+00:00,15.863249353740457,-0.2117506462595422,0.13566751170644578,-0.006345420011321823
2026-08-27,0.024657534246575342,9,C,758.0,15.2,0.2400000000000002,mid,15.886955553599538,5.0,0.0,770.3342101802784,778.5800170898438,771.137239145594,0.9996849973397041,0.012777120408908804,-0.029477685900925157,parity (regression),39,-0.017182973566427794,-0.9333719758456692,0.13945992754200656,XSP260827C00758000,2026-08-18T08:43:39+00:00,15.065491422658965,-0.13450857734103394,0.13560413574407293,-0.003855791797933633
2026-08-27,0.024657534246575342,9,C,759.0,14.370000000000001,0.2400000000000002,mid,5.823251849895834,2.0,0.0,770.3342101802784,778.5800170898438,771.137239145594,0.9996849973397041,0.012777120408908804,-0.029477685900925157,parity (regression),39,-0.01586458181316946,-0.8617574842723583,0.13785835416394068,XSP260827C00759000,2026-08-18T08:43:39+00:00,14.285692466647106,-0.08430753335289509,0.13554591226453355,-0.0023124418994071305
2026-08-27,0.024657534246575342,9,C,760.0,13.545,0.21000000000000085,mid,1.9010874980439814,61.0,0.0,770.3342101802784,778.5800170898438,771.137239145594,0.9996849973397041,0.012777120408908804,-0.029477685900925157,parity (regression),39,-0.014547925928422672,-0.7902372843544565,0.13602635681241132,XSP260827C00760000,2026-08-18T08:43:39+00:00,13.524737708548173,-0.020262291451826897,0.13549287512747166,-0.0005334816849396629
2026-08-27,0.024657534246575342,9,C,761.0,12.74,0.17999999999999972,mid,1.6429856461921295,2.0,0.0,770.3342101802784,778.5800170898438,771.137239145594,0.9996849973397041,0.012777120408908804,-0.029477685900925157,parity (regression),39,-0.013233001347113646,-0.7188111281190551,0.13434343154614242,XSP260827C00761000,2026-08-18T08:43:39+00:00,12.783477485377034,0.043477485377033886,0.1354450539758869,0.0011016224297444865
2026-08-27,0.024657534246575342,9,C,762.0,11.934999999999999,0.1899999999999995,mid,1.9010874980439814,61.0,0.0,770.3342101802784,778.5800170898438,771.137239145594,0.9996849973397041,0.012777120408908804,-0.029477685900925157,parity (regression),39,-0.011919803522153145,-0.6474787685701582,0.13227750223215243,XSP260827C00762000,2026-08-18T08:43:39+00:00,12.062718634258204,0.12771863425820484,0.13540247409309117,0.003124971860938741
2026-08-27,0.024657534246575342,9,C,763.0,11.16,0.17999999999999972,mid,11.90815925730324,5.0,0.0,770.3342101802784,778.5800170898438,771.137239145594,0.9996849973397041,0.012777120408908804,-0.029477685900925157,parity (regression),39,-0.010608327924342461,-0.5762399596835763,0.13055139865353596,XSP260827C00763000,2026-08-18T08:43:39+00:00,11.363216061691219,0.20321606169121864,0.1353651562725596,0.00481375761902364
2026-08-27,0.024657534246575342,9,C,765.0,9.690000000000001,0.09999999999999964,mid,2.157001849895833,2.0,0.0,770.3342101802784,778.5800170898438,771.137239145594,0.9996849973397041,0.012777120408908804,-0.029477685900925157,parity (regression),39,-0.007990525382263613,-0.43404201462895264,0.1276717368670463,XSP260827C00765000,2026-08-18T08:43:39+00:00,10.030691644910235,0.3406916449102333,0.1353063668936006,0.00763463002655429
2026-08-27,0.024657534246575342,9,C,766.0,8.975,0.10999999999999943,mid,4.872684720266204,,0.0,770.3342101802784,778.5800170898438,771.137239145594,0.9996849973397041,0.012777120408908804,-0.029477685900925157,parity (regression),39,-0.006684189468208088,-0.363082391225793,0.12599763845301745,XSP260827C00766000,2026-08-18T08:43:39+00:00,9.39884969174949,0.4238496917494903,0.13528491355685937,0.009287275103841919
2026-08-27,0.024657534246575342,9,C,767.0,8.280000000000001,0.09999999999999964,mid,4.883286572118056,,0.0,770.3342101802784,778.5800170898438,771.137239145594,0.9996849973397041,0.012777120408908804,-0.029477685900925157,parity (regression),39,-0.005379557841543248,-0.29221534400469534,0.12428985473179871,XSP260827C00767000,2026-08-18T08:43:39+00:00,8.790610619531947,0.5106106195319455,0.13526875859587348,0.010978903864074768
2026-08-27,0.024657534246575342,9,C,768.0,7.58,0.09999999999999964,mid,14.386006479525463,,0.0,770.3342101802784,778.5800170898438,771.137239145594,0.9996849973397041,0.012777120408908804,-0.029477685900925157,parity (regression),39,-0.004076626061127316,-0.22144063172468592,0.12199247375378515,XSP260827C00768000,2026-08-18T08:43:39+00:00,8.206360131585939,0.6263601315859386,0.13525789904609037,0.013265425292305219
2026-08-27,0.024657534246575342,9,C,770.0,6.32,0.08000000000000007,mid,2.4156361091550926,1.0,0.0,770.3342101802784,778.5800170898438,771.137239145594,0.9996849973397041,0.012777120408908804,-0.029477685900925157,parity (regression),39,-0.0014758443610699335,-0.08016725172783391,0.11881647840262759,XSP260827C00770000,2026-08-18T08:43:39+00:00,7.1109122559252,0.7909122559251998,0.1352520299425278,0.016435551539900214
2026-08-27,0.024657534246575342,9,C,771.0,5.73,0.05999999999999961,mid,5.146029627673611,,0.0,770.3342101802784,778.5800170898438,771.137239145594,0.9996849973397041,0.012777120408908804,-0.029477685900925157,parity (regression),39,-0.0001779856454699135,-0.009668106218180978,0.11723809211507812,XSP260827C00771000,2026-08-18T08:43:39+00:00,6.600022236405721,0.8700222364057204,0.1352569901202863,0.018018898005208187
2026-08-27,0.024657534246575342,9,C,772.0,5.165,0.07000000000000028,mid,1.7738768498958333,10.0,0.0,770.3342101802784,778.5800170898438,771.137239145594,0.9996849973397041,0.012777120408908804,-0.029477685900925157,parity (regression),39,0.0011181908159768308,0.06073965994569997,0.11559980459843824,XSP260827C00772000,2026-08-18T08:43:39+00:00,6.113732525623561,0.9487325256235613,0.13526718524816617,0.019667380649727922
2026-08-27,0.024657534246575342,9,C,773.0,4.635,0.07000000000000028,mid,1.7738768498958333,16.0,0.0,770.3342101802784,778.5800170898438,771.137239145594,0.9996849973397041,0.012777120408908804,-0.029477685900925157,parity (regression),39,0.0024126893786224632,0.1310562833447266,0.11408723665233626,XSP260827C00773000,2026-08-18T08:43:39+00:00,5.651955802257589,1.0169558022575895,0.13528258824955608,0.021195351597219816
2026-08-27,0.024657534246575342,9,C,774.0,4.15,0.05999999999999961,mid,1.3312032387847221,1.0,0.0,770.3342101802784,778.5800170898438,771.137239145594,0.9996849973397041,0.012777120408908804,-0.029477685900925157,parity (regression),39,0.0037055143809276805,0.2012819996422791,0.11289525583749296,XSP260827C00774000,2026-08-18T08:43:39+00:00,5.214509779694481,1.0645097796944807,0.13530316741032625,0.022407911572833283
2026-08-27,0.024657534246575342,9,C,775.0,3.6799999999999997,0.06000000000000005,mid,1.4298374980439814,3.0,0.0,770.3342101802784,778.5800170898438,771.137239145594,0.9996849973397041,0.012777120408908804,-0.029477685900925157,parity (regression),39,0.004996670144547623,0.27141704358886687,0.11137964686723234,XSP260827C00775000,2026-08-18T08:43:39+00:00,4.801119800578192,1.1211198005781924,0.13532888648741587,0.023949239620183527
2026-08-27,0.024657534246575342,9,C,777.0,2.855,0.04999999999999982,mid,1.8279740721180553,42.0,0.0,770.3342101802784,778.5800170898438,771.137239145594,0.9996849973397041,0.012777120408908804,-0.029477685900925157,parity (regression),39,0.007573991158847974,0.4114160488952685,0.10883151109179,XSP260827C00777000,2026-08-18T08:43:39+00:00,4.044970520114475,1.1899705201144752,0.13539557754486134,0.02656406645307134
2026-08-27,0.024657534246575342,9,C,778.0,2.485,0.04999999999999982,mid,1.8179740721180553,4.0,0.0,770.3342101802784,778.5800170898438,771.137239145594,0.9996849973397041,0.012777120408908804,-0.029477685900925157,parity (regression),39,0.008860164969592198,0.48128047523418765,0.10746683533819075,XSP260827C00778000,2026-08-18T08:43:39+00:00,3.7012379755165625,1.2162379755165627,0.13543645561004267,0.027969620271851917
2026-08-27,0.024657534246575342,9,C,779.0,2.1500000000000004,0.06000000000000005,mid,5.8876152758217595,,0.0,770.3342101802784,778.5800170898438,771.137239145594,0.9996849973397041,0.012777120408908804,-0.029477685900925157,parity (regression),39,0.010144686661948923,0.551055159189595,0.10619962562516144,XSP260827C00779000,2026-08-18T08:43:39+00:00,3.379626882678849,1.2296268826788488,0.13548228609192856,0.029282660466767113
2026-08-27,0.024657534246575342,9,C,780.0,1.8599999999999999,0.039999999999999813,mid,1.1247217573032406,3.0,0.0,770.3342101802784,778.5800170898438,771.137239145594,0.9996849973397041,0.012777120408908804,-0.029477685900925157,parity (regression),39,0.011427560474837922,0.6207403310178494,0.10531671390556493,XSP260827C00780000,2026-08-18T08:43:39+00:00,3.079474092956815,1.219474092956815,0.13553301230834167,0.03021629840277673
2026-08-27,0.024657534246575342,9,C,781.0,1.5950000000000002,0.050000000000000044,mid,1.6760064795254628,5.0,0.0,770.3342101802784,778.5800170898438,771.137239145594,0.9996849973397041,0.012777120408908804,-0.029477685900925157,parity (regression),39,0.01270879063088653,0.6903362200903107,0.10435301501432952,XSP260827C00781000,2026-08-18T08:43:39+00:00,2.8000587899693414,1.2050587899693412,0.1355885740288021,0.031235559014472572
2026-08-27,0.024657534246575342,9,C,782.0,1.35,0.040000000000000036,mid,1.6470134239699072,225.0,0.0,770.3342101802784,778.5800170898438,771.137239145594,0.9996849973397041,0.012777120408908804,-0.029477685900925157,parity (regression),39,0.013988381336511707,0.7598430548977985,0.10317283351856224,XSP260827C00782000,2026-08-18T08:43:39+00:00,2.5406103431044187,1.1906103431044186,0.13564890768000565,0.03247607416144341
2026-08-27,0.024657534246575342,9,C,783.0,1.145,0.030000000000000027,mid,1.7033212943402776,3.0,0.0,770.3342101802784,778.5800170898438,771.137239145594,0.9996849973397041,0.012777120408908804,-0.029477685900925157,parity (regression),39,0.015266336782003571,0.8292610630551287,0.10240649864851321,XSP260827C00783000,2026-08-18T08:43:39+00:00,2.3003163839940157,1.1553163839940157,0.13571394655872385,0.03330744791021063
2026-08-27,0.024657534246575342,9,C,784.0,0.96,0.040000000000000036,mid,1.6676962943402776,6.0,0.0,770.3342101802784,778.5800170898438,771.137239145594,0.9996849973397041,0.012777120408908804,-0.029477685900925157,parity (regression),39,0.01654266114160838,0.8985904713056215,0.10150887494784464,XSP260827C00784000,2026-08-18T08:43:39+00:00,2.078330966394816,1.118330966394816,0.1357836210505488,0.03427474610270417
2026-08-27,0.024657534246575342,9,C,785.0,0.81,0.039999999999999925,mid,1.6505898128587961,20.0,0.0,770.3342101802784,778.5800170898438,771.137239145594,0.9996849973397041,0.012777120408908804,-0.029477685900925157,parity (regression),39,0.017817358573609027,0.9678315055254737,0.10107859326226054,XSP260827C00785000,2026-08-18T08:43:39+00:00,1.8737826762290695,1.0637826762290694,0.13585785885308552,0.034779265590824976
2026-08-27,0.024657534246575342,9,C,786.0,0.665,0.030000000000000027,mid,1.6671986091550923,17.0,0.0,770.3342101802784,778.5800170898438,771.137239145594,0.9996849973397041,0.012777120408908804,-0.029477685900925157,parity (regression),39,0.019090433220407203,1.0369843907282221,0.1000522253836778,XSP260827C00786000,2026-08-18T08:43:39+00:00,1.6857825677473386,1.0207825677473386,0.1359365852013568,0.035884359817678985
2026-08-27,0.024657534246575342,9,C,787.0,0.55,0.020000000000000018,mid,4.649478701747685,,0.0,770.3342101802784,778.5800170898438,771.137239145594,0.9996849973397041,0.012777120408908804,-0.029477685900925157,parity (regression),39,0.02036188920860373,1.1060493510691065,0.09949156969843855,XSP260827C00787000,2026-08-18T08:43:39+00:00,1.5134318133764566,0.9634318133764566,0.13601972309564994,0.036528153397211396
2026-08-27,0.024657534246575342,9,C,788.0,0.45499999999999996,0.02999999999999997,mid,1.866180090636574,4.0,0.0,770.3342101802784,778.5800170898438,771.137239145594,0.9996849973397041,0.012777120408908804,-0.029477685900925157,parity (regression),39,0.02163173064907969,1.1750266098494773,0.09912977733305652,XSP260827C00788000,2026-08-18T08:43:39+00:00,1.3558289683237064,0.9008289683237064,0.1361071935256722,0.03697741619261567
2026-08-27,0.024657534246575342,9,C,789.0,0.375,0.030000000000000027,mid,4.866191664710648,3.0,0.0,770.3342101802784,778.5800170898438,771.137239145594,0.9996849973397041,0.012777120408908804,-0.029477685900925157,parity (regression),39,0.02289996163707487,1.2439163895210554,0.098840166284772,XSP260827C00789000,2026-08-18T08:43:39+00:00,1.2120767658611413,0.8370767658611413,0.13619891569726225,0.03735874941249025
2026-08-27,0.024657534246575342,9,C,790.0,0.305,0.030000000000000027,mid,1.732441664710648,6.0,0.0,770.3342101802784,778.5800170898438,771.137239145594,0.9996849973397041,0.012777120408908804,-0.029477685900925157,parity (regression),39,0.024166586252267648,1.312718911690274,0.09841042594199241,XSP260827C00790000,2026-08-18T08:43:39+00:00,1.0812883748923667,0.7762883748923668,0.13629480725288035,0.037884381310887935
2026-08-27,0.024657534246575342,9,C,791.0,0.25,0.020000000000000018,mid,1.8832865721180554,3.0,0.0,770.3342101802784,778.5800170898438,771.137239145594,0.9996849973397041,0.012777120408908804,-0.029477685900925157,parity (regression),39,0.02543160855885441,1.3814343971225895,0.0982878725838846,XSP260827C00791000,2026-08-18T08:43:39+00:00,0.9625930673741294,0.7125930673741294,0.13639478448849662,0.03810691190461202
2026-08-27,0.024657534246575342,9,C,792.0,0.20500000000000002,0.03,mid,1.6570249980439813,1.0,0.0,770.3342101802784,778.5800170898438,771.137239145594,0.9996849973397041,0.012777120408908804,-0.029477685900925157,parity (regression),39,0.02669503260562645,1.4500630657466607,0.09828170772750179,XSP260827C00792000,2026-08-18T08:43:39+00:00,0.8551412589779801,0.65014125897798,0.13649876256659974,0.038217054839097944
2026-08-27,0.024657534246575342,9,C,793.0,0.16999999999999998,0.01999999999999999,mid,1.6425111091550924,17.0,0.0,770.3342101802784,778.5800170898438,771.137239145594,0.9996849973397041,0.012777120408908804,-0.029477685900925157,parity (regression),39,0.02795686242604864,1.5186051366586217,0.09856498793323605,XSP260827C00793000,2026-08-18T08:43:39+00:00,0.7581089015693152,0.5881089015693153,0.1366066557206436,0.03804166778740754
2026-08-27,0.024657534246575342,9,C,794.0,0.14500000000000002,0.03,mid,1.8729740721180554,40.0,0.0,770.3342101802784,778.5800170898438,771.137239145594,0.9996849973397041,0.012777120408908804,-0.029477685900925157,parity (regression),39,0.029217102038336225,1.587060828126253,0.09938227133559811,XSP260827C00794000,2026-08-18T08:43:39+00:00,0.6707012203283256,0.5257012203283256,0.13671837745492646,0.03733610611932835
2026-08-27,0.024657534246575342,9,C,795.0,0.12,0.020000000000000004,mid,1.6973490721180553,1.0,0.0,770.3342101802784,778.5800170898438,771.137239145594,0.9996849973397041,0.012777120408908804,-0.029477685900925157,parity (regression),39,0.030475755445532465,1.655430357593199,0.09971398087093576,XSP260827C00795000,2026-08-18T08:43:39+00:00,0.5921558013266051,0.47215580132660506,0.13683384073421426,0.037119859863278495
2026-08-27,0.024657534246575342,9,C,796.0,0.11,0.01999999999999999,mid,4.772534257303241,,0.0,770.3342101802784,778.5800170898438,771.137239145594,0.9996849973397041,0.012777120408908804,-0.029477685900925157,parity (regression),39,0.03173282663558364,1.7237139416830425,0.10170971010464142,XSP260827C00796000,2026-08-18T08:43:39+00:00,0.5217450468908353,0.41174504689083535,0.1369529581682503,0.03524324806360887
2026-08-31,0.03561643835616438,13,C,723.0,48.745000000000005,0.6300000000000026,mid,15.783344442488426,3.0,0.0,770.3342101802784,778.5800170898438,771.3830892177326,0.9975149026030734,0.06986072980910717,0.0316574864432284,parity (regression),56,-0.064775901178714,-2.950642436204584,0.19905358130000805,XSP260831C00723000,2026-08-18T08:43:39+00:00,48.30355349274214,-0.44144650725786505,0.1380979929615882,-0.06095558833841985
2026-08-31,0.03561643835616438,13,C,724.0,47.769999999999996,0.6199999999999974,mid,16.307198609155094,1.0,0.0,770.3342101802784,778.5800170898438,771.3830892177326,0.9975149026030734,0.06986072980910717,0.0316574864432284,parity (regression),56,-0.06339373095176229,-2.8876824456604098,0.19731724639152082,XSP260831C00724000,2026-08-18T08:43:39+00:00,47.31293677886697,-0.45706322113302633,0.13798971556481895,-0.05932753082670186
2026-08-31,0.03561643835616438,13,C,725.0,46.760000000000005,0.6000000000000014,mid,6.633853701747685,1.0,0.0,770.3342101802784,778.5800170898438,771.3830892177326,0.9975149026030734,0.06986072980910717,0.0316574864432284,parity (regression),56,-0.062013468482803855,-2.824809356442045,0.19288132915147618,XSP260831C00725000,2026-08-18T08:43:39+00:00,46.32337319010105,-0.43662680989895364,0.13788341139202073,-0.05499791775945545
2026-08-31,0.03561643835616438,13,C,727.0,44.805,0.5900000000000034,mid,35.82155046100694,1.0,0.0,770.3342101802784,778.5800170898438,771.3830892177326,0.9975149026030734,0.06986072980910717,0.0316574864432284,parity (regression),56,-0.05925864580395933,-2.6993229247212223,0.18880251984672597,XSP260831C00727000,2026-08-18T08:43:39+00:00,44.34798023735914,-0.4570197626408614,0.13767681938488832,-0.05112570046183765
2026-08-31,0.03561643835616438,13,C,728.0,43.825,0.5899999999999963,mid,1.7448722202662035,1.0,0.0,770.3342101802784,778.5800170898438,771.3830892177326,0.9975149026030734,0.06986072980910717,0.0316574864432284,parity (regression),56,-0.0578840751407927,-2.636709106055676,0.18648126084811953,XSP260831C00728000,2026-08-18T08:43:39+00:00,43.36247720016411,-0.46252279983589517,0.13757657947817728,-0.04890468136994225
2026-08-31,0.03561643835616438,13,C,729.0,42.855000000000004,0.5899999999999963,mid,14.903471757303242,1.0,0.0,770.3342101802784,778.5800170898438,771.3830892177326,0.9975149026030734,0.06986072980910717,0.0316574864432284,parity (regression),56,-0.05651139132882049,-2.5741812363789323,0.18476427204544923,XSP260831C00729000,2026-08-18T08:43:39+00:00,42.37868214355842,-0.4763178564415824,0.13747840859724383,-0.0472858634482054
2026-08-31,0.03561643835616438,13,C,730.0,41.915,0.6099999999999994,mid,6.768008794340277,2.0,0.0,770.3342101802784,778.5800170898438,771.3830892177326,0.9975149026030734,0.06986072980910717,0.0316574864432284,parity (regression),56,-0.05514058919504192,-2.5117390800528074,0.18482608659275362,XSP260831C00730000,2026-08-18T08:43:39+00:00,41.39680207861841,-0.5181979213815922,0.1373823301787504,-0.047443756414003224
2026-08-31,0.03561643835616438,13,C,731.0,40.91,0.5800000000000054,mid,16.307198609155094,1.0,0.0,770.3342101802784,778.5800170898438,771.3830892177326,0.9975149026030734,0.06986072980910717,0.0316574864432284,parity (regression),56,-0.0537716635877002,-2.4493824024068167,0.18072137523136336,XSP260831C00731000,2026-08-18T08:43:39+00:00,40.41706349785693,-0.49293650214306695,0.13728836739878164,-0.04343300783258172
2026-08-31,0.03561643835616438,13,C,732.0,39.95,0.5800000000000054,mid,19.895693979525465,1.0,0.0,770.3342101802784,778.5800170898438,771.3830892177326,0.9975149026030734,0.06986072980910717,0.0316574864432284,parity (regression),56,-0.052404609376167116,-2.3871109697329134,0.17931286901996055,XSP260831C00732000,2026-08-18T08:43:39+00:00,39.43971340156065,-0.5102865984393503,0.1371965431421293,-0.042116325877831234
2026-08-31,0.03561643835616438,13,C,733.0,38.985,0.5700000000000003,mid,6.763865275821758,2.0,0.0,770.3342101802784,778.5800170898438,771.3830892177326,0.9975149026030734,0.06986072980910717,0.0316574864432284,parity (regression),56,-0.051039421450827155,-2.3249245492802113,0.1774873644964067,XSP260831C00733000,2026-08-18T08:43:39+00:00,38.46502026636654,-0.5199797336334626,0.13710687997490015,-0.040380484521506554
2026-08-31,0.03561643835616438,13,C,734.0,38.015,0.5700000000000003,mid,7.702140738784721,1.0,0.0,770.3342101802784,778.5800170898438,771.3830892177326,0.9975149026030734,0.06986072980910717,0.0316574864432284,parity (regression),56,-0.04967609472296304,-2.2628229092497723,0.17528418614190613,XSP260831C00734000,2026-08-18T08:43:39+00:00,37.49327493765213,-0.5217250623478691,0.1370194001124619,-0.03826478602944425
2026-08-31,0.03561643835616438,13,C,736.0,36.1,0.5600000000000023,mid,50.85764999804398,2.0,0.0,770.3342101802784,778.5800170898438,771.3830892177326,0.9975149026030734,0.06986072980910717,0.0316574864432284,parity (regression),56,-0.04695500460860245,-2.138873047988598,0.1719050744239819,XSP260831C00736000,2026-08-18T08:43:39+00:00,35.55990758936389,-0.5400924106361131,0.13685107722978845,-0.03505399719419344
2026-08-31,0.03561643835616438,13,C,737.0,35.14,0.5600000000000023,mid,8.875416201747685,1.0,0.0,770.3342101802784,778.5800170898438,771.3830892177326,0.9975149026030734,0.06986072980910717,0.0316574864432284,parity (regression),56,-0.045597231148142056,-2.077024367873233,0.1699119340046275,XSP260831C00737000,2026-08-18T08:43:39+00:00,34.59898567432026,-0.5410143256797397,0.1367702766123241,-0.0331416573923034
2026-08-31,0.03561643835616438,13,C,738.0,34.185,0.5500000000000043,mid,5.711619905451389,1.0,0.0,770.3342101802784,778.5800170898438,771.3830892177326,0.9975149026030734,0.06986072980910717,0.0316574864432284,parity (regression),56,-0.044241298737006135,-2.015259550400688,0.16804753326816976,XSP260831C00738000,2026-08-18T08:43:39+00:00,33.642412704977914,-0.5425872950220878,0.1366917440423517,-0.031355789225818054
2026-08-31,0.03561643835616438,13,C,739.0,33.235,0.5300000000000011,mid,12.88531203508102,1.0,0.0,770.3342101802784,778.5800170898438,771.3830892177326,0.9975149026030734,0.06986072980910717,0.0316574864432284,parity (regression),56,-0.04288720238927695,-1.9535783684547037,0.16629004529209504,XSP260831C00739000,2026-08-18T08:43:39+00:00,32.69060068897818,-0.5443993110218202,0.1366154995170466,-0.02967454577504844
2026-08-31,0.03561643835616438,13,C,740.0,32.285,0.529999999999994,mid,4.688541201747685,4.0,0.0,770.3342101802784,778.5800170898438,771.3830892177326,0.9975149026030734,0.06986072980910717,0.0316574864432284,parity (regression),56,-0.041534937139263255,-1.8919805958403664,0.16440330523784938,XSP260831C00740000,2026-08-18T08:43:39+00:00,31.743986625964112,-0.5410133740358845,0.1365415624952409,-0.02786174274260847
2026-08-31,0.03561643835616438,13,C,741.0,31.375,0.5499999999999972,mid,7.738217127673611,1.0,0.0,770.3342101802784,778.5800170898438,771.3830892177326,0.9975149026030734,0.06986072980910717,0.0316574864432284,parity (regression),56,-0.04018449804139178,-1.8304660072791683,0.16404312307472463,XSP260831C00741000,2026-08-18T08:43:39+00:00,30.803032297154118,-0.5719677028458818,0.13646995186475092,-0.027573171209973713
2026-08-31,0.03561643835616438,13,C,742.0,30.405,0.5100000000000016,mid,6.903228701747684,1.0,0.0,770.3342101802784,778.5800170898438,771.3830892177326,0.9975149026030734,0.06986072980910717,0.0316574864432284,parity (regression),56,-0.038835880170098196,-1.76903437840404,0.1610640376842517,XSP260831C00742000,2026-08-18T08:43:39+00:00,29.868223818250726,-0.5367761817492749,0.1364006859091661,-0.024663351775085607
2026-08-31,0.03561643835616438,13,C,743.0,29.5,0.5399999999999991,mid,6.8804509239699065,2.0,0.0,770.3342101802784,778.5800170898438,771.3830892177326,0.9975149026030734,0.06986072980910717,0.0316574864432284,parity (regression),56,-0.03748907861971956,-1.707685485754451,0.16051044219119118,XSP260831C00743000,2026-08-18T08:43:39+00:00,28.940070939522457,-0.5599290604775433,0.136333782277559,-0.024176659913632187
2026-08-31,0.03561643835616438,13,C,744.0,28.54,0.5,mid,1.6395597202662036,1.0,0.0,770.3342101802784,778.5800170898438,771.3830892177326,0.9975149026030734,0.06986072980910717,0.0316574864432284,parity (regression),56,-0.036144088504386836,-1.6464191067715128,0.1577085023557363,XSP260831C00744000,2026-08-18T08:43:39+00:00,28.019106079226162,-0.5208939207738368,0.13626925795205116,-0.021439244403685137
2026-08-31,0.03561643835616438,13,C,745.0,27.61,0.5,mid,4.688541201747685,4.0,0.0,770.3342101802784,778.5800170898438,771.3830892177326,0.9975149026030734,0.06986072980910717,0.0316574864432284,parity (regression),56,-0.03480090495791916,-1.585235019793165,0.15589091187860554,XSP260831C00745000,2026-08-18T08:43:39+00:00,27.105883079339492,-0.5041169206605076,0.13620712921652242,-0.01968378266208312
2026-08-31,0.03561643835616438,13,C,746.0,26.715,0.509999999999998,mid,8.827511109155092,1.0,0.0,770.3342101802784,778.5800170898438,771.3830892177326,0.9975149026030734,0.06986072980910717,0.0316574864432284,parity (regression),56,-0.0334595231337178,-1.5241330040493428,0.15511017403356606,XSP260831C00746000,2026-08-18T08:43:39+00:00,26.200975675802738,-0.514024324197262,0.13614741162601787,-0.018962762407548184
2026-08-31,0.03561643835616438,13,C,747.0,25.770000000000003,0.4800000000000004,mid,1.680728701747685,1.0,0.0,770.3342101802784,778.5800170898438,771.3830892177326,0.9975149026030734,0.06986072980910717,0.0316574864432284,parity (regression),56,-0.032119938204661316,-1.4631128396572026,0.15246788157293753,XSP260831C00747000,2026-08-18T08:43:39+00:00,25.304975679129257,-0.4650243208707465,0.13609011997652273,-0.016377761596414797
2026-08-31,0.03561643835616438,13,C,748.0,24.86,0.4800000000000004,mid,14.919652312858798,1.0,0.0,770.3342101802784,778.5800170898438,771.3830892177326,0.9975149026030734,0.06986072980910717,0.0316574864432284,parity (regression),56,-0.03078214536300147,-1.4021743076163793,0.15082559618720487,XSP260831C00748000,2026-08-18T08:43:39+00:00,24.41849086523621,-0.44150913476379117,0.1360352682747959,-0.014790327912408974
2026-08-31,0.03561643835616438,13,C,749.0,23.965,0.45000000000000284,mid,5.702001849895834,2.0,0.0,770.3342101802784,778.5800170898438,771.3830892177326,0.9975149026030734,0.06986072980910717,0.0316574864432284,parity (regression),56,-0.029446139820259207,-1.3413171898042497,0.1494594172972405,XSP260831C00749000,2026-08-18T08:43:39+00:00,23.542142580669974,-0.4228574193300254,0.13598286971064813,-0.013476547586592363
2026-08-31,0.03561643835616438,13,C,750.0,23.21,0.33999999999999986,mid,1.7346060165625,4.0,0.0,770.3342101802784,778.5800170898438,771.3830892177326,0.9975149026030734,0.06986072980910717,0.0316574864432284,parity (regression),56,-0.028111916807122536,-1.2805412689712798,0.15190581427396327,XSP260831C00750000,2026-08-18T08:43:39+00:00,22.676563070947623,-0.5334369290523782,0.13593293662825426,-0.01597287764570901
2026-08-31,0.03561643835616438,13,C,751.0,22.29,0.28000000000000114,mid,6.875531942488426,5.0,0.0,770.3342101802784,778.5800170898438,771.3830892177326,0.9975149026030734,0.06986072980910717,0.0316574864432284,parity (regression),56,-0.02677947157334389,-1.2198463287363492,0.14931749909844558,XSP260831C00751000,2026-08-18T08:43:39+00:00,21.822392545437538,-0.46760745456246156,0.1358854804997418,-0.013432018598703771
2026-08-31,0.03561643835616438,13,C,752.0,21.439999999999998,0.2799999999999976,mid,5.700717127673611,2.0,0.0,770.3342101802784,778.5800170898438,771.3830892177326,0.9975149026030734,0.06986072980910717,0.0316574864432284,parity (regression),56,-0.025448799387638898,-1.159232153582141,0.14845367815079805,XSP260831C00752000,2026-08-18T08:43:39+00:00,20.98027599696138,-0.45972400303861605,0.13584051189957067,-0.012613166251227381
2026-08-31,0.03561643835616438,13,C,753.0,20.52,0.259999999999998,mid,5.711619905451389,1.0,0.0,770.3342101802784,778.5800170898438,771.3830892177326,0.9975149026030734,0.06986072980910717,0.0316574864432284,parity (regression),56,-0.024119895537585118,-1.0986985288505278,0.14554657849670025,XSP260831C00753000,2026-08-18T08:43:39+00:00,20.15085979904927,-0.36914020095072786,0.13579804047933006,-0.00974853801737019
2026-08-31,0.03561643835616438,13,C,754.0,19.65,0.26000000000000156,mid,5.6935643498958335,20.0,0.0,770.3342101802784,778.5800170898438,771.3830892177326,0.9975149026030734,0.06986072980910717,0.0316574864432284,parity (regression),56,-0.022792755329522598,-1.0382452407380427,0.14375509376858828,XSP260831C00754000,2026-08-18T08:43:39+00:00,19.3347881083497,-0.31521189165029995,0.1357580749461298,-0.007997018822458485
2026-08-31,0.03561643835616438,13,C,755.0,18.655,0.5300000000000011,mid,7.754374535081018,,,770.3342101802784,778.5800170898438,771.3830892177326,0.9975149026030734,0.06986072980910717,0.0316574864432284,parity (regression),56,-0.02146737408845394,-0.9778720762913274,0.13872964539209356,XSP260831C00755000,2026-08-18T08:43:39+00:00,18.532699104071753,-0.12230089592824811,0.1357206230398437,-0.0030090223522498682
2026-08-31,0.03561643835616438,13,C,756.0,17.925,0.21000000000000085,mid,5.6935643498958335,22.0,0.0,770.3342101802784,778.5800170898438,771.3830892177326,0.9975149026030734,0.06986072980910717,0.0316574864432284,parity (regression),56,-0.020143747157945733,-0.9175788234026415,0.13991752690688108,XSP260831C00756000,2026-08-18T08:43:39+00:00,17.745221100319895,-0.1797788996801053,0.1356856915131226,-0.004231835393758487
2026-08-31,0.03561643835616438,13,C,757.0,17.085,0.21000000000000085,mid,14.671967127673613,12.0,0.0,770.3342101802784,778.5800170898438,771.3830892177326,0.9975149026030734,0.06986072980910717,0.0316574864432284,parity (regression),56,-0.01882186990002993,-0.8573652708053706,0.13819863912794714,XSP260831C00757000,2026-08-18T08:43:39+00:00,16.972968570743774,-0.112031429256227,0.13565328611352104,-0.0025453530144260994
2026-08-31,0.03561643835616438,13,C,758.0,16.259999999999998,0.1999999999999993,mid,4.633726386932871,1.0,0.0,770.3342101802784,778.5800170898438,771.3830892177326,0.9975149026030734,0.06986072980910717,0.0316574864432284,parity (regression),56,-0.017501737695107024,-0.7972312080696156,0.13657805369047266,XSP260831C00758000,2026-08-18T08:43:39+00:00,16.216538127924423,-0.04346187207557506,0.13562341156665472,-0.0009546421238179337
2026-08-31,0.03561643835616438,13,C,759.0,15.445,0.1899999999999995,mid,4.761307405451389,1.0,0.0,770.3342101802784,778.5800170898438,771.3830892177326,0.9975149026030734,0.06986072980910717,0.0316574864432284,parity (regression),56,-0.016183345941848726,-0.7371764255977598,0.13492576416773755,XSP260831C00759000,2026-08-18T08:43:39+00:00,15.476504502288321,0.031504502288321135,0.13559607156052547,0.0006703073927879222
2026-08-31,0.03561643835616438,13,C,760.0,14.665,0.1899999999999995,mid,4.67341388693287,12.0,0.0,770.3342101802784,778.5800170898438,771.3830892177326,0.9975149026030734,0.06986072980910717,0.0316574864432284,parity (regression),56,-0.014866690057101865,-0.677200714620091,0.13374658451474783,XSP260831C00760000,2026-08-18T08:43:39+00:00,14.753416566996634,0.08841656699663503,0.13557126873452743,0.0018246842197796043
2026-08-31,0.03561643835616438,13,C,761.0,13.85,0.16000000000000014,mid,4.633726386932871,10.0,0.0,770.3342101802784,778.5800170898438,771.3830892177326,0.9975149026030734,0.06986072980910717,0.0316574864432284,parity (regression),56,-0.013551765475792878,-0.6173038671904515,0.13157669736645414,XSP260831C00761000,2026-08-18T08:43:39+00:00,14.047793456141449,0.19779345614144894,0.13554900466650996,0.003972307300055822
2026-08-31,0.03561643835616438,13,C,762.0,13.075,0.15000000000000036,mid,4.8408212943402775,10.0,0.0,770.3342101802784,778.5800170898438,771.3830892177326,0.9975149026030734,0.06986072980910717,0.0316574864432284,parity (regression),56,-0.012238567650832415,-0.5574856761818917,0.12994913976645686,XSP260831C00762000,2026-08-18T08:43:39+00:00,13.360120823665625,0.2851208236656255,0.13552927986484414,0.005580140098387282
2026-08-31,0.03561643835616438,13,C,763.0,12.315000000000001,0.15000000000000036,mid,7.7165504610069435,1.0,0.0,770.3342101802784,778.5800170898438,771.3830892177326,0.9975149026030734,0.06986072980910717,0.0316574864432284,parity (regression),56,-0.010927092053021658,-0.497745935282404,0.12832832517377696,XSP260831C00763000,2026-08-18T08:43:39+00:00,12.690847289637134,0.3758472896371323,0.13551209376138063,0.007183768587603667
2026-08-31,0.03561643835616438,13,C,764.0,11.565,0.10999999999999943,mid,1.6707865721180555,2.0,0.0,770.3342101802784,778.5800170898438,771.3830892177326,0.9975149026030734,0.06986072980910717,0.0316574864432284,parity (regression),56,-0.009617334170958145,-0.438084438990632,0.1266031879795811,XSP260831C00764000,2026-08-18T08:43:39+00:00,12.040381118916173,0.4753811189161734,0.135497444706507,0.008894256726925898
2026-08-31,0.03561643835616438,13,C,765.0,10.86,0.09999999999999964,mid,1.9056592573032405,2.0,0.0,770.3342101802784,778.5800170898438,771.3830892177326,0.9975149026030734,0.06986072980910717,0.0316574864432284,parity (regression),56,-0.008309289510942886,-0.37850098261163967,0.12540842233175206,XSP260831C00765000,2026-08-18T08:43:39+00:00,11.409087174797207,0.5490871747972079,0.13548532996759605,0.010076907635843985
2026-08-31,0.03561643835616438,13,C,766.0,10.149999999999999,0.09999999999999964,mid,6.885508794340277,239.0,0.0,770.3342101802784,778.5800170898438,771.3830892177326,0.9975149026030734,0.06986072980910717,0.0316574864432284,parity (regression),56,-0.007002953596887398,-0.31899536225267716,0.12379284598054527,XSP260831C00766000,2026-08-18T08:43:39+00:00,10.797284186980505,0.6472841869805066,0.13547574572655463,0.011682899746009362
2026-08-31,0.03561643835616438,13,C,767.0,9.465,0.08999999999999986,mid,5.689501849895834,1.0,0.0,770.3342101802784,778.5800170898438,771.3830892177326,0.9975149026030734,0.06986072980910717,0.0316574864432284,parity (regression),56,-0.005698321970222485,-0.25956737481902503,0.12229620957152244,XSP260831C00767000,2026-08-18T08:43:39+00:00,10.205242369248936,0.7402423692489357,0.13546868708386106,0.013172477512338618
2026-08-31,0.03561643835616438,13,C,768.0,8.795,0.08999999999999986,mid,4.761307405451389,2.0,0.0,770.3342101802784,778.5800170898438,771.3830892177326,0.9975149026030734,0.06986072980910717,0.0316574864432284,parity (regression),56,-0.0043953901898064794,-0.2002168180098147,0.12072060657735957,XSP260831C00768000,2026-08-18T08:43:39+00:00,9.633181417585035,0.8381814175850355,0.1354641480604863,0.014743541483126718
2026-08-31,0.03561643835616438,13,C,769.0,8.18,0.08000000000000007,mid,1.8980782387847221,19.0,0.0,770.3342101802784,778.5800170898438,771.3830892177326,0.9975149026030734,0.06986072980910717,0.0316574864432284,parity (regression),56,-0.003094153831834758,-0.1409434903139068,0.11975013203186682,XSP260831C00769000,2026-08-18T08:43:39+00:00,9.081268914250415,0.9012689142504158,0.1354621216062756,0.01571198957440878
2026-08-31,0.03561643835616438,13,C,770.0,7.525,0.0699999999999994,mid,1.301145368414352,1.0,0.0,770.3342101802784,778.5800170898438,771.3830892177326,0.9975149026030734,0.06986072980910717,0.0316574864432284,parity (regression),56,-0.0017946084897491736,-0.08174719100576562,0.11770886120959877,XSP260831C00770000,2026-08-18T08:43:39+00:00,8.549619157661027,1.0246191576610268,0.13546259960621862,0.017753738396619853
2026-08-31,0.03561643835616438,13,C,771.0,6.93,0.05999999999999961,mid,1.7474185165624998,1.0,0.0,770.3342101802784,778.5800170898438,771.3830892177326,0.9975149026030734,0.06986072980910717,0.0316574864432284,parity (regression),56,-0.0004967497741491914,-0.022627720141411182,0.11632461816389957,XSP260831C00771000,2026-08-18T08:43:39+00:00,8.038292431854927,1.1082924318549274,0.13546557289187194,0.01914095472797238
2026-08-31,0.03561643835616438,13,C,772.0,6.365,0.07000000000000028,mid,1.2342935165625,5.0,0.0,770.3342101802784,778.5800170898438,771.3830892177326,0.9975149026030734,0.06986072980910717,0.0316574864432284,parity (regression),56,0.0007994266872974041,0.036415121445648145,0.11505798953474483,XSP260831C00772000,2026-08-18T08:43:39+00:00,7.547294723080256,1.1822947230802558,0.13547103125367024,0.020413041718925412
2026-08-31,0.03561643835616438,13,C,773.0,5.825,0.07000000000000028,mid,1.6835990721180554,2.0,0.0,770.3342101802784,778.5800170898438,771.3830892177326,0.9975149026030734,0.06986072980910717,0.0316574864432284,parity (regression),56,0.002093925249943331,0.09538153214846165,0.11380979936929149,XSP260831C00773000,2026-08-18T08:43:39+00:00,7.07657788466247,1.2515778846624697,0.13547896345545835,0.021669164086166856
2026-08-31,0.03561643835616438,13,C,774.0,5.32,0.08000000000000007,mid,1.3763652758217593,1.0,0.0,770.3342101802784,778.5800170898438,771.3830892177326,0.9975149026030734,0.06986072980910717,0.0316574864432284,parity (regression),56,0.0033867502522484,0.15427170959058054,0.11274341674052632,XSP260831C00774000,2026-08-18T08:43:39+00:00,6.626040244973751,1.306040244973751,0.13548935725099076,0.02274594051046444
2026-08-31,0.03561643835616438,13,C,775.0,4.825,0.07000000000000028,mid,1.3934370350810186,1.0,0.0,770.3342101802784,778.5800170898438,771.3830892177326,0.9975149026030734,0.06986072980910717,0.0316574864432284,parity (regression),56,0.004677906015868416,0.21308585063010763,0.11141352119068176,XSP260831C00775000,2026-08-18T08:43:39+00:00,6.195527647151664,1.3705276471516639,0.13550219940235003,0.02408867821166827
2026-08-31,0.03561643835616438,13,C,776.0,4.365,0.07000000000000028,mid,1.6581245350810183,16.0,0.0,770.3342101802784,778.5800170898438,771.3830892177326,0.9975149026030734,0.06986072980910717,0.0316574864432284,parity (regression),56,0.005967396845740085,0.2718241513635649,0.1102492750082672,XSP260831C00776000,2026-08-18T08:43:39+00:00,5.784834903316778,1.4198349033167776,0.13551747570015615,0.025268200691888953
2026-08-31,0.03561643835616438,13,C,777.0,3.92,0.06000000000000005,mid,1.8496986091550924,4.0,0.0,770.3342101802784,778.5800170898438,771.3830892177326,0.9975149026030734,0.06986072980910717,0.0316574864432284,parity (regression),56,0.007255227030168691,0.33048680712988737,0.10888638701622466,XSP260831C00777000,2026-08-18T08:43:39+00:00,5.393707640543425,1.4737076405434255,0.13553517098557707,0.026648783969352413
2026-08-31,0.03561643835616438,13,C,778.0,3.515,0.04999999999999982,mid,1.2214925906365741,12.0,0.0,770.3342101802784,778.5800170898438,771.3830892177326,0.9975149026030734,0.06986072980910717,0.0316574864432284,parity (regression),56,0.008541400840912988,0.38907401251429,0.10777446261944228,XSP260831C00778000,2026-08-18T08:43:39+00:00,5.021844510837752,1.5068445108377522,0.13555526917390012,0.027780806554457846
2026-08-31,0.03561643835616438,13,C,779.0,3.145,0.04999999999999982,mid,1.8369555535995368,1.0,0.0,770.3342101802784,778.5800170898438,771.3830892177326,0.9975149026030734,0.06986072980910717,0.0316574864432284,parity (regression),56,0.009825922533269565,0.44758596135211076,0.10683489622722984,XSP260831C00779000,2026-08-18T08:43:39+00:00,4.668899732966338,1.523899732966338,0.1355777532798304,0.02874285705260056
2026-08-31,0.03561643835616438,13,C,780.0,2.785,0.050000000000000266,mid,1.6325805535995368,16.0,0.0,770.3342101802784,778.5800170898438,771.3830892177326,0.9975149026030734,0.06986072980910717,0.0316574864432284,parity (regression),56,0.011108796346158637,0.5060228467327184,0.10558602640365942,XSP260831C00780000,2026-08-18T08:43:39+00:00,4.3344859302229395,1.5494859302229393,0.13560260544360864,0.030016579039949212
2026-08-31,0.03561643835616438,13,C,781.0,2.465,0.050000000000000266,mid,1.7286337943402776,1.0,0.0,770.3342101802784,778.5800170898438,771.3830892177326,0.9975149026030734,0.06986072980910717,0.0316574864432284,parity (regression),56,0.012390026502207316,0.5643848610033056,0.10462137622004795,XSP260831C00781000,2026-08-18T08:43:39+00:00,4.018177225187372,1.5531772251873726,0.13562980695988858,0.031008430739840623
2026-08-31,0.03561643835616438,13,C,782.0,2.175,0.050000000000000266,mid,1.794467127673611,9.0,0.0,770.3342101802784,778.5800170898438,771.3830892177326,0.9975149026030734,0.06986072980910717,0.0316574864432284,parity (regression),56,0.013669617207832347,0.6226721957726579,0.10376789738098988,XSP260831C00782000,2026-08-18T08:43:39+00:00,3.719512550233759,1.544512550233759,0.13565933830599206,0.03189144092500218
2026-08-31,0.03561643835616438,13,C,783.0,1.9049999999999998,0.050000000000000044,mid,4.7173259239699075,8.0,0.0,770.3342101802784,778.5800170898438,771.3830892177326,0.9975149026030734,0.06986072980910717,0.0316574864432284,parity (regression),56,0.014947572653324503,0.6808850419149978,0.10282497648216252,XSP260831C00783000,2026-08-18T08:43:39+00:00,3.437999131032768,1.5329991310327684,0.13569117917262724,0.032866202690464724
2026-08-31,0.03561643835616438,13,C,784.0,1.66,0.040000000000000036,mid,1.2342935165625,5.0,0.0,770.3342101802784,778.5800170898438,771.3830892177326,0.9975149026030734,0.06986072980910717,0.0316574864432284,parity (regression),56,0.016223897012929166,0.7390235895736553,0.10191556272794187,XSP260831C00784000,2026-08-18T08:43:39+00:00,3.1731160995300343,1.5131160995300343,0.1357253084950688,0.033809745767126934
2026-08-31,0.03561643835616438,13,C,785.0,1.44,0.040000000000000036,mid,1.3934370350810186,2.0,0.0,770.3342101802784,778.5800170898438,771.3830892177326,0.9975149026030734,0.06986072980910717,0.0316574864432284,parity (regression),56,0.017498594444929665,0.7970880281648647,0.10106655932099973,XSP260831C00785000,2026-08-18T08:43:39+00:00,2.924318192883959,1.484318192883959,0.13576170448550856,0.034695145164508834
2026-08-31,0.03561643835616438,13,C,786.0,1.26,0.040000000000000036,mid,1.8689578684143517,10.0,0.0,770.3342101802784,778.5800170898438,771.3830892177326,0.9975149026030734,0.06986072980910717,0.0316574864432284,parity (regression),56,0.01877166909172791,0.8550785463814364,0.10073485139962425,XSP260831C00786000,2026-08-18T08:43:39+00:00,2.691039495554037,1.4310394955540369,0.1358003446647993,0.03506549326517504
2026-08-31,0.03561643835616438,13,C,787.0,1.085,0.030000000000000027,mid,1.8236222202662036,13.0,0.0,770.3342101802784,778.5800170898438,771.3830892177326,0.9975149026030734,0.06986072980910717,0.0316574864432284,parity (regression),56,0.02004312507992451,0.9129953321964076,0.10001962744824983,XSP260831C00787000,2026-08-18T08:43:39+00:00,2.472697183106277,1.387697183106277,0.13584120589823329,0.03582157844998346
2026-08-31,0.03561643835616438,13,C,788.0,0.9199999999999999,0.07999999999999996,mid,1.2567124980439814,1.0,0.0,770.3342101802784,778.5800170898438,771.3830892177326,0.9975149026030734,0.06986072980910717,0.0316574864432284,parity (regression),56,0.02131296652040054,0.9708385728667666,0.09902171632495306,XSP260831C00788000,2026-08-18T08:43:39+00:00,2.2686952282882658,1.3486952282882658,0.13588426442728146,0.036862548102328405
2026-08-31,0.03561643835616438,13,C,789.0,0.795,0.030000000000000027,mid,1.863089812858796,9.0,0.0,770.3342101802784,778.5800170898438,771.3830892177326,0.9975149026030734,0.06986072980910717,0.0316574864432284,parity (regression),56,0.022581197508395576,1.0286084549370063,0.09877346739328158,XSP260831C00789000,2026-08-18T08:43:39+00:00,2.078428032440627,1.2834280324406269,0.13592949590513476,0.03715602851185318
2026-08-31,0.03561643835616438,13,C,790.0,0.685,0.029999999999999916,mid,1.6397564795254629,18.0,0.0,770.3342101802784,778.5800170898438,771.3830892177326,0.9975149026030734,0.06986072980910717,0.0316574864432284,parity (regression),56,0.02384782212358843,1.0863051642428039,0.09856353251233047,XSP260831C00790000,2026-08-18T08:43:39+00:00,1.9012839482881532,1.2162839482881531,0.13597687543121809,0.03741334291888762
2026-08-31,0.03561643835616438,13,C,791.0,0.575,0.029999999999999916,mid,1.6439115721180555,14.0,0.0,770.3342101802784,778.5800170898438,771.3830892177326,0.9975149026030734,0.06986072980910717,0.0316574864432284,parity (regression),56,0.025112844430175255,1.143928885914577,0.09780922832698612,XSP260831C00791000,2026-08-18T08:43:39+00:00,1.736648663496382,1.161648663496382,0.13602637758592548,0.03821714925893936
2026-08-31,0.03561643835616438,13,C,792.0,0.495,0.030000000000000027,mid,1.861677775821759,10.0,0.0,770.3342101802784,778.5800170898438,771.3830892177326,0.9975149026030734,0.06986072980910717,0.0316574864432284,parity (regression),56,0.026376268476947153,1.2014798043810193,0.09780972744642372,XSP260831C00792000,2026-08-18T08:43:39+00:00,1.583908418012868,1.0889084180128679,0.1360779764656003,0.03826824901917658
2026-08-31,0.03561643835616438,13,C,793.0,0.41500000000000004,0.02999999999999997,mid,1.867129164710648,10.0,0.0,770.3342101802784,778.5800170898438,771.3830892177326,0.9975149026030734,0.06986072980910717,0.0316574864432284,parity (regression),56,0.027638098297369202,1.2589581033727004,0.09730169473847274,XSP260831C00793000,2026-08-18T08:43:39+00:00,1.442453032042394,1.027453032042394,0.1361316457174258,0.03882995097895307
2026-08-31,0.03561643835616438,13,C,794.0,0.355,0.02999999999999997,mid,1.7363189795254628,22.0,0.0,770.3342101802784,778.5800170898438,771.3830892177326,0.9975149026030734,0.06986072980910717,0.0316574864432284,parity (regression),56,0.02889833790965707,1.3163639659255557,0.0973383777712428,XSP260831C00794000,2026-08-18T08:43:39+00:00,1.3116787254445654,0.9566787254445654,0.13618735857407152,0.038848980802828725
2026-08-31,0.03561643835616438,13,C,795.0,0.3,0.020000000000000018,mid,1.3934370350810186,1.0,0.0,770.3342101802784,778.5800170898438,771.3830892177326,0.9975149026030734,0.06986072980910717,0.0316574864432284,parity (regression),56,0.030156991316853166,1.3736975743843554,0.09719988180149844,XSP260831C00795000,2026-08-18T08:43:39+00:00,1.1909907133188256,0.8909907133188255,0.13624508788810352,0.03904520608660508
2026-08-31,0.03561643835616438,13,C,796.0,0.255,0.030000000000000027,mid,1.766353701747685,4.0,0.0,770.3342101802784,778.5800170898438,771.3830892177326,0.9975149026030734,0.06986072980910717,0.0316574864432284,parity (regression),56,0.031414062506904414,1.4309591104062467,0.09724982512706179,XSP260831C00796000,2026-08-18T08:43:39+00:00,1.0798055664704123,0.8248055664704123,0.13630480616632848,0.03905498103926669
2026-08-31,0.03561643835616438,13,C,797.0,0.22,0.020000000000000018,mid,1.8650689795254627,3.0,0.0,770.3342101802784,778.5800170898438,771.3830892177326,0.9975149026030734,0.06986072980910717,0.0316574864432284,parity (regression),56,0.03266955545273635,1.48814875496413,0.097625010023852,XSP260831C00797000,2026-08-18T08:43:39+00:00,0.9775533292665557,0.7575533292665557,0.13636648560323578,0.038741475579383775
2026-08-31,0.03561643835616438,13,C,798.0,0.19,0.020000000000000018,mid,1.7887842573032406,5.0,0.0,770.3342101802784,778.5800170898438,771.3830892177326,0.9975149026030734,0.06986072980910717,0.0316574864432284,parity (regression),56,0.03392347411233,1.5452666883501591,0.09804642977677512,XSP260831C00798000,2026-08-18T08:43:39+00:00,0.8836793910298866,0.6936793910298866,0.13643009811437323,0.03838366833759811
2026-08-31,0.03561643835616438,13,C,799.0,0.16499999999999998,0.03,mid,1.7717587943402777,8.0,0.0,770.3342101802784,778.5800170898438,771.3830892177326,0.9975149026030734,0.06986072980910717,0.0316574864432284,parity (regression),56,0.03517582242879603,1.6023130901791207,0.09858321453266096,XSP260831C00799000,2026-08-18T08:43:39+00:00,0.7976461105327104,0.6326461105327104,0.1364956153689446,0.03791240083628365
2026-08-31,0.03561643835616438,13,C,800.0,0.14,0.01999999999999999,mid,1.1374648128587963,63.0,0.0,770.3342101802784,778.5800170898438,771.3830892177326,0.9975149026030734,0.06986072980910717,0.0316574864432284,parity (regression),56,0.03642660433044858,1.659288139391797,0.09875981377970375,XSP260831C00800000,2026-08-18T08:43:39+00:00,0.7189341962973259,0.5789341962973259,0.1365630088219454,0.03780319504224164
2026-08-31,0.03561643835616438,13,C,801.0,0.13,0.020000000000000018,mid,1.6809601832291665,1.0,0.0,770.3342101802784,778.5800170898438,771.3830892177326,0.9975149026030734,0.06986072980910717,0.0316574864432284,parity (regression),56,0.03767582373088064,1.7161920142583984,0.10038575342249663,XSP260831C00801000,2026-08-18T08:43:39+00:00,0.6470438482429728,0.5170438482429728,0.13663224974476215,0.03624649632226552
2026-08-31,0.03561643835616438,13,C,802.0,0.11,0.01999999999999999,mid,1.7887842573032406,1.0,0.0,770.3342101802784,778.5800170898438,771.3830892177326,0.9975149026030734,0.06986072980910717,0.0316574864432284,parity (regression),56,0.03892348452903582,1.7730248923818341,0.10053742187076817,XSP260831C00802000,2026-08-18T08:43:39+00:00,0.5814956687389952,0.4714956687389952,0.13670330925708554,0.036165887386317375
2026-09-08,0.057534246575342465,21,C,725.0,48.05,0.5800000000000054,mid,7.756874535081018,,0.0,770.3342101802784,778.5800170898438,771.8749433661358,0.9982632293079989,0.030212972798208372,-0.004515674717539345,parity (regression),15,-0.0626508915898566,-2.200537356995418,0.1877274663516782,XSP260908C00725000,2026-08-18T08:43:39+00:00,47.05540541047935,-0.994594589520645,0.13658381963793206,-0.05114364671374613
2026-09-08,0.057534246575342465,21,C,730.0,43.29,0.519999999999996,mid,7.756874535081018,,0.0,770.3342101802784,778.5800170898438,771.8749433661358,0.9982632293079989,0.030212972798208372,-0.004515674717539345,parity (regression),15,-0.05577801230209465,-1.9591357226523742,0.1796617295498464,XSP260908C00730000,2026-08-18T08:43:39+00:00,42.24493126816526,-1.0450687318347391,0.1363807197688881,-0.04328100978095831
2026-09-08,0.057534246575342465,21,C,735.0,38.59,0.5,mid,8.738899998043982,,0.0,770.3342101802784,778.5800170898438,771.8749433661358,0.9982632293079989,0.030212972798208372,-0.004515674717539345,parity (regression),15,-0.04895204723169476,-1.719381893875375,0.1717294042661691,XSP260908C00735000,2026-08-18T08:43:39+00:00,37.53339030402606,-1.0566096959739468,0.1362020544921512,-0.03552734977401789
2026-09-08,0.057534246575342465,21,C,740.0,33.965,0.47000000000000597,mid,2.2337148128587963,1.0,0.0,770.3342101802784,778.5800170898438,771.8749433661358,0.9982632293079989,0.030212972798208372,-0.004515674717539345,parity (regression),15,-0.04217236024631597,-1.4812535272795977,0.16385561758115713,XSP260908C00740000,2026-08-18T08:43:39+00:00,32.958794153365375,-1.0062058466346286,0.13604805153597144,-0.027807566045185694
2026-09-08,0.057534246575342465,21,C,744.0,30.34,0.4399999999999977,mid,5.739490275821759,,0.0,770.3342101802784,778.5800170898438,771.8749433661358,0.9982632293079989,0.030212972798208372,-0.004515674717539345,parity (regression),15,-0.03678151161143954,-1.291906440495697,0.15773483079809092,XSP260908C00744000,2026-08-18T08:43:39+00:00,29.42742907668128,-0.9125709233187216,0.13594270461816366,-0.021792126179927263
2026-09-08,0.057534246575342465,21,C,745.0,29.625,0.7899999999999991,mid,6.340589812858796,6.0,0.0,770.3342101802784,778.5800170898438,771.8749433661358,0.9982632293079989,0.030212972798208372,-0.004515674717539345,parity (regression),15,-0.03543832806497186,-1.2447287308686201,0.1600492171220312,XSP260908C00745000,2026-08-18T08:43:39+00:00,28.565601489796677,-1.059398510203323,0.13591885311285784,-0.024130364009173372
2026-09-08,0.057534246575342465,21,C,750.0,25.055,0.46999999999999886,mid,2.107754164710648,2.0,0.0,770.3342101802784,778.5800170898438,771.8749433661358,0.9982632293079989,0.030212972798208372,-0.004515674717539345,parity (regression),15,-0.028749339914175335,-1.0097860519569195,0.14862994922903608,XSP260908C00750000,2026-08-18T08:43:39+00:00,24.402424685337223,-0.6525753146627764,0.13581451087179666,-0.012815438357239417
2026-09-08,0.057534246575342465,21,C,751.0,24.215,0.4299999999999997,mid,6.344964812858795,,0.0,770.3342101802784,778.5800170898438,771.8749433661358,0.9982632293079989,0.030212972798208372,-0.004515674717539345,parity (regression),15,-0.027416894680396688,-0.9629855126720943,0.1474804611192572,XSP260908C00751000,2026-08-18T08:43:39+00:00,23.601761944416126,-0.6132380555838743,0.13579662311162638,-0.011683838007630815
2026-09-08,0.057534246575342465,21,C,752.0,23.365000000000002,0.41000000000000014,mid,6.344964812858795,,0.0,770.3342101802784,778.5800170898438,771.8749433661358,0.9982632293079989,0.030212972798208372,-0.004515674717539345,parity (regression),15,-0.02608622249469158,-0.9162472495723729,0.14600745323306205,XSP260908C00752000,2026-08-18T08:43:39+00:00,22.812667151067444,-0.5523328489325579,0.13577972740893807,-0.010227725824123984
2026-09-08,0.057534246575342465,21,C,755.0,20.84,0.4200000000000017,mid,6.340589812858796,,0.0,770.3342101802784,778.5800170898438,771.8749433661358,0.9982632293079989,0.030212972798208372,-0.004515674717539345,parity (regression),15,-0.022104797195506728,-0.7764044654936001,0.1412371797908286,XSP260908C00755000,2026-08-18T08:43:39+00:00,20.518522578507714,-0.3214774214922862,0.1357349823407704,-0.005502197450058199
2026-09-08,0.057534246575342465,21,C,760.0,16.895000000000003,0.23000000000000043,mid,2.107754164710648,1.0,0.0,770.3342101802784,778.5800170898438,771.8749433661358,0.9982632293079989,0.030212972798208372,-0.004515674717539345,parity (regression),15,-0.015504113164154638,-0.5445633627715274,0.1346924787240004,XSP260908C00760000,2026-08-18T08:43:39+00:00,16.959446795424014,0.06444679542401133,0.13568012903956667,0.0009876503155662741
2026-09-08,0.057534246575342465,21,C,765.0,13.205,0.10999999999999943,mid,1.8662958313773146,41.0,0.0,770.3342101802784,778.5800170898438,771.8749433661358,0.9982632293079989,0.030212972798208372,-0.004515674717539345,parity (regression),15,-0.008946712617995536,-0.3142425405066213,0.12774307204797486,XSP260908C00765000,2026-08-18T08:43:39+00:00,13.76247694947358,0.5574769494735801,0.1356497163752313,0.007906644327256435
2026-09-08,0.057534246575342465,21,C,767.0,11.83,0.10000000000000142,mid,6.901492590636574,,0.0,770.3342101802784,778.5800170898438,771.8749433661358,0.9982632293079989,0.030212972798208372,-0.004515674717539345,parity (regression),15,-0.006335745077275242,-0.222535440009624,0.12507195620231495,XSP260908C00767000,2026-08-18T08:43:39+00:00,12.591164735825828,0.7611647358258278,0.13564432409688615,0.010572367894571194
2026-09-08,0.057534246575342465,21,C,768.0,11.155,0.08999999999999986,mid,6.901492590636574,,0.0,770.3342101802784,778.5800170898438,771.8749433661358,0.9982632293079989,0.030212972798208372,-0.004515674717539345,parity (regression),15,-0.005032813296859233,-0.17677152534434284,0.12359966059438758,XSP260908C00768000,2026-08-18T08:43:39+00:00,12.02911239993341,0.874112399933411,0.13564306725761224,0.012043406663224662
2026-09-08,0.057534246575342465,21,C,772.0,8.690000000000001,0.08000000000000007,mid,5.8610064795254635,,0.0,770.3342101802784,778.5800170898438,771.8749433661358,0.9982632293079989,0.030212972798208372,-0.004515674717539345,parity (regression),15,0.00016200358024477104,0.005690181276739266,0.11869578445839972,XSP260908C00772000,2026-08-18T08:43:39+00:00,9.9398526204738,1.2498526204737992,0.135647555107101,0.016951770648701278
2026-09-08,0.057534246575342465,21,C,773.0,8.120000000000001,0.08000000000000007,mid,6.908483331377314,,0.0,770.3342101802784,778.5800170898438,771.8749433661358,0.9982632293079989,0.030212972798208372,-0.004515674717539345,parity (regression),15,0.0014565021428904789,0.051157889291607334,0.11750346760730228,XSP260908C00773000,2026-08-18T08:43:39+00:00,9.457357771734507,1.3373577717345064,0.13565103730747688,0.0181475697001746
2026-09-08,0.057534246575342465,21,C,774.0,7.57,0.08000000000000007,mid,7.10134212767361,,0.0,770.3342101802784,778.5800170898438,771.8749433661358,0.9982632293079989,0.030212972798208372,-0.004515674717539345,parity (regression),15,0.002749327145195772,0.09656681550856615,0.11633097652291131,XSP260908C00774000,2026-08-18T08:43:39+00:00,8.99073364249665,1.42073364249665,0.13565545570168322,0.019324479178771906
2026-09-08,0.057534246575342465,21,C,775.0,7.045,0.07000000000000028,mid,1.386041201747685,1.0,0.0,770.3342101802784,778.5800170898438,771.8749433661358,0.9982632293079989,0.030212972798208372,-0.004515674717539345,parity (regression),15,0.0040404829088155686,0.14191711172055677,0.11524051861101214,XSP260908C00775000,2026-08-18T08:43:39+00:00,8.539906961033012,1.4949069610330117,0.13566080610679995,0.02042028749578781
2026-09-08,0.057534246575342465,21,C,780.0,4.734999999999999,0.0699999999999994,mid,5.66747638693287,5.0,0.0,770.3342101802784,778.5800170898438,771.8749433661358,0.9982632293079989,0.030212972798208372,-0.004515674717539345,parity (regression),15,0.010471373239106022,0.3677944145239523,0.1100523484957258,XSP260908C00780000,2026-08-18T08:43:39+00:00,6.518465817653464,1.7834658176534646,0.13570138297911546,0.025649034483389663
2026-09-08,0.057534246575342465,21,C,782.0,3.96,0.06000000000000005,mid,5.8610064795254635,,0.0,770.3342101802784,778.5800170898438,771.8749433661358,0.9982632293079989,0.030212972798208372,-0.004515674717539345,parity (regression),15,0.013032194100779737,0.4577401731186881,0.10807927979638868,XSP260908C00782000,2026-08-18T08:43:39+00:00,5.815240652097941,1.8552406520979412,0.13572397734146482,0.027644697545076147
2026-09-08,0.057534246575342465,21,C,785.0,2.965,0.050000000000000266,mid,1.386041201747685,2.0,0.0,770.3342101802784,778.5800170898438,771.8749433661358,0.9982632293079989,0.030212972798208372,-0.004515674717539345,parity (regression),15,0.01686117133787706,0.5922284020249456,0.10536110650892352,XSP260908C00785000,2026-08-18T08:43:39+00:00,4.8675233455059015,1.9025233455059016,0.13576456120946367,0.03040345470054015
2026-09-08,0.057534246575342465,21,C,788.0,2.185,0.04999999999999982,mid,4.745254164710649,,0.0,770.3342101802784,778.5800170898438,771.8749433661358,0.9982632293079989,0.030212972798208372,-0.004515674717539345,parity (regression),15,0.02067554341334773,0.7262036421620279,0.10337008247570546,XSP260908C00788000,2026-08-18T08:43:39+00:00,4.041462021228028,1.8564620212280283,0.13581304658489754,0.03244296410919208
2026-09-08,0.057534246575342465,21,C,789.0,1.9649999999999999,0.050000000000000044,mid,1.655578238784722,3.0,0.0,770.3342101802784,778.5800170898438,771.8749433661358,0.9982632293079989,0.030212972798208372,-0.004515674717539345,parity (regression),15,0.021943774401342764,0.7707487331505515,0.10280001491905058,XSP260908C00789000,2026-08-18T08:43:39+00:00,3.791657332550301,1.826657332550301,0.1358309380710025,0.03303092315195191
2026-09-08,0.057534246575342465,21,C,790.0,1.755,0.030000000000000027,mid,1.655578238784722,8.0,0.0,770.3342101802784,778.5800170898438,771.8749433661358,0.9982632293079989,0.030212972798208372,-0.004515674717539345,parity (regression),15,0.023210399016535835,0.8152374022227976,0.10209708715031811,XSP260908C00790000,2026-08-18T08:43:39+00:00,3.554059264474688,1.7990592644746881,0.1358496847324134,0.0337525975820953
2026-09-08,0.057534246575342465,21,C,795.0,0.985,0.030000000000000027,mid,1.386041201747685,1.0,0.0,770.3342101802784,778.5800170898438,771.8749433661358,0.9982632293079989,0.030212972798208372,-0.004515674717539345,parity (regression),15,0.029519568209800586,1.0368393962099274,0.09992200685332189,XSP260908C00795000,2026-08-18T08:43:39+00:00,2.53657370992147,1.55157370992147,0.1359560349489608,0.03603402809563891
2026-09-08,0.057534246575342465,21,C,800.0,0.525,0.030000000000000027,mid,1.790265738784722,2.0,0.0,770.3342101802784,778.5800170898438,771.8749433661358,0.9982632293079989,0.030212972798208372,-0.004515674717539345,parity (regression),15,0.03578918122339579,1.2570520268719079,0.09849638650759432,XSP260908C00800000,2026-08-18T08:43:39+00:00,1.7692692578030744,1.2442692578030745,0.13608284011361313,0.03758645360601881
2026-09-08,0.057534246575342465,21,C,805.0,0.275,0.02999999999999997,mid,1.8611337943402777,486.0,0.0,770.3342101802784,778.5800170898438,771.8749433661358,0.9982632293079989,0.030212972798208372,-0.004515674717539345,parity (regression),15,0.042019730974031895,1.4758926073164649,0.09816912454277614,XSP260908C00805000,2026-08-18T08:43:39+00:00,1.2059849610334794,0.9309849610334794,0.1362292850405971,0.03806016049782095
2026-09-08,0.057534246575342465,21,C,810.0,0.16,0.020000000000000018,mid,1.904166201747685,2.0,0.0,770.3342101802784,778.5800170898438,771.8749433661358,0.9982632293079989,0.030212972798208372,-0.004515674717539345,parity (regression),15,0.048211701221953,1.693378129041436,0.10034649026409403,XSP260908C00810000,2026-08-18T08:43:39+00:00,0.8033858675688492,0.6433858675688492,0.1363945208339115,0.03604803056981745
2026-09-18,0.08493150684931507,31,C,690.0,83.6,10.0,mid,1.8762842573032406,1.0,0.0,770.3342101802784,778.5800170898438,772.5914281230479,0.996921479941584,0.036302999481801816,0.0018529401407698792,parity (robust forward),61,-0.1130587577347093,-2.9691624841984323,0.24531323159087257,XSP260918C00690000,2026-08-18T08:43:39+00:00,82.3572791013255,-1.2427208986744915,0.1371543764920924,-0.10815885509878018
2026-09-18,0.08493150684931507,31,C,695.0,78.74,10.0,mid,7.778853701747685,1.0,0.0,770.3342101802784,778.5800170898438,772.5914281230479,0.996921479941584,0.036302999481801816,0.0018529401407698792,parity (robust forward),61,-0.10583850976122218,-2.7795434768872793,0.23757203579741665,XSP260918C00695000,2026-08-18T08:43:39+00:00,77.38876637826377,-1.3512336217362275,0.1369764010585015,-0.10059563473891514
2026-09-18,0.08493150684931507,31,C,697.0,76.81,10.0,mid,18.769791201747687,9.0,0.0,770.3342101802784,778.5800170898438,772.5914281230479,0.996921479941584,0.036302999481801816,0.0018529401407698792,parity (robust forward),61,-0.10296494456549046,-2.704077567425534,0.23481990501437291,XSP260918C00697000,2026-08-18T08:43:39+00:00,75.40415201033977,-1.4058479896602307,0.13690855519450973,-0.09791134981986319
2026-09-18,0.08493150684931507,31,C,698.0,75.84,10.0,mid,14.646099072118057,,0.0,770.3342101802784,778.5800170898438,772.5914281230479,0.996921479941584,0.036302999481801816,0.0018529401407698792,parity (robust forward),61,-0.10153125256364189,-2.66642577829326,0.23321701938118441,XSP260918C00698000,2026-08-18T08:43:39+00:00,74.4126048725393,-1.4273951274606986,0.13687535086180733,-0.09634166851937709
2026-09-18,0.08493150684931507,31,C,700.0,73.91,10.0,mid,2.1942472202662033,1.0,0.0,770.3342101802784,778.5800170898438,772.5914281230479,0.996921479941584,0.036302999481801816,0.0018529401407698792,parity (robust forward),61,-0.09867002028260971,-2.5912837572978344,0.23028452511141134,XSP260918C00700000,2026-08-18T08:43:39+00:00,72.43127527521563,-1.478724724784371,0.13681038153280276,-0.09347414357860859
2026-09-18,0.08493150684931507,31,C,701.0,72.94,10.0,mid,42.90604120174768,1.0,0.0,770.3342101802784,778.5800170898438,772.5914281230479,0.996921479941584,0.036302999481801816,0.0018529401407698792,parity (robust forward),61,-0.0972424682914243,-2.5537932178527045,0.22860357987453736,XSP260918C00701000,2026-08-18T08:43:39+00:00,71.4416020320914,-1.498397967908602,0.13677861731449484,-0.09182496256004252
2026-09-18,0.08493150684931507,31,C,704.0,70.06,10.0,mid,1.800242590636574,1.0,0.0,770.3342101802784,778.5800170898438,772.5914281230479,0.996921479941584,0.036302999481801816,0.0018529401407698792,parity (robust forward),61,-0.09297199916797191,-2.4416416520179256,0.22439123341920425,XSP260918C00704000,2026-08-18T08:43:39+00:00,68.47729118376458,-1.5827088162354244,0.13668621055639685,-0.0877050228628074
2026-09-18,0.08493150684931507,31,C,705.0,69.1,10.0,mid,1.7499995350810182,9.0,0.0,770.3342101802784,778.5800170898438,772.5914281230479,0.996921479941584,0.036302999481801816,0.0018529401407698792,parity (robust forward),61,-0.09155255251374567,-2.4043639758918625,0.2229200923062246,XSP260918C00705000,2026-08-18T08:43:39+00:00,67.49098967826535,-1.6090103217346439,0.13665637125526142,-0.08626372105096317
2026-09-18,0.08493150684931507,31,C,706.0,68.14,10.0,mid,11.788633794340278,1.0,0.0,770.3342101802784,778.5800170898438,772.5914281230479,0.996921479941584,0.036302999481801816,0.0018529401407698792,parity (robust forward),61,-0.09013511783277225,-2.3671391384456255,0.2214166216938152,XSP260918C00706000,2026-08-18T08:43:39+00:00,66.50571751857399,-1.6342824814260126,0.13662701385458312,-0.08478960783923209
2026-09-18,0.08493150684931507,31,C,708.0,66.22,10.0,mid,27.908494905451388,,0.0,770.3342101802784,778.5800170898438,772.5914281230479,0.996921479941584,0.036302999481801816,0.0018529401407698792,parity (robust forward),61,-0.0873062616322946,-2.292847381911742,0.21831518218404045,XSP260918C00708000,2026-08-18T08:43:39+00:00,64.53860514980681,-1.6813948501931861,0.13656974557978696,-0.08174543660425349
2026-09-18,0.08493150684931507,31,C,710.0,64.31,10.0,mid,6.779536572118055,11.0,0.0,770.3342101802784,778.5800170898438,772.5914281230479,0.996921479941584,0.036302999481801816,0.0018529401407698792,parity (robust forward),61,-0.08448538529065329,-2.2187651933756034,0.21538014121280336,XSP260918C00710000,2026-08-18T08:43:39+00:00,62.576696910088685,-1.7333030899113169,0.13651440710022567,-0.07886573411257769
2026-09-18,0.08493150684931507,31,C,712.0,62.41,10.0,mid,15.695612961006946,3.0,0.0,770.3342101802784,778.5800170898438,772.5914281230479,0.996921479941584,0.036302999481801816,0.0018529401407698792,parity (robust forward),61,-0.08167244391403865,-2.144891393830665,0.2125846528445326,XSP260918C00712000,2026-08-18T08:43:39+00:00,60.62082782397033,-1.7891721760296662,0.1364609993262012,-0.07612365351833139
2026-09-18,0.08493150684931507,31,C,714.0,60.510000000000005,10.000000000000007,mid,28.630809720266203,,0.0,770.3342101802784,778.5800170898438,772.5914281230479,0.996921479941584,0.036302999481801816,0.0018529401407698792,parity (robust forward),61,-0.07886739298642993,-2.0712248141919174,0.2096361393817175,XSP260918C00714000,2026-08-18T08:43:39+00:00,58.671930672296185,-1.8380693277038205,0.1364095227050764,-0.0732266166766411
2026-09-18,0.08493150684931507,31,C,715.0,59.56,10.0,mid,1.8918745350810184,2.0,0.0,770.3342101802784,778.5800170898438,772.5914281230479,0.996921479941584,0.036302999481801816,0.0018529401407698792,parity (robust forward),61,-0.07746781263200668,-2.034468869183874,0.20810640144571615,XSP260918C00715000,2026-08-18T08:43:39+00:00,57.70041601100024,-1.8595839889997592,0.1363845085875105,-0.07172189285820565
2026-09-18,0.08493150684931507,31,C,716.0,58.61,10.0,mid,18.68758055359954,12.0,0.0,770.3342101802784,778.5800170898438,772.5914281230479,0.996921479941584,0.036302999481801816,0.0018529401407698792,parity (robust forward),61,-0.07607018836536873,-1.9977642951848913,0.20654056865883735,XSP260918C00716000,2026-08-18T08:43:39+00:00,56.731040857479115,-1.878959142520884,0.13635997721159604,-0.07018059144724131
2026-09-18,0.08493150684931507,31,C,717.0,57.67,10.0,mid,43.68432823878472,,0.0,770.3342101802784,778.5800170898438,772.5914281230479,0.996921479941584,0.036302999481801816,0.0018529401407698792,parity (robust forward),61,-0.074674514726394,-1.9611109488005953,0.2051923964611946,XSP260918C00717000,2026-08-18T08:43:39+00:00,55.76395132277764,-1.9060486772223584,0.13633592849943554,-0.06885646796175907
2026-09-18,0.08493150684931507,31,C,718.0,56.73,10.0,mid,22.881237961006946,1.0,0.0,770.3342101802784,778.5800170898438,772.5914281230479,0.996921479941584,0.036302999481801816,0.0018529401407698792,parity (robust forward),61,-0.0732807862777902,-1.924508687236173,0.20380007251818588,XSP260918C00718000,2026-08-18T08:43:39+00:00,54.79930036857161,-1.9306996314283893,0.1363123623429884,-0.06748771017519747
2026-09-18,0.08493150684931507,31,C,719.0,55.78,10.0,mid,16.38451342396991,3.0,0.0,770.3342101802784,778.5800170898438,772.5914281230479,0.996921479941584,0.036302999481801816,0.0018529401407698792,parity (robust forward),61,-0.0718889976049677,-1.88795736829303,0.20212087919711524,XSP260918C00719000,2026-08-18T08:43:39+00:00,53.83724786741675,-1.9427521325832515,0.1362892786037454,-0.06583160059336984
2026-09-18,0.08493150684931507,31,C,720.0,54.85,10.0,mid,5.642152312858796,1.0,0.0,770.3342101802784,778.5800170898438,772.5914281230479,0.996921479941584,0.036302999481801816,0.0018529401407698792,parity (robust forward),61,-0.0704991433159134,-1.85145685036548,0.20088666916840078,XSP260918C00720000,2026-08-18T08:43:39+00:00,52.877960640969036,-1.9720393590309655,0.13626667711250787,-0.06461999205589292
2026-09-18,0.08493150684931507,31,C,721.0,53.91,10.0,mid,11.790856016562499,1.0,0.0,770.3342101802784,778.5800170898438,772.5914281230479,0.996921479941584,0.036302999481801816,0.0018529401407698792,parity (robust forward),61,-0.06911121804106533,-1.8150069924374503,0.19936723862897004,XSP260918C00721000,2026-08-18T08:43:39+00:00,51.921612474667086,-1.9883875253329109,0.13624455766993732,-0.06312268095903273
2026-09-18,0.08493150684931507,31,C,722.0,52.97,10.0,mid,16.383020368414353,,0.0,770.3342101802784,778.5800170898438,772.5914281230479,0.996921479941584,0.036302999481801816,0.0018529401407698792,parity (robust forward),61,-0.06772521643318807,-1.778607654079211,0.19780696431724573,XSP260918C00722000,2026-08-18T08:43:39+00:00,50.968384107424185,-2.0016158925758134,0.13622292004496006,-0.06158404427228567
2026-09-18,0.08493150684931507,31,C,724.0,51.11,10.0,mid,12.873899998043981,2.0,0.0,770.3342101802784,778.5800170898438,772.5914281230479,0.996921479941584,0.036302999481801816,0.0018529401407698792,parity (robust forward),61,-0.06495896294029796,-1.7059599772654879,0.19501061781674026,XSP260918C00724000,2026-08-18T08:43:39+00:00,49.072044245463644,-2.0379557545363554,0.13618108917076116,-0.058829528645979096
2026-09-18,0.08493150684931507,31,C,725.0,50.18,10.0,mid,7.830427775821759,13.0,0.0,770.3342101802784,778.5800170898438,772.5914281230479,0.996921479941584,0.036302999481801816,0.0018529401407698792,parity (robust forward),61,-0.06357870047133957,-1.6697113608531726,0.19354167520411697,XSP260918C00725000,2026-08-18T08:43:39+00:00,48.12932852646156,-2.0506714735384364,0.1361608953049774,-0.05738077989913956
2026-09-18,0.08493150684931507,31,C,726.0,49.25,10.0,mid,27.908494905451388,5.0,0.0,770.3342101802784,778.5800170898438,772.5914281230479,0.996921479941584,0.036302999481801816,0.0018529401407698792,parity (robust forward),61,-0.06220034050121827,-1.6335127080906136,0.19202669626045582,XSP260918C00726000,2026-08-18T08:43:39+00:00,47.19052394173309,-2.0594760582669096,0.13614118202345518,-0.05588551423700064
2026-09-18,0.08493150684931507,31,C,727.0,48.33,10.0,mid,16.383020368414353,,0.0,770.3342101802784,778.5800170898438,772.5914281230479,0.996921479941584,0.036302999481801816,0.0018529401407698792,parity (robust forward),61,-0.060823877792495,-1.5973638814315656,0.1906762109157965,XSP260918C00727000,2026-08-18T08:43:39+00:00,46.25584487742856,-2.0741551225714403,0.13612194893965857,-0.05455426197613794
2026-09-18,0.08493150684931507,31,C,728.0,47.41,10.0,mid,6.731133794340277,2.0,0.0,770.3342101802784,778.5800170898438,772.5914281230479,0.996921479941584,0.036302999481801816,0.0018529401407698792,parity (robust forward),61,-0.05944930712932841,-1.561264743896986,0.18927348010222184,XSP260918C00728000,2026-08-18T08:43:39+00:00,45.3255120165436,-2.0844879834563983,0.136103195635481,-0.053170284466740825
2026-09-18,0.08493150684931507,31,C,729.0,46.49,10.0,mid,8.908309720266203,3.0,0.0,770.3342101802784,778.5800170898438,772.5914281230479,0.996921479941584,0.036302999481801816,0.0018529401407698792,parity (robust forward),61,-0.058076623317356246,-1.5252151590719178,0.18781949153112146,XSP260918C00729000,2026-08-18T08:43:39+00:00,44.399752121140295,-2.0902478788597065,0.13608492166133884,-0.051734569869782615
2026-09-18,0.08493150684931507,31,C,730.0,45.58,10.0,mid,6.737812035081018,1.0,0.0,770.3342101802784,778.5800170898438,772.5914281230479,0.996921479941584,0.036302999481801816,0.0018529401407698792,parity (robust forward),61,-0.056705821183577594,-1.4892149911023984,0.18651327956669586,XSP260918C00730000,2026-08-18T08:43:39+00:00,43.478797781841536,-2.1012022181584626,0.136067126536033,-0.050446153030662855
2026-09-18,0.08493150684931507,31,C,731.0,44.66,10.0,mid,13.704582868414352,25.0,0.0,770.3342101802784,778.5800170898438,772.5914281230479,0.996921479941584,0.036302999481801816,0.0018529401407698792,parity (robust forward),61,-0.0553368955762358,-1.4532641046923844,0.18495580226396247,XSP260918C00731000,2026-08-18T08:43:39+00:00,42.56288713432207,-2.0971128656779285,0.136049809746727,-0.04890599251723546
2026-09-18,0.08493150684931507,31,C,732.0,43.75,10.0,mid,6.734606016562499,1.0,0.0,770.3342101802784,778.5800170898438,772.5914281230479,0.996921479941584,0.036302999481801816,0.0018529401407698792,parity (robust forward),61,-0.05396984136470275,-1.4173623651007132,0.18354057188174563,XSP260918C00732000,2026-08-18T08:43:39+00:00,41.65226354270021,-2.0977364572997885,0.13603297074896553,-0.0475076011327801
2026-09-18,0.08493150684931507,31,C,733.0,42.85,10.0,mid,6.731133794340277,1.0,0.0,770.3342101802784,778.5800170898438,772.5914281230479,0.996921479941584,0.036302999481801816,0.0018529401407698792,parity (robust forward),61,-0.05260465343936283,-1.3815096381380538,0.18225778741189252,XSP260918C00733000,2026-08-18T08:43:39+00:00,40.74717524993389,-2.1028247500661124,0.13601660896658588,-0.04624117844530665
2026-09-18,0.08493150684931507,31,C,734.0,41.94,10.0,mid,6.737812035081018,1.0,0.0,770.3342101802784,778.5800170898438,772.5914281230479,0.996921479941584,0.036302999481801816,0.0018529401407698792,parity (robust forward),61,-0.05124132671149876,-1.3457057901639107,0.18073020846022717,XSP260918C00734000,2026-08-18T08:43:39+00:00,39.84787499553818,-2.0921250044618205,0.1360007237917267,-0.04472948466850046
2026-09-18,0.08493150684931507,31,C,735.0,40.51,5.0,mid,5.788622220266204,1.0,0.0,770.3342101802784,778.5800170898438,772.5914281230479,0.996921479941584,0.036302999481801816,0.0018529401407698792,parity (robust forward),61,-0.049879856113177676,-1.309950688083631,0.16950339035022902,XSP260918C00735000,2026-08-18T08:43:39+00:00,38.954619601145055,-1.5553803988549433,0.13598531458498864,-0.03351807576524038
2026-09-18,0.08493150684931507,31,C,736.0,39.73,5.0,mid,16.26685138693287,6.0,0.0,770.3342101802784,778.5800170898438,772.5914281230479,0.996921479941584,0.036302999481801816,0.0018529401407698792,parity (robust forward),61,-0.048520236597138125,-1.2742441993454363,0.17045968902940742,XSP260918C00736000,2026-08-18T08:43:39+00:00,38.06766952464295,-1.6623304753570451,0.13597038067480097,-0.03448930835460645
2026-09-18,0.08493150684931507,31,C,737.0,38.81,5.0,mid,14.884872220266205,2.0,0.0,770.3342101802784,778.5800170898438,772.5914281230479,0.996921479941584,0.036302999481801816,0.0018529401407698792,parity (robust forward),61,-0.047162463136677775,-1.2385861919374752,0.16871738685244156,XSP260918C00737000,2026-08-18T08:43:39+00:00,37.18728838386153,-1.6227116161384743,0.1359559213584971,-0.03276146549394446
2026-09-18,0.08493150684931507,31,C,738.0,37.91,5.0,mid,12.801087498043982,1.0,0.0,770.3342101802784,778.5800170898438,772.5914281230479,0.996921479941584,0.036302999481801816,0.0018529401407698792,parity (robust forward),61,-0.04580653072554189,-1.2029765343848926,0.16728129587979132,XSP260918C00738000,2026-08-18T08:43:39+00:00,36.31374245097152,-1.5962575490284792,0.13594193590197565,-0.03133935997781567
2026-09-18,0.08493150684931507,31,C,739.0,37.545,1.4699999999999989,mid,7.730196294340277,3.0,0.0,770.3342101802784,778.5800170898438,772.5914281230479,0.996921479941584,0.036302999481801816,0.0018529401407698792,parity (robust forward),61,-0.04445243437781263,-1.1674150957469238,0.17490925681432057,XSP260918C00739000,2026-08-18T08:43:39+00:00,35.44730011900049,-2.0976998809995138,0.13592842353872117,-0.0389808332755994
2026-09-18,0.08493150684931507,31,C,740.0,36.14,5.0,mid,1.7735874980439814,2.0,0.0,770.3342101802784,778.5800170898438,772.5914281230479,0.996921479941584,0.036302999481801816,0.0018529401407698792,parity (robust forward),61,-0.04310016912779886,-1.1319017456140006,0.16473702474231902,XSP260918C00740000,2026-08-18T08:43:39+00:00,34.588231342070344,-1.5517686579296566,0.13591538347133814,-0.028821641270980886
2026-09-18,0.08493150684931507,31,C,741.0,35.26,5.0,mid,8.885844442488425,1.0,0.0,770.3342101802784,778.5800170898438,772.5914281230479,0.996921479941584,0.036302999481801816,0.0018529401407698792,parity (robust forward),61,-0.04174973002992742,-1.0964363541048943,0.1634434711698057,XSP260918C00741000,2026-08-18T08:43:39+00:00,33.73680705118113,-1.523192948818867,0.13590281487083083,-0.02754065629897487
2026-09-18,0.08493150684931507,31,C,742.0,34.900000000000006,1.4600000000000009,mid,1.8499995350810183,2.0,0.0,770.3342101802784,778.5800170898438,772.5914281230479,0.996921479941584,0.036302999481801816,0.0018529401407698792,parity (robust forward),61,-0.04040111215863387,-1.0610187918638487,0.17047028984464768,XSP260918C00742000,2026-08-18T08:43:39+00:00,32.893298547560676,-2.00670145243933,0.13589071687694124,-0.034579572967706446
2026-09-18,0.08493150684931507,31,C,743.0,34.025,1.4500000000000028,mid,5.869281942488426,1.0,0.0,770.3342101802784,778.5800170898438,772.5914281230479,0.996921479941584,0.036302999481801816,0.0018529401407698792,parity (robust forward),61,-0.03905431060825517,-1.02564893005776,0.16896692842423075,XSP260918C00743000,2026-08-18T08:43:39+00:00,32.057976875793315,-1.9670231242066833,0.13587908859799236,-0.03308783982623839
2026-09-18,0.08493150684931507,31,C,744.0,32.67,5.0,mid,1.8734833313773147,1.0,0.0,770.3342101802784,778.5800170898438,772.5914281230479,0.996921479941584,0.036302999481801816,0.0018529401407698792,parity (robust forward),61,-0.03770932049292248,-0.9903266403733623,0.15992781888085128,XSP260918C00744000,2026-08-18T08:43:39+00:00,31.23111217913595,-1.4388878208640534,0.13586792911123566,-0.024059889769615622
2026-09-18,0.08493150684931507,31,C,745.0,31.810000000000002,5.0000000000000036,mid,1.7438189795254628,53.0,0.0,770.3342101802784,778.5800170898438,772.5914281230479,0.996921479941584,0.036302999481801816,0.0018529401407698792,parity (robust forward),61,-0.036366136946454845,-0.9550517950144349,0.1586499360841092,XSP260918C00745000,2026-08-18T08:43:39+00:00,30.412973039582425,-1.397026960417577,0.135857237462904,-0.0227926986212052
2026-09-18,0.08493150684931507,31,C,746.0,30.97,5.0,mid,1.6457749980439813,4.0,0.0,770.3342101802784,778.5800170898438,772.5914281230479,0.996921479941584,0.036302999481801816,0.0018529401407698792,parity (robust forward),61,-0.03502475512225352,-0.9198242666990277,0.15759773004403152,XSP260918C00746000,2026-08-18T08:43:39+00:00,29.603825805403517,-1.366174194596482,0.13584701266824578,-0.02175071737578574
2026-09-18,0.08493150684931507,31,C,747.0,30.119999999999997,4.9999999999999964,mid,11.839316664710648,2.0,0.0,770.3342101802784,778.5800170898438,772.5914281230479,0.996921479941584,0.036302999481801816,0.0018529401407698792,parity (robust forward),61,-0.03368517019319708,-0.8846439286567063,0.15630782619547862,XSP260918C00747000,2026-08-18T08:43:39+00:00,28.803933909035095,-1.3160660909649025,0.1358372537117824,-0.020470572483696214
2026-09-18,0.08493150684931507,31,C,748.0,29.29,5.0,mid,7.882383794340277,4.0,0.0,770.3342101802784,778.5800170898438,772.5914281230479,0.996921479941584,0.036302999481801816,0.0018529401407698792,parity (robust forward),61,-0.03234737735153715,-0.8495106546258134,0.15522966423401918,XSP260918C00748000,2026-08-18T08:43:39+00:00,28.01355717829199,-1.2764428217080095,0.1358279595473863,-0.01940170468663288
2026-09-18,0.08493150684931507,31,C,749.0,28.94,1.3599999999999994,mid,5.826249535081018,1.0,0.0,770.3342101802784,778.5800170898438,772.5914281230479,0.996921479941584,0.036302999481801816,0.0018529401407698792,parity (robust forward),61,-0.03101137180879493,-0.8144243188507517,0.16090329635869535,XSP260918C00749000,2026-08-18T08:43:39+00:00,27.23295114400969,-1.7070488559903119,0.1358191290984081,-0.025084167260287255
2026-09-18,0.08493150684931507,31,C,750.0,27.63,5.0,mid,1.634941664710648,53.0,0.0,770.3342101802784,778.5800170898438,772.5914281230479,0.996921479941584,0.036302999481801816,0.0018529401407698792,parity (robust forward),61,-0.029677148795658182,-0.7793847960792785,0.15280250181153954,XSP260918C00750000,2026-08-18T08:43:39+00:00,26.462366347281204,-1.167633652718795,0.13581076125798677,-0.016991740553552764
2026-09-18,0.08493150684931507,31,C,751.0,26.8,5.0,mid,16.393170831377315,5.0,0.0,770.3342101802784,778.5800170898438,772.5914281230479,0.996921479941584,0.036302999481801816,0.0018529401407698792,parity (robust forward),61,-0.028344703561879573,-0.7443919615598357,0.15145603540850208,XSP260918C00751000,2026-08-18T08:43:39+00:00,25.702047649535643,-1.0979523504643574,0.1358028548890772,-0.01565318051942488
2026-09-18,0.08493150684931507,31,C,752.0,26.0,5.0,mid,8.810693979525462,6.0,0.0,770.3342101802784,778.5800170898438,772.5914281230479,0.996921479941584,0.036302999481801816,0.0018529401407698792,parity (robust forward),61,-0.027014031376174506,-0.7094456910388669,0.15043304490770879,XSP260918C00752000,2026-08-18T08:43:39+00:00,24.95223354872826,-1.047766451271741,0.13579540882466448,-0.014637636083044303
2026-09-18,0.08493150684931507,31,C,753.0,25.665,1.3099999999999987,mid,6.8675921276736105,2.0,0.0,770.3342101802784,778.5800170898438,772.5914281230479,0.996921479941584,0.036302999481801816,0.0018529401407698792,parity (robust forward),61,-0.025685127526120767,-0.6745458607581821,0.15552916350660254,XSP260918C00753000,2026-08-18T08:43:39+00:00,24.213155504946826,-1.451844495053173,0.13578842186821935,-0.019740741638383186
2026-09-18,0.08493150684931507,31,C,754.0,24.39,5.0,mid,6.755474072118055,1.0,0.0,770.3342101802784,778.5800170898438,772.5914281230479,0.996921479941584,0.036302999481801816,0.0018529401407698792,parity (robust forward),61,-0.024357987318058282,-0.6396923474523244,0.14795634344297645,XSP260918C00754000,2026-08-18T08:43:39+00:00,23.485037278720483,-0.9049627212795173,0.13578189279337533,-0.012174450649601126
2026-09-18,0.08493150684931507,31,C,755.0,23.61,5.0,mid,1.634941664710648,2.0,0.0,770.3342101802784,778.5800170898438,772.5914281230479,0.996921479941584,0.036302999481801816,0.0018529401407698792,parity (robust forward),61,-0.023032606076989665,-0.6048850283459589,0.146900650100394,XSP260918C00755000,2026-08-18T08:43:39+00:00,22.768094285296797,-0.8419057147032021,0.13577582034484917,-0.011124829755544824
2026-09-18,0.08493150684931507,31,C,756.0,23.285,1.2899999999999991,mid,1.8681939795254627,2.0,0.0,770.3342101802784,778.5800170898438,772.5914281230479,0.996921479941584,0.036302999481801816,0.0018529401407698792,parity (robust forward),61,-0.021708979146481382,-0.5701237811512767,0.15156556628165682,XSP260918C00756000,2026-08-18T08:43:39+00:00,22.06253296809632,-1.2224670319036797,0.13577020323758732,-0.015795363044069505
2026-09-18,0.08493150684931507,31,C,757.0,22.515,1.2899999999999991,mid,5.823251849895834,3.0,0.0,770.3342101802784,778.5800170898438,772.5914281230479,0.996921479941584,0.036302999481801816,0.0018529401407698792,parity (robust forward),61,-0.020387101888565615,-0.5354084840654177,0.15034884631831982,XSP260918C00757000,2026-08-18T08:43:39+00:00,21.36855019448467,-1.1464498055153314,0.13576504015868532,-0.014583806159634505
2026-09-18,0.08493150684931507,31,C,758.0,21.29,5.0,mid,1.6763884239699072,1.0,0.0,770.3342101802784,778.5800170898438,772.5914281230479,0.996921479941584,0.036302999481801816,0.0018529401407698792,parity (robust forward),61,-0.019066969683642746,-0.5007390157679098,0.14335884104345828,XSP260918C00758000,2026-08-18T08:43:39+00:00,20.68633267689711,-0.60366732310289,0.1357603297660441,-0.007598511277414177
2026-09-18,0.08493150684931507,31,C,759.0,20.985,1.2699999999999996,mid,4.900751849895833,1.0,0.0,770.3342101802784,778.5800170898438,772.5914281230479,0.996921479941584,0.036302999481801816,0.0018529401407698792,parity (robust forward),61,-0.017748577930384375,-0.46611525541812143,0.14773295537391168,XSP260918C00759000,2026-08-18T08:43:39+00:00,20.01605642223757,-0.9689435777624311,0.13575607068940038,-0.011976884684511302
2026-09-18,0.08493150684931507,31,C,760.0,19.79,5.0,mid,1.7502310165625,2.0,0.0,770.3342101802784,778.5800170898438,772.5914281230479,0.996921479941584,0.036302999481801816,0.0018529401407698792,parity (robust forward),61,-0.01643192204563755,-0.4315370826527472,0.1410398081042974,XSP260918C00760000,2026-08-18T08:43:39+00:00,19.357886212330868,-0.432113787669131,0.13575226153046538,-0.005287546573832014
2026-09-18,0.08493150684931507,31,C,761.0,19.07,5.0,mid,1.883078238784722,5.0,0.0,770.3342101802784,778.5800170898438,772.5914281230479,0.996921479941584,0.036302999481801816,0.0018529401407698792,parity (robust forward),61,-0.01511699746432849,-0.39700437758327883,0.14007359224264837,XSP260918C00761000,2026-08-18T08:43:39+00:00,18.711975118045018,-0.3580248819549823,0.13574890086309896,-0.004324691379549411
2026-09-18,0.08493150684931507,31,C,762.0,18.744999999999997,1.2300000000000004,mid,5.897117590636574,1.0,0.0,770.3342101802784,778.5800170898438,772.5914281230479,0.996921479941584,0.036302999481801816,0.0018529401407698792,parity (robust forward),61,-0.013803799639368066,-0.36251702079352316,0.14368619746168473,XSP260918C00762000,2026-08-18T08:43:39+00:00,18.078464049523063,-0.6665359504769341,0.13574598723407263,-0.007940210227612099
2026-09-18,0.08493150684931507,31,C,763.0,17.62,5.000000000000002,mid,6.708830553599537,4.0,0.0,770.3342101802784,778.5800170898438,772.5914281230479,0.996921479941584,0.036302999481801816,0.0018529401407698792,parity (robust forward),61,-0.012492324041557345,-0.3280748933371214,0.13766218210289985,XSP260918C00763000,2026-08-18T08:43:39+00:00,17.457481344765938,-0.16251865523406295,0.1357435191624389,-0.0019186629404609468
2026-09-18,0.08493150684931507,31,C,764.0,16.92,5.000000000000002,mid,6.881434720266204,1.0,0.0,770.3342101802784,778.5800170898438,772.5914281230479,0.996921479941584,0.036302999481801816,0.0018529401407698792,parity (robust forward),61,-0.011182566159493873,-0.2936778767350881,0.13656961155194558,XSP260918C00764000,2026-08-18T08:43:39+00:00,16.84914239859279,-0.0708576014072122,0.13574149514074235,-0.000828116411203228
2026-09-18,0.08493150684931507,31,C,765.0,16.23,5.0,mid,4.9358560165625,5.0,0.0,770.3342101802784,778.5800170898438,772.5914281230479,0.996921479941584,0.036302999481801816,0.0018529401407698792,parity (robust forward),61,-0.009874521499478537,-0.259325852973365,0.13546719821355718,XSP260918C00765000,2026-08-18T08:43:39+00:00,16.25354933378452,0.023549333784519177,0.135739913634911,0.00027271542135381965
2026-09-18,0.08493150684931507,31,C,766.0,15.55,5.0,mid,1.8193629610069442,5.0,0.0,770.3342101802784,778.5800170898438,772.5914281230479,0.996921479941584,0.036302999481801816,0.0018529401407698792,parity (robust forward),61,-0.008568185585423087,-0.22501870450039246,0.13435132963223095,XSP260918C00766000,2026-08-18T08:43:39+00:00,15.670790715967485,0.12079071596748392,0.13573877308467025,0.0013874434524392965
2026-09-18,0.08493150684931507,31,C,767.0,15.274999999999999,1.17,mid,1.7650342573032405,11.0,0.0,770.3342101802784,778.5800170898438,772.5914281230479,0.996921479941584,0.036302999481801816,0.0018529401407698792,parity (robust forward),61,-0.007263553958758213,-0.19075631422469516,0.1377219708403896,XSP260918C00767000,2026-08-18T08:43:39+00:00,15.100941313554529,-0.17405868644546985,0.13573807190375534,-0.001983898936634254
2026-09-18,0.08493150684931507,31,C,769.0,13.92,0.5,mid,1.7738074054513888,2.0,0.0,770.3342101802784,778.5800170898438,772.5914281230479,0.996921479941584,0.036302999481801816,0.0018529401407698792,parity (robust forward),61,-0.004659385820370337,-0.12236534218527437,0.1348338253939602,XSP260918C00769000,2026-08-18T08:43:39+00:00,14.000199125733616,0.08019912573361587,0.13573798117795066,0.0009041557839904735
2026-09-18,0.08493150684931507,31,C,770.0,13.3,0.3800000000000008,mid,1.7742472202662036,14.0,0.0,770.3342101802784,778.5800170898438,772.5914281230479,0.996921479941584,0.036302999481801816,0.0018529401407698792,parity (robust forward),61,-0.003359840478284791,-0.08823652851752403,0.1338365351257863,XSP260918C00770000,2026-08-18T08:43:39+00:00,13.46938538057799,0.1693853805779888,0.13573858833415317,0.0019020532083668662
2026-09-18,0.08493150684931507,31,C,771.0,12.684999999999999,0.3699999999999992,mid,5.660994905451389,22.0,0.0,770.3342101802784,778.5800170898438,772.5914281230479,0.996921479941584,0.036302999481801816,0.0018529401407698792,parity (robust forward),61,-0.0020619817626848463,-0.054152009234271124,0.1327542312150989,XSP260918C00771000,2026-08-18T08:43:39+00:00,12.95163877976762,0.2666387797676215,0.13573962826330851,0.0029853970482096037
2026-09-18,0.08493150684931507,31,C,772.0,12.085,0.3699999999999992,mid,6.70341388693287,5.0,0.0,770.3342101802784,778.5800170898438,772.5914281230479,0.996921479941584,0.036302999481801816,0.0018529401407698792,parity (robust forward),61,-0.0007658053012381771,-0.02011166950880633,0.1316958839191183,XSP260918C00772000,2026-08-18T08:43:39+00:00,12.446963140690912,0.36196314069091073,0.13574109925455113,0.004045215335432839
2026-09-18,0.08493150684931507,31,C,773.0,11.5,0.35999999999999943,mid,1.6401962943402777,2.0,0.0,770.3342101802784,778.5800170898438,772.5914281230479,0.996921479941584,0.036302999481801816,0.0018529401407698792,parity (robust forward),61,0.0005286932614076018,0.013884605039650468,0.13065794701615005,XSP260918C00773000,2026-08-18T08:43:39+00:00,11.955348029790002,0.45534802979000233,0.13574299957390382,0.005085052557753766
2026-09-18,0.08493150684931507,31,C,774.0,10.93,0.379999999999999,mid,1.840717127673611,1.0,0.0,770.3342101802784,778.5800170898438,772.5914281230479,0.996921479941584,0.036302999481801816,0.0018529401407698792,parity (robust forward),61,0.0018215182637128548,0.04783692834825911,0.12963708651365657,XSP260918C00774000,2026-08-18T08:43:39+00:00,11.476768852503199,0.5467688525031988,0.13574532746386786,0.0061082409502112855
2026-09-18,0.08493150684931507,31,C,775.0,10.370000000000001,0.3600000000000012,mid,1.3143629610069445,2.0,0.0,770.3342101802784,778.5800170898438,772.5914281230479,0.996921479941584,0.036302999481801816,0.0018529401407698792,parity (robust forward),61,0.0031126740273326116,0.08174541391283578,0.12857421458732268,XSP260918C00775000,2026-08-18T08:43:39+00:00,11.011186989245573,0.6411869892455719,0.13574808114394762,0.0071738665566249415
2026-09-18,0.08493150684931507,31,C,776.0,9.83,0.379999999999999,mid,5.735925461006945,6.0,0.0,770.3342101802784,778.5800170898438,772.5914281230479,0.996921479941584,0.036302999481801816,0.0018529401407698792,parity (robust forward),61,0.0044021648572044655,0.11561017479016134,0.12757811909148803,XSP260918C00776000,2026-08-18T08:43:39+00:00,10.558549976381869,0.7285499763818688,0.13575125881115496,0.008173139719666933
2026-09-18,0.08493150684931507,31,C,777.0,9.309999999999999,0.3800000000000008,mid,1.7241083313773147,7.0,0.0,770.3342101802784,778.5800170898438,772.5914281230479,0.996921479941584,0.036302999481801816,0.0018529401407698792,parity (robust forward),61,0.005689995041633034,0.14943132360019945,0.12664650723090767,XSP260918C00777000,2026-08-18T08:43:39+00:00,10.118791730907446,0.8087917309074477,0.13575485864018716,0.009108351409279486
2026-09-18,0.08493150684931507,31,C,778.0,8.795,0.370000000000001,mid,1.759189349895833,11.0,0.0,770.3342101802784,778.5800170898438,772.5914281230479,0.996921479941584,0.036302999481801816,0.0018529401407698792,parity (robust forward),61,0.006976168852377293,0.1832089725283903,0.12560769199156904,XSP260918C00778000,2026-08-18T08:43:39+00:00,9.691832817331147,0.8968328173311466,0.13575887878404755,0.010151186792478506
2026-09-18,0.08493150684931507,31,C,779.0,8.309999999999999,0.3800000000000008,mid,1.761515738784722,3.0,0.0,770.3342101802784,778.5800170898438,772.5914281230479,0.996921479941584,0.036302999481801816,0.0018529401407698792,parity (robust forward),61,0.008260690544733834,0.21694323332783677,0.12474239097359828,XSP260918C00779000,2026-08-18T08:43:39+00:00,9.27758075504073,0.967580755040732,0.13576331737436248,0.0110209264007642
2026-09-18,0.08493150684931507,31,C,780.0,7.84,0.35999999999999943,mid,1.8193629610069442,11.0,0.0,770.3342101802784,778.5800170898438,772.5914281230479,0.996921479941584,0.036302999481801816,0.0018529401407698792,parity (robust forward),61,0.009543564357623088,0.25063421732156926,0.1238797143651936,XSP260918C00780000,2026-08-18T08:43:39+00:00,8.875930364234932,1.0359303642349325,0.1357681725215269,0.011888458156333298
2026-09-18,0.08493150684931507,31,C,781.0,7.38,0.35999999999999943,mid,1.8945134239699073,1.0,0.0,770.3342101802784,778.5800170898438,772.5914281230479,0.996921479941584,0.036302999481801816,0.0018529401407698792,parity (robust forward),61,0.010824794513671512,0.28428203540470387,0.12295986660746011,XSP260918C00781000,2026-08-18T08:43:39+00:00,8.486764148330394,1.1067641483303943,0.1357734423163765,0.012813575708916392
2026-09-18,0.08493150684931507,31,C,782.0,6.9399999999999995,0.3600000000000003,mid,1.7502310165625,7.0,0.0,770.3342101802784,778.5800170898438,772.5914281230479,0.996921479941584,0.036302999481801816,0.0018529401407698792,parity (robust forward),61,0.012104385219296724,0.31788679804667813,0.1220969491150543,XSP260918C00782000,2026-08-18T08:43:39+00:00,8.109952710584707,1.1699527105847078,0.13577912482822346,0.013682175713169167
2026-09-18,0.08493150684931507,31,C,783.0,6.515000000000001,0.35000000000000053,mid,1.8766430535995369,3.0,0.0,770.3342101802784,778.5800170898438,772.5914281230479,0.996921479941584,0.036302999481801816,0.0018529401407698792,parity (robust forward),61,0.013382340664788843,0.35144861529338745,0.12123207793680554,XSP260918C00783000,2026-08-18T08:43:39+00:00,7.745355202533801,1.2303552025338007,0.13578521810761032,0.01455314017080478
2026-09-18,0.08493150684931507,31,C,784.0,6.11,0.33999999999999986,mid,1.8193629610069442,5.0,0.0,770.3342101802784,778.5800170898438,772.5914281230479,0.996921479941584,0.036302999481801816,0.0018529401407698792,parity (robust forward),61,0.014658665024393468,0.384967596769364,0.1204245943579704,XSP260918C00784000,2026-08-18T08:43:39+00:00,7.392819801719554,1.2828198017195538,0.1357917201855693,0.015367125827598888
2026-09-18,0.08493150684931507,31,C,785.0,5.72,0.33999999999999986,mid,1.6829509239699072,18.0,0.0,770.3342101802784,778.5800170898438,772.5914281230479,0.996921479941584,0.036302999481801816,0.0018529401407698792,parity (robust forward),61,0.01593336245639415,0.41844385167994286,0.11961507348858628,XSP260918C00785000,2026-08-18T08:43:39+00:00,7.052184216072021,1.3321842160720214,0.13579862907442192,0.016183555585835632
2026-09-18,0.08493150684931507,31,C,786.0,5.36,0.33999999999999986,mid,4.781284257303241,4.0,0.0,770.3342101802784,778.5800170898438,772.5914281230479,0.996921479941584,0.036302999481801816,0.0018529401407698792,parity (robust forward),61,0.01720643710319214,0.4518774888133562,0.11899104033078031,XSP260918C00786000,2026-08-18T08:43:39+00:00,6.723276212230417,1.3632762122304163,0.13580594276792815,0.01681490243714784
2026-09-18,0.08493150684931507,31,C,787.0,5.005,0.33000000000000007,mid,1.6987495350810184,5.0,0.0,770.3342101802784,778.5800170898438,772.5914281230479,0.996921479941584,0.036302999481801816,0.0018529401407698792,parity (robust forward),61,0.018477893091388923,0.48526861654290093,0.11824433877721732,XSP260918C00787000,2026-08-18T08:43:39+00:00,6.405914165013371,1.4009141650133712,0.13581365924202093,0.01756932046480361
2026-09-18,0.08493150684931507,31,C,788.0,4.665,0.33000000000000007,mid,1.6970018498958332,7.0,0.0,770.3342101802784,778.5800170898438,772.5914281230479,0.996921479941584,0.036302999481801816,0.0018529401407698792,parity (robust forward),61,0.0197477345318647,0.5186173428289997,0.11749864091873158,XSP260918C00788000,2026-08-18T08:43:39+00:00,6.0999076252112445,1.4349076252112445,0.13582177645509774,0.018323135536366164
2026-09-18,0.08493150684931507,31,C,789.0,4.345,0.33000000000000007,mid,1.649964812858796,5.0,0.0,770.3342101802784,778.5800170898438,772.5914281230479,0.996921479941584,0.036302999481801816,0.0018529401407698792,parity (robust forward),61,0.021015965519859913,0.551923775221342,0.11682190537782104,XSP260918C00789000,2026-08-18T08:43:39+00:00,5.805057902836751,1.460057902836751,0.13583029234849514,0.0190083869706741
2026-09-18,0.08493150684931507,31,C,790.0,4.04,0.3200000000000003,mid,1.6425111091550924,78.0,0.0,770.3342101802784,778.5800170898438,772.5914281230479,0.996921479941584,0.036302999481801816,0.0018529401407698792,parity (robust forward),61,0.022282590135052727,0.5851880208609188,0.11615231333501441,XSP260918C00790000,2026-08-18T08:43:39+00:00,5.521158662971885,1.4811586629718851,0.13583920484696443,0.019686891511950022
2026-09-18,0.08493150684931507,31,C,791.0,3.755,0.33000000000000007,mid,1.9085064795254627,4.0,0.0,770.3342101802784,778.5800170898438,772.5914281230479,0.996921479941584,0.036302999481801816,0.0018529401407698792,parity (robust forward),61,0.023547612441639523,0.6184101864821369,0.11556304263135128,XSP260918C00791000,2026-08-18T08:43:39+00:00,5.247996531349941,1.4929965313499407,0.1358485118590079,0.020285469227656616
2026-09-18,0.08493150684931507,31,C,792.0,3.49,0.30000000000000027,mid,1.6987495350810184,12.0,0.0,770.3342101802784,778.5800170898438,772.5914281230479,0.996921479941584,0.036302999481801816,0.0018529401407698792,parity (robust forward),61,0.0248110364884116,0.6515903784148327,0.11506375396759518,XSP260918C00792000,2026-08-18T08:43:39+00:00,4.9853517068530095,1.4953517068530093,0.1358582112775432,0.020794457309948014
2026-09-18,0.08493150684931507,31,C,793.0,3.23,0.3200000000000003,mid,1.7502310165625,3.0,0.0,770.3342101802784,778.5800170898438,772.5914281230479,0.996921479941584,0.036302999481801816,0.0018529401407698792,parity (robust forward),61,0.026072866308833608,0.6847287025863327,0.11444177041015727,XSP260918C00793000,2026-08-18T08:43:39+00:00,4.732998578136147,1.5029985781361472,0.13586830098013855,0.021426530569981284
2026-09-18,0.08493150684931507,31,C,794.0,2.98,0.3200000000000003,mid,1.8420944424884258,4.0,0.0,770.3342101802784,778.5800170898438,772.5914281230479,0.996921479941584,0.036302999481801816,0.0018529401407698792,parity (robust forward),61,0.027333105921121443,0.7178252645234984,0.11376603015348391,XSP260918C00794000,2026-08-18T08:43:39+00:00,4.490706341670489,1.5107063416704887,0.1358787788294536,0.022112748675969685
2026-09-18,0.08493150684931507,31,C,795.0,2.755,0.31000000000000005,mid,1.698691664710648,17.0,0.0,770.3342101802784,778.5800170898438,772.5914281230479,0.996921479941584,0.036302999481801816,0.0018529401407698792,parity (robust forward),61,0.028591759328317503,0.7508801693547033,0.1132752539684341,XSP260918C00795000,2026-08-18T08:43:39+00:00,4.258239618556104,1.5032396185561039,0.13588964267433115,0.02261438870589705
2026-09-18,0.08493150684931507,31,C,796.0,2.54,0.2999999999999998,mid,1.6335990721180553,1.0,0.0,770.3342101802784,778.5800170898438,772.5914281230479,0.996921479941584,0.036302999481801816,0.0018529401407698792,parity (robust forward),61,0.029848830518368712,0.7838935218118819,0.11274546922890138,XSP260918C00796000,2026-08-18T08:43:39+00:00,4.035359067565452,1.4953590675654516,0.13590089034889694,0.02315542111999555
2026-09-18,0.08493150684931507,31,C,797.0,2.34,0.30000000000000027,mid,1.7523490721180555,1.0,0.0,770.3342101802784,778.5800170898438,772.5914281230479,0.996921479941584,0.036302999481801816,0.0018529401407698792,parity (robust forward),61,0.03110432346420062,0.8168654262324754,0.11226388870484043,XSP260918C00797000,2026-08-18T08:43:39+00:00,3.8218219919691307,1.481821991969131,0.1359125196743866,0.023648630969546183
2026-09-18,0.08493150684931507,31,C,798.0,2.1550000000000002,0.31000000000000005,mid,4.813425461006944,1.0,0.0,770.3342101802784,778.5800170898438,772.5914281230479,0.996921479941584,0.036302999481801816,0.0018529401407698792,parity (robust forward),61,0.03235824212379444,0.8497959865614553,0.11184240726757146,XSP260918C00798000,2026-08-18T08:43:39+00:00,3.617382937822356,1.4623829378223556,0.1359245284589275,0.02408212119135604
2026-09-18,0.08493150684931507,31,C,799.0,1.975,0.29000000000000004,mid,1.3954740721180556,2.0,0.0,770.3342101802784,778.5800170898438,772.5914281230479,0.996921479941584,0.036302999481801816,0.0018529401407698792,parity (robust forward),61,0.03361059044026022,0.8826853063532443,0.1113076033124426,XSP260918C00799000,2026-08-18T08:43:39+00:00,3.4217942815122058,1.4467942815122057,0.13593691449804263,0.024629311185600022
2026-09-18,0.08493150684931507,31,C,800.0,1.815,0.29000000000000004,mid,1.2327657387847222,6.0,0.0,770.3342101802784,778.5800170898438,772.5914281230479,0.996921479941584,0.036302999481801816,0.0018529401407698792,parity (robust forward),61,0.034861372341912944,0.915533488773716,0.11094554970872259,XSP260918C00800000,2026-08-18T08:43:39+00:00,3.234806804504018,1.419806804504018,0.13594967557528642,0.025004125866563837
2026-09-18,0.08493150684931507,31,C,801.0,1.665,0.29000000000000004,mid,1.6853583313773146,3.0,0.0,770.3342101802784,778.5800170898438,772.5914281230479,0.996921479941584,0.036302999481801816,0.0018529401407698792,parity (robust forward),61,0.03611059174234497,0.9483406366020961,0.11058282695927737,XSP260918C00801000,2026-08-18T08:43:39+00:00,3.056170253368748,1.391170253368748,0.13596280946266573,0.025379982503388354
2026-09-18,0.08493150684931507,31,C,802.0,1.52,0.28,mid,1.758842127673611,6.0,0.0,770.3342101802784,778.5800170898438,772.5914281230479,0.996921479941584,0.036302999481801816,0.0018529401407698792,parity (robust forward),61,0.037358252540500125,0.9811068522329094,0.11011961489949226,XSP260918C00802000,2026-08-18T08:43:39+00:00,2.8856338833234076,1.3656338833234076,0.1359763139204493,0.025856699020957025
2026-09-18,0.08493150684931507,31,C,803.0,1.395,0.27,mid,1.6655087943402775,2.0,0.0,770.3342101802784,778.5800170898438,772.5914281230479,0.996921479941584,0.036302999481801816,0.0018529401407698792,parity (robust forward),61,0.038604358620747396,1.013832237677914,0.10988924837478538,XSP260918C00803000,2026-08-18T08:43:39+00:00,2.7229469836716476,1.3279469836716475,0.13599018669906332,0.026100938324277942
2026-09-18,0.08493150684931507,31,C,804.0,1.27,0.26,mid,1.6292124980439813,484.0,0.0,770.3342101802784,778.5800170898438,772.5914281230479,0.996921479941584,0.036302999481801816,0.0018529401407698792,parity (robust forward),61,0.03984891385295197,1.046516894567968,0.10946072672080202,XSP260918C00804000,2026-08-18T08:43:39+00:00,2.5678593836900347,1.2978593836900347,0.13600442553833775,0.026543698817535724
2026-09-18,0.08493150684931507,31,C,805.0,1.1600000000000001,0.26,mid,1.6431708313773146,9.0,0.0,770.3342101802784,778.5800170898438,772.5914281230479,0.996921479941584,0.036302999481801816,0.0018529401407698792,parity (robust forward),61,0.04109192209254907,1.0791609241549671,0.10918855088887927,XSP260918C00805000,2026-08-18T08:43:39+00:00,2.4201219376655416,1.2601219376655415,0.13601902816742892,0.026830477278549647
2026-09-18,0.08493150684931507,31,C,806.0,1.06,0.2599999999999999,mid,1.6987495350810184,6.0,0.0,770.3342101802784,778.5800170898438,772.5914281230479,0.996921479941584,0.036302999481801816,0.0018529401407698792,parity (robust forward),61,0.04233338718061387,1.1117644273136833,0.10897681056794499,XSP260918C00806000,2026-08-18T08:43:39+00:00,2.2794869879536037,1.2194869879536037,0.1360339923077204,0.027057181739775407
2026-09-18,0.08493150684931507,31,C,807.0,0.97,0.2400000000000001,mid,1.6602194424884258,6.0,0.0,770.3342101802784,778.5800170898438,772.5914281230479,0.996921479941584,0.036302999481801816,0.0018529401407698792,parity (robust forward),61,0.043573312943934475,1.1443275045436783,0.10884643324384155,XSP260918C00807000,2026-08-18T08:43:39+00:00,2.145708805086173,1.1757088050861728,0.1360493156702887,0.02720288242644714
2026-09-18,0.08493150684931507,31,C,808.0,0.88,0.24,mid,1.8695481461921295,11.0,0.0,770.3342101802784,778.5800170898438,772.5914281230479,0.996921479941584,0.036302999481801816,0.0018529401407698792,parity (robust forward),61,0.04481170319508094,1.1768502559711187,0.10852506389559043,XSP260918C00808000,2026-08-18T08:43:39+00:00,2.018544004118368,1.1385440041183683,0.136064995958571,0.02753993206298057
2026-09-18,0.08493150684931507,31,C,809.0,0.8,0.22000000000000008,mid,1.6638189795254628,3.0,0.0,770.3342101802784,778.5800170898438,772.5914281230479,0.996921479941584,0.036302999481801816,0.0018529401407698792,parity (robust forward),61,0.046048561732477344,1.2093327813506676,0.10830427460284991,XSP260918C00809000,2026-08-18T08:43:39+00:00,1.8977519365609652,1.0977519365609651,0.13608103086753878,0.027776756264688868
2026-09-18,0.08493150684931507,31,C,810.0,0.725,0.22999999999999998,mid,1.6292124980439813,21.0,0.0,770.3342101802784,778.5800170898438,772.5914281230479,0.996921479941584,0.036302999481801816,0.0018529401407698792,parity (robust forward),61,0.0472838923404702,1.2417751800672807,0.10804745395506103,XSP260918C00810000,2026-08-18T08:43:39+00:00,1.7830950574023348,1.0580950574023347,0.13609741808446593,0.0280499641294049
2026-09-18,0.08493150684931507,31,C,811.0,0.665,0.22999999999999998,mid,1.8859601832291666,1.0,0.0,770.3342101802784,778.5800170898438,772.5914281230479,0.996921479941584,0.036302999481801816,0.0018529401407698792,parity (robust forward),61,0.04851769878939855,1.274177551138049,0.10811779874782544,XSP260918C00811000,2026-08-18T08:43:39+00:00,1.674339266867264,1.009339266867264,0.13611415529044066,0.027996356542615217
2026-09-18,0.08493150684931507,31,C,812.0,0.6,0.19999999999999996,mid,1.6322217573032405,4.0,0.0,770.3342101802784,778.5800170898438,772.5914281230479,0.996921479941584,0.036302999481801816,0.0018529401407698792,parity (robust forward),61,0.049749984835663674,1.3065399932140276,0.1078306751710786,XSP260918C00812000,2026-08-18T08:43:39+00:00,1.571254226709243,0.9712542267092431,0.13613124015835792,0.028300564987279328
2026-10-02,0.1232876712328767,45,C,740.0,39.675,0.5300000000000011,mid,4.722696294340278,,0.0,770.3342101802784,778.5800170898438,773.7862057438379,0.9948495848367639,0.04188354129593709,0.005617501513374319,parity (regression),17,-0.0446454292665478,-0.9458552861624534,0.1718673656313068,XSP261002C00740000,2026-08-18T08:43:39+00:00,36.98829392769244,-2.686706072307558,0.13587767567356915,-0.03598968995773766
2026-10-02,0.1232876712328767,45,C,743.0,37.065,0.46999999999999886,mid,4.800682405451389,,0.0,770.3342101802784,778.5800170898438,773.7862057438379,0.9948495848367639,0.04188354129593709,0.005617501513374319,parity (regression),17,-0.040599570747004064,-0.8601399793405924,0.16744600465995715,XSP261002C00743000,2026-08-18T08:43:39+00:00,34.576644118997024,-2.488355881002974,0.13586115859038306,-0.031584846069574096
2026-10-02,0.1232876712328767,45,C,748.0,32.935,0.4299999999999997,mid,4.800682405451389,,0.0,770.3342101802784,778.5800170898438,773.7862057438379,0.9948495848367639,0.04188354129593709,0.005617501513374319,parity (regression),17,-0.033892637490286016,-0.7180473087352537,0.16168732516505582,XSP261002C00748000,2026-08-18T08:43:39+00:00,30.718502130773345,-2.2164978692266573,0.13583811533696938,-0.025849209828086445
2026-10-02,0.1232876712328767,45,C,750.0,31.39,0.46000000000000085,mid,1.2996407387847222,1.0,0.0,770.3342101802784,778.5800170898438,773.7862057438379,0.9948495848367639,0.04188354129593709,0.005617501513374319,parity (regression),17,-0.031222408934407173,-0.6614760127183427,0.16017224150817705,XSP261002C00750000,2026-08-18T08:43:39+00:00,29.235633793014813,-2.1543662069851877,0.13583045155211046,-0.02434178995606659
2026-10-02,0.1232876712328767,45,C,752.0,29.78,0.40000000000000213,mid,5.414281942488426,,0.0,770.3342101802784,778.5800170898438,773.7862057438379,0.9948495848367639,0.04188354129593709,0.005617501513374319,parity (regression),17,-0.028559291514923396,-0.6050553727945726,0.15768470530543313,XSP261002C00752000,2026-08-18T08:43:39+00:00,27.789162339439372,-1.9908376605606293,0.13582366692653874,-0.021861038378894387
2026-10-02,0.1232876712328767,45,C,753.0,29.0,0.3999999999999986,mid,5.418842127673611,,0.0,770.3342101802784,778.5800170898438,773.7862057438379,0.9948495848367639,0.04188354129593709,0.005617501513374319,parity (regression),17,-0.027230387664869717,-0.5769012985248303,0.1566170544123847,XSP261002C00753000,2026-08-18T08:43:39+00:00,27.079939950543235,-1.9200600494567652,0.13582060248498287,-0.020796451927401816
2026-10-02,0.1232876712328767,45,C,754.0,28.025,0.7699999999999996,mid,4.722696294340278,,0.0,770.3342101802784,778.5800170898438,773.7862057438379,0.9948495848367639,0.04188354129593709,0.005617501513374319,parity (regression),17,-0.025903247456807183,-0.5487845886645614,0.15342989868237186,XSP261002C00754000,2026-08-18T08:43:39+00:00,26.380243586677352,-1.6447564133226464,0.13581775564723728,-0.017612143035134586
2026-10-02,0.1232876712328767,45,C,755.0,27.62,0.7199999999999989,mid,5.424247220266204,,0.0,770.3342101802784,778.5800170898438,773.7862057438379,0.9948495848367639,0.04188354129593709,0.005617501513374319,parity (regression),17,-0.024577866215738514,-0.5207051441695641,0.15615698865588673,XSP261002C00755000,2026-08-18T08:43:39+00:00,25.69020398520945,-1.9297960147905506,0.13581512567543066,-0.020341862980456066
2026-10-02,0.1232876712328767,45,C,759.0,24.435000000000002,0.34999999999999787,mid,1.879964812858796,2.0,0.0,770.3342101802784,778.5800170898438,773.7862057438379,0.9948495848367639,0.04188354129593709,0.005617501513374319,parity (regression),17,-0.01929383806913336,-0.4087580526798973,0.1499889532142817,XSP261002C00759000,2026-08-18T08:43:39+00:00,23.029012628037947,-1.4059873719620555,0.1358067595316344,-0.01418219368264731
2026-10-02,0.1232876712328767,45,C,760.0,23.875,0.6899999999999977,mid,5.898934720266204,,0.0,770.3342101802784,778.5800170898438,773.7862057438379,0.9948495848367639,0.04188354129593709,0.005617501513374319,parity (regression),17,-0.017977182184386487,-0.3808634630409559,0.1506349482721392,XSP261002C00760000,2026-08-18T08:43:39+00:00,22.388999278468077,-1.4860007215319229,0.13580520266451646,-0.014829745607622735
2026-10-02,0.1232876712328767,45,C,763.0,21.585,0.3099999999999987,mid,5.418842127673611,,0.0,770.3342101802784,778.5800170898438,773.7862057438379,0.9948495848367639,0.04188354129593709,0.005617501513374319,parity (regression),17,-0.01403758418030624,-0.2973993848871278,0.14605168060865506,XSP261002C00763000,2026-08-18T08:43:39+00:00,20.53112859607802,-1.0538714039219812,0.13580180306671025,-0.010249877541944813
2026-10-02,0.1232876712328767,45,C,766.0,19.47,0.23999999999999844,mid,5.7186685165625,,0.0,770.3342101802784,778.5800170898438,773.7862057438379,0.9948495848367639,0.04188354129593709,0.005617501513374319,parity (regression),17,-0.010113445724171942,-0.21426283175403707,0.14248683381291272,XSP261002C00766000,2026-08-18T08:43:39+00:00,18.76803744858097,-0.7019625514190295,0.13580029372487595,-0.006686540088036763
2026-10-02,0.1232876712328767,45,C,770.0,16.880000000000003,0.120000000000001,mid,4.846492590636574,,0.0,770.3342101802784,778.5800170898438,773.7862057438379,0.9948495848367639,0.04188354129593709,0.005617501513374319,parity (regression),17,-0.004905100617033778,-0.10391915642877324,0.13872620639464175,XSP261002C00770000,2026-08-18T08:43:39+00:00,16.56707757440239,-0.31292242559761263,0.1358011850725455,-0.002925021322096266
2026-10-02,0.1232876712328767,45,C,775.0,13.91,0.14000000000000057,mid,1.6443629610069443,2.0,0.0,770.3342101802784,778.5800170898438,773.7862057438379,0.9948495848367639,0.04188354129593709,0.005617501513374319,parity (regression),17,0.001567413888583653,0.033207133103592905,0.1344288498974384,XSP261002C00775000,2026-08-18T08:43:39+00:00,14.058591050968516,0.14859105096851621,0.13580689430087295,0.0013780444034345585
2026-10-02,0.1232876712328767,45,C,778.0,12.225,0.129999999999999,mid,1.804166201747685,4.0,0.0,770.3342101802784,778.5800170898438,773.7862057438379,0.9948495848367639,0.04188354129593709,0.005617501513374319,parity (regression),17,0.005430908713628264,0.11505889404226195,0.13155173990507937,XSP261002C00778000,2026-08-18T08:43:39+00:00,12.682520994412869,0.4575209944128691,0.13581273164502816,0.0042609917399487884
2026-10-02,0.1232876712328767,45,C,779.0,11.705,0.129999999999999,mid,1.8400689795254628,2.0,0.0,770.3342101802784,778.5800170898438,773.7862057438379,0.9948495848367639,0.04188354129593709,0.005617501513374319,parity (regression),17,0.006715430405985073,0.14227269068093354,0.1307698468678199,XSP261002C00779000,2026-08-18T08:43:39+00:00,12.245127294793178,0.5401272947931783,0.1358150744735607,0.005045227605740804
2026-10-02,0.1232876712328767,45,C,780.0,11.21,0.1399999999999988,mid,1.6443629610069443,2.0,0.0,770.3342101802784,778.5800170898438,773.7862057438379,0.9948495848367639,0.04188354129593709,0.005617501513374319,parity (regression),17,0.007998304218874158,0.16945157544774922,0.1301143757579312,XSP261002C00780000,2026-08-18T08:43:39+00:00,11.818292303908493,0.6082923039084918,0.13581761444674184,0.005703238688810647
2026-10-02,0.1232876712328767,45,C,781.0,10.69,0.14000000000000057,mid,1.9019092573032406,1.0,0.0,770.3342101802784,778.5800170898438,773.7862057438379,0.9948495848367639,0.04188354129593709,0.005617501513374319,parity (regression),17,0.00927953437492263,0.19659563780302422,0.12911451358251208,XSP261002C00781000,2026-08-18T08:43:39+00:00,11.40195132173352,0.7119513217335207,0.1358203507331179,0.006705837150605826
2026-10-02,0.1232876712328767,45,C,782.0,10.205,0.129999999999999,mid,1.9736685165624999,1.0,0.0,770.3342101802784,778.5800170898438,773.7862057438379,0.9948495848367639,0.04188354129593709,0.005617501513374319,parity (regression),17,0.010559125080547894,0.22370496686365587,0.12833234693142664,XSP261002C00782000,2026-08-18T08:43:39+00:00,10.9960325243174,0.7910325243173997,0.13582328249860814,0.0074909355671815
2026-10-02,0.1232876712328767,45,C,783.0,9.735,0.13000000000000078,mid,5.642268053599537,,0.0,770.3342101802784,778.5800170898438,773.7862057438379,0.9948495848367639,0.04188354129593709,0.005617501513374319,parity (regression),17,0.011837080526039842,0.25077965140486513,0.12757963103977865,XSP261002C00783000,2026-08-18T08:43:39+00:00,10.600457145889266,0.8654571458892661,0.1358264089066972,0.008246777866918548
2026-10-02,0.1232876712328767,45,C,784.0,9.285,0.129999999999999,mid,1.9019092573032406,1.0,0.0,770.3342101802784,778.5800170898438,773.7862057438379,0.9948495848367639,0.04188354129593709,0.005617501513374319,parity (regression),17,0.013113404885644516,0.2778197798619688,0.12690411142335736,XSP261002C00784000,2026-08-18T08:43:39+00:00,10.215139673888928,0.9301396738889274,0.13582972911778457,0.008925617694427207
2026-10-02,0.1232876712328767,45,C,790.0,6.84,0.1200000000000001,mid,1.7681708313773146,2.0,0.0,770.3342101802784,778.5800170898438,773.7862057438379,0.9948495848367639,0.04188354129593709,0.005617501513374319,parity (regression),17,0.020737329996303854,0.4393397828206368,0.12287960797254667,XSP261002C00790000,2026-08-18T08:43:39+00:00,8.113066568966133,1.273066568966133,0.13585367296823234,0.012974064995685666
2026-10-02,0.1232876712328767,45,C,795.0,5.165,0.13000000000000078,mid,1.7681708313773146,1.0,0.0,770.3342101802784,778.5800170898438,773.7862057438379,0.9948495848367639,0.04188354129593709,0.005617501513374319,parity (regression),17,0.027046499189568654,0.5730054487304553,0.1198702984070216,XSP261002C00795000,2026-08-18T08:43:39+00:00,6.623132639409221,1.4581326394092207,0.13587880019589754,0.016008501788875945
2026-10-02,0.1232876712328767,45,C,800.0,3.81,0.1200000000000001,mid,1.725879164710648,1.0,0.0,770.3342101802784,778.5800170898438,773.7862057438379,0.9948495848367639,0.04188354129593709,0.005617501513374319,parity (regression),17,0.033316112203164126,0.7058330798793748,0.11724497168696559,XSP261002C00800000,2026-08-18T08:43:39+00:00,5.352791760567698,1.5427917605676975,0.13590851649884175,0.018663544811876168
2026-10-02,0.1232876712328767,45,C,806.0,2.58,0.10000000000000009,mid,1.675439349895833,1.0,0.0,770.3342101802784,778.5800170898438,773.7862057438379,0.9948495848367639,0.04188354129593709,0.005617501513374319,parity (regression),17,0.04078812704186513,0.8641347212696879,0.11481495656163462,XSP261002C00806000,2026-08-18T08:43:39+00:00,4.090651605089192,1.5106516050891923,0.13595008090112765,0.021135124339493022
2026-10-02,0.1232876712328767,45,C,807.0,2.415,0.11000000000000032,mid,1.205242590636574,1.0,0.0,770.3342101802784,778.5800170898438,773.7862057438379,0.9948495848367639,0.04188354129593709,0.005617501513374319,parity (regression),17,0.04202805280518557,0.8904037113309932,0.11452886954691595,XSP261002C00807000,2026-08-18T08:43:39+00:00,3.9057904365647858,1.4907904365647857,0.13595762234974662,0.021428752802830672
2026-10-02,0.1232876712328767,45,C,810.0,1.955,0.13000000000000012,mid,1.6420597202662035,17.0,0.0,770.3342101802784,778.5800170898438,773.7862057438379,0.9948495848367639,0.04188354129593709,0.005617501513374319,parity (regression),17,0.04573863220172122,0.9690158155171764,0.11344542695729998,XSP261002C00810000,2026-08-18T08:43:39+00:00,3.3915211055095256,1.4365211055095255,0.13598128181842523,0.02253585486112525
2026-10-02,0.1232876712328767,45,C,815.0,1.37,0.11999999999999988,mid,1.8284486091550924,8.0,0.0,770.3342101802784,778.5800170898438,773.7862057438379,0.9948495848367639,0.04188354129593709,0.005617501513374319,parity (regression),17,0.05189249777609934,1.0993912286217837,0.11229027419225492,XSP261002C00815000,2026-08-18T08:43:39+00:00,2.6586041879444196,1.2886041879444194,0.136024111931345,0.02373383773909009
2026-10-02,0.1232876712328767,45,C,816.0,1.29,0.08000000000000007,mid,4.808136109155093,,0.0,770.3342101802784,778.5800170898438,773.7862057438379,0.9948495848367639,0.04188354129593709,0.005617501513374319,parity (regression),17,0.05311873949934379,1.1253703094615948,0.11246543158525513,XSP261002C00816000,2026-08-18T08:43:39+00:00,2.5291391388267783,1.2391391388267783,0.13603317968184597,0.023567748096590846
2026-10-02,0.1232876712328767,45,C,820.0,0.96,0.07999999999999996,mid,1.2215157387847222,1.0,0.0,770.3342101802784,778.5800170898438,773.7862057438379,0.9948495848367639,0.04188354129593709,0.005617501513374319,parity (regression),17,0.058008724793535506,1.2289692336012605,0.1118303238794536,XSP261002C00820000,2026-08-18T08:43:39+00:00,2.0628783809562066,1.1028783809562066,0.1360710937408528,0.024240769861399197
2026-10-02,0.1232876712328767,45,C,823.0,0.77,0.08000000000000007,mid,4.879733331377315,,0.0,770.3342101802784,778.5800170898438,773.7862057438379,0.9948495848367639,0.04188354129593709,0.005617501513374319,parity (regression),17,0.06166058521230652,1.3063373211785958,0.11162384336989145,XSP261002C00823000,2026-08-18T08:43:39+00:00,1.7629390173402157,0.9929390173402157,0.13610122981879572,0.024477386448904265
2026-10-02,0.1232876712328767,45,C,825.0,0.6599999999999999,0.07999999999999996,mid,1.8284486091550924,5.0,0.0,770.3342101802784,778.5800170898438,773.7862057438379,0.9948495848367639,0.04188354129593709,0.005617501513374319,parity (regression),17,0.06408777086991777,1.357759525477334,0.11141594974596437,XSP261002C00825000,2026-08-18T08:43:39+00:00,1.5843872629450146,0.9243872629450147,0.1361221171006542,0.02470616735468982
2026-10-02,0.1232876712328767,45,C,830.0,0.45499999999999996,0.07,mid,1.8010874980439813,7.0,0.0,770.3342101802784,778.5800170898438,773.7862057438379,0.9948495848367639,0.04188354129593709,0.005617501513374319,parity (regression),17,0.07013008532588026,1.4857716235289977,0.11148359621534326,XSP261002C00830000,2026-08-18T08:43:39+00:00,1.204572253280503,0.749572253280503,0.1361770719487642,0.024693475733420928
2026-10-02,0.1232876712328767,45,C,835.0,0.315,0.08999999999999997,mid,1.8010874980439813,2.0,0.0,770.3342101802784,778.5800170898438,773.7862057438379,0.9948495848367639,0.04188354129593709,0.005617501513374319,parity (regression),17,0.07613610938609221,1.6130148755146365,0.1119210645194075,XSP261002C00835000,2026-08-18T08:43:39+00:00,0.9065931224328025,0.5915931224328026,0.13623584849627146,0.024314783976863957
2026-10-16,0.16164383561643836,59,C,729.0,51.49,5.0,mid,15.807082868414353,1.0,0.0,770.3342101802784,778.5800170898438,774.6575363658991,0.9913230908724541,0.05391342425901679,0.019290493942989033,parity (regression),57,-0.060747311123037426,-1.0793377110865177,0.18223589001315554,XSP261016C00729000,2026-08-18T08:43:39+00:00,47.99043976275641,-3.4995602372435926,0.13591929301123684,-0.0463165970019187
2026-10-16,0.16164383561643836,59,C,730.0,50.62,5.0,mid,5.829582868414352,3.0,0.0,770.3342101802784,778.5800170898438,774.6575363658991,0.9913230908724541,0.05391342425901679,0.019290493942989033,parity (regression),57,-0.05937650898925873,-1.0549817616613897,0.1811461883872405,XSP261016C00730000,2026-08-18T08:43:39+00:00,47.13948960785774,-3.480510392142257,0.13591458172428295,-0.04523160666295756
2026-10-16,0.16164383561643836,59,C,732.0,48.88,5.0,mid,14.906214812858797,1.0,0.0,770.3342101802784,778.5800170898438,774.6575363658991,0.9913230908724541,0.05391342425901679,0.019290493942989033,parity (regression),57,-0.05664052917038406,-1.0063697961160836,0.17886767217221317,XSP261016C00732000,2026-08-18T08:43:39+00:00,45.45467965222667,-3.4253203477733294,0.13590556945931231,-0.04296210271290085
2026-10-16,0.16164383561643836,59,C,735.0,46.33,5.0,mid,1.800242590636574,2.0,0.0,770.3342101802784,778.5800170898438,774.6575363658991,0.9913230908724541,0.05391342425901679,0.019290493942989033,parity (regression),57,-0.052550543918858876,-0.9337003192594413,0.17586580329734758,XSP261016C00735000,2026-08-18T08:43:39+00:00,42.97232988911787,-3.3576701108821254,0.13589307017206434,-0.03997273312528324
2026-10-16,0.16164383561643836,59,C,736.0,45.47,5.0,mid,13.685763423969908,1.0,0.0,770.3342101802784,778.5800170898438,774.6575363658991,0.9913230908724541,0.05391342425901679,0.019290493942989033,parity (regression),57,-0.05119092440281941,-0.9095430588101953,0.17468212104432046,XSP261016C00736000,2026-08-18T08:43:39+00:00,42.15741056129173,-3.3125894387082724,0.13588917372293954,-0.038792947321380916
2026-10-16,0.16164383561643836,59,C,737.0,45.03,1.7000000000000028,mid,14.90517314619213,2.0,0.0,770.3342101802784,778.5800170898438,774.6575363658991,0.9913230908724541,0.05391342425901679,0.019290493942989033,parity (regression),57,-0.04983315094235902,-0.8854185984531084,0.17795058133236788,XSP261016C00737000,2026-08-18T08:43:39+00:00,41.348990079963414,-3.681009920036587,0.13588541151844424,-0.042065169813923636
2026-10-16,0.16164383561643836,59,C,738.0,44.3,1.5200000000000031,mid,15.74917777582176,,0.0,770.3342101802784,778.5800170898438,774.6575363658991,0.9913230908724541,0.05391342425901679,0.019290493942989033,parity (regression),57,-0.0484772185312231,-0.8613268492387395,0.17801466174617922,XSP261016C00738000,2026-08-18T08:43:39+00:00,40.54720682730806,-3.7527931726919377,0.13588178311020085,-0.042132878635978366
2026-10-16,0.16164383561643836,59,C,739.0,42.96,5.0,mid,5.897349072118056,2.0,0.0,770.3342101802784,778.5800170898438,774.6575363658991,0.9913230908724541,0.05391342425901679,0.019290493942989033,parity (regression),57,-0.0471231221834938,-0.8372677225789835,0.17166177336527896,XSP261016C00739000,2026-08-18T08:43:39+00:00,39.752197752106326,-3.2078022478936745,0.1358782880489039,-0.03578348531637507
2026-10-16,0.16164383561643836,59,C,740.0,42.12,5.0,mid,1.8689231461921294,1.0,0.0,770.3342101802784,778.5800170898438,774.6575363658991,0.9913230908724541,0.05391342425901679,0.019290493942989033,parity (regression),57,-0.04577085693348012,-0.8132411302451198,0.1705417927857088,XSP261016C00740000,2026-08-18T08:43:39+00:00,38.96409817764038,-3.155901822359617,0.1358749258845556,-0.0346668669011532
2026-10-16,0.16164383561643836,59,C,741.0,41.3,5.0,mid,7.381747220266203,4.0,0.0,770.3342101802784,778.5800170898438,774.6575363658991,0.9913230908724541,0.05391342425901679,0.019290493942989033,parity (regression),57,-0.04442041783560876,-0.789246984365872,0.16958913630381112,XSP261016C00741000,2026-08-18T08:43:39+00:00,38.18304160980313,-3.1169583901968707,0.13587169616629058,-0.03371744013752054
2026-10-16,0.16164383561643836,59,C,742.0,40.46,5.0,mid,7.381747220266203,4.0,0.0,770.3342101802784,778.5800170898438,774.6575363658991,0.9913230908724541,0.05391342425901679,0.019290493942989033,parity (regression),57,-0.04307179996431518,-0.7652851974254724,0.16839091137512394,XSP261016C00742000,2026-08-18T08:43:39+00:00,37.40915954589832,-3.0508404541016816,0.13586859844261587,-0.03252231293250807
2026-10-16,0.16164383561643836,59,C,743.0,39.66,5.0,mid,14.731828238784724,3.0,0.0,770.3342101802784,778.5800170898438,774.6575363658991,0.9913230908724541,0.05391342425901679,0.019290493942989033,parity (regression),57,-0.04172499841393643,-0.7413556822617586,0.16755699207615052,XSP261016C00743000,2026-08-18T08:43:39+00:00,36.64258128460767,-3.017418715392324,0.13586563226122297,-0.031691359814927544
2026-10-16,0.16164383561643836,59,C,744.0,38.85,5.0,mid,18.69077499804398,5.0,0.0,770.3342101802784,778.5800170898438,774.6575363658991,0.9913230908724541,0.05391342425901679,0.019290493942989033,parity (regression),57,-0.04038000829860371,-0.7174583520642632,0.16657747359716432,XSP261016C00744000,2026-08-18T08:43:39+00:00,35.883433737607334,-2.966566262392668,0.1358627971691114,-0.030714676428052923
2026-10-16,0.16164383561643836,59,C,745.0,38.02,5.0,mid,1.7758328684143516,3.0,0.0,770.3342101802784,778.5800170898438,774.6575363658991,0.9913230908724541,0.05391342425901679,0.019290493942989033,parity (regression),57,-0.03903682475213604,-0.6935931203723259,0.16535746191309825,XSP261016C00745000,2026-08-18T08:43:39+00:00,35.13184124330837,-2.888158756691631,0.13586009271282817,-0.029497369200270074
2026-10-16,0.16164383561643836,59,C,746.0,37.23,5.0,mid,14.70374953508102,11.0,0.0,770.3342101802784,778.5800170898438,774.6575363658991,0.9913230908724541,0.05391342425901679,0.019290493942989033,parity (regression),57,-0.037695442927934794,-0.6697599010732189,0.16448756516774488,XSP261016C00746000,2026-08-18T08:43:39+00:00,34.38792538319922,-2.8420746168007796,0.1358575184372433,-0.028630046730501568
2026-10-16,0.16164383561643836,59,C,747.0,36.43,5.0,mid,1.908541201747685,1.0,0.0,770.3342101802784,778.5800170898438,774.6575363658991,0.9913230908724541,0.05391342425901679,0.019290493942989033,parity (regression),57,-0.03635585799887832,-0.6459586084002747,0.16347396827877872,XSP261016C00747000,2026-08-18T08:43:39+00:00,33.65180480126014,-2.7781951987398585,0.13585507388809712,-0.027618894390681603
2026-10-16,0.16164383561643836,59,C,748.0,36.099999999999994,1.3999999999999986,mid,15.908518053599538,1.0,0.0,770.3342101802784,778.5800170898438,774.6575363658991,0.9913230908724541,0.05391342425901679,0.019290493942989033,parity (regression),57,-0.03501806515721836,-0.6221891569310458,0.16688418276459632,XSP261016C00748000,2026-08-18T08:43:39+00:00,32.923595026915564,-3.1764049730844306,0.13585275860943155,-0.031031424155164772
2026-10-16,0.16164383561643836,59,C,749.0,34.83,5.0,mid,8.42790462767361,8.0,0.0,770.3342101802784,778.5800170898438,774.6575363658991,0.9913230908724541,0.05391342425901679,0.019290493942989033,parity (regression),57,-0.0336820596144761,-0.5984514615854576,0.161311631510709,XSP261016C00749000,2026-08-18T08:43:39+00:00,32.20340830197995,-2.62659169802005,0.13585057214495852,-0.025461059365750494
2026-10-16,0.16164383561643836,59,C,750.0,34.504999999999995,0.9299999999999997,mid,1.7758328684143516,6.0,0.0,770.3342101802784,778.5800170898438,774.6575363658991,0.9913230908724541,0.05391342425901679,0.019290493942989033,parity (regression),57,-0.032347836601339434,-0.5747454376239828,0.16459667385661417,XSP261016C00750000,2026-08-18T08:43:39+00:00,31.491353412045555,-3.0136465879544403,0.13584851403783021,-0.028748159818783953
2026-10-16,0.16164383561643836,59,C,751.0,33.29,5.0,mid,4.6992935165625,9.0,0.0,770.3342101802784,778.5800170898438,774.6575363658991,0.9913230908724541,0.05391342425901679,0.019290493942989033,parity (regression),57,-0.031015391367560905,-0.5510710006458289,0.15952624682498584,XSP261016C00751000,2026-08-18T08:43:39+00:00,30.787535522748158,-2.5024644772518414,0.13584658383041004,-0.0236796629945758
2026-10-16,0.16164383561643836,59,C,752.0,32.97,1.3999999999999986,mid,18.69014999804398,5.0,0.0,770.3342101802784,778.5800170898438,774.6575363658991,0.9913230908724541,0.05391342425901679,0.019290493942989033,parity (regression),57,-0.029684719181855803,-0.5274280665871267,0.1626820784757479,XSP261016C00752000,2026-08-18T08:43:39+00:00,30.09205602133352,-2.8779439786664796,0.13584478106478495,-0.02683729741096294
2026-10-16,0.16164383561643836,59,C,753.0,32.19,1.3800000000000026,mid,20.40972175730324,12.0,0.0,770.3342101802784,778.5800170898438,774.6575363658991,0.9913230908724541,0.05391342425901679,0.019290493942989033,parity (regression),57,-0.028355815331802026,-0.5038165517191516,0.1615385144005796,XSP261016C00753000,2026-08-18T08:43:39+00:00,29.405012363932656,-2.784987636067342,0.13584310528231175,-0.025695409118267842
2026-10-16,0.16164383561643836,59,C,754.0,30.97,5.0,mid,1.8484138869328701,4.0,0.0,770.3342101802784,778.5800170898438,774.6575363658991,0.9913230908724541,0.05391342425901679,0.019290493942989033,parity (regression),57,-0.02702867512373951,-0.4802363726465366,0.15638391149310416,XSP261016C00754000,2026-08-18T08:43:39+00:00,28.726497928941228,-2.2435020710587708,0.13584155602385858,-0.02054235546924557
2026-10-16,0.16164383561643836,59,C,755.0,30.22,5.0,mid,1.8484138869328701,4.0,0.0,770.3342101802784,778.5800170898438,774.6575363658991,0.9913230908724541,0.05391342425901679,0.019290493942989033,parity (regression),57,-0.025703293882670855,-0.4566874463055065,0.155446977703931,XSP261016C00755000,2026-08-18T08:43:39+00:00,28.056601876873742,-2.1633981231262567,0.1358401328297815,-0.019606844874149515
2026-10-16,0.16164383561643836,59,C,756.0,29.49,5.0,mid,8.34517314619213,8.0,0.0,770.3342101802784,778.5800170898438,774.6575363658991,0.9913230908724541,0.05391342425901679,0.019290493942989033,parity (regression),57,-0.024379666952162652,-0.43316968996212474,0.1546348853553476,XSP261016C00756000,2026-08-18T08:43:39+00:00,27.395409017054135,-2.0945909829458635,0.13583883523994572,-0.01879605011540189
2026-10-16,0.16164383561643836,59,C,757.0,28.73,5.0,mid,18.69014999804398,5.0,0.0,770.3342101802784,778.5800170898438,774.6575363658991,0.9913230908724541,0.05391342425901679,0.019290493942989033,parity (regression),57,-0.023057789694246853,-0.4096830212105413,0.1535029251398348,XSP261016C00757000,2026-08-18T08:43:39+00:00,26.74299968147443,-1.9870003185255705,0.13583766279380355,-0.017665262346031246
2026-10-16,0.16164383561643836,59,C,758.0,28.0,5.0,mid,12.881284257303241,2.0,0.0,770.3342101802784,778.5800170898438,774.6575363658991,0.9913230908724541,0.05391342425901679,0.019290493942989033,parity (regression),57,-0.02173765748932395,-0.386227357971272,0.15258179025591495,XSP261016C00758000,2026-08-18T08:43:39+00:00,26.099449606141206,-1.9005503938587935,0.13583661503006056,-0.016745175225854392
2026-10-16,0.16164383561643836,59,C,759.0,27.29,5.0,mid,5.7317935165625,4.0,0.0,770.3342101802784,778.5800170898438,774.6575363658991,0.9913230908724541,0.05391342425901679,0.019290493942989033,parity (regression),57,-0.02041926573606566,-0.36280261848946965,0.1517786357953094,XSP261016C00759000,2026-08-18T08:43:39+00:00,25.464829820198418,-1.8251701798015816,0.1358356914875359,-0.015942944307773488
2026-10-16,0.16164383561643836,59,C,760.0,26.55,5.0,mid,1.8484138869328701,5.0,0.0,770.3342101802784,778.5800170898438,774.6575363658991,0.9913230908724541,0.05391342425901679,0.019290493942989033,parity (regression),57,-0.0191026098513188,-0.3394087213332162,0.15065880135060336,XSP261016C00760000,2026-08-18T08:43:39+00:00,24.839206543098726,-1.7107934569012748,0.13583489170411736,-0.014823909646486
2026-10-16,0.16164383561643836,59,C,761.0,26.28,1.3200000000000003,mid,12.808402312858798,1.0,0.0,770.3342101802784,778.5800170898438,774.6575363658991,0.9913230908724541,0.05391342425901679,0.019290493942989033,parity (regression),57,-0.017787685270009818,-0.31604558539182626,0.15350371734937948,XSP261016C00761000,2026-08-18T08:43:39+00:00,24.222641090068635,-2.0573589099313665,0.13583421521751984,-0.017669502131859638
2026-10-16,0.16164383561643836,59,C,762.0,25.15,5.0,mid,12.808170831377316,2.0,0.0,770.3342101802784,778.5800170898438,774.6575363658991,0.9913230908724541,0.05391342425901679,0.019290493942989033,parity (regression),57,-0.016474487445049358,-0.29271312987415155,0.14893503826424112,XSP261016C00762000,2026-08-18T08:43:39+00:00,23.615189786084613,-1.5348102139153852,0.1358336615650425,-0.013101376699198614
2026-10-16,0.16164383561643836,59,C,763.0,24.855,1.3100000000000023,mid,1.7698490721180553,1.0,0.0,770.3342101802784,778.5800170898438,774.6575363658991,0.9913230908724541,0.05391342425901679,0.019290493942989033,parity (regression),57,-0.015163011847238603,-0.26941127430691697,0.15140523894787852,XSP261016C00763000,2026-08-18T08:43:39+00:00,23.016903888559852,-1.838096111440148,0.13583323028361935,-0.015572008664259174
2026-10-16,0.16164383561643836,59,C,764.0,23.77,5.0,mid,12.881284257303241,3.0,0.0,770.3342101802784,778.5800170898438,774.6575363658991,0.9913230908724541,0.05391342425901679,0.019290493942989033,parity (regression),57,-0.013853253965175095,-0.24613993853304697,0.1471406599088955,XSP261016C00764000,2026-08-18T08:43:39+00:00,22.427829518903934,-1.3421704810960655,0.13583292090991803,-0.011307738998977468
2026-10-16,0.16164383561643836,59,C,765.0,23.395,0.509999999999998,mid,4.768934720266204,1.0,0.0,770.3342101802784,778.5800170898438,774.6575363658991,0.9913230908724541,0.05391342425901679,0.019290493942989033,parity (regression),57,-0.012545209305159727,-0.22289904271001326,0.1487847254681091,XSP261016C00765000,2026-08-18T08:43:39+00:00,21.848007603102644,-1.5469923968973553,0.13583273297996543,-0.012951992488143688
2026-10-16,0.16164383561643836,59,C,767.0,22.055,0.490000000000002,mid,14.792406942488427,3.0,0.0,770.3342101802784,778.5800170898438,774.6575363658991,0.9913230908724541,0.05391342425901679,0.019290493942989033,parity (regression),57,-0.009934241764439446,-0.1765082531092288,0.14692849160273366,XSP261016C00767000,2026-08-18T08:43:39+00:00,20.716258567366197,-1.3387414326338032,0.1358327195954281,-0.011095772007305577
2026-10-16,0.16164383561643836,59,C,768.0,21.4,0.4800000000000004,mid,14.769328238784723,,0.0,770.3342101802784,778.5800170898438,774.6575363658991,0.9913230908724541,0.05391342425901679,0.019290493942989033,parity (regression),57,-0.008631309984023445,-0.15335820120441665,0.14602964739096863,XSP261016C00768000,2026-08-18T08:43:39+00:00,20.1643869158288,-1.2356130841711988,0.13583289321182712,-0.01019675417914151
2026-10-16,0.16164383561643836,59,C,769.0,20.759999999999998,0.4599999999999973,mid,14.675242590636575,,0.0,770.3342101802784,778.5800170898438,774.6575363658991,0.9913230908724541,0.05391342425901679,0.019290493942989033,parity (regression),57,-0.007330073626051614,-0.130238272993088,0.14518937340113167,XSP261016C00769000,2026-08-18T08:43:39+00:00,19.62187860066865,-1.1381213993313466,0.13583318641435665,-0.009356186986775011
2026-10-16,0.16164383561643836,59,C,770.0,20.115000000000002,0.48999999999999844,mid,4.908170831377315,1.0,0.0,770.3342101802784,778.5800170898438,774.6575363658991,0.9913230908724541,0.05391342425901679,0.019290493942989033,parity (regression),57,-0.006030528283966033,-0.10714839018100968,0.14424202135508765,XSP261016C00770000,2026-08-18T08:43:39+00:00,19.088748001516763,-1.0262519984832394,0.13583359873766443,-0.008408422617423222
2026-10-16,0.16164383561643836,59,C,771.0,19.505000000000003,0.41000000000000014,mid,14.872696294340278,2.0,0.0,770.3342101802784,778.5800170898438,774.6575363658991,0.9913230908724541,0.05391342425901679,0.019290493942989033,parity (regression),57,-0.004732669568366167,-0.08408847477879516,0.1435139974506733,XSP261016C00771000,2026-08-18T08:43:39+00:00,18.565004139910343,-0.9399958600896596,0.13583412971678432,-0.007679867733888984
2026-10-16,0.16164383561643836,59,C,772.0,18.78,0.41999999999999815,mid,1.908541201747685,1.0,0.0,770.3342101802784,778.5800170898438,774.6575363658991,0.9913230908724541,0.05391342425901679,0.019290493942989033,parity (regression),57,-0.003436493106919464,-0.061058449100316145,0.14177989104446795,XSP261016C00772000,2026-08-18T08:43:39+00:00,18.050650684667744,-0.7293493153322572,0.1358347788858786,-0.0059451121585893385
2026-10-16,0.16164383561643836,59,C,773.0,18.174999999999997,0.41000000000000014,mid,5.6935643498958335,57.0,0.0,770.3342101802784,778.5800170898438,774.6575363658991,0.9913230908724541,0.05391342425901679,0.019290493942989033,parity (regression),57,-0.002141994544273651,-0.038058235761144116,0.1409559934908597,XSP261016C00773000,2026-08-18T08:43:39+00:00,17.54568596643179,-0.6293140335682068,0.1358355457793223,-0.005120447711537385
2026-10-16,0.16164383561643836,59,C,774.0,17.675,0.39000000000000057,mid,5.832349072118055,1.0,0.0,770.3342101802784,778.5800170898438,774.6575363658991,0.9913230908724541,0.05391342425901679,0.019290493942989033,parity (regression),57,-0.0008491695419684749,-0.0150877576769823,0.14091447875013052,XSP261016C00774000,2026-08-18T08:43:39+00:00,17.050103001283617,-0.6248969987163839,0.13583642993141068,-0.005078048818719844
2026-10-16,0.16164383561643836,59,C,775.0,17.075000000000003,0.4499999999999993,mid,1.6887263869328701,16.0,0.0,770.3342101802784,778.5800170898438,774.6575363658991,0.9913230908724541,0.05391342425901679,0.019290493942989033,parity (regression),57,0.00044198622165131536,0.007853061937880483,0.13998778267193765,XSP261016C00775000,2026-08-18T08:43:39+00:00,16.56388952329877,-0.5111104767012336,0.1358374308760524,-0.004150351795885243
2026-10-16,0.16164383561643836,59,C,776.0,16.505,0.39000000000000057,mid,5.878899998043981,1.0,0.0,770.3342101802784,778.5800170898438,774.6575363658991,0.9913230908724541,0.05391342425901679,0.019290493942989033,parity (regression),57,0.0017314770515232034,0.030764299572119767,0.13923195168099362,XSP261016C00776000,2026-08-18T08:43:39+00:00,16.08702802589727,-0.41797197410273057,0.13583854814712426,-0.0033934035338693547
2026-10-16,0.16164383561643836,59,C,777.0,15.93,0.4399999999999977,mid,4.640439349895834,2.0,0.0,770.3342101802784,778.5800170898438,774.6575363658991,0.9913230908724541,0.05391342425901679,0.019290493942989033,parity (regression),57,0.0030193072359518047,0.0536460314188839,0.13836159929202982,XSP261016C00777000,2026-08-18T08:43:39+00:00,15.61949581181085,-0.3105041881891495,0.1358397812784583,-0.002521818013571514
2026-10-16,0.16164383561643836,59,C,778.0,15.370000000000001,0.4399999999999995,mid,1.8893282387847221,1.0,0.0,770.3342101802784,778.5800170898438,774.6575363658991,0.9913230908724541,0.05391342425901679,0.019290493942989033,parity (regression),57,0.004305481046696098,0.07649833337734394,0.1375379758889671,XSP261016C00778000,2026-08-18T08:43:39+00:00,15.16126505147389,-0.20873494852611074,0.13584112980367116,-0.0016968460852959388
2026-10-16,0.16164383561643836,59,C,779.0,14.82,0.4399999999999995,mid,1.792441664710648,1.0,0.0,770.3342101802784,778.5800170898438,774.6575363658991,0.9913230908724541,0.05391342425901679,0.019290493942989033,parity (regression),57,0.005590002739052672,0.09932128105417275,0.13671939005539044,XSP261016C00779000,2026-08-18T08:43:39+00:00,14.712302849618311,-0.10769715038168926,0.13584259325619247,-0.0008767967991979708
2026-10-16,0.16164383561643836,59,C,780.0,14.29,0.4399999999999995,mid,4.681376849895834,5.0,0.0,770.3342101802784,778.5800170898438,774.6575363658991,0.9913230908724541,0.05391342425901679,0.019290493942989033,parity (regression),57,0.00687287655194174,0.12211494976507332,0.13598635644964838,XSP261016C00780000,2026-08-18T08:43:39+00:00,14.272571319832082,-0.01742868016791732,0.13584417116977865,-0.00014218527986972762
2026-10-16,0.16164383561643836,59,C,781.0,13.760000000000002,0.41999999999999993,mid,1.8748606461921296,2.0,0.0,770.3342101802784,778.5800170898438,774.6575363658991,0.9913230908724541,0.05391342425901679,0.019290493942989033,parity (regression),57,0.008154106707990416,0.1448794145362583,0.13517489728941542,XSP261016C00781000,2026-08-18T08:43:39+00:00,13.842027666826425,0.08202766682642348,0.13584586307797256,0.0006709657885571318
2026-10-16,0.16164383561643836,59,C,782.0,13.260000000000002,0.40000000000000036,mid,1.792441664710648,2.0,0.0,770.3342101802784,778.5800170898438,774.6575363658991,0.9913230908724541,0.05391342425901679,0.019290493942989033,parity (regression),57,0.009433697413615444,0.16761475010592003,0.13452956316872172,XSP261016C00782000,2026-08-18T08:43:39+00:00,13.420624276130582,0.16062427613058006,0.1358476685142078,0.0013181053454860703
2026-10-16,0.16164383561643836,59,C,783.0,12.760000000000002,0.40000000000000036,mid,4.72861064619213,1.0,0.0,770.3342101802784,778.5800170898438,774.6575363658991,0.9913230908724541,0.05391342425901679,0.019290493942989033,parity (regression),57,0.010711652859107594,0.1903210309257299,0.13380412827657456,XSP261016C00783000,2026-08-18T08:43:39+00:00,13.00830881092429,0.24830881092428925,0.13584958701199362,0.002045458735419059
2026-10-16,0.16164383561643836,59,C,784.0,12.27,0.40000000000000036,mid,13.67957129434028,,0.0,770.3342101802784,778.5800170898438,774.6575363658991,0.9913230908724541,0.05391342425901679,0.019290493942989033,parity (regression),57,0.011987977218712254,0.21299833116227046,0.13307960217511144,XSP261016C00784000,2026-08-18T08:43:39+00:00,12.605024315695687,0.33502431569568714,0.13585161810485488,0.0027720159297434377
2026-10-16,0.16164383561643836,59,C,785.0,11.775,0.4299999999999997,mid,1.3100342573032406,5.0,0.0,770.3342101802784,778.5800170898438,774.6575363658991,0.9913230908724541,0.05391342425901679,0.019290493942989033,parity (regression),57,0.01326267465071275,0.23564672469851566,0.1322303818787024,XSP261016C00785000,2026-08-18T08:43:39+00:00,12.210709326400888,0.4357093264008878,0.13585376132637367,0.003623379447671271
2026-10-16,0.16164383561643836,59,C,786.0,11.305,0.4299999999999997,mid,4.903182405451389,1.0,0.0,770.3342101802784,778.5800170898438,774.6575363658991,0.9913230908724541,0.05391342425901679,0.019290493942989033,parity (regression),57,0.014535749297510994,0.2582662851352639,0.13150465474747017,XSP261016C00786000,2026-08-18T08:43:39+00:00,11.8252979867882,0.5202979867882007,0.1358560162098615,0.0043513614623913455
2026-10-16,0.16164383561643836,59,C,787.0,10.865,0.39000000000000057,mid,13.67957129434028,2.0,0.0,770.3342101802784,778.5800170898438,774.6575363658991,0.9913230908724541,0.05391342425901679,0.019290493942989033,parity (regression),57,0.015807205285707587,0.2808570857925612,0.1309461192440764,XSP261016C00787000,2026-08-18T08:43:39+00:00,11.448720170537683,0.5837201705376831,0.13585838228977476,0.004912263045698362
2026-10-16,0.16164383561643836,59,C,788.0,10.41,0.41999999999999993,mid,5.702684720266204,5.0,0.0,770.3342101802784,778.5800170898438,774.6575363658991,0.9913230908724541,0.05391342425901679,0.019290493942989033,parity (regression),57,0.017077046726183615,0.30341919971115455,0.13017570692125144,XSP261016C00788000,2026-08-18T08:43:39+00:00,11.080901608856891,0.6709016088568909,0.1358608590991768,0.005685152177925368
2026-10-16,0.16164383561643836,59,C,789.0,9.91,0.3999999999999986,mid,18.88505740545139,1.0,0.0,770.3342101802784,778.5800170898438,774.6575363658991,0.9913230908724541,0.05391342425901679,0.019290493942989033,parity (regression),57,0.018345277714178647,0.3259526996538777,0.1289308724493557,XSP261016C00789000,2026-08-18T08:43:39+00:00,10.721764023162223,0.8117640231622225,0.13586344617218557,0.006932573722829877
2026-10-16,0.16164383561643836,59,C,790.0,9.55,0.41999999999999993,mid,1.7481592573032405,7.0,0.0,770.3342101802784,778.5800170898438,774.6575363658991,0.9913230908724541,0.05391342425901679,0.019290493942989033,parity (regression),57,0.019611902329371496,0.3484576581070863,0.12879696911436628,XSP261016C00790000,2026-08-18T08:43:39+00:00,10.371225262472365,0.8212252624723639,0.13586614304281638,0.0070691739284501065
2026-10-16,0.16164383561643836,59,C,791.0,9.155000000000001,0.3899999999999988,mid,14.840717127673612,2.0,0.0,770.3342101802784,778.5800170898438,774.6575363658991,0.9913230908724541,0.05391342425901679,0.019290493942989033,parity (regression),57,0.02087692463595832,0.3709341472820451,0.12827779464200734,XSP261016C00791000,2026-08-18T08:43:39+00:00,10.029199445129393,0.874199445129392,0.1358689492452197,0.007591154603212358
2026-10-16,0.16164383561643836,59,C,792.0,8.76,0.379999999999999,mid,1.8236106461921295,2.0,0.0,770.3342101802784,778.5800170898438,774.6575363658991,0.9913230908724541,0.05391342425901679,0.019290493942989033,parity (regression),57,0.022140348682730213,0.3933822391163073,0.12767064656766758,XSP261016C00792000,2026-08-18T08:43:39+00:00,9.695597104461797,0.935597104461797,0.1358718643136489,0.008201217745981315
2026-10-16,0.16164383561643836,59,C,793.0,8.375,0.370000000000001,mid,1.8263768498958333,5.0,0.0,770.3342101802784,778.5800170898438,774.6575363658991,0.9913230908724541,0.05391342425901679,0.019290493942989033,parity (regression),57,0.023402178503152474,0.41580200527512223,0.12706173118759265,XSP261016C00793000,2026-08-18T08:43:39+00:00,9.370325337997201,0.9953253379972011,0.13587488778285942,0.008813156595266769
2026-10-16,0.16164383561643836,59,C,794.0,7.99,0.39999999999999947,mid,1.8236106461921295,1.0,0.0,770.3342101802784,778.5800170898438,774.6575363658991,0.9913230908724541,0.05391342425901679,0.019290493942989033,parity (regression),57,0.024662418115440125,0.4381935171527775,0.12636066678893368,XSP261016C00794000,2026-08-18T08:43:39+00:00,9.053287959834194,1.0632879598341933,0.13587801918726572,0.00951735239833204
2026-10-16,0.16164383561643836,59,C,795.0,7.635,0.3899999999999997,mid,1.880867590636574,68.0,0.0,770.3342101802784,778.5800170898438,774.6575363658991,0.9913230908724541,0.05391342425901679,0.019290493942989033,parity (regression),57,0.025921071522636216,0.4605568458739904,0.12583809285178635,XSP261016C00795000,2026-08-18T08:43:39+00:00,8.74438565577887,1.1093856557788708,0.1358812580618694,0.010043165210083055
2026-10-16,0.16164383561643836,59,C,796.0,7.29,0.35999999999999943,mid,32.63249953508102,2.0,0.0,770.3342101802784,778.5800170898438,774.6575363658991,0.9913230908724541,0.05391342425901679,0.019290493942989033,parity (regression),57,0.02717814271268746,0.48289206229525133,0.1253159318755479,XSP261016C00796000,2026-08-18T08:43:39+00:00,8.443516140853603,1.1535161408536032,0.13588460394180904,0.010568672066261137
2026-10-16,0.16164383561643836,59,C,797.0,6.945,0.3899999999999997,mid,6.899710183229166,1.0,0.0,770.3342101802784,778.5800170898438,774.6575363658991,0.9913230908724541,0.05391342425901679,0.019290493942989033,parity (regression),57,0.028433635658519398,0.5051992370061599,0.1247004918681175,XSP261016C00797000,2026-08-18T08:43:39+00:00,8.150574318787278,1.2055743187872778,0.13588805636246523,0.011187564494347726
2026-10-16,0.16164383561643836,59,C,798.0,6.615,0.3899999999999997,mid,8.734154627673611,1.0,0.0,770.3342101802784,778.5800170898438,774.6575363658991,0.9913230908724541,0.05391342425901679,0.019290493942989033,parity (regression),57,0.029687554318113252,0.5274784403307898,0.12413104693479085,XSP261016C00798000,2026-08-18T08:43:39+00:00,7.865452443100509,1.2504524431005084,0.13589161485948306,0.011760567924692211
2026-10-16,0.16164383561643836,59,C,799.0,6.300000000000001,0.3799999999999999,mid,1.6566314795254629,5.0,0.0,770.3342101802784,778.5800170898438,774.6575363658991,0.9913230908724541,0.05391342425901679,0.019290493942989033,parity (regression),57,0.030939902634579068,0.549729742328989,0.12361016452490908,XSP261016C00799000,2026-08-18T08:43:39+00:00,7.588040279401554,1.288040279401553,0.1358952789687898,0.012285114443880724
2026-10-16,0.16164383561643836,59,C,800.0,5.994999999999999,0.3700000000000001,mid,1.3100342573032406,12.0,0.0,770.3342101802784,778.5800170898438,774.6575363658991,0.9913230908724541,0.05391342425901679,0.019290493942989033,parity (regression),57,0.03219068453623161,0.5719532127977276,0.1230914642845332,XSP261016C00800000,2026-08-18T08:43:39+00:00,7.318225268515789,1.32322526851579,0.13589904822663265,0.012807583942099451
2026-10-16,0.16164383561643836,59,C,805.0,4.630000000000001,0.2999999999999998,mid,1.6391430535995368,3.0,0.0,770.3342101802784,778.5800170898438,774.6575363658991,0.9913230908724541,0.05391342425901679,0.019290493942989033,parity (regression),57,0.03842123428686768,0.6826555168559546,0.12067225776417201,XSP261016C00805000,2026-08-18T08:43:39+00:00,6.079025808698589,1.4490258086985879,0.13591945553370446,0.015247197769532456
2026-10-16,0.16164383561643836,59,C,810.0,3.5300000000000002,0.30000000000000027,mid,1.6391430535995368,15.0,0.0,770.3342101802784,778.5800170898438,774.6575363658991,0.9913230908724541,0.05391342425901679,0.019290493942989033,parity (regression),57,0.04461320453478876,0.7926723533373383,0.1187150431865857,XSP261016C00810000,2026-08-18T08:43:39+00:00,5.01181994995963,1.4818199499596298,0.1359424221852009,0.017227378998615192
2026-10-16,0.16164383561643836,59,C,815.0,2.66,0.33999999999999986,mid,1.3100342573032406,5.0,0.0,770.3342101802784,778.5800170898438,774.6575363658991,0.9913230908724541,0.05391342425901679,0.019290493942989033,parity (regression),57,0.05076707010916702,0.9020121588462713,0.11716776605222554,XSP261016C00815000,2026-08-18T08:43:39+00:00,4.100892243459128,1.4408922434591283,0.1359678906374082,0.018800124585182654
2026-10-16,0.16164383561643836,59,C,820.0,1.975,0.30999999999999983,mid,1.736654627673611,2.0,0.0,770.3342101802784,778.5800170898438,774.6575363658991,0.9913230908724541,0.05391342425901679,0.019290493942989033,parity (regression),57,0.0568832971266031,1.0106832151851168,0.11583682485771088,XSP261016C00820000,2026-08-18T08:43:39+00:00,3.3302520485986946,1.3552520485986945,0.13599580364846786,0.020158978790756982
2026-10-16,0.16164383561643836,59,C,825.0,1.455,0.29000000000000004,mid,1.6391430535995368,12.0,0.0,770.3342101802784,778.5800170898438,774.6575363658991,0.9913230908724541,0.05391342425901679,0.019290493942989033,parity (regression),57,0.06296234320298529,1.1186936531184517,0.11489022660355883,XSP261016C00825000,2026-08-18T08:43:39+00:00,2.6840585562204637,1.2290585562204637,0.13602610432555842,0.021135877721999596
2026-10-16,0.16164383561643836,59,C,830.0,1.05,0.2599999999999999,mid,1.6739925906365738,9.0,0.0,770.3342101802784,778.5800170898438,774.6575363658991,0.9913230908724541,0.05391342425901679,0.019290493942989033,parity (regression),57,0.06900465765894791,1.226051456023582,0.11389988076901884,XSP261016C00830000,2026-08-18T08:43:39+00:00,2.146983695733738,1.0969836957337378,0.13605873616738504,0.022158855398366192
2026-10-16,0.16164383561643836,59,C,835.0,0.76,0.24,mid,1.6475342573032405,11.0,0.0,770.3342101802784,778.5800170898438,774.6575363658991,0.9913230908724541,0.05391342425901679,0.019290493942989033,parity (regression),57,0.07501068171915978,1.3327644634314315,0.11344221934571973,XSP261016C00835000,2026-08-18T08:43:39+00:00,1.7045045974477233,0.9445045974477233,0.1360936431087292,0.02265142376300948
2026-11-20,0.25753424657534246,94,C,675.0,105.925,2.569999999999993,mid,125.6436685165625,1.0,2.0,770.3342101802784,778.5800170898438,777.1515296827712,0.9856423215773389,0.056154656730167306,0.021942156867668886,parity (regression),14,-0.14092265937814996,-1.8381840533133231,0.2389575521616692,XSP261120C00675000,2026-08-18T08:43:39+00:00,101.05985260275781,-4.865147397242183,0.1360817010905485,-0.10287585107112068
2026-11-20,0.25753424657534246,94,C,710.0,74.19,5.0,mid,50.72812453508102,3.0,0.0,770.3342101802784,778.5800170898438,777.1515296827712,0.9856423215773389,0.056154656730167306,0.021942156867668886,parity (regression),14,-0.09037038021531874,-1.1787841113465194,0.20411517611929725,XSP261120C00710000,2026-08-18T08:43:39+00:00,68.43802609098577,-5.751973909014225,0.13594516118025074,-0.06817001493904651
2026-11-20,0.25753424657534246,94,C,715.0,69.82,5.0,mid,13.758564349895835,2.0,0.0,770.3342101802784,778.5800170898438,777.1515296827712,0.9856423215773389,0.056154656730167306,0.021942156867668886,parity (regression),14,-0.08335280755667214,-1.0872474471151328,0.19937871796511059,XSP261120C00715000,2026-08-18T08:43:39+00:00,64.05332023531241,-5.766679764687581,0.135931708761299,-0.06344700920381158
2026-11-20,0.25753424657534246,94,C,720.0,65.92,1.1200000000000045,mid,7.886469442488425,2.0,0.0,770.3342101802784,778.5800170898438,777.1515296827712,0.9856423215773389,0.056154656730167306,0.021942156867668886,parity (regression),14,-0.07638413824057876,-0.9963486742266412,0.19843500001932793,XSP261120C00720000,2026-08-18T08:43:39+00:00,59.76857492674742,-6.151425073252582,0.13591968895090806,-0.06251531106841987
2026-11-20,0.25753424657534246,94,C,730.0,57.07,5.0,mid,15.74119166471065,3.0,0.0,770.3342101802784,778.5800170898438,777.1515296827712,0.9856423215773389,0.056154656730167306,0.021942156867668886,parity (regression),14,-0.06259081610824296,-0.8164296683140647,0.18557734901256284,XSP261120C00730000,2026-08-18T08:43:39+00:00,51.543932313985806,-5.526067686014194,0.13589984305938146,-0.04967750595318138
2026-11-20,0.25753424657534246,94,C,735.0,52.96,5.0,mid,8.67841388693287,15.0,0.0,770.3342101802784,778.5800170898438,777.1515296827712,0.9856423215773389,0.056154656730167306,0.021942156867668886,parity (regression),14,-0.055764851037843066,-0.7273923183502566,0.18109245998575593,XSP261120C00735000,2026-08-18T08:43:39+00:00,47.626127268170876,-5.333872731829125,0.13589196572539042,-0.045200494260365515
2026-11-20,0.25753424657534246,94,C,740.0,48.94,5.0,mid,1.6720134239699072,2.0,0.0,770.3342101802784,778.5800170898438,777.1515296827712,0.9856423215773389,0.056154656730167306,0.021942156867668886,parity (regression),14,-0.04898516405246438,-0.6389586160771695,0.1767212417649473,XSP261120C00740000,2026-08-18T08:43:39+00:00,43.85199779237587,-5.088002207624129,0.13588541849262825,-0.04083582327231905
2026-11-20,0.25753424657534246,94,C,745.0,45.01,5.0,mid,13.869339812858797,3.0,0.0,770.3342101802784,778.5800170898438,777.1515296827712,0.9856423215773389,0.056154656730167306,0.021942156867668886,parity (regression),14,-0.04225113187112026,-0.5511204314667764,0.17239319451025412,XSP261120C00745000,2026-08-18T08:43:39+00:00,40.231142041931435,-4.7788579580685635,0.1358801765266379,-0.036513017983616225
2026-11-20,0.25753424657534246,94,C,750.0,41.18,5.0,mid,1.7798374980439813,2.0,0.0,770.3342101802784,778.5800170898438,777.1515296827712,0.9856423215773389,0.056154656730167306,0.021942156867668886,parity (regression),14,-0.03556214372032361,-0.46386979763788766,0.16811384075613534,XSP261120C00750000,2026-08-18T08:43:39+00:00,36.77216984213521,-4.407830157864787,0.13587621530835922,-0.032237625447776114
2026-11-20,0.25753424657534246,94,C,755.0,37.48,5.0,mid,4.655022683229167,5.0,0.0,770.3342101802784,778.5800170898438,777.1515296827712,0.9856423215773389,0.056154656730167306,0.021942156867668886,parity (regression),14,-0.028917601001655104,-0.3771989065199376,0.16402197069051686,XSP261120C00755000,2026-08-18T08:43:39+00:00,33.4825031491967,-3.9974968508032944,0.13587351063374586,-0.02814846005677099
2026-11-20,0.25753424657534246,94,C,760.0,34.27,1.0,mid,1.7719092573032407,4.0,0.0,770.3342101802784,778.5800170898438,777.1515296827712,0.9856423215773389,0.056154656730167306,0.021942156867668886,parity (regression),14,-0.022316916970303004,-0.2911001046598828,0.16247244954957726,XSP261120C00760000,2026-08-18T08:43:39+00:00,30.3682060988516,-3.9017939011484017,0.13587203861287134,-0.026600410936705926
2026-11-20,0.25753424657534246,94,C,765.0,30.82,0.6199999999999974,mid,5.747210183229167,1.0,0.0,770.3342101802784,778.5800170898438,777.1515296827712,0.9856423215773389,0.056154656730167306,0.021942156867668886,parity (regression),14,-0.015759516424144002,-0.20556588916659724,0.15839385909163226,XSP261120C00765000,2026-08-18T08:43:39+00:00,27.433851174761628,-3.3861488252383722,0.13587177566909475,-0.022522083422537503
2026-11-20,0.25753424657534246,94,C,770.0,27.545,0.5899999999999999,mid,4.891550461006944,10.0,0.0,770.3342101802784,778.5800170898438,777.1515296827712,0.9856423215773389,0.056154656730167306,0.021942156867668886,parity (regression),14,-0.009244835402950267,-0.1205889037873529,0.15457684608743294,XSP261120C00770000,2026-08-18T08:43:39+00:00,24.68242629883798,-2.8625737011620203,0.13587269853849282,-0.01870414754894012
2026-11-20,0.25753424657534246,94,C,775.0,24.465,0.490000000000002,mid,1.6846060165624999,15.0,0.0,770.3342101802784,778.5800170898438,777.1515296827712,0.9856423215773389,0.056154656730167306,0.021942156867668886,parity (regression),14,-0.0027723208973327645,-0.03616193511129914,0.15106864765772623,XSP261120C00775000,2026-08-18T08:43:39+00:00,22.115285690532005,-2.349714309467995,0.13587478426893632,-0.015193863388789919
2026-11-20,0.25753424657534246,94,C,780.0,21.555,0.490000000000002,mid,1.7719092573032407,10.0,0.0,770.3342101802784,778.5800170898438,777.1515296827712,0.9856423215773389,0.056154656730167306,0.021942156867668886,parity (regression),14,0.00365856943295759,0.0477220911049947,0.14763371591326185,XSP261120C00780000,2026-08-18T08:43:39+00:00,19.732145294545035,-1.822854705454965,0.1358780102191241,-0.011755705694137752
2026-11-20,0.25753424657534246,94,C,785.0,18.84,0.5399999999999991,mid,1.883078238784722,1.0,0.0,770.3342101802784,778.5800170898438,777.1515296827712,0.9856423215773389,0.056154656730167306,0.021942156867668886,parity (regression),14,0.010048367531728641,0.13107011349459982,0.1443698408916074,XSP261120C00785000,2026-08-18T08:43:39+00:00,17.531121568979245,-1.308878431020755,0.13588235405801197,-0.008487486833595431
2026-11-20,0.25753424657534246,94,C,790.0,16.34,0.5200000000000031,mid,4.664108331377315,7.0,0.0,770.3342101802784,778.5800170898438,777.1515296827712,0.9856423215773389,0.056154656730167306,0.021942156867668886,parity (regression),14,0.016397595210387427,0.21388893852435045,0.14135365122863322,XSP261120C00790000,2026-08-18T08:43:39+00:00,15.508810580703425,-0.8311894192965745,0.13588779376326907,-0.0054658574653641545
2026-11-20,0.25753424657534246,94,C,795.0,14.015,0.41000000000000014,mid,1.8624995350810183,2.0,0.0,770.3342101802784,778.5800170898438,777.1515296827712,0.9856423215773389,0.056154656730167306,0.021942156867668886,parity (regression),14,0.022706764403652185,0.2961852438303312,0.1382801933982918,XSP261120C00795000,2026-08-18T08:43:39+00:00,13.66040277416596,-0.3545972258340413,0.13589430762069524,-0.0023858857775965747
2026-11-20,0.25753424657534246,94,C,800.0,11.96,0.40000000000000036,mid,1.6631129610069442,1.0,0.0,770.3342101802784,778.5800170898438,777.1515296827712,0.9856423215773389,0.056154656730167306,0.021942156867668886,parity (regression),14,0.028976377417247404,0.3779655814487917,0.13576413662349437,XSP261120C00800000,2026-08-18T08:43:39+00:00,11.979827540606948,0.019827540606947025,0.13590187422285938,0.00013773759936500096
2026-11-20,0.25753424657534246,94,C,805.0,10.129999999999999,0.3800000000000008,mid,5.668818979525463,11.0,0.0,770.3342101802784,778.5800170898438,777.1515296827712,0.9856423215773389,0.056154656730167306,0.021942156867668886,parity (regression),14,0.03520692716788352,0.459236380946423,0.13352234066862562,XSP261120C00805000,2026-08-18T08:43:39+00:00,10.459920863522854,0.32992086352285455,0.1359104724680683,0.0023881317994426943
2026-11-20,0.25753424657534246,94,C,810.0,8.52,0.46000000000000085,mid,1.302430090636574,2.0,0.0,770.3342101802784,778.5800170898438,777.1515296827712,0.9856423215773389,0.056154656730167306,0.021942156867668886,parity (regression),14,0.04139889741580464,0.5400039524536913,0.13156118020867816,XSP261120C00810000,2026-08-18T08:43:39+00:00,9.092608869965773,0.572608869965773,0.13592008155884133,0.004358901350163175
2026-11-20,0.25753424657534246,94,C,815.0,7.095000000000001,0.4500000000000002,mid,4.875277312858796,2.0,0.0,770.3342101802784,778.5800170898438,777.1515296827712,0.9856423215773389,0.056154656730167306,0.021942156867668886,parity (regression),14,0.047552762990182934,0.6202744896048653,0.1296742970276576,XSP261120C00815000,2026-08-18T08:43:39+00:00,7.869100063891892,0.7741000638918916,0.13593068100078629,0.006256383973128693
2026-11-20,0.25753424657534246,94,C,820.0,5.83,0.40000000000000036,mid,1.7285643498958332,2.0,0.0,770.3342101802784,778.5800170898438,777.1515296827712,0.9856423215773389,0.056154656730167306,0.021942156867668886,parity (regression),14,0.05366899000761906,0.7000540723881177,0.12770731949543251,XSP261120C00820000,2026-08-18T08:43:39+00:00,6.780079320983248,0.9500793209832477,0.13594225060110202,0.008234931105669502
2026-11-20,0.25753424657534246,94,C,825.0,4.779999999999999,0.3799999999999999,mid,1.302430090636574,4.0,0.0,770.3342101802784,778.5800170898438,777.1515296827712,0.9856423215773389,0.056154656730167306,0.021942156867668886,parity (regression),14,0.05974803608400128,0.7793486699089995,0.12624205025961618,XSP261120C00825000,2026-08-18T08:43:39+00:00,5.815897328821507,1.0358973288215072,0.13595477046708213,0.009712720207465941
2026-11-20,0.25753424657534246,94,C,830.0,3.8949999999999996,0.4099999999999997,mid,1.8970481461921294,1.0,0.0,770.3342101802784,778.5800170898438,777.1515296827712,0.9856423215773389,0.056154656730167306,0.021942156867668886,parity (regression),14,0.06579035053996374,0.8581641430704212,0.12500096130649882,XSP261120C00830000,2026-08-18T08:43:39+00:00,4.966749994045415,1.0717499940454154,0.13596822100431552,0.0109672596978167
2026-11-20,0.25753424657534246,94,C,835.0,3.13,0.3799999999999999,mid,1.8041777758217592,1.0,0.0,770.3342101802784,778.5800170898438,777.1515296827712,0.9856423215773389,0.056154656730167306,0.021942156867668886,parity (regression),14,0.07179637460017564,0.9365062471721654,0.1236543010841243,XSP261120C00835000,2026-08-18T08:43:39+00:00,4.222843335075197,1.0928433350751972,0.13598258291529802,0.012328281831173724
2026-11-20,0.25753424657534246,94,C,840.0,2.525,0.3700000000000001,mid,1.1592240721180556,17.0,0.0,770.3342101802784,778.5800170898438,777.1515296827712,0.9856423215773389,0.056154656730167306,0.021942156867668886,parity (regression),14,0.0777665415866795,1.0143806344327753,0.12285717041393884,XSP261120C00840000,2026-08-18T08:43:39+00:00,3.57454046092775,1.04954046092775,0.13599783719815764,0.013140666784218796
2026-11-20,0.25753424657534246,94,C,845.0,2.015,0.34999999999999987,mid,27.901365275821757,1.0,0.0,770.3342101802784,778.5800170898438,777.1515296827712,0.9856423215773389,0.056154656730167306,0.021942156867668886,parity (regression),14,0.08370127710649408,1.0917928564366326,0.12202588977572555,XSP261120C00845000,2026-08-18T08:43:39+00:00,3.012488334422727,0.997488334422727,0.13601396514302547,0.013988075367299915
2026-11-20,0.25753424657534246,94,C,850.0,1.595,0.31000000000000005,mid,1.8113999980439812,1.0,0.0,770.3342101802784,778.5800170898438,777.1515296827712,0.9856423215773389,0.056154656730167306,0.021942156867668886,parity (regression),14,0.08960099923368241,1.168748366508839,0.12125622757684162,XSP261120C00850000,2026-08-18T08:43:39+00:00,2.5277230715693406,0.9327230715693406,0.13603094833265048,0.014774720755808851
2026-11-20,0.25753424657534246,94,C,855.0,1.255,0.2899999999999998,mid,4.707464812858796,3.0,0.0,770.3342101802784,778.5800170898438,777.1515296827712,0.9856423215773389,0.056154656730167306,0.021942156867668886,parity (regression),14,0.09546611868608053,1.2452525220204516,0.12059808588489282,XSP261120C00855000,2026-08-18T08:43:39+00:00,2.111753489691182,0.8567534896911821,0.13604876863813334,0.015450682753240519
2026-11-20,0.25753424657534246,94,C,860.0,0.9949999999999999,0.2699999999999999,mid,12.817383794340278,2.0,0.0,770.3342101802784,778.5800170898438,777.1515296827712,0.9856423215773389,0.056154656730167306,0.021942156867668886,parity (regression),14,0.10129703899687356,1.3213105866265074,0.12035970884769752,XSP261120C00860000,2026-08-18T08:43:39+00:00,1.7566234495121549,0.761623449512155,0.13606740821839272,0.015707699370695202
2026-11-20,0.25753424657534246,94,C,865.0,0.79,0.26,mid,1.635092127673611,3.0,0.0,770.3342101802784,778.5800170898438,777.1515296827712,0.9856423215773389,0.056154656730167306,0.021942156867668886,parity (regression),14,0.1070941566811995,1.3969277324391902,0.12031767840737002,XSP261120C00865000,2026-08-18T08:43:39+00:00,1.4549542188012268,0.6649542188012267,0.13608684951734348,0.01576917110997346
2027-01-15,0.410958904109589,150,C,630.0,154.935,0.7300000000000182,mid,14.795300461006946,1.0,0.0,770.3342101802784,778.5800170898438,782.1777667228844,0.9811547619047583,0.04629434315000969,0.009167569989362225,parity (regression),8,-0.2163622185007787,-2.171890254978545,0.2650771673872241,XSP270115C00630000,2026-08-18T08:43:39+00:00,149.43788120971874,-5.497118790281263,0.1360839545868798,-0.1289932128003443
2027-01-15,0.410958904109589,150,C,640.0,145.69,0.9200000000000159,mid,22.84296249804398,1.0,0.0,770.3342101802784,778.5800170898438,782.1777667228844,0.9811547619047583,0.04629434315000969,0.009167569989362225,parity (regression),8,-0.20061386153263952,-2.0138048772816903,0.25721842309377435,XSP270115C00640000,2026-08-18T08:43:39+00:00,139.71983693871937,-5.97016306128063,0.13605372326176507,-0.12116469983200928
2027-01-15,0.410958904109589,150,C,650.0,136.57,0.9399999999999977,mid,4.88829814619213,1.0,0.0,770.3342101802784,778.5800170898438,782.1777667228844,0.9811547619047583,0.04629434315000969,0.009167569989362225,parity (regression),8,-0.18510967499667427,-1.8581705346401571,0.25005338634562496,XSP270115C00650000,2026-08-18T08:43:39+00:00,130.0570195687676,-6.512980431232393,0.1360265255576278,-0.11402686078799718
2027-01-15,0.410958904109589,150,C,655.0,131.735,1.3099999999999739,mid,4.800346757303241,1.0,0.0,770.3342101802784,778.5800170898438,782.1777667228844,0.9811547619047583,0.04629434315000969,0.009167569989362225,parity (regression),8,-0.1774468022511052,-1.7812489780182823,0.24324877869379893,XSP270115C00655000,2026-08-18T08:43:39+00:00,125.25373261149139,-6.481267388508627,0.13601402683192862,-0.10723475186187031
2027-01-15,0.410958904109589,150,C,660.0,127.44,0.7000000000000028,mid,1.9077310165624999,1.0,0.0,770.3342101802784,778.5800170898438,782.1777667228844,0.9811547619047583,0.04629434315000969,0.009167569989362225,parity (regression),8,-0.16984220286588594,-1.7049123818592162,0.24197406736284538,XSP270115C00660000,2026-08-18T08:43:39+00:00,120.47398431244847,-6.966015687551533,0.13600224217320758,-0.1059718251896378
2027-01-15,0.410958904109589,150,C,665.0,122.945,0.9100000000000108,mid,12.631631479525463,2.0,0.0,770.3342101802784,778.5800170898438,782.1777667228844,0.9811547619047583,0.04629434315000969,0.009167569989362225,parity (regression),8,-0.16229499723050297,-1.6291519164443709,0.23834157429275882,XSP270115C00665000,2026-08-18T08:43:39+00:00,115.72191970792471,-7.223080292075281,0.13599115745376122,-0.1023504168389976
2027-01-15,0.410958904109589,150,C,670.0,118.39,0.6599999999999966,mid,12.750636109155094,1.0,0.0,770.3342101802784,778.5800170898438,782.1777667228844,0.9811547619047583,0.04629434315000969,0.009167569989362225,parity (regression),8,-0.15480432550134543,-1.5539589504795577,0.23392181765749306,XSP270115C00670000,2026-08-18T08:43:39+00:00,111.00213239258596,-7.387867607414037,0.13598075884472866,-0.09794105881276441
2027-01-15,0.410958904109589,150,C,675.0,113.975,0.8900000000000006,mid,29.669305090636573,1.0,0.0,770.3342101802784,778.5800170898438,782.1777667228844,0.9811547619047583,0.04629434315000969,0.009167569989362225,parity (regression),8,-0.14736934701382728,-1.4793250451937432,0.23059634912579585,XSP270115C00675000,2026-08-18T08:43:39+00:00,106.31965957924024,-7.655340420759757,0.1359710328083668,-0.09462531631742904
2027-01-15,0.410958904109589,150,C,680.0,109.47,0.6400000000000006,mid,15.683112961006945,1.0,0.0,770.3342101802784,778.5800170898438,782.1777667228844,0.9811547619047583,0.04629434315000969,0.009167569989362225,parity (regression),8,-0.13998923971620478,-1.4052419486555892,0.22622699940999935,XSP270115C00680000,2026-08-18T08:43:39+00:00,101.67996678206725,-7.790033217932745,0.1359619660908719,-0.09026503331912744
2027-01-15,0.410958904109589,150,C,685.0,105.05000000000001,0.6400000000000006,mid,8.750358331377313,1.0,0.0,770.3342101802784,778.5800170898438,782.1777667228844,0.9811547619047583,0.04629434315000969,0.009167569989362225,parity (regression),8,-0.13266319962413178,-1.331701590298161,0.2223806919366724,XSP270115C00685000,2026-08-18T08:43:39+00:00,97.08892145632069,-7.961078543679321,0.13595354571520055,-0.08642714622147185
2027-01-15,0.410958904109589,150,C,690.0,100.66499999999999,0.6300000000000097,mid,19.743934720266203,3.0,0.0,770.3342101802784,778.5800170898438,782.1777667228844,0.9811547619047583,0.04629434315000969,0.009167569989362225,parity (regression),8,-0.12539044029505209,-1.2586960756427654,0.21858142686041987,XSP270115C00690000,2026-08-18T08:43:39+00:00,92.55275526407581,-8.112244735924179,0.1359457589744028,-0.08263566788601706
2027-01-15,0.410958904109589,150,C,695.0,96.34,0.6400000000000006,mid,5.871411572118055,1.0,0.0,770.3342101802784,778.5800170898438,782.1777667228844,0.9811547619047583,0.04629434315000969,0.009167569989362225,parity (regression),8,-0.11817019232156495,-1.1862176812132461,0.21500289521064464,XSP270115C00695000,2026-08-18T08:43:39+00:00,88.0780150115603,-8.261984988439707,0.13593859342432182,-0.07906430178632282
2027-01-15,0.410958904109589,150,C,700.0,92.32,0.8599999999999994,mid,5.6869324054513894,3.0,0.0,770.3342101802784,778.5800170898438,782.1777667228844,0.9811547619047583,0.04629434315000969,0.009167569989362225,parity (regression),8,-0.11100170284295247,-1.1142588496325898,0.21344706078157363,XSP270115C00700000,2026-08-18T08:43:39+00:00,83.67150270277364,-8.648497297226356,0.13593203687846303,-0.0775150239031106
2027-01-15,0.410958904109589,150,C,705.0,87.91,0.5999999999999943,mid,5.908541201747686,1.0,0.0,770.3342101802784,778.5800170898438,782.1777667228844,0.9811547619047583,0.04629434315000969,0.009167569989362225,parity (regression),8,-0.10388423507408841,-1.0428121848940135,0.20863745349393634,XSP270115C00705000,2026-08-18T08:43:39+00:00,79.34020555823395,-8.56979444176605,0.13592607740073379,-0.07271137609320255
2027-01-15,0.410958904109589,150,C,710.0,83.66499999999999,0.5899999999999892,mid,14.908541201747687,1.0,0.0,770.3342101802784,778.5800170898438,782.1777667228844,0.9811547619047583,0.04629434315000969,0.009167569989362225,parity (regression),8,-0.09681706785099602,-0.9718704477991754,0.20477407595925398,XSP270115C00710000,2026-08-18T08:43:39+00:00,75.09121723758767,-8.573782762412321,0.13592070329881126,-0.06885337266044272
2027-01-15,0.410958904109589,150,C,715.0,79.16499999999999,1.0700000000000074,mid,5.908541201747686,1.0,0.0,770.3342101802784,778.5800170898438,782.1777667228844,0.9811547619047583,0.04629434315000969,0.009167569989362225,parity (regression),8,-0.08979949519234941,-0.9014265515564328,0.19888290735361921,XSP270115C00715000,2026-08-18T08:43:39+00:00,70.93165186153635,-8.23334813846364,0.13591590312069965,-0.06296700423291957
2027-01-15,0.410958904109589,150,C,720.0,75.435,0.8299999999999983,mid,6.823170831377315,1.0,0.0,770.3342101802784,778.5800170898438,782.1777667228844,0.9811547619047583,0.04629434315000969,0.009167569989362225,parity (regression),8,-0.08283082587625612,-0.8314735575324945,0.19790770777088504,XSP270115C00720000,2026-08-18T08:43:39+00:00,66.86855273444439,-8.56644726555561,0.13591166564643145,-0.06199604212445359
2027-01-15,0.410958904109589,150,C,730.0,66.88,1.019999999999996,mid,6.823170831377315,1.0,0.0,770.3342101802784,778.5800170898438,782.1777667228844,0.9811547619047583,0.04629434315000969,0.009167569989362225,parity (regression),8,-0.06903750374392029,-0.6930132379324149,0.1877043665567805,XSP270115C00730000,2026-08-18T08:43:39+00:00,59.05900489599105,-7.820995104008944,0.1359048350636273,-0.051799531493153195
2027-01-15,0.410958904109589,150,C,740.0,59.004999999999995,1.009999999999998,mid,5.70892314619213,2.0,0.0,770.3342101802784,778.5800170898438,782.1777667228844,0.9811547619047583,0.04629434315000969,0.009167569989362225,parity (regression),8,-0.05543185168814165,-0.556436790725815,0.18042675727362212,XSP270115C00740000,2026-08-18T08:43:39+00:00,51.713912947906124,-7.2910870520938715,0.1359001262507125,-0.04452663102290963
2027-01-15,0.410958904109589,150,C,750.0,51.46,0.9399999999999977,mid,1.6567819424884258,1.0,0.0,770.3342101802784,778.5800170898438,782.1777667228844,0.9811547619047583,0.04629434315000969,0.009167569989362225,parity (regression),8,-0.042008831356000954,-0.4216936398477872,0.1734566585698274,XSP270115C00750000,2026-08-18T08:43:39+00:00,44.87755835041122,-6.58244164958878,0.13589745730236605,-0.037559201267461345
2027-01-15,0.410958904109589,150,C,760.0,44.5,0.4200000000000017,mid,4.669687035081019,1.0,0.0,770.3342101802784,778.5800170898438,782.1777667228844,0.9811547619047583,0.04629434315000969,0.009167569989362225,parity (regression),8,-0.02876360460598031,-0.28873521899831966,0.1678890545304672,XSP270115C00760000,2026-08-18T08:43:39+00:00,38.584648989647064,-5.915351010352936,0.13589674955427675,-0.03199230497619046
2027-01-15,0.410958904109589,150,C,770.0,37.785,0.3300000000000054,mid,1.9077310165624999,2.0,0.0,770.3342101802784,778.5800170898438,782.1777667228844,0.9811547619047583,0.04629434315000969,0.009167569989362225,parity (regression),8,-0.01569152303862753,-0.15751486654886468,0.16157344336985446,XSP270115C00770000,2026-08-18T08:43:39+00:00,32.85843264850871,-4.926567351491286,0.13589792743634763,-0.025675515933506837
2027-01-15,0.410958904109589,150,C,780.0,31.525,0.2099999999999973,mid,5.6902310165625005,137.0,0.0,770.3342101802784,778.5800170898438,782.1777667228844,0.9811547619047583,0.04629434315000969,0.009167569989362225,parity (regression),8,-0.002788118202719746,-0.027987727229712787,0.15539761600920535,XSP270115C00780000,2026-08-18T08:43:39+00:00,27.709605947798423,-3.815394052201576,0.13590091833658738,-0.01949669767261797
2027-01-15,0.410958904109589,150,C,790.0,25.905,0.21000000000000085,mid,1.6956476832291665,1.0,0.0,770.3342101802784,778.5800170898438,782.1777667228844,0.9811547619047583,0.04629434315000969,0.009167569989362225,parity (regression),8,0.009950907574710021,0.09988933992016308,0.1500413829865695,XSP270115C00790000,2026-08-18T08:43:39+00:00,23.136088589285634,-2.7689114107143666,0.13590565247033862,-0.014135730516230877
2027-01-15,0.410958904109589,150,C,800.0,20.884999999999998,0.2099999999999973,mid,1.6567819424884258,9.0,0.0,770.3342101802784,778.5800170898438,782.1777667228844,0.9811547619047583,0.04629434315000969,0.009167569989362225,parity (regression),8,0.02252968978157026,0.22615784781346213,0.14507738064507486,XSP270115C00800000,2026-08-18T08:43:39+00:00,19.123633966394834,-1.7613660336051638,0.1359120627572848,-0.00916531788779007
2027-01-15,0.410958904109589,150,C,810.0,16.595,0.16999999999999815,mid,1.8011337943402776,7.0,0.0,770.3342101802784,778.5800170898438,782.1777667228844,0.9811547619047583,0.04629434315000969,0.009167569989362225,parity (regression),8,0.034952209780127315,0.35085776221670184,0.14105329990149007,XSP270115C00810000,2026-08-18T08:43:39+00:00,15.647161090580028,-0.9478389094199713,0.13592008470471487,-0.005133215196775204
2027-01-15,0.410958904109589,150,C,820.0,12.934999999999999,0.1899999999999995,mid,4.8715041647106485,3.0,0.0,770.3342101802784,778.5800170898438,782.1777667228844,0.9811547619047583,0.04629434315000969,0.009167569989362225,parity (regression),8,0.04722230237194178,0.47402757768866866,0.1374407569005246,XSP270115C00820000,2026-08-18T08:43:39+00:00,12.672630388897971,-0.2623696111020273,0.13592965629678264,-0.0015111006037419605
2027-01-15,0.410958904109589,150,C,830.0,9.9,0.17999999999999972,mid,1.8289347202662036,4.0,0.0,770.3342101802784,778.5800170898438,782.1777667228844,0.9811547619047583,0.04629434315000969,0.009167569989362225,parity (regression),8,0.059343662904286484,0.5957043889161624,0.1343177758846231,XSP270115C00830000,2026-08-18T08:43:39+00:00,10.15925290666695,0.25925290666694956,0.13594071788937243,0.0016229420047493281
2027-01-15,0.410958904109589,150,C,840.0,7.47,0.16000000000000014,mid,5.630971757303241,3.0,0.0,770.3342101802784,778.5800170898438,782.1777667228844,0.9811547619047583,0.04629434315000969,0.009167569989362225,parity (regression),8,0.07131985395100209,0.7159239577778549,0.13183992065414415,XSP270115C00840000,2026-08-18T08:43:39+00:00,8.061818897718666,0.5918188977186665,0.13595321211021255,0.004113291456068396
2027-01-15,0.410958904109589,150,C,850.0,5.535,0.15000000000000036,mid,1.6567819424884258,3.0,0.0,770.3342101802784,778.5800170898438,782.1777667228844,0.9811547619047583,0.04629434315000969,0.009167569989362225,parity (regression),8,0.08315431159800504,0.8347207764395638,0.12967718585200314,XSP270115C00850000,2026-08-18T08:43:39+00:00,6.332953244098917,0.7979532440989168,0.13596708376389155,0.006289897911888415
2027-01-15,0.410958904109589,150,C,860.0,3.915,0.33000000000000007,mid,7.769999535081018,8.0,0.0,770.3342101802784,778.5800170898438,782.1777667228844,0.9811547619047583,0.04629434315000969,0.009167569989362225,parity (regression),8,0.09485035136119623,0.9521281267594861,0.12671266469945844,XSP270115C00860000,2026-08-18T08:43:39+00:00,4.925144251052842,1.010144251052842,0.13598227974148702,0.009269615042028584
2027-01-15,0.410958904109589,150,C,870.0,2.9,0.1200000000000001,mid,18.882221757303242,2.0,0.0,770.3342101802784,778.5800170898438,782.1777667228844,0.9811547619047583,0.04629434315000969,0.009167569989362225,parity (regression),8,0.10641117376227231,1.068178136259386,0.12638596354980317,XSP270115C00870000,2026-08-18T08:43:39+00:00,3.7924406692500554,0.8924406692500555,0.13599874893451172,0.009612785384708555
2027-01-15,0.410958904109589,150,C,880.0,2.0549999999999997,0.10999999999999988,mid,1.7998837943402777,8.0,0.0,770.3342101802784,778.5800170898438,782.1777667228844,0.9811547619047583,0.04629434315000969,0.009167569989362225,parity (regression),8,0.11783986958589499,1.182901830897185,0.12517721766240703,XSP270115C00880000,2026-08-18T08:43:39+00:00,2.891761386954286,0.8367613869542865,0.13601644215298989,0.01083922449058286
2027-01-15,0.410958904109589,150,C,890.0,1.4449999999999998,0.13000000000000012,mid,1.8959717573032406,4.0,0.0,770.3342101802784,778.5800170898438,782.1777667228844,0.9811547619047583,0.04629434315000969,0.009167569989362225,parity (regression),8,0.12913942483982846,1.2963291848578833,0.1243360149804856,XSP270115C00890000,2026-08-18T08:43:39+00:00,2.183806836570774,0.7388068365707743,0.13603531204724228,0.011699297066756681
2027-01-15,0.410958904109589,150,C,900.0,1.03,0.10000000000000009,mid,5.853575923969908,2.0,0.0,770.3342101802784,778.5800170898438,782.1777667228844,0.9811547619047583,0.04629434315000969,0.009167569989362225,parity (regression),8,0.1403127254379536,1.4084891675626574,0.12425292546895565,XSP270115C00900000,2026-08-18T08:43:39+00:00,1.6335966940390065,0.6035966940390065,0.13605531303343374,0.011802387564478087
2027-01-15,0.410958904109589,150,C,910.0,0.72,0.12,mid,4.683124535081019,2.0,0.0,770.3342101802784,778.5800170898438,782.1777667228844,0.9811547619047583,0.04629434315000969,0.009167569989362225,parity (regression),8,0.15136256162453868,1.5194097880806388,0.12402403279066582,XSP270115C00910000,2026-08-18T08:43:39+00:00,1.2106830695462492,0.4906830695462492,0.13607640122242914,0.012052368431763327
2027-01-15,0.410958904109589,150,C,915.0,0.62,0.10000000000000009,mid,27.827233331377315,5.0,0.0,770.3342101802784,778.5800170898438,782.1777667228844,0.9811547619047583,0.04629434315000969,0.009167569989362225,parity (regression),8,0.15684202738916422,1.5744138381367994,0.124601805945959,XSP270115C00915000,2026-08-18T08:43:39+00:00,1.038679197395627,0.4186791973956271,0.1360873397491056,0.011485533803146611
2027-01-15,0.410958904109589,150,C,920.0,0.5349999999999999,0.08999999999999997,mid,12.666828238784722,2.0,0.0,770.3342101802784,778.5800170898438,782.1777667228844,0.9811547619047583,0.04629434315000969,0.009167569989362225,parity (regression),8,0.16229163215672884,1.6291181371136358,0.12522892876858324,XSP270115C00920000,2026-08-18T08:43:39+00:00,0.8891021431045161,0.35410214310451615,0.13609853435191788,0.010869605583334635
2027-01-15,0.410958904109589,150,C,925.0,0.455,0.10999999999999999,mid,1.8613884239699072,1.0,0.0,770.3342101802784,778.5800170898438,782.1777667228844,0.9811547619047583,0.04629434315000969,0.009167569989362225,parity (regression),8,0.167711699626068,1.6835259343693363,0.1255882587701672,XSP270115C00925000,2026-08-18T08:43:39+00:00,0.759367069135628,0.304367069135628,0.13610997999119603,0.010521721221028846
2027-01-15,0.410958904109589,150,C,930.0,0.39,0.09999999999999998,mid,15.677464812858798,7.0,0.0,770.3342101802784,778.5800170898438,782.1777667228844,0.9811547619047583,0.04629434315000969,0.009167569989362225,parity (regression),8,0.17310254826094457,1.73764042671131,0.12610938294203644,XSP270115C00930000,2026-08-18T08:43:39+00:00,0.647131491917829,0.257131491917829,0.13612167172161024,0.010012288779573802
2027-03-19,0.5835616438356165,213,C,645.0,147.935,0.9499999999999886,mid,29.770844442488425,1.0,0.0,770.3342101802784,778.5800170898438,786.8340979996327,0.9730357142857107,0.04684079639039098,0.010524216138703024,parity (regression),8,-0.1987671063495228,-1.6181644875799812,0.24799682859748745,XSP270319C00645000,2026-08-18T08:43:39+00:00,138.77717524789182,-9.157824752108183,0.13597481732894284,-0.11202201126854461
2027-03-19,0.5835616438356165,213,C,650.0,143.57,0.9799999999999898,mid,11.860948609155091,4.0,0.0,770.3342101802784,778.5800170898438,786.8340979996327,0.9730357142857107,0.04684079639039098,0.010524216138703024,parity (regression),8,-0.1910450602556124,-1.5552992530343384,0.2452088764088374,XSP270319C00650000,2026-08-18T08:43:39+00:00,134.0775398047747,-9.492460195225306,0.13596847709203788,-0.10924039931679952
2027-03-19,0.5835616438356165,213,C,655.0,139.11,0.9400000000000261,mid,18.638899998043982,2.0,0.0,770.3342101802784,778.5800170898438,786.8340979996327,0.9730357142857107,0.04684079639039098,0.010524216138703024,parity (regression),8,-0.18338218751004334,-1.4929157491565896,0.24150253426629903,XSP270319C00655000,2026-08-18T08:43:39+00:00,129.40697140414204,-9.703028595857973,0.1359625003312303,-0.10554003393506872
2027-03-19,0.5835616438356165,213,C,660.0,134.73000000000002,0.9199999999999875,mid,55.71788147952547,4.0,0.0,770.3342101802784,778.5800170898438,786.8340979996327,0.9730357142857107,0.04684079639039098,0.010524216138703024,parity (regression),8,-0.1757775881248241,-1.4310066491378184,0.23826404718214667,XSP270319C00660000,2026-08-18T08:43:39+00:00,124.76922422380687,-9.960775776193145,0.1359568794745868,-0.10230716770755988
2027-03-19,0.5835616438356165,213,C,665.0,130.375,0.910000000000025,mid,49.868564349895834,1.0,0.0,770.3342101802784,778.5800170898438,786.8340979996327,0.9730357142857107,0.04684079639039098,0.010524216138703024,parity (regression),8,-0.1682303824894411,-1.3695647920623075,0.23504363370280268,XSP270319C00665000,2026-08-18T08:43:39+00:00,120.1683053367874,-10.206694663212602,0.13595160713490112,-0.09909202656790156
2027-03-19,0.5835616438356165,213,C,667.0,128.695,0.9499999999999886,mid,13.725867590636575,8.0,0.0,770.3342101802784,778.5800170898438,786.8340979996327,0.9730357142857107,0.04684079639039098,0.010524216138703024,parity (regression),8,-0.16522737722967157,-1.3451173039611826,0.2341522583205276,XSP270319C00667000,2026-08-18T08:43:39+00:00,118.33919268582997,-10.355807314170022,0.13594959416329497,-0.09820266415723264
2027-03-19,0.5835616438356165,213,C,670.0,126.05,0.9000000000000057,mid,22.847800461006944,1.0,0.0,770.3342101802784,778.5800170898438,786.8340979996327,0.9730357142857107,0.04684079639039098,0.010524216138703024,parity (regression),8,-0.16073971076028357,-1.3085831779368413,0.23186600905026145,XSP270319C00670000,2026-08-18T08:43:39+00:00,115.60845777051713,-10.441542229482863,0.13594667610430938,-0.09591933294595206
2027-03-19,0.5835616438356165,213,C,671.0,125.235,0.9300000000000068,mid,14.670856016562501,4.0,0.0,770.3342101802784,778.5800170898438,786.8340979996327,0.9730357142857107,0.04684079639039098,0.010524216138703024,parity (regression),8,-0.15924828617361353,-1.296441479310866,0.2315588483183877,XSP270319C00671000,2026-08-18T08:43:39+00:00,114.70180555315073,-10.533194446849265,0.1359457302333231,-0.09561311808506459
2027-03-19,0.5835616438356165,213,C,675.0,121.795,0.9099999999999966,mid,12.883529627673612,1.0,0.0,770.3342101802784,778.5800170898438,786.8340979996327,0.9730357142857107,0.04684079639039098,0.010524216138703024,parity (regression),8,-0.15330473227276542,-1.2480549629047877,0.22899106062641758,XSP270319C00675000,2026-08-18T08:43:39+00:00,111.09413853360729,-10.700861466392709,0.13594207934927469,-0.0930489812771429
2027-03-19,0.5835616438356165,213,C,690.0,108.89,1.0999999999999943,mid,22.846886109155093,1.0,0.0,770.3342101802784,778.5800170898438,786.8340979996327,0.9730357142857107,0.04684079639039098,0.010524216138703024,parity (regression),8,-0.13132582555399022,-1.0691245202307629,0.21833446674322265,XSP270319C00690000,2026-08-18T08:43:39+00:00,97.87153342087163,-11.018466579128372,0.13593022690579665,-0.08240423983742601
2027-03-19,0.5835616438356165,213,C,698.0,102.38,0.7199999999999989,mid,13.725867590636575,8.0,0.0,770.3342101802784,778.5800170898438,786.8340979996327,0.9730357142857107,0.04684079639039098,0.010524216138703024,parity (regression),8,-0.11979832038292279,-0.9752790151026923,0.2142675964041718,XSP270319C00698000,2026-08-18T08:43:39+00:00,91.04974669974888,-11.330253300251115,0.13592504934142446,-0.07834254706274735
2027-03-19,0.5835616438356165,213,C,700.0,100.56,1.0600000000000023,mid,1.813865275821759,1.0,0.0,770.3342101802784,778.5800170898438,786.8340979996327,0.9730357142857107,0.04684079639039098,0.010524216138703024,parity (regression),8,-0.11693708810189062,-0.9519857018733786,0.21201843687130706,XSP270319C00700000,2026-08-18T08:43:39+00:00,89.37267377581611,-11.187326224183892,0.13592387507512116,-0.0760945617961859
2027-03-19,0.5835616438356165,213,C,705.0,96.45,1.039999999999992,mid,7.697487961006944,1.0,0.0,770.3342101802784,778.5800170898438,786.8340979996327,0.9730357142857107,0.04684079639039098,0.010524216138703024,parity (regression),8,-0.10981962033302656,-0.8940423439577162,0.20887192248031922,XSP270319C00705000,2026-08-18T08:43:39+00:00,85.23316148917536,-11.216838510824644,0.1359211453767023,-0.07295077710361692
2027-03-19,0.5835616438356165,213,C,708.0,94.175,0.6899999999999977,mid,15.893633794340278,3.0,0.0,770.3342101802784,778.5800170898438,786.8340979996327,0.9730357142857107,0.04684079639039098,0.010524216138703024,parity (regression),8,-0.10557332945157549,-0.8594732583856994,0.20796169526163427,XSP270319C00708000,2026-08-18T08:43:39+00:00,82.78750428232149,-11.387495717678505,0.1359196468895147,-0.07204204837211958
2027-03-19,0.5835616438356165,213,C,710.0,92.385,1.0300000000000011,mid,1.721180090636574,1.0,0.0,770.3342101802784,778.5800170898438,786.8340979996327,0.9730357142857107,0.04684079639039098,0.010524216138703024,parity (regression),8,-0.10275245310993417,-0.8365084831583949,0.20576335673042004,XSP270319C00710000,2026-08-18T08:43:39+00:00,81.17357549786107,-11.21142450213894,0.13591870517107615,-0.06984465155934388
2027-03-19,0.5835616438356165,213,C,711.0,91.805,0.6900000000000119,mid,15.819849072118057,,0.0,770.3342101802784,778.5800170898438,786.8340979996327,0.9730357142857107,0.04684079639039098,0.010524216138703024,parity (regression),8,-0.1013449933420544,-0.8250503427451833,0.2064119403253501,XSP270319C00711000,2026-08-18T08:43:39+00:00,80.37168023320805,-11.433319766791953,0.13591825135482613,-0.07049368897052397
2027-03-19,0.5835616438356165,213,C,715.0,88.36500000000001,1.0100000000000051,mid,14.889004164710649,3.0,0.0,770.3342101802784,778.5800170898438,786.8340979996327,0.9730357142857107,0.04684079639039098,0.010524216138703024,parity (regression),8,-0.09573488045128767,-0.7793783720762034,0.20267747413514317,XSP270319C00715000,2026-08-18T08:43:39+00:00,77.1987840686719,-11.16621593132811,0.1359165486412057,-0.06676092549393747
2027-03-19,0.5835616438356165,213,C,720.0,84.57499999999999,0.6099999999999994,mid,14.677187035081019,12.0,0.0,770.3342101802784,778.5800170898438,786.8340979996327,0.9730357142857107,0.04684079639039098,0.010524216138703024,parity (regression),8,-0.08876621113519427,-0.722646383468584,0.20058375978928342,XSP270319C00720000,2026-08-18T08:43:39+00:00,73.31350351383276,-11.261496486167232,0.13591467010294112,-0.0646690896863423
2027-03-19,0.5835616438356165,213,C,722.0,82.975,0.6499999999999915,mid,55.796318979525466,2.0,0.0,770.3342101802784,778.5800170898438,786.8340979996327,0.9730357142857107,0.04684079639039098,0.010524216138703024,parity (regression),8,-0.08599228425246906,-0.7000638241346656,0.19922329374318137,XSP270319C00722000,2026-08-18T08:43:39+00:00,71.78547389685605,-11.189526103143947,0.13591399527674855,-0.06330929846643282
2027-03-19,0.5835616438356165,213,C,723.0,82.185,0.6500000000000057,mid,6.652152312858796,4.0,0.0,770.3342101802784,778.5800170898438,786.8340979996327,0.9730357142857107,0.04684079639039098,0.010524216138703024,parity (regression),8,-0.08460820098653062,-0.6887959919972044,0.19858163394333084,XSP270319C00723000,2026-08-18T08:43:39+00:00,71.02718914382126,-11.157810856178742,0.1359136740999084,-0.06266795984342244
2027-03-19,0.5835616438356165,213,C,725.0,80.68,0.6000000000000085,mid,13.880381479525465,3.0,0.0,770.3342101802784,778.5800170898438,786.8340979996327,0.9730357142857107,0.04684079639039098,0.010524216138703024,parity (regression),8,-0.08184576829062054,-0.6663070069234311,0.1976583653982548,XSP270319C00725000,2026-08-18T08:43:39+00:00,69.52225082125449,-11.157749178745519,0.13591306400147918,-0.061745301396775615
2027-03-19,0.5835616438356165,213,C,729.0,77.56,0.6400000000000006,mid,33.83197870174768,,0.0,770.3342101802784,778.5800170898438,786.8340979996327,0.9730357142857107,0.04684079639039098,0.010524216138703024,parity (regression),8,-0.0763436911366371,-0.6215145559891948,0.19511472965431995,XSP270319C00729000,2026-08-18T08:43:39+00:00,66.55982883849265,-11.000171161507353,0.1359119716224651,-0.059202758031854846
2027-03-19,0.5835616438356165,213,C,730.0,76.805,0.5899999999999892,mid,1.7440620350810183,1.0,0.0,770.3342101802784,778.5800170898438,786.8340979996327,0.9730357142857107,0.04684079639039098,0.010524216138703024,parity (regression),8,-0.07497288900285844,-0.6103548456471882,0.19458043814995032,XSP270319C00730000,2026-08-18T08:43:39+00:00,65.82929795327516,-10.975702046724848,0.13591172490794276,-0.058668713242007564
2027-03-19,0.5835616438356165,213,C,735.0,72.97999999999999,0.5799999999999983,mid,14.83624953508102,3.0,0.0,770.3342101802784,778.5800170898438,786.8340979996327,0.9730357142857107,0.04684079639039098,0.010524216138703024,parity (regression),8,-0.06814692393245864,-0.5547846133625803,0.191494851566973,XSP270319C00735000,2026-08-18T08:43:39+00:00,62.23862863414024,-10.741371365859749,0.13591064751592824,-0.05558420405104475
2027-03-19,0.5835616438356165,213,C,740.0,69.22,0.5799999999999983,mid,11.821075923969907,5.0,0.0,770.3342101802784,778.5800170898438,786.8340979996327,0.9730357142857107,0.04684079639039098,0.010524216138703024,parity (regression),8,-0.06136723694707981,-0.4995911313114968,0.18846027530685366,XSP270319C00740000,2026-08-18T08:43:39+00:00,58.7538983882705,-10.4661016117295,0.1359098266383867,-0.052550448668466976
2027-03-19,0.5835616438356165,213,C,750.0,61.855000000000004,0.5500000000000043,mid,15.721573609155094,91.0,0.0,770.3342101802784,778.5800170898438,786.8340979996327,0.9730357142857107,0.04684079639039098,0.010524216138703024,parity (regression),8,-0.04794421661493911,-0.3903142231930109,0.18228550120726006,XSP270319C00750000,2026-08-18T08:43:39+00:00,52.11502458614535,-9.739975413854651,0.13590893425604764,-0.04637656695121242
2027-03-19,0.5835616438356165,213,C,760.0,54.825,0.509999999999998,mid,5.873425461006945,4.0,0.0,770.3342101802784,778.5800170898438,786.8340979996327,0.9730357142857107,0.04684079639039098,0.010524216138703024,parity (regression),8,-0.03469898986491846,-0.2824847339457359,0.17645661281530703,XSP270319C00760000,2026-08-18T08:43:39+00:00,45.934104713776435,-8.890895286223568,0.13590900853180496,-0.04054760428350207
2027-03-19,0.5835616438356165,213,C,770.0,48.165,0.4099999999999966,mid,1.8347564795254627,10.0,0.0,770.3342101802784,778.5800170898438,786.8340979996327,0.9730357142857107,0.04684079639039098,0.010524216138703024,parity (regression),8,-0.021626908297565795,-0.17606482091524306,0.1709659303123021,XSP270319C00770000,2026-08-18T08:43:39+00:00,40.225518910465894,-7.939481089534105,0.13591001194978808,-0.03505591836251401
2027-03-19,0.5835616438356165,213,C,780.0,41.84,0.3200000000000003,mid,1.8347564795254627,10.0,0.0,770.3342101802784,778.5800170898438,786.8340979996327,0.9730357142857107,0.04684079639039098,0.010524216138703024,parity (regression),8,-0.008723503461657898,-0.07101810640696957,0.1655061405097995,XSP270319C00780000,2026-08-18T08:43:39+00:00,34.996197632330905,-6.843802367669099,0.13591190861657448,-0.02959423189322502
2027-03-19,0.5835616438356165,213,C,790.0,36.05,0.240000000000002,mid,13.73531203508102,4.0,0.0,770.3342101802784,778.5800170898438,786.8340979996327,0.9730357142857107,0.04684079639039098,0.010524216138703024,parity (regression),8,0.004015522315771868,0.03269039696659329,0.1607971992398402,XSP270319C00790000,2026-08-18T08:43:39+00:00,30.245583800731822,-5.804416199268175,0.13591466417540798,-0.02488253506443222
2027-03-19,0.5835616438356165,213,C,800.0,30.665,0.1700000000000017,mid,1.7444208313773146,10.0,0.0,770.3342101802784,778.5800170898438,786.8340979996327,0.9730357142857107,0.04684079639039098,0.010524216138703024,parity (regression),8,0.016594304522632105,0.13509435624319344,0.15614596536689493,XSP270319C00800000,2026-08-18T08:43:39+00:00,25.965939058027686,-4.699060941972313,0.13591824572701933,-0.020227719639875602
2027-03-19,0.5835616438356165,213,C,810.0,25.84,0.17999999999999972,mid,1.647765738784722,195.0,0.0,770.3342101802784,778.5800170898438,786.8340979996327,0.9730357142857107,0.04684079639039098,0.010524216138703024,parity (regression),8,0.029016824521189158,0.2362261837225816,0.15211827971812755,XSP270319C00810000,2026-08-18T08:43:39+00:00,22.142950236517265,-3.6970497634827346,0.1359226217558382,-0.01619565796228936
2027-03-19,0.5835616438356165,213,C,820.0,21.314999999999998,0.48999999999999844,mid,1.647765738784722,203.0,0.0,770.3342101802784,778.5800170898438,786.8340979996327,0.9730357142857107,0.04684079639039098,0.010524216138703024,parity (regression),8,0.04128691711300362,0.33611709855271565,0.14749723369432705,XSP270319C00820000,2026-08-18T08:43:39+00:00,18.756574457468332,-2.5584255425316655,0.13592776206194376,-0.011569471632383282
2027-03-19,0.5835616438356165,213,C,830.0,17.695,0.23000000000000043,mid,1.7444208313773146,14.0,0.0,770.3342101802784,778.5800170898438,786.8340979996327,0.9730357142857107,0.04684079639039098,0.010524216138703024,parity (regression),8,0.053408277645348334,0.434797184583162,0.14498300145607917,XSP270319C00830000,2026-08-18T08:43:39+00:00,15.782051036296508,-1.9129489637034922,0.13593363769688774,-0.009049363759191437
2027-07-16,0.9095890410958904,332,C,630.0,173.97,1.1999999999999886,mid,11.679004164710648,5.0,0.0,770.3342101802784,778.5800170898438,796.7661734034681,0.957975219383713,0.047200841740267466,0.01011069342938141,parity (regression),24,-0.23484143292575704,-1.4280313883774134,0.2525250437788471,XSP270716C00630000,2026-08-18T08:43:39+00:00,160.97713956522318,-12.992860434776816,0.1359505132224714,-0.1165745305563757
2027-07-16,0.9095890410958904,332,C,650.0,157.015,1.1099999999999852,mid,11.679004164710648,5.0,0.0,770.3342101802784,778.5800170898438,796.7661734034681,0.957975219383713,0.047200841740267466,0.01011069342938141,parity (regression),24,-0.20358888942165268,-1.237989910029762,0.24184181822163858,XSP270716C00650000,2026-08-18T08:43:39+00:00,142.8222067947911,-14.192793205208886,0.13593998443216718,-0.1059018337894714
2027-07-16,0.9095890410958904,332,C,660.0,148.755,1.1100000000000136,mid,15.673193979525465,2.0,0.0,770.3342101802784,778.5800170898438,796.7661734034681,0.957975219383713,0.047200841740267466,0.01011069342938141,parity (regression),24,-0.18832141729086416,-1.1451509712091321,0.23703910524397226,XSP270716C00660000,2026-08-18T08:43:39+00:00,133.9523203286435,-14.802679671356486,0.13593562692171035,-0.10110347832226191
2027-07-16,0.9095890410958904,332,C,670.0,140.505,1.0500000000000114,mid,14.640335183229167,,0.0,770.3342101802784,778.5800170898438,796.7661734034681,0.957975219383713,0.047200841740267466,0.01011069342938141,parity (regression),24,-0.17328353992632367,-1.053708159676284,0.23179000099695282,XSP270716C00670000,2026-08-18T08:43:39+00:00,125.25294932262045,-15.252050677379543,0.13593183988952895,-0.09585816110742387
2027-07-16,0.9095890410958904,332,C,680.0,132.43,0.9799999999999898,mid,8.724825923969908,,0.0,770.3342101802784,778.5800170898438,796.7661734034681,0.957975219383713,0.047200841740267466,0.01011069342938141,parity (regression),24,-0.15846845414118307,-0.9636201063923764,0.22692693763639418,XSP270716C00680000,2026-08-18T08:43:39+00:00,116.74952640930348,-15.680473590696522,0.1359285993857115,-0.09099833825068268
2027-07-16,0.9095890410958904,332,C,700.0,116.64500000000001,0.9299999999999926,mid,19.804675461006944,1.0,0.0,770.3342101802784,778.5800170898438,796.7661734034681,0.957975219383713,0.047200841740267466,0.01011069342938141,parity (regression),24,-0.1294809172679307,-0.7873517536956922,0.2172952576799439,XSP270716C00700000,2026-08-18T08:43:39+00:00,100.43365269204457,-16.211347307955435,0.13592366813022394,-0.08137158954971996
2027-07-16,0.9095890410958904,332,C,710.0,108.945,0.9100000000000108,mid,40.8008560165625,2.0,0.0,770.3342101802784,778.5800170898438,796.7661734034681,0.957975219383713,0.047200841740267466,0.01011069342938141,parity (regression),24,-0.11529628227597431,-0.7010973660059607,0.21248096908456993,XSP270716C00710000,2026-08-18T08:43:39+00:00,92.67157563738124,-16.273424362618755,0.13592193522772894,-0.07655903385684099
2027-07-16,0.9095890410958904,332,C,712.0,107.345,0.9300000000000068,mid,47.65889999804398,,0.0,770.3342101802784,778.5800170898438,796.7661734034681,0.957975219383713,0.047200841740267466,0.01011069342938141,parity (regression),24,-0.11248334089935962,-0.6839923410134532,0.21119003722463292,XSP270716C00712000,2026-08-18T08:43:39+00:00,91.15389876649976,-16.191101233500234,0.13592164470669557,-0.07526839251793735
2027-07-16,0.9095890410958904,332,C,714.0,105.83000000000001,0.9200000000000017,mid,40.8930898128588,,0.0,770.3342101802784,778.5800170898438,796.7661734034681,0.957975219383713,0.047200841740267466,0.01011069342938141,parity (regression),24,-0.10967828997175108,-0.6669352965187173,0.210240502660733,XSP270716C00714000,2026-08-18T08:43:39+00:00,89.64822203952951,-16.181777960470498,0.13592137251502637,-0.07431913014570662
2027-07-16,0.9095890410958904,332,C,720.0,101.36,0.8799999999999955,mid,29.6367935165625,,0.0,770.3342101802784,778.5800170898438,796.7661734034681,0.957975219383713,0.047200841740267466,0.01011069342938141,parity (regression),24,-0.10131004030123446,-0.6160493729983366,0.20755440199608027,XSP270716C00720000,2026-08-18T08:43:39+00:00,85.20490803357552,-16.15509196642448,0.1359206644185148,-0.07163373757756547
2027-07-16,0.9095890410958904,332,C,735.0,90.26,0.8400000000000034,mid,50.85644629434028,8.0,0.0,770.3342101802784,778.5800170898438,796.7661734034681,0.957975219383713,0.047200841740267466,0.01011069342938141,parity (regression),24,-0.08069075309849877,-0.49066694382203346,0.20012196126269252,XSP270716C00735000,2026-08-18T08:43:39+00:00,74.60434138326974,-15.655658616730264,0.13591958418287206,-0.06420237707982046
2027-07-16,0.9095890410958904,332,C,736.0,89.515,0.8700000000000045,mid,50.85385370174769,,0.0,770.3342101802784,778.5800170898438,796.7661734034681,0.957975219383713,0.047200841740267466,0.01011069342938141,parity (regression),24,-0.07933113358245925,-0.48239932545092273,0.19955523900634636,XSP270716C00736000,2026-08-18T08:43:39+00:00,73.92449051725907,-15.590509482740927,0.13591954618182517,-0.0636356928245212
2027-07-16,0.9095890410958904,332,C,738.0,88.125,0.8899999999999864,mid,20.750555090636574,9.0,0.0,770.3342101802784,778.5800170898438,796.7661734034681,0.957975219383713,0.047200841740267466,0.01011069342938141,parity (regression),24,-0.07661742771086294,-0.4658977349301021,0.19879300762869653,XSP270716C00738000,2026-08-18T08:43:39+00:00,72.57515261204549,-15.549847387954514,0.1359194826280899,-0.06287352500060664
2027-07-16,0.9095890410958904,332,C,740.0,86.69,0.8400000000000034,mid,26.7608560165625,2.0,0.0,770.3342101802784,778.5800170898438,796.7661734034681,0.957975219383713,0.047200841740267466,0.01011069342938141,parity (regression),24,-0.07391106611311997,-0.4494408037075013,0.19782640389299164,XSP270716C00740000,2026-08-18T08:43:39+00:00,71.23973107956539,-15.45026892043461,0.13591943555997862,-0.06190696833301301
2027-07-16,0.9095890410958904,332,C,741.0,85.925,0.8499999999999943,mid,19.833460183229167,1.0,0.0,770.3342101802784,778.5800170898438,796.7661734034681,0.957975219383713,0.047200841740267466,0.01011069342938141,parity (regression),24,-0.07256062701524855,-0.44122900992040526,0.19714921962934145,XSP270716C00741000,2026-08-18T08:43:39+00:00,70.57727440362635,-15.34772559637365,0.13591941816662237,-0.061229801462719086
2027-07-16,0.9095890410958904,332,C,744.0,83.78999999999999,0.8399999999999892,mid,42.859930090636574,,0.0,770.3342101802784,778.5800170898438,796.7661734034681,0.957975219383713,0.047200841740267466,0.01011069342938141,parity (regression),24,-0.06852021747824358,-0.4166599567986478,0.19569547647083677,XSP270716C00744000,2026-08-18T08:43:39+00:00,68.61108260367672,-15.178917396323271,0.13591939035234651,-0.05977608611849025
2027-07-16,0.9095890410958904,332,C,745.0,83.095,0.8100000000000023,mid,5.687707868414352,2.0,0.0,770.3342101802784,778.5800170898438,796.7661734034681,0.957975219383713,0.047200841740267466,0.01011069342938141,parity (regression),24,-0.06717703393177596,-0.4084922828034281,0.19526045397413555,XSP270716C00745000,2026-08-18T08:43:39+00:00,67.96278766327919,-15.132212336720812,0.1359193891486327,-0.05934106482550286
2027-07-16,0.9095890410958904,332,C,747.0,81.72,0.8599999999999994,mid,39.77703657211806,,0.0,770.3342101802784,778.5800170898438,796.7661734034681,0.957975219383713,0.047200841740267466,0.01011069342938141,parity (regression),24,-0.06449606717851813,-0.39218977337333616,0.1944251545336483,XSP270716C00747000,2026-08-18T08:43:39+00:00,66.6769247903784,-15.043075209621605,0.13591939874564601,-0.058505755788002295
2027-07-16,0.9095890410958904,332,C,748.0,80.975,0.8299999999999983,mid,32.86474490545139,1.0,0.0,770.3342101802784,778.5800170898438,796.7661734034681,0.957975219383713,0.047200841740267466,0.01011069342938141,parity (regression),24,-0.06315827433685824,-0.3840548793504364,0.19377864979961007,XSP270716C00748000,2026-08-18T08:43:39+00:00,66.03938010657839,-14.935619893421602,0.13591940951445358,-0.05785924028515649
2027-07-16,0.9095890410958904,332,C,749.0,80.28,0.8199999999999932,mid,11.883633794340277,1.0,0.0,770.3342101802784,778.5800170898438,796.7661734034681,0.957975219383713,0.047200841740267466,0.01011069342938141,parity (regression),24,-0.06182226879411592,-0.3759308535926589,0.1933145008546265,XSP270716C00749000,2026-08-18T08:43:39+00:00,65.40544148562742,-14.87455851437258,0.1359194242422178,-0.057395076612408696
2027-07-16,0.9095890410958904,332,C,750.0,79.645,0.8100000000000023,mid,12.658031942488426,1.0,0.0,770.3342101802784,778.5800170898438,796.7661734034681,0.957975219383713,0.047200841740267466,0.01011069342938141,parity (regression),24,-0.060488045780979306,-0.3678176670986175,0.19306871166280692,XSP270716C00750000,2026-08-18T08:43:39+00:00,64.77511964173749,-14.869880358262506,0.13591944291309002,-0.0571492687497169
2027-07-16,0.9095890410958904,332,C,751.0,78.91499999999999,0.8500000000000085,mid,8.655821294340278,6.0,0.0,770.3342101802784,778.5800170898438,796.7661734034681,0.957975219383713,0.047200841740267466,0.01011069342938141,parity (regression),24,-0.059155600547200725,-0.3597152909828525,0.19245792419287008,XSP270716C00751000,2026-08-18T08:43:39+00:00,64.14842492156345,-14.766575078436546,0.13591946551125372,-0.05653845868161636
2027-07-16,0.9095890410958904,332,C,752.0,78.235,0.8499999999999943,mid,33.83464073878472,,0.0,770.3342101802784,778.5800170898438,796.7661734034681,0.957975219383713,0.047200841740267466,0.01011069342938141,parity (regression),24,-0.05782492836149557,-0.35162369647521513,0.1920275771412149,XSP270716C00752000,2026-08-18T08:43:39+00:00,63.52536730244924,-14.70963269755076,0.1359194920214333,-0.0561080851197816
2027-07-16,0.9095890410958904,332,C,753.0,77.5,0.8199999999999932,mid,33.835740275821756,,0.0,770.3342101802784,778.5800170898438,796.7661734034681,0.957975219383713,0.047200841740267466,0.01011069342938141,parity (regression),24,-0.05649602451144185,-0.34354285492025727,0.1913843715557063,XSP270716C00753000,2026-08-18T08:43:39+00:00,62.9059563907951,-14.594043609204903,0.13591952242747665,-0.05546484912822966
2027-07-16,0.9095890410958904,332,C,754.0,76.815,0.8100000000000023,mid,33.74739536841435,,0.0,770.3342101802784,778.5800170898438,796.7661734034681,0.957975219383713,0.047200841740267466,0.01011069342938141,parity (regression),24,-0.05516888430337939,-0.3354727377766182,0.19092068693695438,XSP270716C00754000,2026-08-18T08:43:39+00:00,62.29020142054833,-14.52479857945167,0.1359195567141393,-0.05500113022281508
2027-07-16,0.9095890410958904,332,C,755.0,76.14,0.7800000000000011,mid,34.680184720266205,2.0,0.0,770.3342101802784,778.5800170898438,796.7661734034681,0.957975219383713,0.047200841740267466,0.01011069342938141,parity (regression),24,-0.053843503062310685,-0.32741331661642165,0.19048657541808178,XSP270716C00755000,2026-08-18T08:43:39+00:00,61.67811125181606,-14.461888748183938,0.13591959486591962,-0.054566980552162164
2027-07-16,0.9095890410958904,332,C,756.0,75.49,0.8400000000000034,mid,8.652997220266203,1.0,0.0,770.3342101802784,778.5800170898438,796.7661734034681,0.957975219383713,0.047200841740267466,0.01011069342938141,parity (regression),24,-0.05251987613180243,-0.31936456312467726,0.19013727250334375,XSP270716C00756000,2026-08-18T08:43:39+00:00,61.06969436959986,-14.420305630400136,0.13591963686743272,-0.05421763563591103
2027-07-16,0.9095890410958904,332,C,757.0,74.805,0.8299999999999983,mid,36.82940925730324,,0.0,770.3342101802784,778.5800170898438,796.7661734034681,0.957975219383713,0.047200841740267466,0.01011069342938141,parity (regression),24,-0.05119799887388669,-0.31132644909867946,0.18965054311647733,XSP270716C00757000,2026-08-18T08:43:39+00:00,60.46495888265417,-14.340041117345834,0.1359196827033667,-0.05373086041311062
2027-07-16,0.9095890410958904,332,C,758.0,74.125,0.8300000000000125,mid,36.82833286841435,,0.0,770.3342101802784,778.5800170898438,796.7661734034681,0.957975219383713,0.047200841740267466,0.01011069342938141,parity (regression),24,-0.04987786666896373,-0.30329894644741673,0.18917469622219749,XSP270716C00758000,2026-08-18T08:43:39+00:00,59.86391252246523,-14.261087477534772,0.13591973235847946,-0.05325496386371803
2027-07-16,0.9095890410958904,332,C,760.0,72.745,0.769999999999996,mid,32.85203657211805,1.0,0.0,770.3342101802784,778.5800170898438,796.7661734034681,0.957975219383713,0.047200841740267466,0.01011069342938141,parity (regression),24,-0.0472428190309587,-0.2872756634599953,0.18812682849876922,XSP270716C00760000,2026-08-18T08:43:39+00:00,58.67291621669398,-14.072083783306027,0.1359198430656406,-0.05220698543312863
2027-07-16,0.9095890410958904,332,C,764.0,70.095,0.8100000000000023,mid,33.74739536841435,,0.0,770.3342101802784,778.5800170898438,796.7661734034681,0.957975219383713,0.047200841740267466,0.01011069342938141,parity (regression),24,-0.04199346314481489,-0.25535521023849345,0.18634084118566666,XSP270716C00764000,2026-08-18T08:43:39+00:00,56.33549124971688,-13.759508750283118,0.1359201096473937,-0.05042073153827295
2027-07-16,0.9095890410958904,332,C,770.0,66.17,0.7400000000000091,mid,4.703205553599537,,0.0,770.3342101802784,778.5800170898438,796.7661734034681,0.957975219383713,0.047200841740267466,0.01011069342938141,parity (regression),24,-0.03417073746360585,-0.2077865266537521,0.18360237647384234,XSP270716C00770000,2026-08-18T08:43:39+00:00,52.94140441998661,-13.22859558001339,0.13592062066431554,-0.0476817558095268
2027-07-16,0.9095890410958904,332,C,775.0,62.905,0.7100000000000009,mid,4.703205553599537,332.0,0.0,770.3342101802784,778.5800170898438,796.7661734034681,0.957975219383713,0.047200841740267466,0.01011069342938141,parity (regression),24,-0.027698222957988457,-0.16842825089892896,0.18111763623677538,XSP270716C00775000,2026-08-18T08:43:39+00:00,50.21621298875044,-12.688787011249559,0.13592114640064093,-0.045196489836134446
2027-07-16,0.9095890410958904,332,C,779.0,60.44,0.5799999999999983,mid,12.658031942488426,,0.0,770.3342101802784,778.5800170898438,796.7661734034681,0.957975219383713,0.047200841740267466,0.01011069342938141,parity (regression),24,-0.022550206440587223,-0.13712402539176105,0.17950011631016882,XSP270716C00779000,2026-08-18T08:43:39+00:00,48.10378437146221,-12.336215628537786,0.13592163109497926,-0.04357848521518956
2027-07-16,0.9095890410958904,332,C,780.0,59.82,0.5799999999999983,mid,5.630207868414352,4.0,0.0,770.3342101802784,778.5800170898438,796.7661734034681,0.957975219383713,0.047200841740267466,0.01011069342938141,parity (regression),24,-0.021267332627697987,-0.12932308477702548,0.17906074219516976,XSP270716C00780000,2026-08-18T08:43:39+00:00,47.58508626492704,-12.234913735072958,0.13592176105614368,-0.04313898113902609
2027-07-16,0.9095890410958904,332,C,782.0,58.575,0.5700000000000003,mid,29.6367935165625,,0.0,770.3342101802784,778.5800170898438,796.7661734034681,0.957975219383713,0.047200841740267466,0.01011069342938141,parity (regression),24,-0.018706511766024402,-0.11375116237422835,0.17813832017134634,XSP270716C00782000,2026-08-18T08:43:39+00:00,46.55897552213793,-12.016024477862075,0.13592203142728063,-0.042216288744065716
2027-07-16,0.9095890410958904,332,C,790.0,53.739999999999995,0.5399999999999991,mid,32.66349490545139,12.0,0.0,770.3342101802784,778.5800170898438,796.7661734034681,0.957975219383713,0.047200841740267466,0.01011069342938141,parity (regression),24,-0.008528306850268261,-0.051859204400900465,0.17460128598410493,XSP270716C00790000,2026-08-18T08:43:39+00:00,42.60469222265266,-11.135307777347336,0.1359232502498593,-0.038678035734245636
2027-07-16,0.9095890410958904,332,C,791.0,53.144999999999996,0.529999999999994,mid,26.843552775821756,1.0,0.0,770.3342101802784,778.5800170898438,796.7661734034681,0.957975219383713,0.047200841740267466,0.01011069342938141,parity (regression),24,-0.007263284543681602,-0.04416681580363598,0.17415104592058236,XSP270716C00791000,2026-08-18T08:43:39+00:00,42.12724681520126,-11.017753184798735,0.13592341783349346,-0.038227628087088905
2027-07-16,0.9095890410958904,332,C,795.0,50.815,0.509999999999998,mid,21.69857592396991,2.0,0.0,770.3342101802784,778.5800170898438,796.7661734034681,0.957975219383713,0.047200841740267466,0.01011069342938141,parity (regression),24,-0.002219137657003499,-0.013494204109771193,0.17243060762315182,XSP270716C00795000,2026-08-18T08:43:39+00:00,40.25469138772013,-10.560308612279869,0.13592412144693442,-0.036506486176217406
2027-07-16,0.9095890410958904,332,C,800.0,47.980000000000004,0.4799999999999969,mid,6.810358331377314,24.0,0.0,770.3342101802784,778.5800170898438,796.7661734034681,0.957975219383713,0.047200841740267466,0.01011069342938141,parity (regression),24,0.004050475356591938,0.02463026168338492,0.17033489759019346,XSP270716C00800000,2026-08-18T08:43:39+00:00,37.99730203758054,-9.982697962419465,0.1359250748790984,-0.03440982271109505
2027-07-16,0.9095890410958904,332,C,810.0,42.56,0.3399999999999963,mid,33.833772683229164,1.0,0.0,770.3342101802784,778.5800170898438,796.7661734034681,0.957975219383713,0.047200841740267466,0.01011069342938141,parity (regression),24,0.016472995355148953,0.10016952347239731,0.16626996253438692,XSP270716C00810000,2026-08-18T08:43:39+00:00,33.756563648713666,-8.803436351286337,0.13592722216912612,-0.0303427403652608
2027-07-16,0.9095890410958904,332,C,820.0,37.54,0.3400000000000034,mid,33.83351805359953,1.0,0.0,770.3342101802784,778.5800170898438,796.7661734034681,0.957975219383713,0.047200841740267466,0.01011069342938141,parity (regression),24,0.02874308794696338,0.17478189975161895,0.16256109643627573,XSP270716C00820000,2026-08-18T08:43:39+00:00,29.872994070988852,-7.667005929011147,0.13592967990486246,-0.026631416531413266
2027-07-16,0.9095890410958904,332,C,830.0,32.85,0.3400000000000034,mid,5.687707868414352,2.0,0.0,770.3342101802784,778.5800170898438,796.7661734034681,0.957975219383713,0.047200841740267466,0.01011069342938141,parity (regression),24,0.040864448479308264,0.2484898613083854,0.15892529891635898,XSP270716C00830000,2026-08-18T08:43:39+00:00,26.33434390380188,-6.515656096198121,0.13593243640125383,-0.022992862515105156
2027-07-16,0.9095890410958904,332,C,840.0,28.61,0.33999999999999986,mid,22.865323609155094,4.0,0.0,770.3342101802784,778.5800170898438,796.7661734034681,0.957975219383713,0.047200841740267466,0.01011069342938141,parity (regression),24,0.05284063952602382,0.32131507155704336,0.15575679711391782,XSP270716C00840000,2026-08-18T08:43:39+00:00,23.126006222302863,-5.483993777697137,0.13593548047550053,-0.019821316638417297
2027-07-16,0.9095890410958904,332,C,850.0,24.69,0.3200000000000003,mid,20.811226386932873,49.0,0.0,770.3342101802784,778.5800170898438,796.7661734034681,0.957975219383713,0.047200841740267466,0.01011069342938141,parity (regression),24,0.06467509717302675,0.3932784247600791,0.1525841085206832,XSP270716C00850000,2026-08-18T08:43:39+00:00,20.231450849387613,-4.458549150612388,0.1359388014209823,-0.016645307099700885
2027-07-16,0.9095890410958904,332,C,860.0,21.244999999999997,0.3099999999999987,mid,29.887383794340277,,0.0,770.3342101802784,778.5800170898438,796.7661734034681,0.957975219383713,0.047200841740267466,0.01011069342938141,parity (regression),24,0.07637113693621789,0.4644000820139231,0.1499857283938035,XSP270716C00860000,2026-08-18T08:43:39+00:00,17.632666217800704,-3.6123337821992934,0.13594238898280134,-0.014043339411002165
2027-07-16,0.9095890410958904,332,C,880.0,15.45,0.29999999999999893,mid,5.630207868414352,5.0,0.0,770.3342101802784,778.5800170898438,796.7661734034681,0.957975219383713,0.047200841740267466,0.01011069342938141,parity (regression),24,0.09936065516091677,0.6041954887253249,0.14547463930708227,XSP270716C00880000,2026-08-18T08:43:39+00:00,13.245536078532155,-2.2044639214678448,0.13595032505819984,-0.00952431424888242
2027-07-16,0.9095890410958904,332,C,890.0,13.085,0.2900000000000009,mid,14.875717127673612,2.0,0.0,770.3342101802784,778.5800170898438,796.7661734034681,0.957975219383713,0.047200841740267466,0.01011069342938141,parity (regression),24,0.11066021041485001,0.6729061901390012,0.14363971114288357,XSP270716C00890000,2026-08-18T08:43:39+00:00,11.417544450390125,-1.6674555496098762,0.13595465512063543,-0.0076850560222481434
2027-07-16,0.9095890410958904,332,C,900.0,11.025,0.2699999999999996,mid,6.8902194424884255,1.0,0.0,770.3342101802784,778.5800170898438,796.7661734034681,0.957975219383713,0.047200841740267466,0.01011069342938141,parity (regression),24,0.12183351101297532,0.7408491581541187,0.14199515228556817,XSP270716C00900000,2026-08-18T08:43:39+00:00,9.80675096219079,-1.2182490378092101,0.1359592148581569,-0.006035937427411264
2027-12-17,1.3315068493150686,486,C,625.0,192.83499999999998,2.4099999999999966,mid,14.66298564619213,1.0,0.0,770.3342101802784,778.5800170898438,807.9818887451486,0.966249999999996,0.025784830996678963,-0.010050646304785422,parity (regression),8,-0.25678799361410526,-1.2690240475167969,0.22986358223790446,XSP271217C00625000,2026-08-18T08:43:39+00:00,179.0937469960951,-13.741253003904887,0.1359386452322891,-0.09392493700561536
2027-12-17,1.3315068493150686,486,C,630.0,188.785,2.3899999999999864,mid,4.880821294340278,1.0,0.0,770.3342101802784,778.5800170898438,807.9818887451486,0.966249999999996,0.025784830996678963,-0.010050646304785422,parity (regression),8,-0.24881982396492838,-1.2296460425050255,0.22880563601091003,XSP271217C00630000,2026-08-18T08:43:39+00:00,174.56499058641703,-14.220009413582972,0.13593734512973704,-0.09286829088117299
2027-12-17,1.3315068493150686,486,C,635.0,184.755,2.3700000000000045,mid,26.64014999804398,1.0,0.0,770.3342101802784,778.5800170898438,807.9818887451486,0.966249999999996,0.025784830996678963,-0.010050646304785422,parity (regression),8,-0.2409146444578151,-1.190579329325517,0.22770532556427675,XSP271217C00635000,2026-08-18T08:43:39+00:00,170.06751499947097,-14.687485000529023,0.1359361202267078,-0.09176920533756894
2027-12-17,1.3315068493150686,486,C,640.0,180.68,2.3600000000000136,mid,43.74693240545139,2.0,0.0,770.3342101802784,778.5800170898438,807.9818887451486,0.966249999999996,0.025784830996678963,-0.010050646304785422,parity (regression),8,-0.2330714669967892,-1.1518190248934452,0.22625770318393715,XSP271217C00640000,2026-08-18T08:43:39+00:00,165.60348187917327,-15.076518120826734,0.13593496885260112,-0.09032273433133603
2027-12-17,1.3315068493150686,486,C,645.0,176.76,2.3400000000000034,mid,11.642950923969908,2.0,0.0,770.3342101802784,778.5800170898438,807.9818887451486,0.966249999999996,0.025784830996678963,-0.010050646304785422,parity (regression),8,-0.22528932655473424,-1.1133603601282938,0.2254011303217074,XSP271217C00645000,2026-08-18T08:43:39+00:00,161.1750940501529,-15.584905949847098,0.1359338893825454,-0.089467240939162
2027-12-17,1.3315068493150686,486,C,650.0,172.79,2.319999999999993,mid,11.876122220266204,1.0,0.0,770.3342101802784,778.5800170898438,807.9818887451486,0.966249999999996,0.025784830996678963,-0.010050646304785422,parity (regression),8,-0.21756728046082394,-1.0751986764323973,0.22417404225505394,XSP271217C00650000,2026-08-18T08:43:39+00:00,156.78458696637995,-16.005413033620044,0.13593288023610195,-0.08824116201895199
2027-12-17,1.3315068493150686,486,C,655.0,168.85,2.3000000000000114,mid,39.89239536841435,2.0,0.0,770.3342101802784,778.5800170898438,807.9818887451486,0.966249999999996,0.025784830996678963,-0.010050646304785422,parity (regression),8,-0.2099044077152548,-1.037329422304411,0.22294852815989086,XSP271217C00655000,2026-08-18T08:43:39+00:00,152.4342196922521,-16.415780307747895,0.13593193987548455,-0.08701658828440631
2027-12-17,1.3315068493150686,486,C,660.0,164.925,2.289999999999992,mid,1.725589812858796,2.0,0.0,770.3342101802784,778.5800170898438,807.9818887451486,0.966249999999996,0.025784830996678963,-0.010050646304785422,parity (regression),8,-0.20229980833003547,-0.9997481500815469,0.22165782575877846,XSP271217C00660000,2026-08-18T08:43:39+00:00,148.12626549285767,-16.798734507142342,0.1359310668036976,-0.08572675895508086
2027-12-17,1.3315068493150686,486,C,665.0,161.32,3.0,mid,7.672858331377315,2.0,0.0,770.3342101802784,778.5800170898438,807.9818887451486,0.966249999999996,0.025784830996678963,-0.010050646304785422,parity (regression),8,-0.19475260269465255,-0.9624505128047505,0.22156609506091327,XSP271217C00665000,2026-08-18T08:43:39+00:00,143.86300211481466,-17.45699788518533,0.13593025956496346,-0.0856358354959498
2027-12-17,1.3315068493150686,486,C,670.0,157.07,2.240000000000009,mid,7.672858331377315,2.0,0.0,770.3342101802784,778.5800170898438,807.9818887451486,0.966249999999996,0.025784830996678963,-0.010050646304785422,parity (regression),8,-0.18726193096549507,-0.9254322612012887,0.21868408810005405,XSP271217C00670000,2026-08-18T08:43:39+00:00,139.64670184258694,-17.423298157413058,0.13592951674142315,-0.0827545713586309
2027-12-17,1.3315068493150686,486,C,675.0,153.585,2.9499999999999886,mid,29.894675461006944,2.0,0.0,770.3342101802784,778.5800170898438,807.9818887451486,0.966249999999996,0.025784830996678963,-0.010050646304785422,parity (regression),8,-0.17982695247797698,-0.8886892407795106,0.21877553948692732,XSP271217C00675000,2026-08-18T08:43:39+00:00,135.47962141748906,-18.10537858251095,0.1359288369521691,-0.08284670253475823
2027-12-17,1.3315068493150686,486,C,680.0,149.57,1.7199999999999989,mid,6.671353701747685,5.0,0.0,770.3342101802784,778.5800170898438,807.9818887451486,0.966249999999996,0.025784830996678963,-0.010050646304785422,parity (regression),8,-0.1724468451803544,-0.8522173890308204,0.21662778889097228,XSP271217C00680000,2026-08-18T08:43:39+00:00,131.3639919076553,-18.20600809234469,0.13592821885311548,-0.0806995700378568
2027-12-17,1.3315068493150686,486,C,695.0,138.44,2.819999999999993,mid,1.7368513869328701,1.0,0.0,770.3342101802784,778.5800170898438,807.9818887451486,0.966249999999996,0.025784830996678963,-0.010050646304785422,parity (regression),8,-0.15062779778571464,-0.7443895445587896,0.21298442862905567,XSP271217C00695000,2026-08-18T08:43:39+00:00,119.347523511507,-19.09247648849299,0.13592672177201995,-0.07705770685703572
2027-12-17,1.3315068493150686,486,C,700.0,134.5,1.6399999999999864,mid,1.1831824054513889,1.0,0.0,770.3342101802784,778.5800170898438,807.9818887451486,0.966249999999996,0.025784830996678963,-0.010050646304785422,parity (regression),8,-0.14345930830710207,-0.7089634897627807,0.21068933070050697,XSP271217C00700000,2026-08-18T08:43:39+00:00,115.45914493432065,-19.040855065679352,0.13592633767370677,-0.0747629930268002
2027-12-17,1.3315068493150686,486,C,710.0,127.19,1.5999999999999943,mid,1.7385180535995368,1.0,0.0,770.3342101802784,778.5800170898438,807.9818887451486,0.966249999999996,0.025784830996678963,-0.010050646304785422,parity (regression),8,-0.12927467331514564,-0.6388642508665421,0.20779571909970032,XSP271217C00710000,2026-08-18T08:43:39+00:00,107.86988260623059,-19.320117393769408,0.13592573474154496,-0.07186998435815536
2027-12-17,1.3315068493150686,486,C,720.0,119.945,1.5899999999999892,mid,5.719409257303241,1.0,0.0,770.3342101802784,778.5800170898438,807.9818887451486,0.966249999999996,0.025784830996678963,-0.010050646304785422,parity (regression),8,-0.11528843134040571,-0.569745453096712,0.20463191344571827,XSP271217C00720000,2026-08-18T08:43:39+00:00,100.54263432107462,-19.402365678925378,0.13592534463595482,-0.06870656880976345
2027-12-17,1.3315068493150686,486,C,730.0,113.08000000000001,2.700000000000003,mid,40.83644629434028,3.0,0.0,770.3342101802784,778.5800170898438,807.9818887451486,0.966249999999996,0.025784830996678963,-0.010050646304785422,parity (regression),8,-0.10149510920806988,-0.5015800484968984,0.20222145067702832,XSP271217C00730000,2026-08-18T08:43:39+00:00,93.49043034519389,-19.589569654806127,0.13592515871508873,-0.06629629196193959
2027-12-17,1.3315068493150686,486,C,740.0,106.13,2.6799999999999926,mid,25.648413886932868,1.0,0.0,770.3342101802784,778.5800170898438,807.9818887451486,0.966249999999996,0.025784830996678963,-0.010050646304785422,parity (regression),8,-0.08788945715229136,-0.4343420931784887,0.19901296035625468,XSP271217C00740000,2026-08-18T08:43:39+00:00,86.72451928599372,-19.405480714006274,0.13592516875778554,-0.06308779159846914
2027-12-17,1.3315068493150686,486,C,750.0,99.33,2.6599999999999966,mid,5.799779627673611,3.0,0.0,770.3342101802784,778.5800170898438,807.9818887451486,0.966249999999996,0.025784830996678963,-0.010050646304785422,parity (regression),8,-0.07446643682015065,-0.36800668803726566,0.19576952061215694,XSP271217C00750000,2026-08-18T08:43:39+00:00,80.25420064271356,-19.075799357286442,0.13592536693857843,-0.05984415367357851
2027-12-17,1.3315068493150686,486,C,760.0,92.69,2.6400000000000006,mid,14.797372220266205,1.0,0.0,770.3342101802784,778.5800170898438,807.9818887451486,0.966249999999996,0.025784830996678963,-0.010050646304785422,parity (regression),8,-0.06122121007013,-0.30254992339643755,0.19249993690495862,XSP271217C00760000,2026-08-18T08:43:39+00:00,74.08670486347273,-18.603295136527265,0.13592574580441782,-0.056574191100540794
2027-12-17,1.3315068493150686,486,C,770.0,86.225,2.6099999999999994,mid,5.851805090636574,1.0,0.0,770.3342101802784,778.5800170898438,807.9818887451486,0.966249999999996,0.025784830996678963,-0.010050646304785422,parity (regression),8,-0.04814912850277721,-0.23794882726808442,0.18922590808412693,XSP271217C00770000,2026-08-18T08:43:39+00:00,68.22712215957557,-17.997877840424422,0.13592629825302996,-0.05329960983109697
2027-12-17,1.3315068493150686,486,C,780.0,79.94,2.5799999999999983,mid,15.010219442488427,1.0,0.0,770.3342101802784,778.5800170898438,807.9818887451486,0.966249999999996,0.025784830996678963,-0.010050646304785422,parity (regression),8,-0.0352457236668693,-0.17418131695286615,0.18593780901002796,XSP271217C00780000,2026-08-18T08:43:39+00:00,62.67837947699002,-17.26162052300998,0.13592701751277778,-0.050010791497250184
2027-12-17,1.3315068493150686,486,C,790.0,73.50999999999999,1.2999999999999972,mid,5.8521754610069445,3.0,0.0,770.3342101802784,778.5800170898438,807.9818887451486,0.966249999999996,0.025784830996678963,-0.010050646304785422,parity (regression),8,-0.022506697889439528,-0.1112261537228095,0.18168690987154548,XSP271217C00790000,2026-08-18T08:43:39+00:00,57.44126336796768,-16.068736632032312,0.1359278971238947,-0.04575901274765079
2027-12-17,1.3315068493150686,486,C,800.0,67.63499999999999,1.2900000000000063,mid,12.889386109155094,2.0,0.0,770.3342101802784,778.5800170898438,807.9818887451486,0.966249999999996,0.025784830996678963,-0.010050646304785422,parity (regression),8,-0.009927915682579504,-0.04906290035446766,0.17845047657785856,XSP271217C00800000,2026-08-18T08:43:39+00:00,52.514485103255765,-15.120514896744226,0.13592893092098357,-0.04252154565687499
2027-12-17,1.3315068493150686,486,C,810.0,62.025,1.269999999999996,mid,5.884513423969907,2.0,0.0,770.3342101802784,778.5800170898438,807.9818887451486,0.966249999999996,0.025784830996678963,-0.010050646304785422,parity (regression),8,0.0024946043159777783,0.012328118700021259,0.17536105907912788,XSP271217C00810000,2026-08-18T08:43:39+00:00,47.89478325545508,-14.130216744544917,0.1359301130167013,-0.039430946062426586
2027-12-17,1.3315068493150686,486,C,820.0,56.665,1.25,mid,5.885763423969908,2.0,0.0,770.3342101802784,778.5800170898438,807.9818887451486,0.966249999999996,0.025784830996678963,-0.010050646304785422,parity (regression),8,0.014764696907792143,0.07296585469818444,0.1723510431987921,XSP271217C00820000,2026-08-18T08:43:39+00:00,43.57705818379361,-13.087941816206389,0.13593143778669725,-0.03641960541209485
2027-12-17,1.3315068493150686,486,C,830.0,47.03,1.3999999999999986,mid,68.81489536841435,10.0,18.0,770.3342101802784,778.5800170898438,807.9818887451486,0.966249999999996,0.025784830996678963,-0.010050646304785422,parity (regression),8,0.02688605744013675,0.13286856972652977,0.156792660788458,XSP271217C00830000,2026-08-18T08:43:39+00:00,39.554532358003996,-7.475467641996005,0.1359328998543161,-0.02085976093414188
2027-12-17,1.3315068493150686,486,C,840.0,46.74,1.2199999999999989,mid,12.758622220266204,4.0,0.0,770.3342101802784,778.5800170898438,807.9818887451486,0.966249999999996,0.025784830996678963,-0.010050646304785422,parity (regression),8,0.03886224848685246,0.1920538697167501,0.16660966722025497,XSP271217C00840000,2026-08-18T08:43:39+00:00,35.818930256336216,-10.921069743663786,0.1359344940793728,-0.030675173140882167
2027-12-17,1.3315068493150686,486,C,850.0,42.19,1.2199999999999989,mid,13.80074027582176,2.0,0.0,770.3342101802784,778.5800170898438,807.9818887451486,0.966249999999996,0.025784830996678963,-0.010050646304785422,parity (regression),8,0.05069670613385532,0.25053873550815725,0.163886225626544,XSP271217C00850000,2026-08-18T08:43:39+00:00,32.36067163004907,-9.829328369950929,0.13593621554354837,-0.027950010082995635
2027-12-17,1.3315068493150686,486,C,860.0,37.985,1.2100000000000009,mid,4.880821294340278,1.0,0.0,770.3342101802784,778.5800170898438,807.9818887451486,0.966249999999996,0.025784830996678963,-0.010050646304785422,parity (regression),8,0.06239274589704662,0.3083395520934819,0.16144555552132844,XSP271217C00860000,2026-08-18T08:43:39+00:00,29.169072205540033,-8.815927794459967,0.13593805953975013,-0.02550749598157831
2027-12-17,1.3315068493150686,486,C,870.0,33.99,1.2000000000000028,mid,12.631318979525464,2.0,0.0,770.3342101802784,778.5800170898438,807.9818887451486,0.966249999999996,0.025784830996678963,-0.010050646304785422,parity (regression),8,0.07395356829812262,0.3654721361740425,0.15889825458359552,XSP271217C00870000,2026-08-18T08:43:39+00:00,26.232546352257117,-7.757453647742885,0.13594002156093501,-0.022958233022660507
2027-12-17,1.3315068493150686,486,C,880.0,30.33,1.1600000000000001,mid,40.77858749804398,20.0,0.0,770.3342101802784,778.5800170898438,807.9818887451486,0.966249999999996,0.025784830996678963,-0.010050646304785422,parity (regression),8,0.08538226412174539,0.4219517621402287,0.15660561251585386,XSP271217C00880000,2026-08-18T08:43:39+00:00,23.538806834651098,-6.791193165348901,0.13594209728981535,-0.020663515226038515
2027-12-17,1.3315068493150686,486,C,890.0,26.96,1.120000000000001,mid,14.884073609155093,1.0,0.0,770.3342101802784,778.5800170898438,807.9818887451486,0.966249999999996,0.025784830996678963,-0.010050646304785422,parity (regression),8,0.09668181937567877,0.47779318658406444,0.15444858220715643,XSP271217C00890000,2026-08-18T08:43:39+00:00,21.075057445700537,-5.884942554299464,0.13594428258919736,-0.018504299617959075
2027-12-17,1.3315068493150686,486,C,900.0,23.89,1.0799999999999983,mid,8.83014999804398,6.0,0.0,770.3342101802784,778.5800170898438,807.9818887451486,0.966249999999996,0.025784830996678963,-0.010050646304785422,parity (regression),8,0.10785511997380401,0.5330106714422657,0.15247753884663243,XSP271217C00900000,2026-08-18T08:43:39+00:00,18.828175047145663,-5.061824952854337,0.13594657349289346,-0.016530965353738963
2027-12-17,1.3315068493150686,486,C,910.0,21.119999999999997,1.0599999999999987,mid,5.884513423969907,4.0,0.0,770.3342101802784,778.5800170898438,807.9818887451486,0.966249999999996,0.025784830996678963,-0.010050646304785422,parity (regression),8,0.118904956160389,0.5876180058605965,0.15072539192369913,XSP271217C00910000,2026-08-18T08:43:39+00:00,16.784878281384607,-4.33512171861539,0.13594896619723906,-0.014776425726460068
2027-12-17,1.3315068493150686,486,C,915.0,19.845,1.0500000000000007,mid,7.805497220266203,1.0,0.0,770.3342101802784,778.5800170898438,807.9818887451486,0.966249999999996,0.025784830996678963,-0.010050646304785422,parity (regression),8,0.1243844219250145,0.6146970515939592,0.1499370667068551,XSP271217C00915000,2026-08-18T08:43:39+00:00,15.835418904922847,-4.009581095077152,0.1359501995784308,-0.013986867128424313
2027-12-17,1.3315068493150686,486,C,920.0,18.615000000000002,1.0299999999999976,mid,32.90355277582176,6.0,0.0,770.3342101802784,778.5800170898438,807.9818887451486,0.966249999999996,0.025784830996678963,-0.010050646304785422,parity (regression),8,0.1298340266925793,0.6416285268633777,0.14911779404057376,XSP271217C00920000,2026-08-18T08:43:39+00:00,14.931880941543625,-3.683119058456377,0.13595145705297307,-0.013166336987600696
2027-12-17,1.3315068493150686,486,C,925.0,14.254999999999999,1.3499999999999996,mid,89.80449027582176,1.0,0.0,770.3342101802784,778.5800170898438,807.9818887451486,0.966249999999996,0.025784830996678963,-0.010050646304785422,parity (regression),8,0.1352540941619184,0.668414031360489,0.1366413315066843,XSP271217C00925000,2026-08-18T08:43:39+00:00,14.072625285442172,-0.1823747145578274,0.13595273818756307,-0.0006885933191212446
2027-12-17,1.3315068493150686,486,C,930.0,16.34,1.0200000000000014,mid,36.86851805359954,1.0,0.0,770.3342101802784,778.5800170898438,807.9818887451486,0.966249999999996,0.025784830996678963,-0.010050646304785422,parity (regression),8,0.14064494279679493,0.6950551389056576,0.14757320709815058,XSP271217C00930000,2026-08-18T08:43:39+00:00,13.256028665188666,-3.0839713348113342,0.1359540425577109,-0.01161916454043968
