expiry,T,days_to_expiry,cp,strike,price,spread,price_source,quote_age_days,volume,openInterest,spot,quoted_spot,forward,discount,r,q,fwd_method,n_parity_pairs,log_moneyness,std_moneyness,iv,contractSymbol,snapshot_utc
2026-08-24,0.01643835616438356,6,C,742.0,29.21,0.379999999999999,mid,8.430809720266204,3.0,0.0,770.3342101802784,778.5800170898438,770.985772722086,0.9994034163914924,0.03630299948180265,-0.015129180849365924,parity (robust forward),44,-0.03832067720634637,-2.88921136495516,0.16756665316893612,XSP260824C00742000,2026-08-18T08:43:39+00:00
2026-08-24,0.01643835616438356,6,C,743.0,28.23,0.38000000000000256,mid,2.430416201747685,5.0,0.0,770.3342101802784,778.5800170898438,770.985772722086,0.9994034163914924,0.03630299948180265,-0.015129180849365924,parity (robust forward),44,-0.036973875655967575,-2.787668421840125,0.16508130704585214,XSP260824C00743000,2026-08-18T08:43:39+00:00
2026-08-24,0.01643835616438356,6,C,744.0,27.25,0.38000000000000256,mid,1.8807749980439814,31.0,0.0,770.3342101802784,778.5800170898438,770.985772722086,0.9994034163914924,0.03630299948180265,-0.015129180849365924,parity (robust forward),44,-0.03562888554063491,-2.6862620530004864,0.1623835899305359,XSP260824C00744000,2026-08-18T08:43:39+00:00
2026-08-24,0.01643835616438356,6,C,745.0,26.275,0.370000000000001,mid,1.8807749980439814,31.0,0.0,770.3342101802784,778.5800170898438,770.985772722086,0.9994034163914924,0.03630299948180265,-0.015129180849365924,parity (robust forward),44,-0.03428570199416729,-2.5849918915474857,0.16001360426912908,XSP260824C00745000,2026-08-18T08:43:39+00:00
2026-08-24,0.01643835616438356,6,C,746.0,25.305,0.36999999999999744,mid,15.893911572118057,1.0,0.0,770.3342101802784,778.5800170898438,770.985772722086,0.9994034163914924,0.03630299948180265,-0.015129180849365924,parity (robust forward),44,-0.03294432016996588,-2.48385757206878,0.15788557457605032,XSP260824C00746000,2026-08-18T08:43:39+00:00
2026-08-24,0.01643835616438356,6,C,747.0,24.33,0.360000000000003,mid,2.430416201747685,5.0,0.0,770.3342101802784,778.5800170898438,770.985772722086,0.9994034163914924,0.03630299948180265,-0.015129180849365924,parity (robust forward),44,-0.03160473524090946,-2.382858730620553,0.15501662182060166,XSP260824C00747000,2026-08-18T08:43:39+00:00
2026-08-24,0.01643835616438356,6,C,748.0,23.36,0.35999999999999943,mid,2.373402312858796,2.0,0.0,770.3342101802784,778.5800170898438,770.985772722086,0.9994034163914924,0.03630299948180265,-0.015129180849365924,parity (robust forward),44,-0.03026694239924956,-2.2819950047196094,0.15237017469689212,XSP260824C00748000,2026-08-18T08:43:39+00:00
2026-08-24,0.01643835616438356,6,C,750.0,21.29,0.7199999999999989,mid,6.356781942488426,8.0,0.0,770.3342101802784,778.5800170898438,770.985772722086,0.9994034163914924,0.03630299948180265,-0.015129180849365924,parity (robust forward),44,-0.027596713843370632,-2.0806714568832594,0.1356347993926484,XSP260824C00750000,2026-08-18T08:43:39+00:00
2026-08-24,0.01643835616438356,6,C,752.0,19.555,0.3500000000000014,mid,1.1375111091550927,1.0,0.0,770.3342101802784,778.5800170898438,770.985772722086,0.9994034163914924,0.03630299948180265,-0.015129180849365924,parity (robust forward),44,-0.024933596423887,-1.8798840576118319,0.14442046794936347,XSP260824C00752000,2026-08-18T08:43:39+00:00
2026-08-24,0.01643835616438356,6,C,753.0,18.549999999999997,0.4800000000000004,mid,6.889987961006944,1.0,0.0,770.3342101802784,778.5800170898438,770.985772722086,0.9994034163914924,0.03630299948180265,-0.015129180849365924,parity (robust forward),44,-0.02360469257383317,-1.7796905227785713,0.13829478206893306,XSP260824C00753000,2026-08-18T08:43:39+00:00
2026-08-24,0.01643835616438356,6,C,754.0,17.615000000000002,0.4700000000000024,mid,4.668483331377315,1.0,0.0,770.3342101802784,778.5800170898438,770.985772722086,0.9994034163914924,0.03630299948180265,-0.015129180849365924,parity (robust forward),44,-0.02227755236577071,-1.6796299588335275,0.1362949126502631,XSP260824C00754000,2026-08-18T08:43:39+00:00
2026-08-24,0.01643835616438356,6,C,755.0,16.9,0.8000000000000007,mid,1.8658675906365738,5.0,0.0,770.3342101802784,778.5800170898438,770.985772722086,0.9994034163914924,0.03630299948180265,-0.015129180849365924,parity (robust forward),44,-0.020952171124702115,-1.579702013302346,0.14509337306979853,XSP260824C00755000,2026-08-18T08:43:39+00:00
2026-08-24,0.01643835616438356,6,C,756.0,15.81,0.3000000000000007,mid,1.8658675906365738,5.0,0.0,770.3342101802784,778.5800170898438,770.985772722086,0.9994034163914924,0.03630299948180265,-0.015129180849365924,parity (robust forward),44,-0.01962854419419374,-1.479906335110308,0.13432972957928127,XSP260824C00756000,2026-08-18T08:43:39+00:00
2026-08-24,0.01643835616438356,6,C,757.0,14.895,0.28999999999999915,mid,1.6392587943402777,2.0,0.0,770.3342101802784,778.5800170898438,770.985772722086,0.9994034163914924,0.03630299948180265,-0.015129180849365924,parity (robust forward),44,-0.018306666936277995,-1.3802425745749534,0.13192473902852242,XSP260824C00757000,2026-08-18T08:43:39+00:00
2026-08-24,0.01643835616438356,6,C,758.0,13.99,0.28000000000000114,mid,1.7461453684143518,3.0,0.0,770.3342101802784,778.5800170898438,770.985772722086,0.9994034163914924,0.03630299948180265,-0.015129180849365924,parity (robust forward),44,-0.01698653473135515,-1.2807103833986782,0.12953214432277974,XSP260824C00758000,2026-08-18T08:43:39+00:00
2026-08-24,0.01643835616438356,6,C,759.0,13.105,0.2699999999999996,mid,1.6376615721180554,1.0,0.0,770.3342101802784,778.5800170898438,770.985772722086,0.9994034163914924,0.03630299948180265,-0.015129180849365924,parity (robust forward),44,-0.015668142978096804,-1.1813094146614571,0.12750697093673075,XSP260824C00759000,2026-08-18T08:43:39+00:00
2026-08-24,0.01643835616438356,6,C,760.0,12.23,0.2599999999999998,mid,4.668483331377315,6.0,0.0,770.3342101802784,778.5800170898438,770.985772722086,0.9994034163914924,0.03630299948180265,-0.015129180849365924,parity (robust forward),44,-0.014351487093350001,-1.0820393228136138,0.12535219677809234,XSP260824C00760000,2026-08-18T08:43:39+00:00
2026-08-24,0.01643835616438356,6,C,761.0,11.375,0.25,mid,1.7440736091550924,1.0,0.0,770.3342101802784,778.5800170898438,770.985772722086,0.9994034163914924,0.03630299948180265,-0.015129180849365924,parity (robust forward),44,-0.013036562512040962,-0.9828997636685629,0.12339459296282587,XSP260824C00761000,2026-08-18T08:43:39+00:00
2026-08-24,0.01643835616438356,6,C,762.0,10.525,0.23000000000000043,mid,1.6376615721180554,2.0,0.0,770.3342101802784,778.5800170898438,770.985772722086,0.9994034163914924,0.03630299948180265,-0.015129180849365924,parity (robust forward),44,-0.011723364687080446,-0.8838903943956743,0.12103699768472392,XSP260824C00762000,2026-08-18T08:43:39+00:00
2026-08-24,0.01643835616438356,6,C,764.0,8.89,0.20000000000000107,mid,14.912314349895833,,0.0,770.3342101802784,778.5800170898438,770.985772722086,0.9994034163914924,0.03630299948180265,-0.015129180849365924,parity (robust forward),44,-0.009102131207206298,-0.686260860881086,0.11666160092598783,XSP260824C00764000,2026-08-18T08:43:39+00:00
2026-08-24,0.01643835616438356,6,C,765.0,8.114999999999998,0.16999999999999993,mid,1.7317356461921294,1.0,0.0,770.3342101802784,778.5800170898438,770.985772722086,0.9994034163914924,0.03630299948180265,-0.015129180849365924,parity (robust forward),44,-0.0077940865471909865,-0.5876400176941272,0.11478607293707947,XSP260824C00765000,2026-08-18T08:43:39+00:00
2026-08-24,0.01643835616438356,6,C,766.0,7.35,0.16000000000000014,mid,4.6509601832291665,,0.0,770.3342101802784,778.5800170898438,770.985772722086,0.9994034163914924,0.03630299948180265,-0.015129180849365924,parity (robust forward),44,-0.0064877506331354464,-0.48914800647483475,0.11248550197485523,XSP260824C00766000,2026-08-18T08:43:39+00:00
2026-08-24,0.01643835616438356,6,C,767.0,6.640000000000001,0.05999999999999961,mid,1.7218745350810183,2.0,0.0,770.3342101802784,778.5800170898438,770.985772722086,0.9994034163914924,0.03630299948180265,-0.015129180849365924,parity (robust forward),44,-0.005183119006470594,-0.39078449106661073,0.11096512963936339,XSP260824C00767000,2026-08-18T08:43:39+00:00
2026-08-24,0.01643835616438356,6,C,768.0,5.945,0.04999999999999982,mid,1.6653120350810184,2.0,0.0,770.3342101802784,778.5800170898438,770.985772722086,0.9994034163914924,0.03630299948180265,-0.015129180849365924,parity (robust forward),44,-0.003880187226054648,-0.2925491366268,0.10903340791729099,XSP260824C00768000,2026-08-18T08:43:39+00:00
2026-08-24,0.01643835616438356,6,C,769.0,5.279999999999999,0.040000000000000036,mid,1.8479046276736109,1.0,0.0,770.3342101802784,778.5800170898438,770.985772722086,0.9994034163914924,0.03630299948180265,-0.015129180849365924,parity (robust forward),44,-0.002578950868082763,-0.19444160961987633,0.10704931695289248,XSP260824C00769000,2026-08-18T08:43:39+00:00
2026-08-24,0.01643835616438356,6,C,770.0,4.645,0.04999999999999982,mid,1.6653120350810184,15.0,0.0,770.3342101802784,778.5800170898438,770.985772722086,0.9994034163914924,0.03630299948180265,-0.015129180849365924,parity (robust forward),44,-0.0012794055259972383,-0.09646157781067279,0.10495363329031344,XSP260824C00770000,2026-08-18T08:43:39+00:00
2026-08-24,0.01643835616438356,6,C,771.0,4.07,0.040000000000000036,mid,1.8401384239699072,12.0,0.0,770.3342101802784,778.5800170898438,770.985772722086,0.9994034163914924,0.03630299948180265,-0.015129180849365924,parity (robust forward),44,1.8453189602795264e-05,0.0013912897424275903,0.10344861197364046,XSP260824C00771000,2026-08-18T08:43:39+00:00
2026-08-24,0.01643835616438356,6,C,772.0,3.53,0.040000000000000036,mid,1.1375111091550927,1.0,0.0,770.3342101802784,778.5800170898438,770.985772722086,0.9994034163914924,0.03630299948180265,-0.015129180849365924,parity (robust forward),44,0.0013146296510493313,0.09911732269412318,0.10184410154641217,XSP260824C00772000,2026-08-18T08:43:39+00:00
2026-08-24,0.01643835616438356,6,C,773.0,3.02,0.040000000000000036,mid,1.6479624980439813,24.0,0.0,770.3342101802784,778.5800170898438,770.985772722086,0.9994034163914924,0.03630299948180265,-0.015129180849365924,parity (robust forward),44,0.002609128213695199,0.19671684941895773,0.09996840216133851,XSP260824C00773000,2026-08-18T08:43:39+00:00
2026-08-24,0.01643835616438356,6,C,774.0,2.57,0.040000000000000036,mid,1.2230782387847223,41.0,0.0,770.3342101802784,778.5800170898438,770.985772722086,0.9994034163914924,0.03630299948180265,-0.015129180849365924,parity (robust forward),44,0.00390195321600043,0.2941901970178319,0.09856365667645217,XSP260824C00774000,2026-08-18T08:43:39+00:00
2026-08-24,0.01643835616438356,6,C,775.0,2.16,0.040000000000000036,mid,1.1562495350810185,43.0,0.0,770.3342101802784,778.5800170898438,770.985772722086,0.9994034163914924,0.03630299948180265,-0.015129180849365924,parity (robust forward),44,0.005193108979620165,0.3915376913246311,0.0971011900488213,XSP260824C00775000,2026-08-18T08:43:39+00:00
2026-08-24,0.01643835616438356,6,C,776.0,1.8,0.040000000000000036,mid,1.6427078684143517,27.0,0.0,770.3342101802784,778.5800170898438,770.985772722086,0.9994034163914924,0.03630299948180265,-0.015129180849365924,parity (robust forward),44,0.006482599809491996,0.48875965691281104,0.09586006929579093,XSP260824C00776000,2026-08-18T08:43:39+00:00
2026-08-24,0.01643835616438356,6,C,777.0,1.49,0.040000000000000036,mid,1.213182405451389,7.0,0.0,770.3342101802784,778.5800170898438,770.985772722086,0.9994034163914924,0.03630299948180265,-0.015129180849365924,parity (robust forward),44,0.007770429993920763,0.5858564171017902,0.0948969733098079,XSP260824C00777000,2026-08-18T08:43:39+00:00
2026-08-24,0.01643835616438356,6,C,778.0,1.21,0.040000000000000036,mid,1.221643053599537,45.0,0.0,770.3342101802784,778.5800170898438,770.985772722086,0.9994034163914924,0.03630299948180265,-0.015129180849365924,parity (robust forward),44,0.00905660380466478,0.6828282939634518,0.09364846842595528,XSP260824C00778000,2026-08-18T08:43:39+00:00
2026-08-24,0.01643835616438356,6,C,779.0,0.97,0.040000000000000036,mid,1.6640273128587961,31.0,0.0,770.3342101802784,778.5800170898438,770.985772722086,0.9994034163914924,0.03630299948180265,-0.015129180849365924,parity (robust forward),44,0.010341125497021519,0.7796756083286033,0.09246764286672768,XSP260824C00779000,2026-08-18T08:43:39+00:00
2026-08-24,0.01643835616438356,6,C,780.0,0.77,0.040000000000000036,mid,1.197233331377315,8.0,0.0,770.3342101802784,778.5800170898438,770.985772722086,0.9994034163914924,0.03630299948180265,-0.015129180849365924,parity (robust forward),44,0.011623999309910753,0.8763986797932457,0.09146703621817502,XSP260824C00780000,2026-08-18T08:43:39+00:00
2026-08-24,0.01643835616438356,6,C,781.0,0.615,0.030000000000000027,mid,1.399258794340278,1.0,0.0,770.3342101802784,778.5800170898438,770.985772722086,0.9994034163914924,0.03630299948180265,-0.015129180849365924,parity (robust forward),44,0.012905229465959154,0.9729978267249513,0.09107341938010267,XSP260824C00781000,2026-08-18T08:43:39+00:00
2026-08-24,0.01643835616438356,6,C,782.0,0.485,0.030000000000000027,mid,1.6322564795254628,22.0,0.0,770.3342101802784,778.5800170898438,770.985772722086,0.9994034163914924,0.03630299948180265,-0.015129180849365924,parity (robust forward),44,0.014184820171584345,1.0694733662692009,0.09064417254812693,XSP260824C00782000,2026-08-18T08:43:39+00:00
2026-08-24,0.01643835616438356,6,C,783.0,0.38,0.020000000000000018,mid,1.2964115721180556,2.0,0.0,770.3342101802784,778.5800170898438,770.985772722086,0.9994034163914924,0.03630299948180265,-0.015129180849365924,parity (robust forward),44,0.015462775617076222,1.1658256143555155,0.09034362663869766,XSP260824C00783000,2026-08-18T08:43:39+00:00
2026-08-24,0.01643835616438356,6,C,784.0,0.3,0.020000000000000018,mid,1.221643053599537,6.0,0.0,770.3342101802784,778.5800170898438,770.985772722086,0.9994034163914924,0.03630299948180265,-0.015129180849365924,parity (robust forward),44,0.016739099976681045,1.262054885703796,0.09044644209642637,XSP260824C00784000,2026-08-18T08:43:39+00:00
2026-08-24,0.01643835616438356,6,C,785.0,0.22999999999999998,0.01999999999999999,mid,1.6474763869328701,46.0,0.0,770.3342101802784,778.5800170898438,770.985772722086,0.9994034163914924,0.03630299948180265,-0.015129180849365924,parity (robust forward),44,0.018013797408681705,1.358161493830375,0.09013556337013579,XSP260824C00785000,2026-08-18T08:43:39+00:00
2026-08-24,0.01643835616438356,6,C,786.0,0.175,0.009999999999999981,mid,1.221643053599537,1.0,0.0,770.3342101802784,778.5800170898438,770.985772722086,0.9994034163914924,0.03630299948180265,-0.015129180849365924,parity (robust forward),44,0.019286872055479676,1.4541457510541964,0.08990328568129063,XSP260824C00786000,2026-08-18T08:43:39+00:00
2026-08-24,0.01643835616438356,6,C,787.0,0.14500000000000002,0.009999999999999981,mid,1.119270368414352,4.0,0.0,770.3342101802784,778.5800170898438,770.985772722086,0.9994034163914924,0.03630299948180265,-0.015129180849365924,parity (robust forward),44,0.02055832804367643,1.5500079685029522,0.09128613403840903,XSP260824C00787000,2026-08-18T08:43:39+00:00
2026-08-24,0.01643835616438356,6,C,788.0,0.11499999999999999,0.009999999999999995,mid,1.6393629610069442,15.0,0.0,770.3342101802784,778.5800170898438,770.985772722086,0.9994034163914924,0.03630299948180265,-0.015129180849365924,parity (robust forward),44,0.021828169484152407,1.6457484561190379,0.09194702640864538,XSP260824C00788000,2026-08-18T08:43:39+00:00
2026-08-27,0.024657534246575342,9,C,730.0,41.47,0.3999999999999986,mid,15.779362961006946,3.0,0.0,770.3342101802784,778.5800170898438,771.137239145594,0.9996849973397041,0.012777120408908804,-0.029477685900925157,parity (regression),39,-0.054821825066362635,-2.9778987311969773,0.19603337235459942,XSP260827C00730000,2026-08-18T08:43:39+00:00
2026-08-27,0.024657534246575342,9,C,733.0,38.525,0.39000000000000057,mid,16.28295092396991,,0.0,770.3342101802784,778.5800170898438,771.137239145594,0.9996849973397041,0.012777120408908804,-0.029477685900925157,parity (regression),39,-0.05072065732214799,-2.7551250054565646,0.1890703618071756,XSP260827C00733000,2026-08-18T08:43:39+00:00
2026-08-27,0.024657534246575342,9,C,735.0,36.57,0.37999999999999545,mid,18.90849490545139,1.0,0.0,770.3342101802784,778.5800170898438,771.137239145594,0.9996849973397041,0.012777120408908804,-0.029477685900925157,parity (regression),39,-0.04799585999596279,-2.607115148240146,0.1846114524896231,XSP260827C00735000,2026-08-18T08:43:39+00:00
2026-08-27,0.024657534246575342,9,C,737.0,34.629999999999995,0.38000000000000256,mid,16.30190925730324,4.0,0.0,770.3342101802784,778.5800170898438,771.137239145594,0.9996849973397041,0.012777120408908804,-0.029477685900925157,parity (regression),39,-0.045278467019462844,-2.4595074922183486,0.18081409766763962,XSP260827C00737000,2026-08-18T08:43:39+00:00
2026-08-27,0.024657534246575342,9,C,738.0,33.66,0.38000000000000256,mid,16.28295092396991,6.0,0.0,770.3342101802784,778.5800170898438,771.137239145594,0.9996849973397041,0.012777120408908804,-0.029477685900925157,parity (regression),39,-0.04392253460832689,-2.3858538077264013,0.17867611156193486,XSP260827C00738000,2026-08-18T08:43:39+00:00
2026-08-27,0.024657534246575342,9,C,740.0,31.725,0.370000000000001,mid,15.908159257303241,1.0,0.0,770.3342101802784,778.5800170898438,771.137239145594,0.9996849973397041,0.012777120408908804,-0.029477685900925157,parity (regression),39,-0.04121617301058404,-2.2388453716095302,0.17429790547590118,XSP260827C00740000,2026-08-18T08:43:39+00:00
2026-08-27,0.024657534246575342,9,C,741.0,30.765,0.370000000000001,mid,6.7310759239699065,1.0,0.0,770.3342101802784,778.5800170898438,771.137239145594,0.9996849973397041,0.012777120408908804,-0.029477685900925157,parity (regression),39,-0.03986573391271253,-2.165490081608836,0.1723571222833905,XSP260827C00741000,2026-08-18T08:43:39+00:00
2026-08-27,0.024657534246575342,9,C,745.0,26.955,0.33000000000000185,mid,8.648217127673611,1.0,0.0,770.3342101802784,778.5800170898438,771.137239145594,0.9996849973397041,0.012777120408908804,-0.029477685900925157,parity (regression),39,-0.034482140829239866,-1.8730555449412343,0.1644527316640431,XSP260827C00745000,2026-08-18T08:43:39+00:00
2026-08-27,0.024657534246575342,9,C,747.0,25.07,0.3200000000000003,mid,1.3805782387847223,5.0,0.0,770.3342101802784,778.5800170898438,771.137239145594,0.9996849973397041,0.012777120408908804,-0.029477685900925157,parity (regression),39,-0.03180117407598217,-1.7274265462122966,0.16034564869395193,XSP260827C00747000,2026-08-18T08:43:39+00:00
2026-08-27,0.024657534246575342,9,C,748.0,24.134999999999998,0.3099999999999987,mid,14.707013423969908,,0.0,770.3342101802784,778.5800170898438,771.137239145594,0.9996849973397041,0.012777120408908804,-0.029477685900925157,parity (regression),39,-0.030463381234322174,-1.654758195588047,0.15832428034391657,XSP260827C00748000,2026-08-18T08:43:39+00:00
2026-08-27,0.024657534246575342,9,C,749.0,23.205,0.3099999999999987,mid,13.63892314619213,,0.0,770.3342101802784,778.5800170898438,771.137239145594,0.9996849973397041,0.012777120408908804,-0.029477685900925157,parity (regression),39,-0.029127375691579988,-1.5821869302974796,0.15629824956705146,XSP260827C00749000,2026-08-18T08:43:39+00:00
2026-08-27,0.024657534246575342,9,C,750.0,22.27,0.3200000000000003,mid,1.7629509239699073,3.0,0.0,770.3342101802784,778.5800170898438,771.137239145594,0.9996849973397041,0.012777120408908804,-0.029477685900925157,parity (regression),39,-0.027793152678443275,-1.509712491273532,0.1538440850514037,XSP260827C00750000,2026-08-18T08:43:39+00:00
2026-08-27,0.024657534246575342,9,C,751.0,21.41,0.4200000000000017,mid,8.6455435165625,1.0,0.0,770.3342101802784,778.5800170898438,771.137239145594,0.9996849973397041,0.012777120408908804,-0.029477685900925157,parity (regression),39,-0.026460707444664708,-1.4373346204847455,0.1540875757636301,XSP260827C00751000,2026-08-18T08:43:39+00:00
2026-08-27,0.024657534246575342,9,C,752.0,20.509999999999998,0.41999999999999815,mid,16.42247638693287,,0.0,770.3342101802784,778.5800170898438,771.137239145594,0.9996849973397041,0.012777120408908804,-0.029477685900925157,parity (regression),39,-0.02513003525895956,-1.365053060929702,0.15241478572845302,XSP260827C00752000,2026-08-18T08:43:39+00:00
2026-08-27,0.024657534246575342,9,C,753.0,19.604999999999997,0.41000000000000014,mid,1.3805782387847223,5.0,0.0,770.3342101802784,778.5800170898438,771.137239145594,0.9996849973397041,0.012777120408908804,-0.029477685900925157,parity (regression),39,-0.023801131408905857,-1.2928675566316001,0.15028740016917982,XSP260827C00753000,2026-08-18T08:43:39+00:00
2026-08-27,0.024657534246575342,9,C,754.0,18.715000000000003,0.41000000000000014,mid,14.72974490545139,,0.0,770.3342101802784,778.5800170898438,771.137239145594,0.9996849973397041,0.012777120408908804,-0.029477685900925157,parity (regression),39,-0.02247399120084341,-1.2207778526327715,0.1484092905976192,XSP260827C00754000,2026-08-18T08:43:39+00:00
2026-08-27,0.024657534246575342,9,C,755.0,17.77,0.28000000000000114,mid,5.912997220266204,5.0,0.0,770.3342101802784,778.5800170898438,771.137239145594,0.9996849973397041,0.012777120408908804,-0.029477685900925157,parity (regression),39,-0.021148609959774713,-1.148783694989296,0.14448103473830956,XSP260827C00755000,2026-08-18T08:43:39+00:00
2026-08-27,0.024657534246575342,9,C,756.0,16.924999999999997,0.2699999999999996,mid,14.902765738784723,,0.0,770.3342101802784,778.5800170898438,771.137239145594,0.9996849973397041,0.012777120408908804,-0.029477685900925157,parity (regression),39,-0.01982498302926647,-1.0768848307656542,0.14351097829676104,XSP260827C00756000,2026-08-18T08:43:39+00:00
2026-08-27,0.024657534246575342,9,C,757.0,16.075,0.25,mid,4.744004164710648,,0.0,770.3342101802784,778.5800170898438,771.137239145594,0.9996849973397041,0.012777120408908804,-0.029477685900925157,parity (regression),39,-0.018503105771350625,-1.0050810080293509,0.1420129317177676,XSP260827C00757000,2026-08-18T08:43:39+00:00
2026-08-27,0.024657534246575342,9,C,758.0,15.2,0.2400000000000002,mid,15.886955553599538,5.0,0.0,770.3342101802784,778.5800170898438,771.137239145594,0.9996849973397041,0.012777120408908804,-0.029477685900925157,parity (regression),39,-0.017182973566427794,-0.9333719758456692,0.13945992754200656,XSP260827C00758000,2026-08-18T08:43:39+00:00
2026-08-27,0.024657534246575342,9,C,759.0,14.370000000000001,0.2400000000000002,mid,5.823251849895834,2.0,0.0,770.3342101802784,778.5800170898438,771.137239145594,0.9996849973397041,0.012777120408908804,-0.029477685900925157,parity (regression),39,-0.01586458181316946,-0.8617574842723583,0.13785835416394068,XSP260827C00759000,2026-08-18T08:43:39+00:00
2026-08-27,0.024657534246575342,9,C,760.0,13.545,0.21000000000000085,mid,1.9010874980439814,61.0,0.0,770.3342101802784,778.5800170898438,771.137239145594,0.9996849973397041,0.012777120408908804,-0.029477685900925157,parity (regression),39,-0.014547925928422672,-0.7902372843544565,0.13602635681241132,XSP260827C00760000,2026-08-18T08:43:39+00:00
2026-08-27,0.024657534246575342,9,C,761.0,12.74,0.17999999999999972,mid,1.6429856461921295,2.0,0.0,770.3342101802784,778.5800170898438,771.137239145594,0.9996849973397041,0.012777120408908804,-0.029477685900925157,parity (regression),39,-0.013233001347113646,-0.7188111281190551,0.13434343154614242,XSP260827C00761000,2026-08-18T08:43:39+00:00
2026-08-27,0.024657534246575342,9,C,762.0,11.934999999999999,0.1899999999999995,mid,1.9010874980439814,61.0,0.0,770.3342101802784,778.5800170898438,771.137239145594,0.9996849973397041,0.012777120408908804,-0.029477685900925157,parity (regression),39,-0.011919803522153145,-0.6474787685701582,0.13227750223215243,XSP260827C00762000,2026-08-18T08:43:39+00:00
2026-08-27,0.024657534246575342,9,C,763.0,11.16,0.17999999999999972,mid,11.90815925730324,5.0,0.0,770.3342101802784,778.5800170898438,771.137239145594,0.9996849973397041,0.012777120408908804,-0.029477685900925157,parity (regression),39,-0.010608327924342461,-0.5762399596835763,0.13055139865353596,XSP260827C00763000,2026-08-18T08:43:39+00:00
2026-08-27,0.024657534246575342,9,C,765.0,9.690000000000001,0.09999999999999964,mid,2.157001849895833,2.0,0.0,770.3342101802784,778.5800170898438,771.137239145594,0.9996849973397041,0.012777120408908804,-0.029477685900925157,parity (regression),39,-0.007990525382263613,-0.43404201462895264,0.1276717368670463,XSP260827C00765000,2026-08-18T08:43:39+00:00
2026-08-27,0.024657534246575342,9,C,766.0,8.975,0.10999999999999943,mid,4.872684720266204,,0.0,770.3342101802784,778.5800170898438,771.137239145594,0.9996849973397041,0.012777120408908804,-0.029477685900925157,parity (regression),39,-0.006684189468208088,-0.363082391225793,0.12599763845301745,XSP260827C00766000,2026-08-18T08:43:39+00:00
2026-08-27,0.024657534246575342,9,C,767.0,8.280000000000001,0.09999999999999964,mid,4.883286572118056,,0.0,770.3342101802784,778.5800170898438,771.137239145594,0.9996849973397041,0.012777120408908804,-0.029477685900925157,parity (regression),39,-0.005379557841543248,-0.29221534400469534,0.12428985473179871,XSP260827C00767000,2026-08-18T08:43:39+00:00
2026-08-27,0.024657534246575342,9,C,768.0,7.58,0.09999999999999964,mid,14.386006479525463,,0.0,770.3342101802784,778.5800170898438,771.137239145594,0.9996849973397041,0.012777120408908804,-0.029477685900925157,parity (regression),39,-0.004076626061127316,-0.22144063172468592,0.12199247375378515,XSP260827C00768000,2026-08-18T08:43:39+00:00
2026-08-27,0.024657534246575342,9,C,770.0,6.32,0.08000000000000007,mid,2.4156361091550926,1.0,0.0,770.3342101802784,778.5800170898438,771.137239145594,0.9996849973397041,0.012777120408908804,-0.029477685900925157,parity (regression),39,-0.0014758443610699335,-0.08016725172783391,0.11881647840262759,XSP260827C00770000,2026-08-18T08:43:39+00:00
2026-08-27,0.024657534246575342,9,C,771.0,5.73,0.05999999999999961,mid,5.146029627673611,,0.0,770.3342101802784,778.5800170898438,771.137239145594,0.9996849973397041,0.012777120408908804,-0.029477685900925157,parity (regression),39,-0.0001779856454699135,-0.009668106218180978,0.11723809211507812,XSP260827C00771000,2026-08-18T08:43:39+00:00
2026-08-27,0.024657534246575342,9,C,772.0,5.165,0.07000000000000028,mid,1.7738768498958333,10.0,0.0,770.3342101802784,778.5800170898438,771.137239145594,0.9996849973397041,0.012777120408908804,-0.029477685900925157,parity (regression),39,0.0011181908159768308,0.06073965994569997,0.11559980459843824,XSP260827C00772000,2026-08-18T08:43:39+00:00
2026-08-27,0.024657534246575342,9,C,773.0,4.635,0.07000000000000028,mid,1.7738768498958333,16.0,0.0,770.3342101802784,778.5800170898438,771.137239145594,0.9996849973397041,0.012777120408908804,-0.029477685900925157,parity (regression),39,0.0024126893786224632,0.1310562833447266,0.11408723665233626,XSP260827C00773000,2026-08-18T08:43:39+00:00
2026-08-27,0.024657534246575342,9,C,774.0,4.15,0.05999999999999961,mid,1.3312032387847221,1.0,0.0,770.3342101802784,778.5800170898438,771.137239145594,0.9996849973397041,0.012777120408908804,-0.029477685900925157,parity (regression),39,0.0037055143809276805,0.2012819996422791,0.11289525583749296,XSP260827C00774000,2026-08-18T08:43:39+00:00
2026-08-27,0.024657534246575342,9,C,775.0,3.6799999999999997,0.06000000000000005,mid,1.4298374980439814,3.0,0.0,770.3342101802784,778.5800170898438,771.137239145594,0.9996849973397041,0.012777120408908804,-0.029477685900925157,parity (regression),39,0.004996670144547623,0.27141704358886687,0.11137964686723234,XSP260827C00775000,2026-08-18T08:43:39+00:00
2026-08-27,0.024657534246575342,9,C,777.0,2.855,0.04999999999999982,mid,1.8279740721180553,42.0,0.0,770.3342101802784,778.5800170898438,771.137239145594,0.9996849973397041,0.012777120408908804,-0.029477685900925157,parity (regression),39,0.007573991158847974,0.4114160488952685,0.10883151109179,XSP260827C00777000,2026-08-18T08:43:39+00:00
2026-08-27,0.024657534246575342,9,C,778.0,2.485,0.04999999999999982,mid,1.8179740721180553,4.0,0.0,770.3342101802784,778.5800170898438,771.137239145594,0.9996849973397041,0.012777120408908804,-0.029477685900925157,parity (regression),39,0.008860164969592198,0.48128047523418765,0.10746683533819075,XSP260827C00778000,2026-08-18T08:43:39+00:00
2026-08-27,0.024657534246575342,9,C,779.0,2.1500000000000004,0.06000000000000005,mid,5.8876152758217595,,0.0,770.3342101802784,778.5800170898438,771.137239145594,0.9996849973397041,0.012777120408908804,-0.029477685900925157,parity (regression),39,0.010144686661948923,0.551055159189595,0.10619962562516144,XSP260827C00779000,2026-08-18T08:43:39+00:00
2026-08-27,0.024657534246575342,9,C,780.0,1.8599999999999999,0.039999999999999813,mid,1.1247217573032406,3.0,0.0,770.3342101802784,778.5800170898438,771.137239145594,0.9996849973397041,0.012777120408908804,-0.029477685900925157,parity (regression),39,0.011427560474837922,0.6207403310178494,0.10531671390556493,XSP260827C00780000,2026-08-18T08:43:39+00:00
2026-08-27,0.024657534246575342,9,C,781.0,1.5950000000000002,0.050000000000000044,mid,1.6760064795254628,5.0,0.0,770.3342101802784,778.5800170898438,771.137239145594,0.9996849973397041,0.012777120408908804,-0.029477685900925157,parity (regression),39,0.01270879063088653,0.6903362200903107,0.10435301501432952,XSP260827C00781000,2026-08-18T08:43:39+00:00
2026-08-27,0.024657534246575342,9,C,782.0,1.35,0.040000000000000036,mid,1.6470134239699072,225.0,0.0,770.3342101802784,778.5800170898438,771.137239145594,0.9996849973397041,0.012777120408908804,-0.029477685900925157,parity (regression),39,0.013988381336511707,0.7598430548977985,0.10317283351856224,XSP260827C00782000,2026-08-18T08:43:39+00:00
2026-08-27,0.024657534246575342,9,C,783.0,1.145,0.030000000000000027,mid,1.7033212943402776,3.0,0.0,770.3342101802784,778.5800170898438,771.137239145594,0.9996849973397041,0.012777120408908804,-0.029477685900925157,parity (regression),39,0.015266336782003571,0.8292610630551287,0.10240649864851321,XSP260827C00783000,2026-08-18T08:43:39+00:00
2026-08-27,0.024657534246575342,9,C,784.0,0.96,0.040000000000000036,mid,1.6676962943402776,6.0,0.0,770.3342101802784,778.5800170898438,771.137239145594,0.9996849973397041,0.012777120408908804,-0.029477685900925157,parity (regression),39,0.01654266114160838,0.8985904713056215,0.10150887494784464,XSP260827C00784000,2026-08-18T08:43:39+00:00
2026-08-27,0.024657534246575342,9,C,785.0,0.81,0.039999999999999925,mid,1.6505898128587961,20.0,0.0,770.3342101802784,778.5800170898438,771.137239145594,0.9996849973397041,0.012777120408908804,-0.029477685900925157,parity (regression),39,0.017817358573609027,0.9678315055254737,0.10107859326226054,XSP260827C00785000,2026-08-18T08:43:39+00:00
2026-08-27,0.024657534246575342,9,C,786.0,0.665,0.030000000000000027,mid,1.6671986091550923,17.0,0.0,770.3342101802784,778.5800170898438,771.137239145594,0.9996849973397041,0.012777120408908804,-0.029477685900925157,parity (regression),39,0.019090433220407203,1.0369843907282221,0.1000522253836778,XSP260827C00786000,2026-08-18T08:43:39+00:00
2026-08-27,0.024657534246575342,9,C,787.0,0.55,0.020000000000000018,mid,4.649478701747685,,0.0,770.3342101802784,778.5800170898438,771.137239145594,0.9996849973397041,0.012777120408908804,-0.029477685900925157,parity (regression),39,0.02036188920860373,1.1060493510691065,0.09949156969843855,XSP260827C00787000,2026-08-18T08:43:39+00:00
2026-08-27,0.024657534246575342,9,C,788.0,0.45499999999999996,0.02999999999999997,mid,1.866180090636574,4.0,0.0,770.3342101802784,778.5800170898438,771.137239145594,0.9996849973397041,0.012777120408908804,-0.029477685900925157,parity (regression),39,0.02163173064907969,1.1750266098494773,0.09912977733305652,XSP260827C00788000,2026-08-18T08:43:39+00:00
2026-08-27,0.024657534246575342,9,C,789.0,0.375,0.030000000000000027,mid,4.866191664710648,3.0,0.0,770.3342101802784,778.5800170898438,771.137239145594,0.9996849973397041,0.012777120408908804,-0.029477685900925157,parity (regression),39,0.02289996163707487,1.2439163895210554,0.098840166284772,XSP260827C00789000,2026-08-18T08:43:39+00:00
2026-08-27,0.024657534246575342,9,C,790.0,0.305,0.030000000000000027,mid,1.732441664710648,6.0,0.0,770.3342101802784,778.5800170898438,771.137239145594,0.9996849973397041,0.012777120408908804,-0.029477685900925157,parity (regression),39,0.024166586252267648,1.312718911690274,0.09841042594199241,XSP260827C00790000,2026-08-18T08:43:39+00:00
2026-08-27,0.024657534246575342,9,C,791.0,0.25,0.020000000000000018,mid,1.8832865721180554,3.0,0.0,770.3342101802784,778.5800170898438,771.137239145594,0.9996849973397041,0.012777120408908804,-0.029477685900925157,parity (regression),39,0.02543160855885441,1.3814343971225895,0.0982878725838846,XSP260827C00791000,2026-08-18T08:43:39+00:00
2026-08-27,0.024657534246575342,9,C,792.0,0.20500000000000002,0.03,mid,1.6570249980439813,1.0,0.0,770.3342101802784,778.5800170898438,771.137239145594,0.9996849973397041,0.012777120408908804,-0.029477685900925157,parity (regression),39,0.02669503260562645,1.4500630657466607,0.09828170772750179,XSP260827C00792000,2026-08-18T08:43:39+00:00
2026-08-27,0.024657534246575342,9,C,793.0,0.16999999999999998,0.01999999999999999,mid,1.6425111091550924,17.0,0.0,770.3342101802784,778.5800170898438,771.137239145594,0.9996849973397041,0.012777120408908804,-0.029477685900925157,parity (regression),39,0.02795686242604864,1.5186051366586217,0.09856498793323605,XSP260827C00793000,2026-08-18T08:43:39+00:00
2026-08-27,0.024657534246575342,9,C,794.0,0.14500000000000002,0.03,mid,1.8729740721180554,40.0,0.0,770.3342101802784,778.5800170898438,771.137239145594,0.9996849973397041,0.012777120408908804,-0.029477685900925157,parity (regression),39,0.029217102038336225,1.587060828126253,0.09938227133559811,XSP260827C00794000,2026-08-18T08:43:39+00:00
2026-08-27,0.024657534246575342,9,C,795.0,0.12,0.020000000000000004,mid,1.6973490721180553,1.0,0.0,770.3342101802784,778.5800170898438,771.137239145594,0.9996849973397041,0.012777120408908804,-0.029477685900925157,parity (regression),39,0.030475755445532465,1.655430357593199,0.09971398087093576,XSP260827C00795000,2026-08-18T08:43:39+00:00
2026-08-27,0.024657534246575342,9,C,796.0,0.11,0.01999999999999999,mid,4.772534257303241,,0.0,770.3342101802784,778.5800170898438,771.137239145594,0.9996849973397041,0.012777120408908804,-0.029477685900925157,parity (regression),39,0.03173282663558364,1.7237139416830425,0.10170971010464142,XSP260827C00796000,2026-08-18T08:43:39+00:00
2026-08-31,0.03561643835616438,13,C,723.0,48.745000000000005,0.6300000000000026,mid,15.783344442488426,3.0,0.0,770.3342101802784,778.5800170898438,771.3830892177326,0.9975149026030734,0.06986072980910717,0.0316574864432284,parity (regression),56,-0.064775901178714,-2.950642436204584,0.19905358130000805,XSP260831C00723000,2026-08-18T08:43:39+00:00
2026-08-31,0.03561643835616438,13,C,724.0,47.769999999999996,0.6199999999999974,mid,16.307198609155094,1.0,0.0,770.3342101802784,778.5800170898438,771.3830892177326,0.9975149026030734,0.06986072980910717,0.0316574864432284,parity (regression),56,-0.06339373095176229,-2.8876824456604098,0.19731724639152082,XSP260831C00724000,2026-08-18T08:43:39+00:00
2026-08-31,0.03561643835616438,13,C,725.0,46.760000000000005,0.6000000000000014,mid,6.633853701747685,1.0,0.0,770.3342101802784,778.5800170898438,771.3830892177326,0.9975149026030734,0.06986072980910717,0.0316574864432284,parity (regression),56,-0.062013468482803855,-2.824809356442045,0.19288132915147618,XSP260831C00725000,2026-08-18T08:43:39+00:00
2026-08-31,0.03561643835616438,13,C,727.0,44.805,0.5900000000000034,mid,35.82155046100694,1.0,0.0,770.3342101802784,778.5800170898438,771.3830892177326,0.9975149026030734,0.06986072980910717,0.0316574864432284,parity (regression),56,-0.05925864580395933,-2.6993229247212223,0.18880251984672597,XSP260831C00727000,2026-08-18T08:43:39+00:00
2026-08-31,0.03561643835616438,13,C,728.0,43.825,0.5899999999999963,mid,1.7448722202662035,1.0,0.0,770.3342101802784,778.5800170898438,771.3830892177326,0.9975149026030734,0.06986072980910717,0.0316574864432284,parity (regression),56,-0.0578840751407927,-2.636709106055676,0.18648126084811953,XSP260831C00728000,2026-08-18T08:43:39+00:00
2026-08-31,0.03561643835616438,13,C,729.0,42.855000000000004,0.5899999999999963,mid,14.903471757303242,1.0,0.0,770.3342101802784,778.5800170898438,771.3830892177326,0.9975149026030734,0.06986072980910717,0.0316574864432284,parity (regression),56,-0.05651139132882049,-2.5741812363789323,0.18476427204544923,XSP260831C00729000,2026-08-18T08:43:39+00:00
2026-08-31,0.03561643835616438,13,C,730.0,41.915,0.6099999999999994,mid,6.768008794340277,2.0,0.0,770.3342101802784,778.5800170898438,771.3830892177326,0.9975149026030734,0.06986072980910717,0.0316574864432284,parity (regression),56,-0.05514058919504192,-2.5117390800528074,0.18482608659275362,XSP260831C00730000,2026-08-18T08:43:39+00:00
2026-08-31,0.03561643835616438,13,C,731.0,40.91,0.5800000000000054,mid,16.307198609155094,1.0,0.0,770.3342101802784,778.5800170898438,771.3830892177326,0.9975149026030734,0.06986072980910717,0.0316574864432284,parity (regression),56,-0.0537716635877002,-2.4493824024068167,0.18072137523136336,XSP260831C00731000,2026-08-18T08:43:39+00:00
2026-08-31,0.03561643835616438,13,C,732.0,39.95,0.5800000000000054,mid,19.895693979525465,1.0,0.0,770.3342101802784,778.5800170898438,771.3830892177326,0.9975149026030734,0.06986072980910717,0.0316574864432284,parity (regression),56,-0.052404609376167116,-2.3871109697329134,0.17931286901996055,XSP260831C00732000,2026-08-18T08:43:39+00:00
2026-08-31,0.03561643835616438,13,C,733.0,38.985,0.5700000000000003,mid,6.763865275821758,2.0,0.0,770.3342101802784,778.5800170898438,771.3830892177326,0.9975149026030734,0.06986072980910717,0.0316574864432284,parity (regression),56,-0.051039421450827155,-2.3249245492802113,0.1774873644964067,XSP260831C00733000,2026-08-18T08:43:39+00:00
2026-08-31,0.03561643835616438,13,C,734.0,38.015,0.5700000000000003,mid,7.702140738784721,1.0,0.0,770.3342101802784,778.5800170898438,771.3830892177326,0.9975149026030734,0.06986072980910717,0.0316574864432284,parity (regression),56,-0.04967609472296304,-2.2628229092497723,0.17528418614190613,XSP260831C00734000,2026-08-18T08:43:39+00:00
2026-08-31,0.03561643835616438,13,C,736.0,36.1,0.5600000000000023,mid,50.85764999804398,2.0,0.0,770.3342101802784,778.5800170898438,771.3830892177326,0.9975149026030734,0.06986072980910717,0.0316574864432284,parity (regression),56,-0.04695500460860245,-2.138873047988598,0.1719050744239819,XSP260831C00736000,2026-08-18T08:43:39+00:00
2026-08-31,0.03561643835616438,13,C,737.0,35.14,0.5600000000000023,mid,8.875416201747685,1.0,0.0,770.3342101802784,778.5800170898438,771.3830892177326,0.9975149026030734,0.06986072980910717,0.0316574864432284,parity (regression),56,-0.045597231148142056,-2.077024367873233,0.1699119340046275,XSP260831C00737000,2026-08-18T08:43:39+00:00
2026-08-31,0.03561643835616438,13,C,738.0,34.185,0.5500000000000043,mid,5.711619905451389,1.0,0.0,770.3342101802784,778.5800170898438,771.3830892177326,0.9975149026030734,0.06986072980910717,0.0316574864432284,parity (regression),56,-0.044241298737006135,-2.015259550400688,0.16804753326816976,XSP260831C00738000,2026-08-18T08:43:39+00:00
2026-08-31,0.03561643835616438,13,C,739.0,33.235,0.5300000000000011,mid,12.88531203508102,1.0,0.0,770.3342101802784,778.5800170898438,771.3830892177326,0.9975149026030734,0.06986072980910717,0.0316574864432284,parity (regression),56,-0.04288720238927695,-1.9535783684547037,0.16629004529209504,XSP260831C00739000,2026-08-18T08:43:39+00:00
2026-08-31,0.03561643835616438,13,C,740.0,32.285,0.529999999999994,mid,4.688541201747685,4.0,0.0,770.3342101802784,778.5800170898438,771.3830892177326,0.9975149026030734,0.06986072980910717,0.0316574864432284,parity (regression),56,-0.041534937139263255,-1.8919805958403664,0.16440330523784938,XSP260831C00740000,2026-08-18T08:43:39+00:00
2026-08-31,0.03561643835616438,13,C,741.0,31.375,0.5499999999999972,mid,7.738217127673611,1.0,0.0,770.3342101802784,778.5800170898438,771.3830892177326,0.9975149026030734,0.06986072980910717,0.0316574864432284,parity (regression),56,-0.04018449804139178,-1.8304660072791683,0.16404312307472463,XSP260831C00741000,2026-08-18T08:43:39+00:00
2026-08-31,0.03561643835616438,13,C,742.0,30.405,0.5100000000000016,mid,6.903228701747684,1.0,0.0,770.3342101802784,778.5800170898438,771.3830892177326,0.9975149026030734,0.06986072980910717,0.0316574864432284,parity (regression),56,-0.038835880170098196,-1.76903437840404,0.1610640376842517,XSP260831C00742000,2026-08-18T08:43:39+00:00
2026-08-31,0.03561643835616438,13,C,743.0,29.5,0.5399999999999991,mid,6.8804509239699065,2.0,0.0,770.3342101802784,778.5800170898438,771.3830892177326,0.9975149026030734,0.06986072980910717,0.0316574864432284,parity (regression),56,-0.03748907861971956,-1.707685485754451,0.16051044219119118,XSP260831C00743000,2026-08-18T08:43:39+00:00
2026-08-31,0.03561643835616438,13,C,744.0,28.54,0.5,mid,1.6395597202662036,1.0,0.0,770.3342101802784,778.5800170898438,771.3830892177326,0.9975149026030734,0.06986072980910717,0.0316574864432284,parity (regression),56,-0.036144088504386836,-1.6464191067715128,0.1577085023557363,XSP260831C00744000,2026-08-18T08:43:39+00:00
2026-08-31,0.03561643835616438,13,C,745.0,27.61,0.5,mid,4.688541201747685,4.0,0.0,770.3342101802784,778.5800170898438,771.3830892177326,0.9975149026030734,0.06986072980910717,0.0316574864432284,parity (regression),56,-0.03480090495791916,-1.585235019793165,0.15589091187860554,XSP260831C00745000,2026-08-18T08:43:39+00:00
2026-08-31,0.03561643835616438,13,C,746.0,26.715,0.509999999999998,mid,8.827511109155092,1.0,0.0,770.3342101802784,778.5800170898438,771.3830892177326,0.9975149026030734,0.06986072980910717,0.0316574864432284,parity (regression),56,-0.0334595231337178,-1.5241330040493428,0.15511017403356606,XSP260831C00746000,2026-08-18T08:43:39+00:00
2026-08-31,0.03561643835616438,13,C,747.0,25.770000000000003,0.4800000000000004,mid,1.680728701747685,1.0,0.0,770.3342101802784,778.5800170898438,771.3830892177326,0.9975149026030734,0.06986072980910717,0.0316574864432284,parity (regression),56,-0.032119938204661316,-1.4631128396572026,0.15246788157293753,XSP260831C00747000,2026-08-18T08:43:39+00:00
2026-08-31,0.03561643835616438,13,C,748.0,24.86,0.4800000000000004,mid,14.919652312858798,1.0,0.0,770.3342101802784,778.5800170898438,771.3830892177326,0.9975149026030734,0.06986072980910717,0.0316574864432284,parity (regression),56,-0.03078214536300147,-1.4021743076163793,0.15082559618720487,XSP260831C00748000,2026-08-18T08:43:39+00:00
2026-08-31,0.03561643835616438,13,C,749.0,23.965,0.45000000000000284,mid,5.702001849895834,2.0,0.0,770.3342101802784,778.5800170898438,771.3830892177326,0.9975149026030734,0.06986072980910717,0.0316574864432284,parity (regression),56,-0.029446139820259207,-1.3413171898042497,0.1494594172972405,XSP260831C00749000,2026-08-18T08:43:39+00:00
2026-08-31,0.03561643835616438,13,C,750.0,23.21,0.33999999999999986,mid,1.7346060165625,4.0,0.0,770.3342101802784,778.5800170898438,771.3830892177326,0.9975149026030734,0.06986072980910717,0.0316574864432284,parity (regression),56,-0.028111916807122536,-1.2805412689712798,0.15190581427396327,XSP260831C00750000,2026-08-18T08:43:39+00:00
2026-08-31,0.03561643835616438,13,C,751.0,22.29,0.28000000000000114,mid,6.875531942488426,5.0,0.0,770.3342101802784,778.5800170898438,771.3830892177326,0.9975149026030734,0.06986072980910717,0.0316574864432284,parity (regression),56,-0.02677947157334389,-1.2198463287363492,0.14931749909844558,XSP260831C00751000,2026-08-18T08:43:39+00:00
2026-08-31,0.03561643835616438,13,C,752.0,21.439999999999998,0.2799999999999976,mid,5.700717127673611,2.0,0.0,770.3342101802784,778.5800170898438,771.3830892177326,0.9975149026030734,0.06986072980910717,0.0316574864432284,parity (regression),56,-0.025448799387638898,-1.159232153582141,0.14845367815079805,XSP260831C00752000,2026-08-18T08:43:39+00:00
2026-08-31,0.03561643835616438,13,C,753.0,20.52,0.259999999999998,mid,5.711619905451389,1.0,0.0,770.3342101802784,778.5800170898438,771.3830892177326,0.9975149026030734,0.06986072980910717,0.0316574864432284,parity (regression),56,-0.024119895537585118,-1.0986985288505278,0.14554657849670025,XSP260831C00753000,2026-08-18T08:43:39+00:00
2026-08-31,0.03561643835616438,13,C,754.0,19.65,0.26000000000000156,mid,5.6935643498958335,20.0,0.0,770.3342101802784,778.5800170898438,771.3830892177326,0.9975149026030734,0.06986072980910717,0.0316574864432284,parity (regression),56,-0.022792755329522598,-1.0382452407380427,0.14375509376858828,XSP260831C00754000,2026-08-18T08:43:39+00:00
2026-08-31,0.03561643835616438,13,C,755.0,18.655,0.5300000000000011,mid,7.754374535081018,,,770.3342101802784,778.5800170898438,771.3830892177326,0.9975149026030734,0.06986072980910717,0.0316574864432284,parity (regression),56,-0.02146737408845394,-0.9778720762913274,0.13872964539209356,XSP260831C00755000,2026-08-18T08:43:39+00:00
2026-08-31,0.03561643835616438,13,C,756.0,17.925,0.21000000000000085,mid,5.6935643498958335,22.0,0.0,770.3342101802784,778.5800170898438,771.3830892177326,0.9975149026030734,0.06986072980910717,0.0316574864432284,parity (regression),56,-0.020143747157945733,-0.9175788234026415,0.13991752690688108,XSP260831C00756000,2026-08-18T08:43:39+00:00
2026-08-31,0.03561643835616438,13,C,757.0,17.085,0.21000000000000085,mid,14.671967127673613,12.0,0.0,770.3342101802784,778.5800170898438,771.3830892177326,0.9975149026030734,0.06986072980910717,0.0316574864432284,parity (regression),56,-0.01882186990002993,-0.8573652708053706,0.13819863912794714,XSP260831C00757000,2026-08-18T08:43:39+00:00
2026-08-31,0.03561643835616438,13,C,758.0,16.259999999999998,0.1999999999999993,mid,4.633726386932871,1.0,0.0,770.3342101802784,778.5800170898438,771.3830892177326,0.9975149026030734,0.06986072980910717,0.0316574864432284,parity (regression),56,-0.017501737695107024,-0.7972312080696156,0.13657805369047266,XSP260831C00758000,2026-08-18T08:43:39+00:00
2026-08-31,0.03561643835616438,13,C,759.0,15.445,0.1899999999999995,mid,4.761307405451389,1.0,0.0,770.3342101802784,778.5800170898438,771.3830892177326,0.9975149026030734,0.06986072980910717,0.0316574864432284,parity (regression),56,-0.016183345941848726,-0.7371764255977598,0.13492576416773755,XSP260831C00759000,2026-08-18T08:43:39+00:00
2026-08-31,0.03561643835616438,13,C,760.0,14.665,0.1899999999999995,mid,4.67341388693287,12.0,0.0,770.3342101802784,778.5800170898438,771.3830892177326,0.9975149026030734,0.06986072980910717,0.0316574864432284,parity (regression),56,-0.014866690057101865,-0.677200714620091,0.13374658451474783,XSP260831C00760000,2026-08-18T08:43:39+00:00
2026-08-31,0.03561643835616438,13,C,761.0,13.85,0.16000000000000014,mid,4.633726386932871,10.0,0.0,770.3342101802784,778.5800170898438,771.3830892177326,0.9975149026030734,0.06986072980910717,0.0316574864432284,parity (regression),56,-0.013551765475792878,-0.6173038671904515,0.13157669736645414,XSP260831C00761000,2026-08-18T08:43:39+00:00
2026-08-31,0.03561643835616438,13,C,762.0,13.075,0.15000000000000036,mid,4.8408212943402775,10.0,0.0,770.3342101802784,778.5800170898438,771.3830892177326,0.9975149026030734,0.06986072980910717,0.0316574864432284,parity (regression),56,-0.012238567650832415,-0.5574856761818917,0.12994913976645686,XSP260831C00762000,2026-08-18T08:43:39+00:00
2026-08-31,0.03561643835616438,13,C,763.0,12.315000000000001,0.15000000000000036,mid,7.7165504610069435,1.0,0.0,770.3342101802784,778.5800170898438,771.3830892177326,0.9975149026030734,0.06986072980910717,0.0316574864432284,parity (regression),56,-0.010927092053021658,-0.497745935282404,0.12832832517377696,XSP260831C00763000,2026-08-18T08:43:39+00:00
2026-08-31,0.03561643835616438,13,C,764.0,11.565,0.10999999999999943,mid,1.6707865721180555,2.0,0.0,770.3342101802784,778.5800170898438,771.3830892177326,0.9975149026030734,0.06986072980910717,0.0316574864432284,parity (regression),56,-0.009617334170958145,-0.438084438990632,0.1266031879795811,XSP260831C00764000,2026-08-18T08:43:39+00:00
2026-08-31,0.03561643835616438,13,C,765.0,10.86,0.09999999999999964,mid,1.9056592573032405,2.0,0.0,770.3342101802784,778.5800170898438,771.3830892177326,0.9975149026030734,0.06986072980910717,0.0316574864432284,parity (regression),56,-0.008309289510942886,-0.37850098261163967,0.12540842233175206,XSP260831C00765000,2026-08-18T08:43:39+00:00
2026-08-31,0.03561643835616438,13,C,766.0,10.149999999999999,0.09999999999999964,mid,6.885508794340277,239.0,0.0,770.3342101802784,778.5800170898438,771.3830892177326,0.9975149026030734,0.06986072980910717,0.0316574864432284,parity (regression),56,-0.007002953596887398,-0.31899536225267716,0.12379284598054527,XSP260831C00766000,2026-08-18T08:43:39+00:00
2026-08-31,0.03561643835616438,13,C,767.0,9.465,0.08999999999999986,mid,5.689501849895834,1.0,0.0,770.3342101802784,778.5800170898438,771.3830892177326,0.9975149026030734,0.06986072980910717,0.0316574864432284,parity (regression),56,-0.005698321970222485,-0.25956737481902503,0.12229620957152244,XSP260831C00767000,2026-08-18T08:43:39+00:00
2026-08-31,0.03561643835616438,13,C,768.0,8.795,0.08999999999999986,mid,4.761307405451389,2.0,0.0,770.3342101802784,778.5800170898438,771.3830892177326,0.9975149026030734,0.06986072980910717,0.0316574864432284,parity (regression),56,-0.0043953901898064794,-0.2002168180098147,0.12072060657735957,XSP260831C00768000,2026-08-18T08:43:39+00:00
2026-08-31,0.03561643835616438,13,C,769.0,8.18,0.08000000000000007,mid,1.8980782387847221,19.0,0.0,770.3342101802784,778.5800170898438,771.3830892177326,0.9975149026030734,0.06986072980910717,0.0316574864432284,parity (regression),56,-0.003094153831834758,-0.1409434903139068,0.11975013203186682,XSP260831C00769000,2026-08-18T08:43:39+00:00
2026-08-31,0.03561643835616438,13,C,770.0,7.525,0.0699999999999994,mid,1.301145368414352,1.0,0.0,770.3342101802784,778.5800170898438,771.3830892177326,0.9975149026030734,0.06986072980910717,0.0316574864432284,parity (regression),56,-0.0017946084897491736,-0.08174719100576562,0.11770886120959877,XSP260831C00770000,2026-08-18T08:43:39+00:00
2026-08-31,0.03561643835616438,13,C,771.0,6.93,0.05999999999999961,mid,1.7474185165624998,1.0,0.0,770.3342101802784,778.5800170898438,771.3830892177326,0.9975149026030734,0.06986072980910717,0.0316574864432284,parity (regression),56,-0.0004967497741491914,-0.022627720141411182,0.11632461816389957,XSP260831C00771000,2026-08-18T08:43:39+00:00
2026-08-31,0.03561643835616438,13,C,772.0,6.365,0.07000000000000028,mid,1.2342935165625,5.0,0.0,770.3342101802784,778.5800170898438,771.3830892177326,0.9975149026030734,0.06986072980910717,0.0316574864432284,parity (regression),56,0.0007994266872974041,0.036415121445648145,0.11505798953474483,XSP260831C00772000,2026-08-18T08:43:39+00:00
2026-08-31,0.03561643835616438,13,C,773.0,5.825,0.07000000000000028,mid,1.6835990721180554,2.0,0.0,770.3342101802784,778.5800170898438,771.3830892177326,0.9975149026030734,0.06986072980910717,0.0316574864432284,parity (regression),56,0.002093925249943331,0.09538153214846165,0.11380979936929149,XSP260831C00773000,2026-08-18T08:43:39+00:00
2026-08-31,0.03561643835616438,13,C,774.0,5.32,0.08000000000000007,mid,1.3763652758217593,1.0,0.0,770.3342101802784,778.5800170898438,771.3830892177326,0.9975149026030734,0.06986072980910717,0.0316574864432284,parity (regression),56,0.0033867502522484,0.15427170959058054,0.11274341674052632,XSP260831C00774000,2026-08-18T08:43:39+00:00
2026-08-31,0.03561643835616438,13,C,775.0,4.825,0.07000000000000028,mid,1.3934370350810186,1.0,0.0,770.3342101802784,778.5800170898438,771.3830892177326,0.9975149026030734,0.06986072980910717,0.0316574864432284,parity (regression),56,0.004677906015868416,0.21308585063010763,0.11141352119068176,XSP260831C00775000,2026-08-18T08:43:39+00:00
2026-08-31,0.03561643835616438,13,C,776.0,4.365,0.07000000000000028,mid,1.6581245350810183,16.0,0.0,770.3342101802784,778.5800170898438,771.3830892177326,0.9975149026030734,0.06986072980910717,0.0316574864432284,parity (regression),56,0.005967396845740085,0.2718241513635649,0.1102492750082672,XSP260831C00776000,2026-08-18T08:43:39+00:00
2026-08-31,0.03561643835616438,13,C,777.0,3.92,0.06000000000000005,mid,1.8496986091550924,4.0,0.0,770.3342101802784,778.5800170898438,771.3830892177326,0.9975149026030734,0.06986072980910717,0.0316574864432284,parity (regression),56,0.007255227030168691,0.33048680712988737,0.10888638701622466,XSP260831C00777000,2026-08-18T08:43:39+00:00
2026-08-31,0.03561643835616438,13,C,778.0,3.515,0.04999999999999982,mid,1.2214925906365741,12.0,0.0,770.3342101802784,778.5800170898438,771.3830892177326,0.9975149026030734,0.06986072980910717,0.0316574864432284,parity (regression),56,0.008541400840912988,0.38907401251429,0.10777446261944228,XSP260831C00778000,2026-08-18T08:43:39+00:00
2026-08-31,0.03561643835616438,13,C,779.0,3.145,0.04999999999999982,mid,1.8369555535995368,1.0,0.0,770.3342101802784,778.5800170898438,771.3830892177326,0.9975149026030734,0.06986072980910717,0.0316574864432284,parity (regression),56,0.009825922533269565,0.44758596135211076,0.10683489622722984,XSP260831C00779000,2026-08-18T08:43:39+00:00
2026-08-31,0.03561643835616438,13,C,780.0,2.785,0.050000000000000266,mid,1.6325805535995368,16.0,0.0,770.3342101802784,778.5800170898438,771.3830892177326,0.9975149026030734,0.06986072980910717,0.0316574864432284,parity (regression),56,0.011108796346158637,0.5060228467327184,0.10558602640365942,XSP260831C00780000,2026-08-18T08:43:39+00:00
2026-08-31,0.03561643835616438,13,C,781.0,2.465,0.050000000000000266,mid,1.7286337943402776,1.0,0.0,770.3342101802784,778.5800170898438,771.3830892177326,0.9975149026030734,0.06986072980910717,0.0316574864432284,parity (regression),56,0.012390026502207316,0.5643848610033056,0.10462137622004795,XSP260831C00781000,2026-08-18T08:43:39+00:00
2026-08-31,0.03561643835616438,13,C,782.0,2.175,0.050000000000000266,mid,1.794467127673611,9.0,0.0,770.3342101802784,778.5800170898438,771.3830892177326,0.9975149026030734,0.06986072980910717,0.0316574864432284,parity (regression),56,0.013669617207832347,0.6226721957726579,0.10376789738098988,XSP260831C00782000,2026-08-18T08:43:39+00:00
2026-08-31,0.03561643835616438,13,C,783.0,1.9049999999999998,0.050000000000000044,mid,4.7173259239699075,8.0,0.0,770.3342101802784,778.5800170898438,771.3830892177326,0.9975149026030734,0.06986072980910717,0.0316574864432284,parity (regression),56,0.014947572653324503,0.6808850419149978,0.10282497648216252,XSP260831C00783000,2026-08-18T08:43:39+00:00
2026-08-31,0.03561643835616438,13,C,784.0,1.66,0.040000000000000036,mid,1.2342935165625,5.0,0.0,770.3342101802784,778.5800170898438,771.3830892177326,0.9975149026030734,0.06986072980910717,0.0316574864432284,parity (regression),56,0.016223897012929166,0.7390235895736553,0.10191556272794187,XSP260831C00784000,2026-08-18T08:43:39+00:00
2026-08-31,0.03561643835616438,13,C,785.0,1.44,0.040000000000000036,mid,1.3934370350810186,2.0,0.0,770.3342101802784,778.5800170898438,771.3830892177326,0.9975149026030734,0.06986072980910717,0.0316574864432284,parity (regression),56,0.017498594444929665,0.7970880281648647,0.10106655932099973,XSP260831C00785000,2026-08-18T08:43:39+00:00
2026-08-31,0.03561643835616438,13,C,786.0,1.26,0.040000000000000036,mid,1.8689578684143517,10.0,0.0,770.3342101802784,778.5800170898438,771.3830892177326,0.9975149026030734,0.06986072980910717,0.0316574864432284,parity (regression),56,0.01877166909172791,0.8550785463814364,0.10073485139962425,XSP260831C00786000,2026-08-18T08:43:39+00:00
2026-08-31,0.03561643835616438,13,C,787.0,1.085,0.030000000000000027,mid,1.8236222202662036,13.0,0.0,770.3342101802784,778.5800170898438,771.3830892177326,0.9975149026030734,0.06986072980910717,0.0316574864432284,parity (regression),56,0.02004312507992451,0.9129953321964076,0.10001962744824983,XSP260831C00787000,2026-08-18T08:43:39+00:00
2026-08-31,0.03561643835616438,13,C,788.0,0.9199999999999999,0.07999999999999996,mid,1.2567124980439814,1.0,0.0,770.3342101802784,778.5800170898438,771.3830892177326,0.9975149026030734,0.06986072980910717,0.0316574864432284,parity (regression),56,0.02131296652040054,0.9708385728667666,0.09902171632495306,XSP260831C00788000,2026-08-18T08:43:39+00:00
2026-08-31,0.03561643835616438,13,C,789.0,0.795,0.030000000000000027,mid,1.863089812858796,9.0,0.0,770.3342101802784,778.5800170898438,771.3830892177326,0.9975149026030734,0.06986072980910717,0.0316574864432284,parity (regression),56,0.022581197508395576,1.0286084549370063,0.09877346739328158,XSP260831C00789000,2026-08-18T08:43:39+00:00
2026-08-31,0.03561643835616438,13,C,790.0,0.685,0.029999999999999916,mid,1.6397564795254629,18.0,0.0,770.3342101802784,778.5800170898438,771.3830892177326,0.9975149026030734,0.06986072980910717,0.0316574864432284,parity (regression),56,0.02384782212358843,1.0863051642428039,0.09856353251233047,XSP260831C00790000,2026-08-18T08:43:39+00:00
2026-08-31,0.03561643835616438,13,C,791.0,0.575,0.029999999999999916,mid,1.6439115721180555,14.0,0.0,770.3342101802784,778.5800170898438,771.3830892177326,0.9975149026030734,0.06986072980910717,0.0316574864432284,parity (regression),56,0.025112844430175255,1.143928885914577,0.09780922832698612,XSP260831C00791000,2026-08-18T08:43:39+00:00
2026-08-31,0.03561643835616438,13,C,792.0,0.495,0.030000000000000027,mid,1.861677775821759,10.0,0.0,770.3342101802784,778.5800170898438,771.3830892177326,0.9975149026030734,0.06986072980910717,0.0316574864432284,parity (regression),56,0.026376268476947153,1.2014798043810193,0.09780972744642372,XSP260831C00792000,2026-08-18T08:43:39+00:00
2026-08-31,0.03561643835616438,13,C,793.0,0.41500000000000004,0.02999999999999997,mid,1.867129164710648,10.0,0.0,770.3342101802784,778.5800170898438,771.3830892177326,0.9975149026030734,0.06986072980910717,0.0316574864432284,parity (regression),56,0.027638098297369202,1.2589581033727004,0.09730169473847274,XSP260831C00793000,2026-08-18T08:43:39+00:00
2026-08-31,0.03561643835616438,13,C,794.0,0.355,0.02999999999999997,mid,1.7363189795254628,22.0,0.0,770.3342101802784,778.5800170898438,771.3830892177326,0.9975149026030734,0.06986072980910717,0.0316574864432284,parity (regression),56,0.02889833790965707,1.3163639659255557,0.0973383777712428,XSP260831C00794000,2026-08-18T08:43:39+00:00
2026-08-31,0.03561643835616438,13,C,795.0,0.3,0.020000000000000018,mid,1.3934370350810186,1.0,0.0,770.3342101802784,778.5800170898438,771.3830892177326,0.9975149026030734,0.06986072980910717,0.0316574864432284,parity (regression),56,0.030156991316853166,1.3736975743843554,0.09719988180149844,XSP260831C00795000,2026-08-18T08:43:39+00:00
2026-08-31,0.03561643835616438,13,C,796.0,0.255,0.030000000000000027,mid,1.766353701747685,4.0,0.0,770.3342101802784,778.5800170898438,771.3830892177326,0.9975149026030734,0.06986072980910717,0.0316574864432284,parity (regression),56,0.031414062506904414,1.4309591104062467,0.09724982512706179,XSP260831C00796000,2026-08-18T08:43:39+00:00
2026-08-31,0.03561643835616438,13,C,797.0,0.22,0.020000000000000018,mid,1.8650689795254627,3.0,0.0,770.3342101802784,778.5800170898438,771.3830892177326,0.9975149026030734,0.06986072980910717,0.0316574864432284,parity (regression),56,0.03266955545273635,1.48814875496413,0.097625010023852,XSP260831C00797000,2026-08-18T08:43:39+00:00
2026-08-31,0.03561643835616438,13,C,798.0,0.19,0.020000000000000018,mid,1.7887842573032406,5.0,0.0,770.3342101802784,778.5800170898438,771.3830892177326,0.9975149026030734,0.06986072980910717,0.0316574864432284,parity (regression),56,0.03392347411233,1.5452666883501591,0.09804642977677512,XSP260831C00798000,2026-08-18T08:43:39+00:00
2026-08-31,0.03561643835616438,13,C,799.0,0.16499999999999998,0.03,mid,1.7717587943402777,8.0,0.0,770.3342101802784,778.5800170898438,771.3830892177326,0.9975149026030734,0.06986072980910717,0.0316574864432284,parity (regression),56,0.03517582242879603,1.6023130901791207,0.09858321453266096,XSP260831C00799000,2026-08-18T08:43:39+00:00
2026-08-31,0.03561643835616438,13,C,800.0,0.14,0.01999999999999999,mid,1.1374648128587963,63.0,0.0,770.3342101802784,778.5800170898438,771.3830892177326,0.9975149026030734,0.06986072980910717,0.0316574864432284,parity (regression),56,0.03642660433044858,1.659288139391797,0.09875981377970375,XSP260831C00800000,2026-08-18T08:43:39+00:00
2026-08-31,0.03561643835616438,13,C,801.0,0.13,0.020000000000000018,mid,1.6809601832291665,1.0,0.0,770.3342101802784,778.5800170898438,771.3830892177326,0.9975149026030734,0.06986072980910717,0.0316574864432284,parity (regression),56,0.03767582373088064,1.7161920142583984,0.10038575342249663,XSP260831C00801000,2026-08-18T08:43:39+00:00
2026-08-31,0.03561643835616438,13,C,802.0,0.11,0.01999999999999999,mid,1.7887842573032406,1.0,0.0,770.3342101802784,778.5800170898438,771.3830892177326,0.9975149026030734,0.06986072980910717,0.0316574864432284,parity (regression),56,0.03892348452903582,1.7730248923818341,0.10053742187076817,XSP260831C00802000,2026-08-18T08:43:39+00:00
2026-09-08,0.057534246575342465,21,C,725.0,48.05,0.5800000000000054,mid,7.756874535081018,,0.0,770.3342101802784,778.5800170898438,771.8749433661358,0.9982632293079989,0.030212972798208372,-0.004515674717539345,parity (regression),15,-0.0626508915898566,-2.200537356995418,0.1877274663516782,XSP260908C00725000,2026-08-18T08:43:39+00:00
2026-09-08,0.057534246575342465,21,C,730.0,43.29,0.519999999999996,mid,7.756874535081018,,0.0,770.3342101802784,778.5800170898438,771.8749433661358,0.9982632293079989,0.030212972798208372,-0.004515674717539345,parity (regression),15,-0.05577801230209465,-1.9591357226523742,0.1796617295498464,XSP260908C00730000,2026-08-18T08:43:39+00:00
2026-09-08,0.057534246575342465,21,C,735.0,38.59,0.5,mid,8.738899998043982,,0.0,770.3342101802784,778.5800170898438,771.8749433661358,0.9982632293079989,0.030212972798208372,-0.004515674717539345,parity (regression),15,-0.04895204723169476,-1.719381893875375,0.1717294042661691,XSP260908C00735000,2026-08-18T08:43:39+00:00
2026-09-08,0.057534246575342465,21,C,740.0,33.965,0.47000000000000597,mid,2.2337148128587963,1.0,0.0,770.3342101802784,778.5800170898438,771.8749433661358,0.9982632293079989,0.030212972798208372,-0.004515674717539345,parity (regression),15,-0.04217236024631597,-1.4812535272795977,0.16385561758115713,XSP260908C00740000,2026-08-18T08:43:39+00:00
2026-09-08,0.057534246575342465,21,C,744.0,30.34,0.4399999999999977,mid,5.739490275821759,,0.0,770.3342101802784,778.5800170898438,771.8749433661358,0.9982632293079989,0.030212972798208372,-0.004515674717539345,parity (regression),15,-0.03678151161143954,-1.291906440495697,0.15773483079809092,XSP260908C00744000,2026-08-18T08:43:39+00:00
2026-09-08,0.057534246575342465,21,C,745.0,29.625,0.7899999999999991,mid,6.340589812858796,6.0,0.0,770.3342101802784,778.5800170898438,771.8749433661358,0.9982632293079989,0.030212972798208372,-0.004515674717539345,parity (regression),15,-0.03543832806497186,-1.2447287308686201,0.1600492171220312,XSP260908C00745000,2026-08-18T08:43:39+00:00
2026-09-08,0.057534246575342465,21,C,750.0,25.055,0.46999999999999886,mid,2.107754164710648,2.0,0.0,770.3342101802784,778.5800170898438,771.8749433661358,0.9982632293079989,0.030212972798208372,-0.004515674717539345,parity (regression),15,-0.028749339914175335,-1.0097860519569195,0.14862994922903608,XSP260908C00750000,2026-08-18T08:43:39+00:00
2026-09-08,0.057534246575342465,21,C,751.0,24.215,0.4299999999999997,mid,6.344964812858795,,0.0,770.3342101802784,778.5800170898438,771.8749433661358,0.9982632293079989,0.030212972798208372,-0.004515674717539345,parity (regression),15,-0.027416894680396688,-0.9629855126720943,0.1474804611192572,XSP260908C00751000,2026-08-18T08:43:39+00:00
2026-09-08,0.057534246575342465,21,C,752.0,23.365000000000002,0.41000000000000014,mid,6.344964812858795,,0.0,770.3342101802784,778.5800170898438,771.8749433661358,0.9982632293079989,0.030212972798208372,-0.004515674717539345,parity (regression),15,-0.02608622249469158,-0.9162472495723729,0.14600745323306205,XSP260908C00752000,2026-08-18T08:43:39+00:00
2026-09-08,0.057534246575342465,21,C,755.0,20.84,0.4200000000000017,mid,6.340589812858796,,0.0,770.3342101802784,778.5800170898438,771.8749433661358,0.9982632293079989,0.030212972798208372,-0.004515674717539345,parity (regression),15,-0.022104797195506728,-0.7764044654936001,0.1412371797908286,XSP260908C00755000,2026-08-18T08:43:39+00:00
2026-09-08,0.057534246575342465,21,C,760.0,16.895000000000003,0.23000000000000043,mid,2.107754164710648,1.0,0.0,770.3342101802784,778.5800170898438,771.8749433661358,0.9982632293079989,0.030212972798208372,-0.004515674717539345,parity (regression),15,-0.015504113164154638,-0.5445633627715274,0.1346924787240004,XSP260908C00760000,2026-08-18T08:43:39+00:00
2026-09-08,0.057534246575342465,21,C,765.0,13.205,0.10999999999999943,mid,1.8662958313773146,41.0,0.0,770.3342101802784,778.5800170898438,771.8749433661358,0.9982632293079989,0.030212972798208372,-0.004515674717539345,parity (regression),15,-0.008946712617995536,-0.3142425405066213,0.12774307204797486,XSP260908C00765000,2026-08-18T08:43:39+00:00
2026-09-08,0.057534246575342465,21,C,767.0,11.83,0.10000000000000142,mid,6.901492590636574,,0.0,770.3342101802784,778.5800170898438,771.8749433661358,0.9982632293079989,0.030212972798208372,-0.004515674717539345,parity (regression),15,-0.006335745077275242,-0.222535440009624,0.12507195620231495,XSP260908C00767000,2026-08-18T08:43:39+00:00
2026-09-08,0.057534246575342465,21,C,768.0,11.155,0.08999999999999986,mid,6.901492590636574,,0.0,770.3342101802784,778.5800170898438,771.8749433661358,0.9982632293079989,0.030212972798208372,-0.004515674717539345,parity (regression),15,-0.005032813296859233,-0.17677152534434284,0.12359966059438758,XSP260908C00768000,2026-08-18T08:43:39+00:00
2026-09-08,0.057534246575342465,21,C,772.0,8.690000000000001,0.08000000000000007,mid,5.8610064795254635,,0.0,770.3342101802784,778.5800170898438,771.8749433661358,0.9982632293079989,0.030212972798208372,-0.004515674717539345,parity (regression),15,0.00016200358024477104,0.005690181276739266,0.11869578445839972,XSP260908C00772000,2026-08-18T08:43:39+00:00
2026-09-08,0.057534246575342465,21,C,773.0,8.120000000000001,0.08000000000000007,mid,6.908483331377314,,0.0,770.3342101802784,778.5800170898438,771.8749433661358,0.9982632293079989,0.030212972798208372,-0.004515674717539345,parity (regression),15,0.0014565021428904789,0.051157889291607334,0.11750346760730228,XSP260908C00773000,2026-08-18T08:43:39+00:00
2026-09-08,0.057534246575342465,21,C,774.0,7.57,0.08000000000000007,mid,7.10134212767361,,0.0,770.3342101802784,778.5800170898438,771.8749433661358,0.9982632293079989,0.030212972798208372,-0.004515674717539345,parity (regression),15,0.002749327145195772,0.09656681550856615,0.11633097652291131,XSP260908C00774000,2026-08-18T08:43:39+00:00
2026-09-08,0.057534246575342465,21,C,775.0,7.045,0.07000000000000028,mid,1.386041201747685,1.0,0.0,770.3342101802784,778.5800170898438,771.8749433661358,0.9982632293079989,0.030212972798208372,-0.004515674717539345,parity (regression),15,0.0040404829088155686,0.14191711172055677,0.11524051861101214,XSP260908C00775000,2026-08-18T08:43:39+00:00
2026-09-08,0.057534246575342465,21,C,780.0,4.734999999999999,0.0699999999999994,mid,5.66747638693287,5.0,0.0,770.3342101802784,778.5800170898438,771.8749433661358,0.9982632293079989,0.030212972798208372,-0.004515674717539345,parity (regression),15,0.010471373239106022,0.3677944145239523,0.1100523484957258,XSP260908C00780000,2026-08-18T08:43:39+00:00
2026-09-08,0.057534246575342465,21,C,782.0,3.96,0.06000000000000005,mid,5.8610064795254635,,0.0,770.3342101802784,778.5800170898438,771.8749433661358,0.9982632293079989,0.030212972798208372,-0.004515674717539345,parity (regression),15,0.013032194100779737,0.4577401731186881,0.10807927979638868,XSP260908C00782000,2026-08-18T08:43:39+00:00
2026-09-08,0.057534246575342465,21,C,785.0,2.965,0.050000000000000266,mid,1.386041201747685,2.0,0.0,770.3342101802784,778.5800170898438,771.8749433661358,0.9982632293079989,0.030212972798208372,-0.004515674717539345,parity (regression),15,0.01686117133787706,0.5922284020249456,0.10536110650892352,XSP260908C00785000,2026-08-18T08:43:39+00:00
2026-09-08,0.057534246575342465,21,C,788.0,2.185,0.04999999999999982,mid,4.745254164710649,,0.0,770.3342101802784,778.5800170898438,771.8749433661358,0.9982632293079989,0.030212972798208372,-0.004515674717539345,parity (regression),15,0.02067554341334773,0.7262036421620279,0.10337008247570546,XSP260908C00788000,2026-08-18T08:43:39+00:00
2026-09-08,0.057534246575342465,21,C,789.0,1.9649999999999999,0.050000000000000044,mid,1.655578238784722,3.0,0.0,770.3342101802784,778.5800170898438,771.8749433661358,0.9982632293079989,0.030212972798208372,-0.004515674717539345,parity (regression),15,0.021943774401342764,0.7707487331505515,0.10280001491905058,XSP260908C00789000,2026-08-18T08:43:39+00:00
2026-09-08,0.057534246575342465,21,C,790.0,1.755,0.030000000000000027,mid,1.655578238784722,8.0,0.0,770.3342101802784,778.5800170898438,771.8749433661358,0.9982632293079989,0.030212972798208372,-0.004515674717539345,parity (regression),15,0.023210399016535835,0.8152374022227976,0.10209708715031811,XSP260908C00790000,2026-08-18T08:43:39+00:00
2026-09-08,0.057534246575342465,21,C,795.0,0.985,0.030000000000000027,mid,1.386041201747685,1.0,0.0,770.3342101802784,778.5800170898438,771.8749433661358,0.9982632293079989,0.030212972798208372,-0.004515674717539345,parity (regression),15,0.029519568209800586,1.0368393962099274,0.09992200685332189,XSP260908C00795000,2026-08-18T08:43:39+00:00
2026-09-08,0.057534246575342465,21,C,800.0,0.525,0.030000000000000027,mid,1.790265738784722,2.0,0.0,770.3342101802784,778.5800170898438,771.8749433661358,0.9982632293079989,0.030212972798208372,-0.004515674717539345,parity (regression),15,0.03578918122339579,1.2570520268719079,0.09849638650759432,XSP260908C00800000,2026-08-18T08:43:39+00:00
2026-09-08,0.057534246575342465,21,C,805.0,0.275,0.02999999999999997,mid,1.8611337943402777,486.0,0.0,770.3342101802784,778.5800170898438,771.8749433661358,0.9982632293079989,0.030212972798208372,-0.004515674717539345,parity (regression),15,0.042019730974031895,1.4758926073164649,0.09816912454277614,XSP260908C00805000,2026-08-18T08:43:39+00:00
2026-09-08,0.057534246575342465,21,C,810.0,0.16,0.020000000000000018,mid,1.904166201747685,2.0,0.0,770.3342101802784,778.5800170898438,771.8749433661358,0.9982632293079989,0.030212972798208372,-0.004515674717539345,parity (regression),15,0.048211701221953,1.693378129041436,0.10034649026409403,XSP260908C00810000,2026-08-18T08:43:39+00:00
2026-09-18,0.08493150684931507,31,C,690.0,83.6,10.0,mid,1.8762842573032406,1.0,0.0,770.3342101802784,778.5800170898438,772.5914281230479,0.996921479941584,0.036302999481801816,0.0018529401407698792,parity (robust forward),61,-0.1130587577347093,-2.9691624841984323,0.24531323159087257,XSP260918C00690000,2026-08-18T08:43:39+00:00
2026-09-18,0.08493150684931507,31,C,695.0,78.74,10.0,mid,7.778853701747685,1.0,0.0,770.3342101802784,778.5800170898438,772.5914281230479,0.996921479941584,0.036302999481801816,0.0018529401407698792,parity (robust forward),61,-0.10583850976122218,-2.7795434768872793,0.23757203579741665,XSP260918C00695000,2026-08-18T08:43:39+00:00
2026-09-18,0.08493150684931507,31,C,697.0,76.81,10.0,mid,18.769791201747687,9.0,0.0,770.3342101802784,778.5800170898438,772.5914281230479,0.996921479941584,0.036302999481801816,0.0018529401407698792,parity (robust forward),61,-0.10296494456549046,-2.704077567425534,0.23481990501437291,XSP260918C00697000,2026-08-18T08:43:39+00:00
2026-09-18,0.08493150684931507,31,C,698.0,75.84,10.0,mid,14.646099072118057,,0.0,770.3342101802784,778.5800170898438,772.5914281230479,0.996921479941584,0.036302999481801816,0.0018529401407698792,parity (robust forward),61,-0.10153125256364189,-2.66642577829326,0.23321701938118441,XSP260918C00698000,2026-08-18T08:43:39+00:00
2026-09-18,0.08493150684931507,31,C,700.0,73.91,10.0,mid,2.1942472202662033,1.0,0.0,770.3342101802784,778.5800170898438,772.5914281230479,0.996921479941584,0.036302999481801816,0.0018529401407698792,parity (robust forward),61,-0.09867002028260971,-2.5912837572978344,0.23028452511141134,XSP260918C00700000,2026-08-18T08:43:39+00:00
2026-09-18,0.08493150684931507,31,C,701.0,72.94,10.0,mid,42.90604120174768,1.0,0.0,770.3342101802784,778.5800170898438,772.5914281230479,0.996921479941584,0.036302999481801816,0.0018529401407698792,parity (robust forward),61,-0.0972424682914243,-2.5537932178527045,0.22860357987453736,XSP260918C00701000,2026-08-18T08:43:39+00:00
2026-09-18,0.08493150684931507,31,C,704.0,70.06,10.0,mid,1.800242590636574,1.0,0.0,770.3342101802784,778.5800170898438,772.5914281230479,0.996921479941584,0.036302999481801816,0.0018529401407698792,parity (robust forward),61,-0.09297199916797191,-2.4416416520179256,0.22439123341920425,XSP260918C00704000,2026-08-18T08:43:39+00:00
2026-09-18,0.08493150684931507,31,C,705.0,69.1,10.0,mid,1.7499995350810182,9.0,0.0,770.3342101802784,778.5800170898438,772.5914281230479,0.996921479941584,0.036302999481801816,0.0018529401407698792,parity (robust forward),61,-0.09155255251374567,-2.4043639758918625,0.2229200923062246,XSP260918C00705000,2026-08-18T08:43:39+00:00
2026-09-18,0.08493150684931507,31,C,706.0,68.14,10.0,mid,11.788633794340278,1.0,0.0,770.3342101802784,778.5800170898438,772.5914281230479,0.996921479941584,0.036302999481801816,0.0018529401407698792,parity (robust forward),61,-0.09013511783277225,-2.3671391384456255,0.2214166216938152,XSP260918C00706000,2026-08-18T08:43:39+00:00
2026-09-18,0.08493150684931507,31,C,708.0,66.22,10.0,mid,27.908494905451388,,0.0,770.3342101802784,778.5800170898438,772.5914281230479,0.996921479941584,0.036302999481801816,0.0018529401407698792,parity (robust forward),61,-0.0873062616322946,-2.292847381911742,0.21831518218404045,XSP260918C00708000,2026-08-18T08:43:39+00:00
2026-09-18,0.08493150684931507,31,C,710.0,64.31,10.0,mid,6.779536572118055,11.0,0.0,770.3342101802784,778.5800170898438,772.5914281230479,0.996921479941584,0.036302999481801816,0.0018529401407698792,parity (robust forward),61,-0.08448538529065329,-2.2187651933756034,0.21538014121280336,XSP260918C00710000,2026-08-18T08:43:39+00:00
2026-09-18,0.08493150684931507,31,C,712.0,62.41,10.0,mid,15.695612961006946,3.0,0.0,770.3342101802784,778.5800170898438,772.5914281230479,0.996921479941584,0.036302999481801816,0.0018529401407698792,parity (robust forward),61,-0.08167244391403865,-2.144891393830665,0.2125846528445326,XSP260918C00712000,2026-08-18T08:43:39+00:00
2026-09-18,0.08493150684931507,31,C,714.0,60.510000000000005,10.000000000000007,mid,28.630809720266203,,0.0,770.3342101802784,778.5800170898438,772.5914281230479,0.996921479941584,0.036302999481801816,0.0018529401407698792,parity (robust forward),61,-0.07886739298642993,-2.0712248141919174,0.2096361393817175,XSP260918C00714000,2026-08-18T08:43:39+00:00
2026-09-18,0.08493150684931507,31,C,715.0,59.56,10.0,mid,1.8918745350810184,2.0,0.0,770.3342101802784,778.5800170898438,772.5914281230479,0.996921479941584,0.036302999481801816,0.0018529401407698792,parity (robust forward),61,-0.07746781263200668,-2.034468869183874,0.20810640144571615,XSP260918C00715000,2026-08-18T08:43:39+00:00
2026-09-18,0.08493150684931507,31,C,716.0,58.61,10.0,mid,18.68758055359954,12.0,0.0,770.3342101802784,778.5800170898438,772.5914281230479,0.996921479941584,0.036302999481801816,0.0018529401407698792,parity (robust forward),61,-0.07607018836536873,-1.9977642951848913,0.20654056865883735,XSP260918C00716000,2026-08-18T08:43:39+00:00
2026-09-18,0.08493150684931507,31,C,717.0,57.67,10.0,mid,43.68432823878472,,0.0,770.3342101802784,778.5800170898438,772.5914281230479,0.996921479941584,0.036302999481801816,0.0018529401407698792,parity (robust forward),61,-0.074674514726394,-1.9611109488005953,0.2051923964611946,XSP260918C00717000,2026-08-18T08:43:39+00:00
2026-09-18,0.08493150684931507,31,C,718.0,56.73,10.0,mid,22.881237961006946,1.0,0.0,770.3342101802784,778.5800170898438,772.5914281230479,0.996921479941584,0.036302999481801816,0.0018529401407698792,parity (robust forward),61,-0.0732807862777902,-1.924508687236173,0.20380007251818588,XSP260918C00718000,2026-08-18T08:43:39+00:00
2026-09-18,0.08493150684931507,31,C,719.0,55.78,10.0,mid,16.38451342396991,3.0,0.0,770.3342101802784,778.5800170898438,772.5914281230479,0.996921479941584,0.036302999481801816,0.0018529401407698792,parity (robust forward),61,-0.0718889976049677,-1.88795736829303,0.20212087919711524,XSP260918C00719000,2026-08-18T08:43:39+00:00
2026-09-18,0.08493150684931507,31,C,720.0,54.85,10.0,mid,5.642152312858796,1.0,0.0,770.3342101802784,778.5800170898438,772.5914281230479,0.996921479941584,0.036302999481801816,0.0018529401407698792,parity (robust forward),61,-0.0704991433159134,-1.85145685036548,0.20088666916840078,XSP260918C00720000,2026-08-18T08:43:39+00:00
2026-09-18,0.08493150684931507,31,C,721.0,53.91,10.0,mid,11.790856016562499,1.0,0.0,770.3342101802784,778.5800170898438,772.5914281230479,0.996921479941584,0.036302999481801816,0.0018529401407698792,parity (robust forward),61,-0.06911121804106533,-1.8150069924374503,0.19936723862897004,XSP260918C00721000,2026-08-18T08:43:39+00:00
2026-09-18,0.08493150684931507,31,C,722.0,52.97,10.0,mid,16.383020368414353,,0.0,770.3342101802784,778.5800170898438,772.5914281230479,0.996921479941584,0.036302999481801816,0.0018529401407698792,parity (robust forward),61,-0.06772521643318807,-1.778607654079211,0.19780696431724573,XSP260918C00722000,2026-08-18T08:43:39+00:00
2026-09-18,0.08493150684931507,31,C,724.0,51.11,10.0,mid,12.873899998043981,2.0,0.0,770.3342101802784,778.5800170898438,772.5914281230479,0.996921479941584,0.036302999481801816,0.0018529401407698792,parity (robust forward),61,-0.06495896294029796,-1.7059599772654879,0.19501061781674026,XSP260918C00724000,2026-08-18T08:43:39+00:00
2026-09-18,0.08493150684931507,31,C,725.0,50.18,10.0,mid,7.830427775821759,13.0,0.0,770.3342101802784,778.5800170898438,772.5914281230479,0.996921479941584,0.036302999481801816,0.0018529401407698792,parity (robust forward),61,-0.06357870047133957,-1.6697113608531726,0.19354167520411697,XSP260918C00725000,2026-08-18T08:43:39+00:00
2026-09-18,0.08493150684931507,31,C,726.0,49.25,10.0,mid,27.908494905451388,5.0,0.0,770.3342101802784,778.5800170898438,772.5914281230479,0.996921479941584,0.036302999481801816,0.0018529401407698792,parity (robust forward),61,-0.06220034050121827,-1.6335127080906136,0.19202669626045582,XSP260918C00726000,2026-08-18T08:43:39+00:00
2026-09-18,0.08493150684931507,31,C,727.0,48.33,10.0,mid,16.383020368414353,,0.0,770.3342101802784,778.5800170898438,772.5914281230479,0.996921479941584,0.036302999481801816,0.0018529401407698792,parity (robust forward),61,-0.060823877792495,-1.5973638814315656,0.1906762109157965,XSP260918C00727000,2026-08-18T08:43:39+00:00
2026-09-18,0.08493150684931507,31,C,728.0,47.41,10.0,mid,6.731133794340277,2.0,0.0,770.3342101802784,778.5800170898438,772.5914281230479,0.996921479941584,0.036302999481801816,0.0018529401407698792,parity (robust forward),61,-0.05944930712932841,-1.561264743896986,0.18927348010222184,XSP260918C00728000,2026-08-18T08:43:39+00:00
2026-09-18,0.08493150684931507,31,C,729.0,46.49,10.0,mid,8.908309720266203,3.0,0.0,770.3342101802784,778.5800170898438,772.5914281230479,0.996921479941584,0.036302999481801816,0.0018529401407698792,parity (robust forward),61,-0.058076623317356246,-1.5252151590719178,0.18781949153112146,XSP260918C00729000,2026-08-18T08:43:39+00:00
2026-09-18,0.08493150684931507,31,C,730.0,45.58,10.0,mid,6.737812035081018,1.0,0.0,770.3342101802784,778.5800170898438,772.5914281230479,0.996921479941584,0.036302999481801816,0.0018529401407698792,parity (robust forward),61,-0.056705821183577594,-1.4892149911023984,0.18651327956669586,XSP260918C00730000,2026-08-18T08:43:39+00:00
2026-09-18,0.08493150684931507,31,C,731.0,44.66,10.0,mid,13.704582868414352,25.0,0.0,770.3342101802784,778.5800170898438,772.5914281230479,0.996921479941584,0.036302999481801816,0.0018529401407698792,parity (robust forward),61,-0.0553368955762358,-1.4532641046923844,0.18495580226396247,XSP260918C00731000,2026-08-18T08:43:39+00:00
2026-09-18,0.08493150684931507,31,C,732.0,43.75,10.0,mid,6.734606016562499,1.0,0.0,770.3342101802784,778.5800170898438,772.5914281230479,0.996921479941584,0.036302999481801816,0.0018529401407698792,parity (robust forward),61,-0.05396984136470275,-1.4173623651007132,0.18354057188174563,XSP260918C00732000,2026-08-18T08:43:39+00:00
2026-09-18,0.08493150684931507,31,C,733.0,42.85,10.0,mid,6.731133794340277,1.0,0.0,770.3342101802784,778.5800170898438,772.5914281230479,0.996921479941584,0.036302999481801816,0.0018529401407698792,parity (robust forward),61,-0.05260465343936283,-1.3815096381380538,0.18225778741189252,XSP260918C00733000,2026-08-18T08:43:39+00:00
2026-09-18,0.08493150684931507,31,C,734.0,41.94,10.0,mid,6.737812035081018,1.0,0.0,770.3342101802784,778.5800170898438,772.5914281230479,0.996921479941584,0.036302999481801816,0.0018529401407698792,parity (robust forward),61,-0.05124132671149876,-1.3457057901639107,0.18073020846022717,XSP260918C00734000,2026-08-18T08:43:39+00:00
2026-09-18,0.08493150684931507,31,C,735.0,40.51,5.0,mid,5.788622220266204,1.0,0.0,770.3342101802784,778.5800170898438,772.5914281230479,0.996921479941584,0.036302999481801816,0.0018529401407698792,parity (robust forward),61,-0.049879856113177676,-1.309950688083631,0.16950339035022902,XSP260918C00735000,2026-08-18T08:43:39+00:00
2026-09-18,0.08493150684931507,31,C,736.0,39.73,5.0,mid,16.26685138693287,6.0,0.0,770.3342101802784,778.5800170898438,772.5914281230479,0.996921479941584,0.036302999481801816,0.0018529401407698792,parity (robust forward),61,-0.048520236597138125,-1.2742441993454363,0.17045968902940742,XSP260918C00736000,2026-08-18T08:43:39+00:00
2026-09-18,0.08493150684931507,31,C,737.0,38.81,5.0,mid,14.884872220266205,2.0,0.0,770.3342101802784,778.5800170898438,772.5914281230479,0.996921479941584,0.036302999481801816,0.0018529401407698792,parity (robust forward),61,-0.047162463136677775,-1.2385861919374752,0.16871738685244156,XSP260918C00737000,2026-08-18T08:43:39+00:00
2026-09-18,0.08493150684931507,31,C,738.0,37.91,5.0,mid,12.801087498043982,1.0,0.0,770.3342101802784,778.5800170898438,772.5914281230479,0.996921479941584,0.036302999481801816,0.0018529401407698792,parity (robust forward),61,-0.04580653072554189,-1.2029765343848926,0.16728129587979132,XSP260918C00738000,2026-08-18T08:43:39+00:00
2026-09-18,0.08493150684931507,31,C,739.0,37.545,1.4699999999999989,mid,7.730196294340277,3.0,0.0,770.3342101802784,778.5800170898438,772.5914281230479,0.996921479941584,0.036302999481801816,0.0018529401407698792,parity (robust forward),61,-0.04445243437781263,-1.1674150957469238,0.17490925681432057,XSP260918C00739000,2026-08-18T08:43:39+00:00
2026-09-18,0.08493150684931507,31,C,740.0,36.14,5.0,mid,1.7735874980439814,2.0,0.0,770.3342101802784,778.5800170898438,772.5914281230479,0.996921479941584,0.036302999481801816,0.0018529401407698792,parity (robust forward),61,-0.04310016912779886,-1.1319017456140006,0.16473702474231902,XSP260918C00740000,2026-08-18T08:43:39+00:00
2026-09-18,0.08493150684931507,31,C,741.0,35.26,5.0,mid,8.885844442488425,1.0,0.0,770.3342101802784,778.5800170898438,772.5914281230479,0.996921479941584,0.036302999481801816,0.0018529401407698792,parity (robust forward),61,-0.04174973002992742,-1.0964363541048943,0.1634434711698057,XSP260918C00741000,2026-08-18T08:43:39+00:00
2026-09-18,0.08493150684931507,31,C,742.0,34.900000000000006,1.4600000000000009,mid,1.8499995350810183,2.0,0.0,770.3342101802784,778.5800170898438,772.5914281230479,0.996921479941584,0.036302999481801816,0.0018529401407698792,parity (robust forward),61,-0.04040111215863387,-1.0610187918638487,0.17047028984464768,XSP260918C00742000,2026-08-18T08:43:39+00:00
2026-09-18,0.08493150684931507,31,C,743.0,34.025,1.4500000000000028,mid,5.869281942488426,1.0,0.0,770.3342101802784,778.5800170898438,772.5914281230479,0.996921479941584,0.036302999481801816,0.0018529401407698792,parity (robust forward),61,-0.03905431060825517,-1.02564893005776,0.16896692842423075,XSP260918C00743000,2026-08-18T08:43:39+00:00
2026-09-18,0.08493150684931507,31,C,744.0,32.67,5.0,mid,1.8734833313773147,1.0,0.0,770.3342101802784,778.5800170898438,772.5914281230479,0.996921479941584,0.036302999481801816,0.0018529401407698792,parity (robust forward),61,-0.03770932049292248,-0.9903266403733623,0.15992781888085128,XSP260918C00744000,2026-08-18T08:43:39+00:00
2026-09-18,0.08493150684931507,31,C,745.0,31.810000000000002,5.0000000000000036,mid,1.7438189795254628,53.0,0.0,770.3342101802784,778.5800170898438,772.5914281230479,0.996921479941584,0.036302999481801816,0.0018529401407698792,parity (robust forward),61,-0.036366136946454845,-0.9550517950144349,0.1586499360841092,XSP260918C00745000,2026-08-18T08:43:39+00:00
2026-09-18,0.08493150684931507,31,C,746.0,30.97,5.0,mid,1.6457749980439813,4.0,0.0,770.3342101802784,778.5800170898438,772.5914281230479,0.996921479941584,0.036302999481801816,0.0018529401407698792,parity (robust forward),61,-0.03502475512225352,-0.9198242666990277,0.15759773004403152,XSP260918C00746000,2026-08-18T08:43:39+00:00
2026-09-18,0.08493150684931507,31,C,747.0,30.119999999999997,4.9999999999999964,mid,11.839316664710648,2.0,0.0,770.3342101802784,778.5800170898438,772.5914281230479,0.996921479941584,0.036302999481801816,0.0018529401407698792,parity (robust forward),61,-0.03368517019319708,-0.8846439286567063,0.15630782619547862,XSP260918C00747000,2026-08-18T08:43:39+00:00
2026-09-18,0.08493150684931507,31,C,748.0,29.29,5.0,mid,7.882383794340277,4.0,0.0,770.3342101802784,778.5800170898438,772.5914281230479,0.996921479941584,0.036302999481801816,0.0018529401407698792,parity (robust forward),61,-0.03234737735153715,-0.8495106546258134,0.15522966423401918,XSP260918C00748000,2026-08-18T08:43:39+00:00
2026-09-18,0.08493150684931507,31,C,749.0,28.94,1.3599999999999994,mid,5.826249535081018,1.0,0.0,770.3342101802784,778.5800170898438,772.5914281230479,0.996921479941584,0.036302999481801816,0.0018529401407698792,parity (robust forward),61,-0.03101137180879493,-0.8144243188507517,0.16090329635869535,XSP260918C00749000,2026-08-18T08:43:39+00:00
2026-09-18,0.08493150684931507,31,C,750.0,27.63,5.0,mid,1.634941664710648,53.0,0.0,770.3342101802784,778.5800170898438,772.5914281230479,0.996921479941584,0.036302999481801816,0.0018529401407698792,parity (robust forward),61,-0.029677148795658182,-0.7793847960792785,0.15280250181153954,XSP260918C00750000,2026-08-18T08:43:39+00:00
2026-09-18,0.08493150684931507,31,C,751.0,26.8,5.0,mid,16.393170831377315,5.0,0.0,770.3342101802784,778.5800170898438,772.5914281230479,0.996921479941584,0.036302999481801816,0.0018529401407698792,parity (robust forward),61,-0.028344703561879573,-0.7443919615598357,0.15145603540850208,XSP260918C00751000,2026-08-18T08:43:39+00:00
2026-09-18,0.08493150684931507,31,C,752.0,26.0,5.0,mid,8.810693979525462,6.0,0.0,770.3342101802784,778.5800170898438,772.5914281230479,0.996921479941584,0.036302999481801816,0.0018529401407698792,parity (robust forward),61,-0.027014031376174506,-0.7094456910388669,0.15043304490770879,XSP260918C00752000,2026-08-18T08:43:39+00:00
2026-09-18,0.08493150684931507,31,C,753.0,25.665,1.3099999999999987,mid,6.8675921276736105,2.0,0.0,770.3342101802784,778.5800170898438,772.5914281230479,0.996921479941584,0.036302999481801816,0.0018529401407698792,parity (robust forward),61,-0.025685127526120767,-0.6745458607581821,0.15552916350660254,XSP260918C00753000,2026-08-18T08:43:39+00:00
2026-09-18,0.08493150684931507,31,C,754.0,24.39,5.0,mid,6.755474072118055,1.0,0.0,770.3342101802784,778.5800170898438,772.5914281230479,0.996921479941584,0.036302999481801816,0.0018529401407698792,parity (robust forward),61,-0.024357987318058282,-0.6396923474523244,0.14795634344297645,XSP260918C00754000,2026-08-18T08:43:39+00:00
2026-09-18,0.08493150684931507,31,C,755.0,23.61,5.0,mid,1.634941664710648,2.0,0.0,770.3342101802784,778.5800170898438,772.5914281230479,0.996921479941584,0.036302999481801816,0.0018529401407698792,parity (robust forward),61,-0.023032606076989665,-0.6048850283459589,0.146900650100394,XSP260918C00755000,2026-08-18T08:43:39+00:00
2026-09-18,0.08493150684931507,31,C,756.0,23.285,1.2899999999999991,mid,1.8681939795254627,2.0,0.0,770.3342101802784,778.5800170898438,772.5914281230479,0.996921479941584,0.036302999481801816,0.0018529401407698792,parity (robust forward),61,-0.021708979146481382,-0.5701237811512767,0.15156556628165682,XSP260918C00756000,2026-08-18T08:43:39+00:00
2026-09-18,0.08493150684931507,31,C,757.0,22.515,1.2899999999999991,mid,5.823251849895834,3.0,0.0,770.3342101802784,778.5800170898438,772.5914281230479,0.996921479941584,0.036302999481801816,0.0018529401407698792,parity (robust forward),61,-0.020387101888565615,-0.5354084840654177,0.15034884631831982,XSP260918C00757000,2026-08-18T08:43:39+00:00
2026-09-18,0.08493150684931507,31,C,758.0,21.29,5.0,mid,1.6763884239699072,1.0,0.0,770.3342101802784,778.5800170898438,772.5914281230479,0.996921479941584,0.036302999481801816,0.0018529401407698792,parity (robust forward),61,-0.019066969683642746,-0.5007390157679098,0.14335884104345828,XSP260918C00758000,2026-08-18T08:43:39+00:00
2026-09-18,0.08493150684931507,31,C,759.0,20.985,1.2699999999999996,mid,4.900751849895833,1.0,0.0,770.3342101802784,778.5800170898438,772.5914281230479,0.996921479941584,0.036302999481801816,0.0018529401407698792,parity (robust forward),61,-0.017748577930384375,-0.46611525541812143,0.14773295537391168,XSP260918C00759000,2026-08-18T08:43:39+00:00
2026-09-18,0.08493150684931507,31,C,760.0,19.79,5.0,mid,1.7502310165625,2.0,0.0,770.3342101802784,778.5800170898438,772.5914281230479,0.996921479941584,0.036302999481801816,0.0018529401407698792,parity (robust forward),61,-0.01643192204563755,-0.4315370826527472,0.1410398081042974,XSP260918C00760000,2026-08-18T08:43:39+00:00
2026-09-18,0.08493150684931507,31,C,761.0,19.07,5.0,mid,1.883078238784722,5.0,0.0,770.3342101802784,778.5800170898438,772.5914281230479,0.996921479941584,0.036302999481801816,0.0018529401407698792,parity (robust forward),61,-0.01511699746432849,-0.39700437758327883,0.14007359224264837,XSP260918C00761000,2026-08-18T08:43:39+00:00
2026-09-18,0.08493150684931507,31,C,762.0,18.744999999999997,1.2300000000000004,mid,5.897117590636574,1.0,0.0,770.3342101802784,778.5800170898438,772.5914281230479,0.996921479941584,0.036302999481801816,0.0018529401407698792,parity (robust forward),61,-0.013803799639368066,-0.36251702079352316,0.14368619746168473,XSP260918C00762000,2026-08-18T08:43:39+00:00
2026-09-18,0.08493150684931507,31,C,763.0,17.62,5.000000000000002,mid,6.708830553599537,4.0,0.0,770.3342101802784,778.5800170898438,772.5914281230479,0.996921479941584,0.036302999481801816,0.0018529401407698792,parity (robust forward),61,-0.012492324041557345,-0.3280748933371214,0.13766218210289985,XSP260918C00763000,2026-08-18T08:43:39+00:00
2026-09-18,0.08493150684931507,31,C,764.0,16.92,5.000000000000002,mid,6.881434720266204,1.0,0.0,770.3342101802784,778.5800170898438,772.5914281230479,0.996921479941584,0.036302999481801816,0.0018529401407698792,parity (robust forward),61,-0.011182566159493873,-0.2936778767350881,0.13656961155194558,XSP260918C00764000,2026-08-18T08:43:39+00:00
2026-09-18,0.08493150684931507,31,C,765.0,16.23,5.0,mid,4.9358560165625,5.0,0.0,770.3342101802784,778.5800170898438,772.5914281230479,0.996921479941584,0.036302999481801816,0.0018529401407698792,parity (robust forward),61,-0.009874521499478537,-0.259325852973365,0.13546719821355718,XSP260918C00765000,2026-08-18T08:43:39+00:00
2026-09-18,0.08493150684931507,31,C,766.0,15.55,5.0,mid,1.8193629610069442,5.0,0.0,770.3342101802784,778.5800170898438,772.5914281230479,0.996921479941584,0.036302999481801816,0.0018529401407698792,parity (robust forward),61,-0.008568185585423087,-0.22501870450039246,0.13435132963223095,XSP260918C00766000,2026-08-18T08:43:39+00:00
2026-09-18,0.08493150684931507,31,C,767.0,15.274999999999999,1.17,mid,1.7650342573032405,11.0,0.0,770.3342101802784,778.5800170898438,772.5914281230479,0.996921479941584,0.036302999481801816,0.0018529401407698792,parity (robust forward),61,-0.007263553958758213,-0.19075631422469516,0.1377219708403896,XSP260918C00767000,2026-08-18T08:43:39+00:00
2026-09-18,0.08493150684931507,31,C,769.0,13.92,0.5,mid,1.7738074054513888,2.0,0.0,770.3342101802784,778.5800170898438,772.5914281230479,0.996921479941584,0.036302999481801816,0.0018529401407698792,parity (robust forward),61,-0.004659385820370337,-0.12236534218527437,0.1348338253939602,XSP260918C00769000,2026-08-18T08:43:39+00:00
2026-09-18,0.08493150684931507,31,C,770.0,13.3,0.3800000000000008,mid,1.7742472202662036,14.0,0.0,770.3342101802784,778.5800170898438,772.5914281230479,0.996921479941584,0.036302999481801816,0.0018529401407698792,parity (robust forward),61,-0.003359840478284791,-0.08823652851752403,0.1338365351257863,XSP260918C00770000,2026-08-18T08:43:39+00:00
2026-09-18,0.08493150684931507,31,C,771.0,12.684999999999999,0.3699999999999992,mid,5.660994905451389,22.0,0.0,770.3342101802784,778.5800170898438,772.5914281230479,0.996921479941584,0.036302999481801816,0.0018529401407698792,parity (robust forward),61,-0.0020619817626848463,-0.054152009234271124,0.1327542312150989,XSP260918C00771000,2026-08-18T08:43:39+00:00
2026-09-18,0.08493150684931507,31,C,772.0,12.085,0.3699999999999992,mid,6.70341388693287,5.0,0.0,770.3342101802784,778.5800170898438,772.5914281230479,0.996921479941584,0.036302999481801816,0.0018529401407698792,parity (robust forward),61,-0.0007658053012381771,-0.02011166950880633,0.1316958839191183,XSP260918C00772000,2026-08-18T08:43:39+00:00
2026-09-18,0.08493150684931507,31,C,773.0,11.5,0.35999999999999943,mid,1.6401962943402777,2.0,0.0,770.3342101802784,778.5800170898438,772.5914281230479,0.996921479941584,0.036302999481801816,0.0018529401407698792,parity (robust forward),61,0.0005286932614076018,0.013884605039650468,0.13065794701615005,XSP260918C00773000,2026-08-18T08:43:39+00:00
2026-09-18,0.08493150684931507,31,C,774.0,10.93,0.379999999999999,mid,1.840717127673611,1.0,0.0,770.3342101802784,778.5800170898438,772.5914281230479,0.996921479941584,0.036302999481801816,0.0018529401407698792,parity (robust forward),61,0.0018215182637128548,0.04783692834825911,0.12963708651365657,XSP260918C00774000,2026-08-18T08:43:39+00:00
2026-09-18,0.08493150684931507,31,C,775.0,10.370000000000001,0.3600000000000012,mid,1.3143629610069445,2.0,0.0,770.3342101802784,778.5800170898438,772.5914281230479,0.996921479941584,0.036302999481801816,0.0018529401407698792,parity (robust forward),61,0.0031126740273326116,0.08174541391283578,0.12857421458732268,XSP260918C00775000,2026-08-18T08:43:39+00:00
2026-09-18,0.08493150684931507,31,C,776.0,9.83,0.379999999999999,mid,5.735925461006945,6.0,0.0,770.3342101802784,778.5800170898438,772.5914281230479,0.996921479941584,0.036302999481801816,0.0018529401407698792,parity (robust forward),61,0.0044021648572044655,0.11561017479016134,0.12757811909148803,XSP260918C00776000,2026-08-18T08:43:39+00:00
2026-09-18,0.08493150684931507,31,C,777.0,9.309999999999999,0.3800000000000008,mid,1.7241083313773147,7.0,0.0,770.3342101802784,778.5800170898438,772.5914281230479,0.996921479941584,0.036302999481801816,0.0018529401407698792,parity (robust forward),61,0.005689995041633034,0.14943132360019945,0.12664650723090767,XSP260918C00777000,2026-08-18T08:43:39+00:00
2026-09-18,0.08493150684931507,31,C,778.0,8.795,0.370000000000001,mid,1.759189349895833,11.0,0.0,770.3342101802784,778.5800170898438,772.5914281230479,0.996921479941584,0.036302999481801816,0.0018529401407698792,parity (robust forward),61,0.006976168852377293,0.1832089725283903,0.12560769199156904,XSP260918C00778000,2026-08-18T08:43:39+00:00
2026-09-18,0.08493150684931507,31,C,779.0,8.309999999999999,0.3800000000000008,mid,1.761515738784722,3.0,0.0,770.3342101802784,778.5800170898438,772.5914281230479,0.996921479941584,0.036302999481801816,0.0018529401407698792,parity (robust forward),61,0.008260690544733834,0.21694323332783677,0.12474239097359828,XSP260918C00779000,2026-08-18T08:43:39+00:00
2026-09-18,0.08493150684931507,31,C,780.0,7.84,0.35999999999999943,mid,1.8193629610069442,11.0,0.0,770.3342101802784,778.5800170898438,772.5914281230479,0.996921479941584,0.036302999481801816,0.0018529401407698792,parity (robust forward),61,0.009543564357623088,0.25063421732156926,0.1238797143651936,XSP260918C00780000,2026-08-18T08:43:39+00:00
2026-09-18,0.08493150684931507,31,C,781.0,7.38,0.35999999999999943,mid,1.8945134239699073,1.0,0.0,770.3342101802784,778.5800170898438,772.5914281230479,0.996921479941584,0.036302999481801816,0.0018529401407698792,parity (robust forward),61,0.010824794513671512,0.28428203540470387,0.12295986660746011,XSP260918C00781000,2026-08-18T08:43:39+00:00
2026-09-18,0.08493150684931507,31,C,782.0,6.9399999999999995,0.3600000000000003,mid,1.7502310165625,7.0,0.0,770.3342101802784,778.5800170898438,772.5914281230479,0.996921479941584,0.036302999481801816,0.0018529401407698792,parity (robust forward),61,0.012104385219296724,0.31788679804667813,0.1220969491150543,XSP260918C00782000,2026-08-18T08:43:39+00:00
2026-09-18,0.08493150684931507,31,C,783.0,6.515000000000001,0.35000000000000053,mid,1.8766430535995369,3.0,0.0,770.3342101802784,778.5800170898438,772.5914281230479,0.996921479941584,0.036302999481801816,0.0018529401407698792,parity (robust forward),61,0.013382340664788843,0.35144861529338745,0.12123207793680554,XSP260918C00783000,2026-08-18T08:43:39+00:00
2026-09-18,0.08493150684931507,31,C,784.0,6.11,0.33999999999999986,mid,1.8193629610069442,5.0,0.0,770.3342101802784,778.5800170898438,772.5914281230479,0.996921479941584,0.036302999481801816,0.0018529401407698792,parity (robust forward),61,0.014658665024393468,0.384967596769364,0.1204245943579704,XSP260918C00784000,2026-08-18T08:43:39+00:00
2026-09-18,0.08493150684931507,31,C,785.0,5.72,0.33999999999999986,mid,1.6829509239699072,18.0,0.0,770.3342101802784,778.5800170898438,772.5914281230479,0.996921479941584,0.036302999481801816,0.0018529401407698792,parity (robust forward),61,0.01593336245639415,0.41844385167994286,0.11961507348858628,XSP260918C00785000,2026-08-18T08:43:39+00:00
2026-09-18,0.08493150684931507,31,C,786.0,5.36,0.33999999999999986,mid,4.781284257303241,4.0,0.0,770.3342101802784,778.5800170898438,772.5914281230479,0.996921479941584,0.036302999481801816,0.0018529401407698792,parity (robust forward),61,0.01720643710319214,0.4518774888133562,0.11899104033078031,XSP260918C00786000,2026-08-18T08:43:39+00:00
2026-09-18,0.08493150684931507,31,C,787.0,5.005,0.33000000000000007,mid,1.6987495350810184,5.0,0.0,770.3342101802784,778.5800170898438,772.5914281230479,0.996921479941584,0.036302999481801816,0.0018529401407698792,parity (robust forward),61,0.018477893091388923,0.48526861654290093,0.11824433877721732,XSP260918C00787000,2026-08-18T08:43:39+00:00
2026-09-18,0.08493150684931507,31,C,788.0,4.665,0.33000000000000007,mid,1.6970018498958332,7.0,0.0,770.3342101802784,778.5800170898438,772.5914281230479,0.996921479941584,0.036302999481801816,0.0018529401407698792,parity (robust forward),61,0.0197477345318647,0.5186173428289997,0.11749864091873158,XSP260918C00788000,2026-08-18T08:43:39+00:00
2026-09-18,0.08493150684931507,31,C,789.0,4.345,0.33000000000000007,mid,1.649964812858796,5.0,0.0,770.3342101802784,778.5800170898438,772.5914281230479,0.996921479941584,0.036302999481801816,0.0018529401407698792,parity (robust forward),61,0.021015965519859913,0.551923775221342,0.11682190537782104,XSP260918C00789000,2026-08-18T08:43:39+00:00
2026-09-18,0.08493150684931507,31,C,790.0,4.04,0.3200000000000003,mid,1.6425111091550924,78.0,0.0,770.3342101802784,778.5800170898438,772.5914281230479,0.996921479941584,0.036302999481801816,0.0018529401407698792,parity (robust forward),61,0.022282590135052727,0.5851880208609188,0.11615231333501441,XSP260918C00790000,2026-08-18T08:43:39+00:00
2026-09-18,0.08493150684931507,31,C,791.0,3.755,0.33000000000000007,mid,1.9085064795254627,4.0,0.0,770.3342101802784,778.5800170898438,772.5914281230479,0.996921479941584,0.036302999481801816,0.0018529401407698792,parity (robust forward),61,0.023547612441639523,0.6184101864821369,0.11556304263135128,XSP260918C00791000,2026-08-18T08:43:39+00:00
2026-09-18,0.08493150684931507,31,C,792.0,3.49,0.30000000000000027,mid,1.6987495350810184,12.0,0.0,770.3342101802784,778.5800170898438,772.5914281230479,0.996921479941584,0.036302999481801816,0.0018529401407698792,parity (robust forward),61,0.0248110364884116,0.6515903784148327,0.11506375396759518,XSP260918C00792000,2026-08-18T08:43:39+00:00
2026-09-18,0.08493150684931507,31,C,793.0,3.23,0.3200000000000003,mid,1.7502310165625,3.0,0.0,770.3342101802784,778.5800170898438,772.5914281230479,0.996921479941584,0.036302999481801816,0.0018529401407698792,parity (robust forward),61,0.026072866308833608,0.6847287025863327,0.11444177041015727,XSP260918C00793000,2026-08-18T08:43:39+00:00
2026-09-18,0.08493150684931507,31,C,794.0,2.98,0.3200000000000003,mid,1.8420944424884258,4.0,0.0,770.3342101802784,778.5800170898438,772.5914281230479,0.996921479941584,0.036302999481801816,0.0018529401407698792,parity (robust forward),61,0.027333105921121443,0.7178252645234984,0.11376603015348391,XSP260918C00794000,2026-08-18T08:43:39+00:00
2026-09-18,0.08493150684931507,31,C,795.0,2.755,0.31000000000000005,mid,1.698691664710648,17.0,0.0,770.3342101802784,778.5800170898438,772.5914281230479,0.996921479941584,0.036302999481801816,0.0018529401407698792,parity (robust forward),61,0.028591759328317503,0.7508801693547033,0.1132752539684341,XSP260918C00795000,2026-08-18T08:43:39+00:00
2026-09-18,0.08493150684931507,31,C,796.0,2.54,0.2999999999999998,mid,1.6335990721180553,1.0,0.0,770.3342101802784,778.5800170898438,772.5914281230479,0.996921479941584,0.036302999481801816,0.0018529401407698792,parity (robust forward),61,0.029848830518368712,0.7838935218118819,0.11274546922890138,XSP260918C00796000,2026-08-18T08:43:39+00:00
2026-09-18,0.08493150684931507,31,C,797.0,2.34,0.30000000000000027,mid,1.7523490721180555,1.0,0.0,770.3342101802784,778.5800170898438,772.5914281230479,0.996921479941584,0.036302999481801816,0.0018529401407698792,parity (robust forward),61,0.03110432346420062,0.8168654262324754,0.11226388870484043,XSP260918C00797000,2026-08-18T08:43:39+00:00
2026-09-18,0.08493150684931507,31,C,798.0,2.1550000000000002,0.31000000000000005,mid,4.813425461006944,1.0,0.0,770.3342101802784,778.5800170898438,772.5914281230479,0.996921479941584,0.036302999481801816,0.0018529401407698792,parity (robust forward),61,0.03235824212379444,0.8497959865614553,0.11184240726757146,XSP260918C00798000,2026-08-18T08:43:39+00:00
2026-09-18,0.08493150684931507,31,C,799.0,1.975,0.29000000000000004,mid,1.3954740721180556,2.0,0.0,770.3342101802784,778.5800170898438,772.5914281230479,0.996921479941584,0.036302999481801816,0.0018529401407698792,parity (robust forward),61,0.03361059044026022,0.8826853063532443,0.1113076033124426,XSP260918C00799000,2026-08-18T08:43:39+00:00
2026-09-18,0.08493150684931507,31,C,800.0,1.815,0.29000000000000004,mid,1.2327657387847222,6.0,0.0,770.3342101802784,778.5800170898438,772.5914281230479,0.996921479941584,0.036302999481801816,0.0018529401407698792,parity (robust forward),61,0.034861372341912944,0.915533488773716,0.11094554970872259,XSP260918C00800000,2026-08-18T08:43:39+00:00
2026-09-18,0.08493150684931507,31,C,801.0,1.665,0.29000000000000004,mid,1.6853583313773146,3.0,0.0,770.3342101802784,778.5800170898438,772.5914281230479,0.996921479941584,0.036302999481801816,0.0018529401407698792,parity (robust forward),61,0.03611059174234497,0.9483406366020961,0.11058282695927737,XSP260918C00801000,2026-08-18T08:43:39+00:00
2026-09-18,0.08493150684931507,31,C,802.0,1.52,0.28,mid,1.758842127673611,6.0,0.0,770.3342101802784,778.5800170898438,772.5914281230479,0.996921479941584,0.036302999481801816,0.0018529401407698792,parity (robust forward),61,0.037358252540500125,0.9811068522329094,0.11011961489949226,XSP260918C00802000,2026-08-18T08:43:39+00:00
2026-09-18,0.08493150684931507,31,C,803.0,1.395,0.27,mid,1.6655087943402775,2.0,0.0,770.3342101802784,778.5800170898438,772.5914281230479,0.996921479941584,0.036302999481801816,0.0018529401407698792,parity (robust forward),61,0.038604358620747396,1.013832237677914,0.10988924837478538,XSP260918C00803000,2026-08-18T08:43:39+00:00
2026-09-18,0.08493150684931507,31,C,804.0,1.27,0.26,mid,1.6292124980439813,484.0,0.0,770.3342101802784,778.5800170898438,772.5914281230479,0.996921479941584,0.036302999481801816,0.0018529401407698792,parity (robust forward),61,0.03984891385295197,1.046516894567968,0.10946072672080202,XSP260918C00804000,2026-08-18T08:43:39+00:00
2026-09-18,0.08493150684931507,31,C,805.0,1.1600000000000001,0.26,mid,1.6431708313773146,9.0,0.0,770.3342101802784,778.5800170898438,772.5914281230479,0.996921479941584,0.036302999481801816,0.0018529401407698792,parity (robust forward),61,0.04109192209254907,1.0791609241549671,0.10918855088887927,XSP260918C00805000,2026-08-18T08:43:39+00:00
2026-09-18,0.08493150684931507,31,C,806.0,1.06,0.2599999999999999,mid,1.6987495350810184,6.0,0.0,770.3342101802784,778.5800170898438,772.5914281230479,0.996921479941584,0.036302999481801816,0.0018529401407698792,parity (robust forward),61,0.04233338718061387,1.1117644273136833,0.10897681056794499,XSP260918C00806000,2026-08-18T08:43:39+00:00
2026-09-18,0.08493150684931507,31,C,807.0,0.97,0.2400000000000001,mid,1.6602194424884258,6.0,0.0,770.3342101802784,778.5800170898438,772.5914281230479,0.996921479941584,0.036302999481801816,0.0018529401407698792,parity (robust forward),61,0.043573312943934475,1.1443275045436783,0.10884643324384155,XSP260918C00807000,2026-08-18T08:43:39+00:00
2026-09-18,0.08493150684931507,31,C,808.0,0.88,0.24,mid,1.8695481461921295,11.0,0.0,770.3342101802784,778.5800170898438,772.5914281230479,0.996921479941584,0.036302999481801816,0.0018529401407698792,parity (robust forward),61,0.04481170319508094,1.1768502559711187,0.10852506389559043,XSP260918C00808000,2026-08-18T08:43:39+00:00
2026-09-18,0.08493150684931507,31,C,809.0,0.8,0.22000000000000008,mid,1.6638189795254628,3.0,0.0,770.3342101802784,778.5800170898438,772.5914281230479,0.996921479941584,0.036302999481801816,0.0018529401407698792,parity (robust forward),61,0.046048561732477344,1.2093327813506676,0.10830427460284991,XSP260918C00809000,2026-08-18T08:43:39+00:00
2026-09-18,0.08493150684931507,31,C,810.0,0.725,0.22999999999999998,mid,1.6292124980439813,21.0,0.0,770.3342101802784,778.5800170898438,772.5914281230479,0.996921479941584,0.036302999481801816,0.0018529401407698792,parity (robust forward),61,0.0472838923404702,1.2417751800672807,0.10804745395506103,XSP260918C00810000,2026-08-18T08:43:39+00:00
2026-09-18,0.08493150684931507,31,C,811.0,0.665,0.22999999999999998,mid,1.8859601832291666,1.0,0.0,770.3342101802784,778.5800170898438,772.5914281230479,0.996921479941584,0.036302999481801816,0.0018529401407698792,parity (robust forward),61,0.04851769878939855,1.274177551138049,0.10811779874782544,XSP260918C00811000,2026-08-18T08:43:39+00:00
2026-09-18,0.08493150684931507,31,C,812.0,0.6,0.19999999999999996,mid,1.6322217573032405,4.0,0.0,770.3342101802784,778.5800170898438,772.5914281230479,0.996921479941584,0.036302999481801816,0.0018529401407698792,parity (robust forward),61,0.049749984835663674,1.3065399932140276,0.1078306751710786,XSP260918C00812000,2026-08-18T08:43:39+00:00
2026-10-02,0.1232876712328767,45,C,740.0,39.675,0.5300000000000011,mid,4.722696294340278,,0.0,770.3342101802784,778.5800170898438,773.7862057438379,0.9948495848367639,0.04188354129593709,0.005617501513374319,parity (regression),17,-0.0446454292665478,-0.9458552861624534,0.1718673656313068,XSP261002C00740000,2026-08-18T08:43:39+00:00
2026-10-02,0.1232876712328767,45,C,743.0,37.065,0.46999999999999886,mid,4.800682405451389,,0.0,770.3342101802784,778.5800170898438,773.7862057438379,0.9948495848367639,0.04188354129593709,0.005617501513374319,parity (regression),17,-0.040599570747004064,-0.8601399793405924,0.16744600465995715,XSP261002C00743000,2026-08-18T08:43:39+00:00
2026-10-02,0.1232876712328767,45,C,748.0,32.935,0.4299999999999997,mid,4.800682405451389,,0.0,770.3342101802784,778.5800170898438,773.7862057438379,0.9948495848367639,0.04188354129593709,0.005617501513374319,parity (regression),17,-0.033892637490286016,-0.7180473087352537,0.16168732516505582,XSP261002C00748000,2026-08-18T08:43:39+00:00
2026-10-02,0.1232876712328767,45,C,750.0,31.39,0.46000000000000085,mid,1.2996407387847222,1.0,0.0,770.3342101802784,778.5800170898438,773.7862057438379,0.9948495848367639,0.04188354129593709,0.005617501513374319,parity (regression),17,-0.031222408934407173,-0.6614760127183427,0.16017224150817705,XSP261002C00750000,2026-08-18T08:43:39+00:00
2026-10-02,0.1232876712328767,45,C,752.0,29.78,0.40000000000000213,mid,5.414281942488426,,0.0,770.3342101802784,778.5800170898438,773.7862057438379,0.9948495848367639,0.04188354129593709,0.005617501513374319,parity (regression),17,-0.028559291514923396,-0.6050553727945726,0.15768470530543313,XSP261002C00752000,2026-08-18T08:43:39+00:00
2026-10-02,0.1232876712328767,45,C,753.0,29.0,0.3999999999999986,mid,5.418842127673611,,0.0,770.3342101802784,778.5800170898438,773.7862057438379,0.9948495848367639,0.04188354129593709,0.005617501513374319,parity (regression),17,-0.027230387664869717,-0.5769012985248303,0.1566170544123847,XSP261002C00753000,2026-08-18T08:43:39+00:00
2026-10-02,0.1232876712328767,45,C,754.0,28.025,0.7699999999999996,mid,4.722696294340278,,0.0,770.3342101802784,778.5800170898438,773.7862057438379,0.9948495848367639,0.04188354129593709,0.005617501513374319,parity (regression),17,-0.025903247456807183,-0.5487845886645614,0.15342989868237186,XSP261002C00754000,2026-08-18T08:43:39+00:00
2026-10-02,0.1232876712328767,45,C,755.0,27.62,0.7199999999999989,mid,5.424247220266204,,0.0,770.3342101802784,778.5800170898438,773.7862057438379,0.9948495848367639,0.04188354129593709,0.005617501513374319,parity (regression),17,-0.024577866215738514,-0.5207051441695641,0.15615698865588673,XSP261002C00755000,2026-08-18T08:43:39+00:00
2026-10-02,0.1232876712328767,45,C,759.0,24.435000000000002,0.34999999999999787,mid,1.879964812858796,2.0,0.0,770.3342101802784,778.5800170898438,773.7862057438379,0.9948495848367639,0.04188354129593709,0.005617501513374319,parity (regression),17,-0.01929383806913336,-0.4087580526798973,0.1499889532142817,XSP261002C00759000,2026-08-18T08:43:39+00:00
2026-10-02,0.1232876712328767,45,C,760.0,23.875,0.6899999999999977,mid,5.898934720266204,,0.0,770.3342101802784,778.5800170898438,773.7862057438379,0.9948495848367639,0.04188354129593709,0.005617501513374319,parity (regression),17,-0.017977182184386487,-0.3808634630409559,0.1506349482721392,XSP261002C00760000,2026-08-18T08:43:39+00:00
2026-10-02,0.1232876712328767,45,C,763.0,21.585,0.3099999999999987,mid,5.418842127673611,,0.0,770.3342101802784,778.5800170898438,773.7862057438379,0.9948495848367639,0.04188354129593709,0.005617501513374319,parity (regression),17,-0.01403758418030624,-0.2973993848871278,0.14605168060865506,XSP261002C00763000,2026-08-18T08:43:39+00:00
2026-10-02,0.1232876712328767,45,C,766.0,19.47,0.23999999999999844,mid,5.7186685165625,,0.0,770.3342101802784,778.5800170898438,773.7862057438379,0.9948495848367639,0.04188354129593709,0.005617501513374319,parity (regression),17,-0.010113445724171942,-0.21426283175403707,0.14248683381291272,XSP261002C00766000,2026-08-18T08:43:39+00:00
2026-10-02,0.1232876712328767,45,C,770.0,16.880000000000003,0.120000000000001,mid,4.846492590636574,,0.0,770.3342101802784,778.5800170898438,773.7862057438379,0.9948495848367639,0.04188354129593709,0.005617501513374319,parity (regression),17,-0.004905100617033778,-0.10391915642877324,0.13872620639464175,XSP261002C00770000,2026-08-18T08:43:39+00:00
2026-10-02,0.1232876712328767,45,C,775.0,13.91,0.14000000000000057,mid,1.6443629610069443,2.0,0.0,770.3342101802784,778.5800170898438,773.7862057438379,0.9948495848367639,0.04188354129593709,0.005617501513374319,parity (regression),17,0.001567413888583653,0.033207133103592905,0.1344288498974384,XSP261002C00775000,2026-08-18T08:43:39+00:00
2026-10-02,0.1232876712328767,45,C,778.0,12.225,0.129999999999999,mid,1.804166201747685,4.0,0.0,770.3342101802784,778.5800170898438,773.7862057438379,0.9948495848367639,0.04188354129593709,0.005617501513374319,parity (regression),17,0.005430908713628264,0.11505889404226195,0.13155173990507937,XSP261002C00778000,2026-08-18T08:43:39+00:00
2026-10-02,0.1232876712328767,45,C,779.0,11.705,0.129999999999999,mid,1.8400689795254628,2.0,0.0,770.3342101802784,778.5800170898438,773.7862057438379,0.9948495848367639,0.04188354129593709,0.005617501513374319,parity (regression),17,0.006715430405985073,0.14227269068093354,0.1307698468678199,XSP261002C00779000,2026-08-18T08:43:39+00:00
2026-10-02,0.1232876712328767,45,C,780.0,11.21,0.1399999999999988,mid,1.6443629610069443,2.0,0.0,770.3342101802784,778.5800170898438,773.7862057438379,0.9948495848367639,0.04188354129593709,0.005617501513374319,parity (regression),17,0.007998304218874158,0.16945157544774922,0.1301143757579312,XSP261002C00780000,2026-08-18T08:43:39+00:00
2026-10-02,0.1232876712328767,45,C,781.0,10.69,0.14000000000000057,mid,1.9019092573032406,1.0,0.0,770.3342101802784,778.5800170898438,773.7862057438379,0.9948495848367639,0.04188354129593709,0.005617501513374319,parity (regression),17,0.00927953437492263,0.19659563780302422,0.12911451358251208,XSP261002C00781000,2026-08-18T08:43:39+00:00
2026-10-02,0.1232876712328767,45,C,782.0,10.205,0.129999999999999,mid,1.9736685165624999,1.0,0.0,770.3342101802784,778.5800170898438,773.7862057438379,0.9948495848367639,0.04188354129593709,0.005617501513374319,parity (regression),17,0.010559125080547894,0.22370496686365587,0.12833234693142664,XSP261002C00782000,2026-08-18T08:43:39+00:00
2026-10-02,0.1232876712328767,45,C,783.0,9.735,0.13000000000000078,mid,5.642268053599537,,0.0,770.3342101802784,778.5800170898438,773.7862057438379,0.9948495848367639,0.04188354129593709,0.005617501513374319,parity (regression),17,0.011837080526039842,0.25077965140486513,0.12757963103977865,XSP261002C00783000,2026-08-18T08:43:39+00:00
2026-10-02,0.1232876712328767,45,C,784.0,9.285,0.129999999999999,mid,1.9019092573032406,1.0,0.0,770.3342101802784,778.5800170898438,773.7862057438379,0.9948495848367639,0.04188354129593709,0.005617501513374319,parity (regression),17,0.013113404885644516,0.2778197798619688,0.12690411142335736,XSP261002C00784000,2026-08-18T08:43:39+00:00
2026-10-02,0.1232876712328767,45,C,790.0,6.84,0.1200000000000001,mid,1.7681708313773146,2.0,0.0,770.3342101802784,778.5800170898438,773.7862057438379,0.9948495848367639,0.04188354129593709,0.005617501513374319,parity (regression),17,0.020737329996303854,0.4393397828206368,0.12287960797254667,XSP261002C00790000,2026-08-18T08:43:39+00:00
2026-10-02,0.1232876712328767,45,C,795.0,5.165,0.13000000000000078,mid,1.7681708313773146,1.0,0.0,770.3342101802784,778.5800170898438,773.7862057438379,0.9948495848367639,0.04188354129593709,0.005617501513374319,parity (regression),17,0.027046499189568654,0.5730054487304553,0.1198702984070216,XSP261002C00795000,2026-08-18T08:43:39+00:00
2026-10-02,0.1232876712328767,45,C,800.0,3.81,0.1200000000000001,mid,1.725879164710648,1.0,0.0,770.3342101802784,778.5800170898438,773.7862057438379,0.9948495848367639,0.04188354129593709,0.005617501513374319,parity (regression),17,0.033316112203164126,0.7058330798793748,0.11724497168696559,XSP261002C00800000,2026-08-18T08:43:39+00:00
2026-10-02,0.1232876712328767,45,C,806.0,2.58,0.10000000000000009,mid,1.675439349895833,1.0,0.0,770.3342101802784,778.5800170898438,773.7862057438379,0.9948495848367639,0.04188354129593709,0.005617501513374319,parity (regression),17,0.04078812704186513,0.8641347212696879,0.11481495656163462,XSP261002C00806000,2026-08-18T08:43:39+00:00
2026-10-02,0.1232876712328767,45,C,807.0,2.415,0.11000000000000032,mid,1.205242590636574,1.0,0.0,770.3342101802784,778.5800170898438,773.7862057438379,0.9948495848367639,0.04188354129593709,0.005617501513374319,parity (regression),17,0.04202805280518557,0.8904037113309932,0.11452886954691595,XSP261002C00807000,2026-08-18T08:43:39+00:00
2026-10-02,0.1232876712328767,45,C,810.0,1.955,0.13000000000000012,mid,1.6420597202662035,17.0,0.0,770.3342101802784,778.5800170898438,773.7862057438379,0.9948495848367639,0.04188354129593709,0.005617501513374319,parity (regression),17,0.04573863220172122,0.9690158155171764,0.11344542695729998,XSP261002C00810000,2026-08-18T08:43:39+00:00
2026-10-02,0.1232876712328767,45,C,815.0,1.37,0.11999999999999988,mid,1.8284486091550924,8.0,0.0,770.3342101802784,778.5800170898438,773.7862057438379,0.9948495848367639,0.04188354129593709,0.005617501513374319,parity (regression),17,0.05189249777609934,1.0993912286217837,0.11229027419225492,XSP261002C00815000,2026-08-18T08:43:39+00:00
2026-10-02,0.1232876712328767,45,C,816.0,1.29,0.08000000000000007,mid,4.808136109155093,,0.0,770.3342101802784,778.5800170898438,773.7862057438379,0.9948495848367639,0.04188354129593709,0.005617501513374319,parity (regression),17,0.05311873949934379,1.1253703094615948,0.11246543158525513,XSP261002C00816000,2026-08-18T08:43:39+00:00
2026-10-02,0.1232876712328767,45,C,820.0,0.96,0.07999999999999996,mid,1.2215157387847222,1.0,0.0,770.3342101802784,778.5800170898438,773.7862057438379,0.9948495848367639,0.04188354129593709,0.005617501513374319,parity (regression),17,0.058008724793535506,1.2289692336012605,0.1118303238794536,XSP261002C00820000,2026-08-18T08:43:39+00:00
2026-10-02,0.1232876712328767,45,C,823.0,0.77,0.08000000000000007,mid,4.879733331377315,,0.0,770.3342101802784,778.5800170898438,773.7862057438379,0.9948495848367639,0.04188354129593709,0.005617501513374319,parity (regression),17,0.06166058521230652,1.3063373211785958,0.11162384336989145,XSP261002C00823000,2026-08-18T08:43:39+00:00
2026-10-02,0.1232876712328767,45,C,825.0,0.6599999999999999,0.07999999999999996,mid,1.8284486091550924,5.0,0.0,770.3342101802784,778.5800170898438,773.7862057438379,0.9948495848367639,0.04188354129593709,0.005617501513374319,parity (regression),17,0.06408777086991777,1.357759525477334,0.11141594974596437,XSP261002C00825000,2026-08-18T08:43:39+00:00
2026-10-02,0.1232876712328767,45,C,830.0,0.45499999999999996,0.07,mid,1.8010874980439813,7.0,0.0,770.3342101802784,778.5800170898438,773.7862057438379,0.9948495848367639,0.04188354129593709,0.005617501513374319,parity (regression),17,0.07013008532588026,1.4857716235289977,0.11148359621534326,XSP261002C00830000,2026-08-18T08:43:39+00:00
2026-10-02,0.1232876712328767,45,C,835.0,0.315,0.08999999999999997,mid,1.8010874980439813,2.0,0.0,770.3342101802784,778.5800170898438,773.7862057438379,0.9948495848367639,0.04188354129593709,0.005617501513374319,parity (regression),17,0.07613610938609221,1.6130148755146365,0.1119210645194075,XSP261002C00835000,2026-08-18T08:43:39+00:00
2026-10-16,0.16164383561643836,59,C,729.0,51.49,5.0,mid,15.807082868414353,1.0,0.0,770.3342101802784,778.5800170898438,774.6575363658991,0.9913230908724541,0.05391342425901679,0.019290493942989033,parity (regression),57,-0.060747311123037426,-1.0793377110865177,0.18223589001315554,XSP261016C00729000,2026-08-18T08:43:39+00:00
2026-10-16,0.16164383561643836,59,C,730.0,50.62,5.0,mid,5.829582868414352,3.0,0.0,770.3342101802784,778.5800170898438,774.6575363658991,0.9913230908724541,0.05391342425901679,0.019290493942989033,parity (regression),57,-0.05937650898925873,-1.0549817616613897,0.1811461883872405,XSP261016C00730000,2026-08-18T08:43:39+00:00
2026-10-16,0.16164383561643836,59,C,732.0,48.88,5.0,mid,14.906214812858797,1.0,0.0,770.3342101802784,778.5800170898438,774.6575363658991,0.9913230908724541,0.05391342425901679,0.019290493942989033,parity (regression),57,-0.05664052917038406,-1.0063697961160836,0.17886767217221317,XSP261016C00732000,2026-08-18T08:43:39+00:00
2026-10-16,0.16164383561643836,59,C,735.0,46.33,5.0,mid,1.800242590636574,2.0,0.0,770.3342101802784,778.5800170898438,774.6575363658991,0.9913230908724541,0.05391342425901679,0.019290493942989033,parity (regression),57,-0.052550543918858876,-0.9337003192594413,0.17586580329734758,XSP261016C00735000,2026-08-18T08:43:39+00:00
2026-10-16,0.16164383561643836,59,C,736.0,45.47,5.0,mid,13.685763423969908,1.0,0.0,770.3342101802784,778.5800170898438,774.6575363658991,0.9913230908724541,0.05391342425901679,0.019290493942989033,parity (regression),57,-0.05119092440281941,-0.9095430588101953,0.17468212104432046,XSP261016C00736000,2026-08-18T08:43:39+00:00
2026-10-16,0.16164383561643836,59,C,737.0,45.03,1.7000000000000028,mid,14.90517314619213,2.0,0.0,770.3342101802784,778.5800170898438,774.6575363658991,0.9913230908724541,0.05391342425901679,0.019290493942989033,parity (regression),57,-0.04983315094235902,-0.8854185984531084,0.17795058133236788,XSP261016C00737000,2026-08-18T08:43:39+00:00
2026-10-16,0.16164383561643836,59,C,738.0,44.3,1.5200000000000031,mid,15.74917777582176,,0.0,770.3342101802784,778.5800170898438,774.6575363658991,0.9913230908724541,0.05391342425901679,0.019290493942989033,parity (regression),57,-0.0484772185312231,-0.8613268492387395,0.17801466174617922,XSP261016C00738000,2026-08-18T08:43:39+00:00
2026-10-16,0.16164383561643836,59,C,739.0,42.96,5.0,mid,5.897349072118056,2.0,0.0,770.3342101802784,778.5800170898438,774.6575363658991,0.9913230908724541,0.05391342425901679,0.019290493942989033,parity (regression),57,-0.0471231221834938,-0.8372677225789835,0.17166177336527896,XSP261016C00739000,2026-08-18T08:43:39+00:00
2026-10-16,0.16164383561643836,59,C,740.0,42.12,5.0,mid,1.8689231461921294,1.0,0.0,770.3342101802784,778.5800170898438,774.6575363658991,0.9913230908724541,0.05391342425901679,0.019290493942989033,parity (regression),57,-0.04577085693348012,-0.8132411302451198,0.1705417927857088,XSP261016C00740000,2026-08-18T08:43:39+00:00
2026-10-16,0.16164383561643836,59,C,741.0,41.3,5.0,mid,7.381747220266203,4.0,0.0,770.3342101802784,778.5800170898438,774.6575363658991,0.9913230908724541,0.05391342425901679,0.019290493942989033,parity (regression),57,-0.04442041783560876,-0.789246984365872,0.16958913630381112,XSP261016C00741000,2026-08-18T08:43:39+00:00
2026-10-16,0.16164383561643836,59,C,742.0,40.46,5.0,mid,7.381747220266203,4.0,0.0,770.3342101802784,778.5800170898438,774.6575363658991,0.9913230908724541,0.05391342425901679,0.019290493942989033,parity (regression),57,-0.04307179996431518,-0.7652851974254724,0.16839091137512394,XSP261016C00742000,2026-08-18T08:43:39+00:00
2026-10-16,0.16164383561643836,59,C,743.0,39.66,5.0,mid,14.731828238784724,3.0,0.0,770.3342101802784,778.5800170898438,774.6575363658991,0.9913230908724541,0.05391342425901679,0.019290493942989033,parity (regression),57,-0.04172499841393643,-0.7413556822617586,0.16755699207615052,XSP261016C00743000,2026-08-18T08:43:39+00:00
2026-10-16,0.16164383561643836,59,C,744.0,38.85,5.0,mid,18.69077499804398,5.0,0.0,770.3342101802784,778.5800170898438,774.6575363658991,0.9913230908724541,0.05391342425901679,0.019290493942989033,parity (regression),57,-0.04038000829860371,-0.7174583520642632,0.16657747359716432,XSP261016C00744000,2026-08-18T08:43:39+00:00
2026-10-16,0.16164383561643836,59,C,745.0,38.02,5.0,mid,1.7758328684143516,3.0,0.0,770.3342101802784,778.5800170898438,774.6575363658991,0.9913230908724541,0.05391342425901679,0.019290493942989033,parity (regression),57,-0.03903682475213604,-0.6935931203723259,0.16535746191309825,XSP261016C00745000,2026-08-18T08:43:39+00:00
2026-10-16,0.16164383561643836,59,C,746.0,37.23,5.0,mid,14.70374953508102,11.0,0.0,770.3342101802784,778.5800170898438,774.6575363658991,0.9913230908724541,0.05391342425901679,0.019290493942989033,parity (regression),57,-0.037695442927934794,-0.6697599010732189,0.16448756516774488,XSP261016C00746000,2026-08-18T08:43:39+00:00
2026-10-16,0.16164383561643836,59,C,747.0,36.43,5.0,mid,1.908541201747685,1.0,0.0,770.3342101802784,778.5800170898438,774.6575363658991,0.9913230908724541,0.05391342425901679,0.019290493942989033,parity (regression),57,-0.03635585799887832,-0.6459586084002747,0.16347396827877872,XSP261016C00747000,2026-08-18T08:43:39+00:00
2026-10-16,0.16164383561643836,59,C,748.0,36.099999999999994,1.3999999999999986,mid,15.908518053599538,1.0,0.0,770.3342101802784,778.5800170898438,774.6575363658991,0.9913230908724541,0.05391342425901679,0.019290493942989033,parity (regression),57,-0.03501806515721836,-0.6221891569310458,0.16688418276459632,XSP261016C00748000,2026-08-18T08:43:39+00:00
2026-10-16,0.16164383561643836,59,C,749.0,34.83,5.0,mid,8.42790462767361,8.0,0.0,770.3342101802784,778.5800170898438,774.6575363658991,0.9913230908724541,0.05391342425901679,0.019290493942989033,parity (regression),57,-0.0336820596144761,-0.5984514615854576,0.161311631510709,XSP261016C00749000,2026-08-18T08:43:39+00:00
2026-10-16,0.16164383561643836,59,C,750.0,34.504999999999995,0.9299999999999997,mid,1.7758328684143516,6.0,0.0,770.3342101802784,778.5800170898438,774.6575363658991,0.9913230908724541,0.05391342425901679,0.019290493942989033,parity (regression),57,-0.032347836601339434,-0.5747454376239828,0.16459667385661417,XSP261016C00750000,2026-08-18T08:43:39+00:00
2026-10-16,0.16164383561643836,59,C,751.0,33.29,5.0,mid,4.6992935165625,9.0,0.0,770.3342101802784,778.5800170898438,774.6575363658991,0.9913230908724541,0.05391342425901679,0.019290493942989033,parity (regression),57,-0.031015391367560905,-0.5510710006458289,0.15952624682498584,XSP261016C00751000,2026-08-18T08:43:39+00:00
2026-10-16,0.16164383561643836,59,C,752.0,32.97,1.3999999999999986,mid,18.69014999804398,5.0,0.0,770.3342101802784,778.5800170898438,774.6575363658991,0.9913230908724541,0.05391342425901679,0.019290493942989033,parity (regression),57,-0.029684719181855803,-0.5274280665871267,0.1626820784757479,XSP261016C00752000,2026-08-18T08:43:39+00:00
2026-10-16,0.16164383561643836,59,C,753.0,32.19,1.3800000000000026,mid,20.40972175730324,12.0,0.0,770.3342101802784,778.5800170898438,774.6575363658991,0.9913230908724541,0.05391342425901679,0.019290493942989033,parity (regression),57,-0.028355815331802026,-0.5038165517191516,0.1615385144005796,XSP261016C00753000,2026-08-18T08:43:39+00:00
2026-10-16,0.16164383561643836,59,C,754.0,30.97,5.0,mid,1.8484138869328701,4.0,0.0,770.3342101802784,778.5800170898438,774.6575363658991,0.9913230908724541,0.05391342425901679,0.019290493942989033,parity (regression),57,-0.02702867512373951,-0.4802363726465366,0.15638391149310416,XSP261016C00754000,2026-08-18T08:43:39+00:00
2026-10-16,0.16164383561643836,59,C,755.0,30.22,5.0,mid,1.8484138869328701,4.0,0.0,770.3342101802784,778.5800170898438,774.6575363658991,0.9913230908724541,0.05391342425901679,0.019290493942989033,parity (regression),57,-0.025703293882670855,-0.4566874463055065,0.155446977703931,XSP261016C00755000,2026-08-18T08:43:39+00:00
2026-10-16,0.16164383561643836,59,C,756.0,29.49,5.0,mid,8.34517314619213,8.0,0.0,770.3342101802784,778.5800170898438,774.6575363658991,0.9913230908724541,0.05391342425901679,0.019290493942989033,parity (regression),57,-0.024379666952162652,-0.43316968996212474,0.1546348853553476,XSP261016C00756000,2026-08-18T08:43:39+00:00
2026-10-16,0.16164383561643836,59,C,757.0,28.73,5.0,mid,18.69014999804398,5.0,0.0,770.3342101802784,778.5800170898438,774.6575363658991,0.9913230908724541,0.05391342425901679,0.019290493942989033,parity (regression),57,-0.023057789694246853,-0.4096830212105413,0.1535029251398348,XSP261016C00757000,2026-08-18T08:43:39+00:00
2026-10-16,0.16164383561643836,59,C,758.0,28.0,5.0,mid,12.881284257303241,2.0,0.0,770.3342101802784,778.5800170898438,774.6575363658991,0.9913230908724541,0.05391342425901679,0.019290493942989033,parity (regression),57,-0.02173765748932395,-0.386227357971272,0.15258179025591495,XSP261016C00758000,2026-08-18T08:43:39+00:00
2026-10-16,0.16164383561643836,59,C,759.0,27.29,5.0,mid,5.7317935165625,4.0,0.0,770.3342101802784,778.5800170898438,774.6575363658991,0.9913230908724541,0.05391342425901679,0.019290493942989033,parity (regression),57,-0.02041926573606566,-0.36280261848946965,0.1517786357953094,XSP261016C00759000,2026-08-18T08:43:39+00:00
2026-10-16,0.16164383561643836,59,C,760.0,26.55,5.0,mid,1.8484138869328701,5.0,0.0,770.3342101802784,778.5800170898438,774.6575363658991,0.9913230908724541,0.05391342425901679,0.019290493942989033,parity (regression),57,-0.0191026098513188,-0.3394087213332162,0.15065880135060336,XSP261016C00760000,2026-08-18T08:43:39+00:00
2026-10-16,0.16164383561643836,59,C,761.0,26.28,1.3200000000000003,mid,12.808402312858798,1.0,0.0,770.3342101802784,778.5800170898438,774.6575363658991,0.9913230908724541,0.05391342425901679,0.019290493942989033,parity (regression),57,-0.017787685270009818,-0.31604558539182626,0.15350371734937948,XSP261016C00761000,2026-08-18T08:43:39+00:00
2026-10-16,0.16164383561643836,59,C,762.0,25.15,5.0,mid,12.808170831377316,2.0,0.0,770.3342101802784,778.5800170898438,774.6575363658991,0.9913230908724541,0.05391342425901679,0.019290493942989033,parity (regression),57,-0.016474487445049358,-0.29271312987415155,0.14893503826424112,XSP261016C00762000,2026-08-18T08:43:39+00:00
2026-10-16,0.16164383561643836,59,C,763.0,24.855,1.3100000000000023,mid,1.7698490721180553,1.0,0.0,770.3342101802784,778.5800170898438,774.6575363658991,0.9913230908724541,0.05391342425901679,0.019290493942989033,parity (regression),57,-0.015163011847238603,-0.26941127430691697,0.15140523894787852,XSP261016C00763000,2026-08-18T08:43:39+00:00
2026-10-16,0.16164383561643836,59,C,764.0,23.77,5.0,mid,12.881284257303241,3.0,0.0,770.3342101802784,778.5800170898438,774.6575363658991,0.9913230908724541,0.05391342425901679,0.019290493942989033,parity (regression),57,-0.013853253965175095,-0.24613993853304697,0.1471406599088955,XSP261016C00764000,2026-08-18T08:43:39+00:00
2026-10-16,0.16164383561643836,59,C,765.0,23.395,0.509999999999998,mid,4.768934720266204,1.0,0.0,770.3342101802784,778.5800170898438,774.6575363658991,0.9913230908724541,0.05391342425901679,0.019290493942989033,parity (regression),57,-0.012545209305159727,-0.22289904271001326,0.1487847254681091,XSP261016C00765000,2026-08-18T08:43:39+00:00
2026-10-16,0.16164383561643836,59,C,767.0,22.055,0.490000000000002,mid,14.792406942488427,3.0,0.0,770.3342101802784,778.5800170898438,774.6575363658991,0.9913230908724541,0.05391342425901679,0.019290493942989033,parity (regression),57,-0.009934241764439446,-0.1765082531092288,0.14692849160273366,XSP261016C00767000,2026-08-18T08:43:39+00:00
2026-10-16,0.16164383561643836,59,C,768.0,21.4,0.4800000000000004,mid,14.769328238784723,,0.0,770.3342101802784,778.5800170898438,774.6575363658991,0.9913230908724541,0.05391342425901679,0.019290493942989033,parity (regression),57,-0.008631309984023445,-0.15335820120441665,0.14602964739096863,XSP261016C00768000,2026-08-18T08:43:39+00:00
2026-10-16,0.16164383561643836,59,C,769.0,20.759999999999998,0.4599999999999973,mid,14.675242590636575,,0.0,770.3342101802784,778.5800170898438,774.6575363658991,0.9913230908724541,0.05391342425901679,0.019290493942989033,parity (regression),57,-0.007330073626051614,-0.130238272993088,0.14518937340113167,XSP261016C00769000,2026-08-18T08:43:39+00:00
2026-10-16,0.16164383561643836,59,C,770.0,20.115000000000002,0.48999999999999844,mid,4.908170831377315,1.0,0.0,770.3342101802784,778.5800170898438,774.6575363658991,0.9913230908724541,0.05391342425901679,0.019290493942989033,parity (regression),57,-0.006030528283966033,-0.10714839018100968,0.14424202135508765,XSP261016C00770000,2026-08-18T08:43:39+00:00
2026-10-16,0.16164383561643836,59,C,771.0,19.505000000000003,0.41000000000000014,mid,14.872696294340278,2.0,0.0,770.3342101802784,778.5800170898438,774.6575363658991,0.9913230908724541,0.05391342425901679,0.019290493942989033,parity (regression),57,-0.004732669568366167,-0.08408847477879516,0.1435139974506733,XSP261016C00771000,2026-08-18T08:43:39+00:00
2026-10-16,0.16164383561643836,59,C,772.0,18.78,0.41999999999999815,mid,1.908541201747685,1.0,0.0,770.3342101802784,778.5800170898438,774.6575363658991,0.9913230908724541,0.05391342425901679,0.019290493942989033,parity (regression),57,-0.003436493106919464,-0.061058449100316145,0.14177989104446795,XSP261016C00772000,2026-08-18T08:43:39+00:00
2026-10-16,0.16164383561643836,59,C,773.0,18.174999999999997,0.41000000000000014,mid,5.6935643498958335,57.0,0.0,770.3342101802784,778.5800170898438,774.6575363658991,0.9913230908724541,0.05391342425901679,0.019290493942989033,parity (regression),57,-0.002141994544273651,-0.038058235761144116,0.1409559934908597,XSP261016C00773000,2026-08-18T08:43:39+00:00
2026-10-16,0.16164383561643836,59,C,774.0,17.675,0.39000000000000057,mid,5.832349072118055,1.0,0.0,770.3342101802784,778.5800170898438,774.6575363658991,0.9913230908724541,0.05391342425901679,0.019290493942989033,parity (regression),57,-0.0008491695419684749,-0.0150877576769823,0.14091447875013052,XSP261016C00774000,2026-08-18T08:43:39+00:00
2026-10-16,0.16164383561643836,59,C,775.0,17.075000000000003,0.4499999999999993,mid,1.6887263869328701,16.0,0.0,770.3342101802784,778.5800170898438,774.6575363658991,0.9913230908724541,0.05391342425901679,0.019290493942989033,parity (regression),57,0.00044198622165131536,0.007853061937880483,0.13998778267193765,XSP261016C00775000,2026-08-18T08:43:39+00:00
2026-10-16,0.16164383561643836,59,C,776.0,16.505,0.39000000000000057,mid,5.878899998043981,1.0,0.0,770.3342101802784,778.5800170898438,774.6575363658991,0.9913230908724541,0.05391342425901679,0.019290493942989033,parity (regression),57,0.0017314770515232034,0.030764299572119767,0.13923195168099362,XSP261016C00776000,2026-08-18T08:43:39+00:00
2026-10-16,0.16164383561643836,59,C,777.0,15.93,0.4399999999999977,mid,4.640439349895834,2.0,0.0,770.3342101802784,778.5800170898438,774.6575363658991,0.9913230908724541,0.05391342425901679,0.019290493942989033,parity (regression),57,0.0030193072359518047,0.0536460314188839,0.13836159929202982,XSP261016C00777000,2026-08-18T08:43:39+00:00
2026-10-16,0.16164383561643836,59,C,778.0,15.370000000000001,0.4399999999999995,mid,1.8893282387847221,1.0,0.0,770.3342101802784,778.5800170898438,774.6575363658991,0.9913230908724541,0.05391342425901679,0.019290493942989033,parity (regression),57,0.004305481046696098,0.07649833337734394,0.1375379758889671,XSP261016C00778000,2026-08-18T08:43:39+00:00
2026-10-16,0.16164383561643836,59,C,779.0,14.82,0.4399999999999995,mid,1.792441664710648,1.0,0.0,770.3342101802784,778.5800170898438,774.6575363658991,0.9913230908724541,0.05391342425901679,0.019290493942989033,parity (regression),57,0.005590002739052672,0.09932128105417275,0.13671939005539044,XSP261016C00779000,2026-08-18T08:43:39+00:00
2026-10-16,0.16164383561643836,59,C,780.0,14.29,0.4399999999999995,mid,4.681376849895834,5.0,0.0,770.3342101802784,778.5800170898438,774.6575363658991,0.9913230908724541,0.05391342425901679,0.019290493942989033,parity (regression),57,0.00687287655194174,0.12211494976507332,0.13598635644964838,XSP261016C00780000,2026-08-18T08:43:39+00:00
2026-10-16,0.16164383561643836,59,C,781.0,13.760000000000002,0.41999999999999993,mid,1.8748606461921296,2.0,0.0,770.3342101802784,778.5800170898438,774.6575363658991,0.9913230908724541,0.05391342425901679,0.019290493942989033,parity (regression),57,0.008154106707990416,0.1448794145362583,0.13517489728941542,XSP261016C00781000,2026-08-18T08:43:39+00:00
2026-10-16,0.16164383561643836,59,C,782.0,13.260000000000002,0.40000000000000036,mid,1.792441664710648,2.0,0.0,770.3342101802784,778.5800170898438,774.6575363658991,0.9913230908724541,0.05391342425901679,0.019290493942989033,parity (regression),57,0.009433697413615444,0.16761475010592003,0.13452956316872172,XSP261016C00782000,2026-08-18T08:43:39+00:00
2026-10-16,0.16164383561643836,59,C,783.0,12.760000000000002,0.40000000000000036,mid,4.72861064619213,1.0,0.0,770.3342101802784,778.5800170898438,774.6575363658991,0.9913230908724541,0.05391342425901679,0.019290493942989033,parity (regression),57,0.010711652859107594,0.1903210309257299,0.13380412827657456,XSP261016C00783000,2026-08-18T08:43:39+00:00
2026-10-16,0.16164383561643836,59,C,784.0,12.27,0.40000000000000036,mid,13.67957129434028,,0.0,770.3342101802784,778.5800170898438,774.6575363658991,0.9913230908724541,0.05391342425901679,0.019290493942989033,parity (regression),57,0.011987977218712254,0.21299833116227046,0.13307960217511144,XSP261016C00784000,2026-08-18T08:43:39+00:00
2026-10-16,0.16164383561643836,59,C,785.0,11.775,0.4299999999999997,mid,1.3100342573032406,5.0,0.0,770.3342101802784,778.5800170898438,774.6575363658991,0.9913230908724541,0.05391342425901679,0.019290493942989033,parity (regression),57,0.01326267465071275,0.23564672469851566,0.1322303818787024,XSP261016C00785000,2026-08-18T08:43:39+00:00
2026-10-16,0.16164383561643836,59,C,786.0,11.305,0.4299999999999997,mid,4.903182405451389,1.0,0.0,770.3342101802784,778.5800170898438,774.6575363658991,0.9913230908724541,0.05391342425901679,0.019290493942989033,parity (regression),57,0.014535749297510994,0.2582662851352639,0.13150465474747017,XSP261016C00786000,2026-08-18T08:43:39+00:00
2026-10-16,0.16164383561643836,59,C,787.0,10.865,0.39000000000000057,mid,13.67957129434028,2.0,0.0,770.3342101802784,778.5800170898438,774.6575363658991,0.9913230908724541,0.05391342425901679,0.019290493942989033,parity (regression),57,0.015807205285707587,0.2808570857925612,0.1309461192440764,XSP261016C00787000,2026-08-18T08:43:39+00:00
2026-10-16,0.16164383561643836,59,C,788.0,10.41,0.41999999999999993,mid,5.702684720266204,5.0,0.0,770.3342101802784,778.5800170898438,774.6575363658991,0.9913230908724541,0.05391342425901679,0.019290493942989033,parity (regression),57,0.017077046726183615,0.30341919971115455,0.13017570692125144,XSP261016C00788000,2026-08-18T08:43:39+00:00
2026-10-16,0.16164383561643836,59,C,789.0,9.91,0.3999999999999986,mid,18.88505740545139,1.0,0.0,770.3342101802784,778.5800170898438,774.6575363658991,0.9913230908724541,0.05391342425901679,0.019290493942989033,parity (regression),57,0.018345277714178647,0.3259526996538777,0.1289308724493557,XSP261016C00789000,2026-08-18T08:43:39+00:00
2026-10-16,0.16164383561643836,59,C,790.0,9.55,0.41999999999999993,mid,1.7481592573032405,7.0,0.0,770.3342101802784,778.5800170898438,774.6575363658991,0.9913230908724541,0.05391342425901679,0.019290493942989033,parity (regression),57,0.019611902329371496,0.3484576581070863,0.12879696911436628,XSP261016C00790000,2026-08-18T08:43:39+00:00
2026-10-16,0.16164383561643836,59,C,791.0,9.155000000000001,0.3899999999999988,mid,14.840717127673612,2.0,0.0,770.3342101802784,778.5800170898438,774.6575363658991,0.9913230908724541,0.05391342425901679,0.019290493942989033,parity (regression),57,0.02087692463595832,0.3709341472820451,0.12827779464200734,XSP261016C00791000,2026-08-18T08:43:39+00:00
2026-10-16,0.16164383561643836,59,C,792.0,8.76,0.379999999999999,mid,1.8236106461921295,2.0,0.0,770.3342101802784,778.5800170898438,774.6575363658991,0.9913230908724541,0.05391342425901679,0.019290493942989033,parity (regression),57,0.022140348682730213,0.3933822391163073,0.12767064656766758,XSP261016C00792000,2026-08-18T08:43:39+00:00
2026-10-16,0.16164383561643836,59,C,793.0,8.375,0.370000000000001,mid,1.8263768498958333,5.0,0.0,770.3342101802784,778.5800170898438,774.6575363658991,0.9913230908724541,0.05391342425901679,0.019290493942989033,parity (regression),57,0.023402178503152474,0.41580200527512223,0.12706173118759265,XSP261016C00793000,2026-08-18T08:43:39+00:00
2026-10-16,0.16164383561643836,59,C,794.0,7.99,0.39999999999999947,mid,1.8236106461921295,1.0,0.0,770.3342101802784,778.5800170898438,774.6575363658991,0.9913230908724541,0.05391342425901679,0.019290493942989033,parity (regression),57,0.024662418115440125,0.4381935171527775,0.12636066678893368,XSP261016C00794000,2026-08-18T08:43:39+00:00
2026-10-16,0.16164383561643836,59,C,795.0,7.635,0.3899999999999997,mid,1.880867590636574,68.0,0.0,770.3342101802784,778.5800170898438,774.6575363658991,0.9913230908724541,0.05391342425901679,0.019290493942989033,parity (regression),57,0.025921071522636216,0.4605568458739904,0.12583809285178635,XSP261016C00795000,2026-08-18T08:43:39+00:00
2026-10-16,0.16164383561643836,59,C,796.0,7.29,0.35999999999999943,mid,32.63249953508102,2.0,0.0,770.3342101802784,778.5800170898438,774.6575363658991,0.9913230908724541,0.05391342425901679,0.019290493942989033,parity (regression),57,0.02717814271268746,0.48289206229525133,0.1253159318755479,XSP261016C00796000,2026-08-18T08:43:39+00:00
2026-10-16,0.16164383561643836,59,C,797.0,6.945,0.3899999999999997,mid,6.899710183229166,1.0,0.0,770.3342101802784,778.5800170898438,774.6575363658991,0.9913230908724541,0.05391342425901679,0.019290493942989033,parity (regression),57,0.028433635658519398,0.5051992370061599,0.1247004918681175,XSP261016C00797000,2026-08-18T08:43:39+00:00
2026-10-16,0.16164383561643836,59,C,798.0,6.615,0.3899999999999997,mid,8.734154627673611,1.0,0.0,770.3342101802784,778.5800170898438,774.6575363658991,0.9913230908724541,0.05391342425901679,0.019290493942989033,parity (regression),57,0.029687554318113252,0.5274784403307898,0.12413104693479085,XSP261016C00798000,2026-08-18T08:43:39+00:00
2026-10-16,0.16164383561643836,59,C,799.0,6.300000000000001,0.3799999999999999,mid,1.6566314795254629,5.0,0.0,770.3342101802784,778.5800170898438,774.6575363658991,0.9913230908724541,0.05391342425901679,0.019290493942989033,parity (regression),57,0.030939902634579068,0.549729742328989,0.12361016452490908,XSP261016C00799000,2026-08-18T08:43:39+00:00
2026-10-16,0.16164383561643836,59,C,800.0,5.994999999999999,0.3700000000000001,mid,1.3100342573032406,12.0,0.0,770.3342101802784,778.5800170898438,774.6575363658991,0.9913230908724541,0.05391342425901679,0.019290493942989033,parity (regression),57,0.03219068453623161,0.5719532127977276,0.1230914642845332,XSP261016C00800000,2026-08-18T08:43:39+00:00
2026-10-16,0.16164383561643836,59,C,805.0,4.630000000000001,0.2999999999999998,mid,1.6391430535995368,3.0,0.0,770.3342101802784,778.5800170898438,774.6575363658991,0.9913230908724541,0.05391342425901679,0.019290493942989033,parity (regression),57,0.03842123428686768,0.6826555168559546,0.12067225776417201,XSP261016C00805000,2026-08-18T08:43:39+00:00
2026-10-16,0.16164383561643836,59,C,810.0,3.5300000000000002,0.30000000000000027,mid,1.6391430535995368,15.0,0.0,770.3342101802784,778.5800170898438,774.6575363658991,0.9913230908724541,0.05391342425901679,0.019290493942989033,parity (regression),57,0.04461320453478876,0.7926723533373383,0.1187150431865857,XSP261016C00810000,2026-08-18T08:43:39+00:00
2026-10-16,0.16164383561643836,59,C,815.0,2.66,0.33999999999999986,mid,1.3100342573032406,5.0,0.0,770.3342101802784,778.5800170898438,774.6575363658991,0.9913230908724541,0.05391342425901679,0.019290493942989033,parity (regression),57,0.05076707010916702,0.9020121588462713,0.11716776605222554,XSP261016C00815000,2026-08-18T08:43:39+00:00
2026-10-16,0.16164383561643836,59,C,820.0,1.975,0.30999999999999983,mid,1.736654627673611,2.0,0.0,770.3342101802784,778.5800170898438,774.6575363658991,0.9913230908724541,0.05391342425901679,0.019290493942989033,parity (regression),57,0.0568832971266031,1.0106832151851168,0.11583682485771088,XSP261016C00820000,2026-08-18T08:43:39+00:00
2026-10-16,0.16164383561643836,59,C,825.0,1.455,0.29000000000000004,mid,1.6391430535995368,12.0,0.0,770.3342101802784,778.5800170898438,774.6575363658991,0.9913230908724541,0.05391342425901679,0.019290493942989033,parity (regression),57,0.06296234320298529,1.1186936531184517,0.11489022660355883,XSP261016C00825000,2026-08-18T08:43:39+00:00
2026-10-16,0.16164383561643836,59,C,830.0,1.05,0.2599999999999999,mid,1.6739925906365738,9.0,0.0,770.3342101802784,778.5800170898438,774.6575363658991,0.9913230908724541,0.05391342425901679,0.019290493942989033,parity (regression),57,0.06900465765894791,1.226051456023582,0.11389988076901884,XSP261016C00830000,2026-08-18T08:43:39+00:00
2026-10-16,0.16164383561643836,59,C,835.0,0.76,0.24,mid,1.6475342573032405,11.0,0.0,770.3342101802784,778.5800170898438,774.6575363658991,0.9913230908724541,0.05391342425901679,0.019290493942989033,parity (regression),57,0.07501068171915978,1.3327644634314315,0.11344221934571973,XSP261016C00835000,2026-08-18T08:43:39+00:00
2026-11-20,0.25753424657534246,94,C,675.0,105.925,2.569999999999993,mid,125.6436685165625,1.0,2.0,770.3342101802784,778.5800170898438,777.1515296827712,0.9856423215773389,0.056154656730167306,0.021942156867668886,parity (regression),14,-0.14092265937814996,-1.8381840533133231,0.2389575521616692,XSP261120C00675000,2026-08-18T08:43:39+00:00
2026-11-20,0.25753424657534246,94,C,710.0,74.19,5.0,mid,50.72812453508102,3.0,0.0,770.3342101802784,778.5800170898438,777.1515296827712,0.9856423215773389,0.056154656730167306,0.021942156867668886,parity (regression),14,-0.09037038021531874,-1.1787841113465194,0.20411517611929725,XSP261120C00710000,2026-08-18T08:43:39+00:00
2026-11-20,0.25753424657534246,94,C,715.0,69.82,5.0,mid,13.758564349895835,2.0,0.0,770.3342101802784,778.5800170898438,777.1515296827712,0.9856423215773389,0.056154656730167306,0.021942156867668886,parity (regression),14,-0.08335280755667214,-1.0872474471151328,0.19937871796511059,XSP261120C00715000,2026-08-18T08:43:39+00:00
2026-11-20,0.25753424657534246,94,C,720.0,65.92,1.1200000000000045,mid,7.886469442488425,2.0,0.0,770.3342101802784,778.5800170898438,777.1515296827712,0.9856423215773389,0.056154656730167306,0.021942156867668886,parity (regression),14,-0.07638413824057876,-0.9963486742266412,0.19843500001932793,XSP261120C00720000,2026-08-18T08:43:39+00:00
2026-11-20,0.25753424657534246,94,C,730.0,57.07,5.0,mid,15.74119166471065,3.0,0.0,770.3342101802784,778.5800170898438,777.1515296827712,0.9856423215773389,0.056154656730167306,0.021942156867668886,parity (regression),14,-0.06259081610824296,-0.8164296683140647,0.18557734901256284,XSP261120C00730000,2026-08-18T08:43:39+00:00
2026-11-20,0.25753424657534246,94,C,735.0,52.96,5.0,mid,8.67841388693287,15.0,0.0,770.3342101802784,778.5800170898438,777.1515296827712,0.9856423215773389,0.056154656730167306,0.021942156867668886,parity (regression),14,-0.055764851037843066,-0.7273923183502566,0.18109245998575593,XSP261120C00735000,2026-08-18T08:43:39+00:00
2026-11-20,0.25753424657534246,94,C,740.0,48.94,5.0,mid,1.6720134239699072,2.0,0.0,770.3342101802784,778.5800170898438,777.1515296827712,0.9856423215773389,0.056154656730167306,0.021942156867668886,parity (regression),14,-0.04898516405246438,-0.6389586160771695,0.1767212417649473,XSP261120C00740000,2026-08-18T08:43:39+00:00
2026-11-20,0.25753424657534246,94,C,745.0,45.01,5.0,mid,13.869339812858797,3.0,0.0,770.3342101802784,778.5800170898438,777.1515296827712,0.9856423215773389,0.056154656730167306,0.021942156867668886,parity (regression),14,-0.04225113187112026,-0.5511204314667764,0.17239319451025412,XSP261120C00745000,2026-08-18T08:43:39+00:00
2026-11-20,0.25753424657534246,94,C,750.0,41.18,5.0,mid,1.7798374980439813,2.0,0.0,770.3342101802784,778.5800170898438,777.1515296827712,0.9856423215773389,0.056154656730167306,0.021942156867668886,parity (regression),14,-0.03556214372032361,-0.46386979763788766,0.16811384075613534,XSP261120C00750000,2026-08-18T08:43:39+00:00
2026-11-20,0.25753424657534246,94,C,755.0,37.48,5.0,mid,4.655022683229167,5.0,0.0,770.3342101802784,778.5800170898438,777.1515296827712,0.9856423215773389,0.056154656730167306,0.021942156867668886,parity (regression),14,-0.028917601001655104,-0.3771989065199376,0.16402197069051686,XSP261120C00755000,2026-08-18T08:43:39+00:00
2026-11-20,0.25753424657534246,94,C,760.0,34.27,1.0,mid,1.7719092573032407,4.0,0.0,770.3342101802784,778.5800170898438,777.1515296827712,0.9856423215773389,0.056154656730167306,0.021942156867668886,parity (regression),14,-0.022316916970303004,-0.2911001046598828,0.16247244954957726,XSP261120C00760000,2026-08-18T08:43:39+00:00
2026-11-20,0.25753424657534246,94,C,765.0,30.82,0.6199999999999974,mid,5.747210183229167,1.0,0.0,770.3342101802784,778.5800170898438,777.1515296827712,0.9856423215773389,0.056154656730167306,0.021942156867668886,parity (regression),14,-0.015759516424144002,-0.20556588916659724,0.15839385909163226,XSP261120C00765000,2026-08-18T08:43:39+00:00
2026-11-20,0.25753424657534246,94,C,770.0,27.545,0.5899999999999999,mid,4.891550461006944,10.0,0.0,770.3342101802784,778.5800170898438,777.1515296827712,0.9856423215773389,0.056154656730167306,0.021942156867668886,parity (regression),14,-0.009244835402950267,-0.1205889037873529,0.15457684608743294,XSP261120C00770000,2026-08-18T08:43:39+00:00
2026-11-20,0.25753424657534246,94,C,775.0,24.465,0.490000000000002,mid,1.6846060165624999,15.0,0.0,770.3342101802784,778.5800170898438,777.1515296827712,0.9856423215773389,0.056154656730167306,0.021942156867668886,parity (regression),14,-0.0027723208973327645,-0.03616193511129914,0.15106864765772623,XSP261120C00775000,2026-08-18T08:43:39+00:00
2026-11-20,0.25753424657534246,94,C,780.0,21.555,0.490000000000002,mid,1.7719092573032407,10.0,0.0,770.3342101802784,778.5800170898438,777.1515296827712,0.9856423215773389,0.056154656730167306,0.021942156867668886,parity (regression),14,0.00365856943295759,0.0477220911049947,0.14763371591326185,XSP261120C00780000,2026-08-18T08:43:39+00:00
2026-11-20,0.25753424657534246,94,C,785.0,18.84,0.5399999999999991,mid,1.883078238784722,1.0,0.0,770.3342101802784,778.5800170898438,777.1515296827712,0.9856423215773389,0.056154656730167306,0.021942156867668886,parity (regression),14,0.010048367531728641,0.13107011349459982,0.1443698408916074,XSP261120C00785000,2026-08-18T08:43:39+00:00
2026-11-20,0.25753424657534246,94,C,790.0,16.34,0.5200000000000031,mid,4.664108331377315,7.0,0.0,770.3342101802784,778.5800170898438,777.1515296827712,0.9856423215773389,0.056154656730167306,0.021942156867668886,parity (regression),14,0.016397595210387427,0.21388893852435045,0.14135365122863322,XSP261120C00790000,2026-08-18T08:43:39+00:00
2026-11-20,0.25753424657534246,94,C,795.0,14.015,0.41000000000000014,mid,1.8624995350810183,2.0,0.0,770.3342101802784,778.5800170898438,777.1515296827712,0.9856423215773389,0.056154656730167306,0.021942156867668886,parity (regression),14,0.022706764403652185,0.2961852438303312,0.1382801933982918,XSP261120C00795000,2026-08-18T08:43:39+00:00
2026-11-20,0.25753424657534246,94,C,800.0,11.96,0.40000000000000036,mid,1.6631129610069442,1.0,0.0,770.3342101802784,778.5800170898438,777.1515296827712,0.9856423215773389,0.056154656730167306,0.021942156867668886,parity (regression),14,0.028976377417247404,0.3779655814487917,0.13576413662349437,XSP261120C00800000,2026-08-18T08:43:39+00:00
2026-11-20,0.25753424657534246,94,C,805.0,10.129999999999999,0.3800000000000008,mid,5.668818979525463,11.0,0.0,770.3342101802784,778.5800170898438,777.1515296827712,0.9856423215773389,0.056154656730167306,0.021942156867668886,parity (regression),14,0.03520692716788352,0.459236380946423,0.13352234066862562,XSP261120C00805000,2026-08-18T08:43:39+00:00
2026-11-20,0.25753424657534246,94,C,810.0,8.52,0.46000000000000085,mid,1.302430090636574,2.0,0.0,770.3342101802784,778.5800170898438,777.1515296827712,0.9856423215773389,0.056154656730167306,0.021942156867668886,parity (regression),14,0.04139889741580464,0.5400039524536913,0.13156118020867816,XSP261120C00810000,2026-08-18T08:43:39+00:00
2026-11-20,0.25753424657534246,94,C,815.0,7.095000000000001,0.4500000000000002,mid,4.875277312858796,2.0,0.0,770.3342101802784,778.5800170898438,777.1515296827712,0.9856423215773389,0.056154656730167306,0.021942156867668886,parity (regression),14,0.047552762990182934,0.6202744896048653,0.1296742970276576,XSP261120C00815000,2026-08-18T08:43:39+00:00
2026-11-20,0.25753424657534246,94,C,820.0,5.83,0.40000000000000036,mid,1.7285643498958332,2.0,0.0,770.3342101802784,778.5800170898438,777.1515296827712,0.9856423215773389,0.056154656730167306,0.021942156867668886,parity (regression),14,0.05366899000761906,0.7000540723881177,0.12770731949543251,XSP261120C00820000,2026-08-18T08:43:39+00:00
2026-11-20,0.25753424657534246,94,C,825.0,4.779999999999999,0.3799999999999999,mid,1.302430090636574,4.0,0.0,770.3342101802784,778.5800170898438,777.1515296827712,0.9856423215773389,0.056154656730167306,0.021942156867668886,parity (regression),14,0.05974803608400128,0.7793486699089995,0.12624205025961618,XSP261120C00825000,2026-08-18T08:43:39+00:00
2026-11-20,0.25753424657534246,94,C,830.0,3.8949999999999996,0.4099999999999997,mid,1.8970481461921294,1.0,0.0,770.3342101802784,778.5800170898438,777.1515296827712,0.9856423215773389,0.056154656730167306,0.021942156867668886,parity (regression),14,0.06579035053996374,0.8581641430704212,0.12500096130649882,XSP261120C00830000,2026-08-18T08:43:39+00:00
2026-11-20,0.25753424657534246,94,C,835.0,3.13,0.3799999999999999,mid,1.8041777758217592,1.0,0.0,770.3342101802784,778.5800170898438,777.1515296827712,0.9856423215773389,0.056154656730167306,0.021942156867668886,parity (regression),14,0.07179637460017564,0.9365062471721654,0.1236543010841243,XSP261120C00835000,2026-08-18T08:43:39+00:00
2026-11-20,0.25753424657534246,94,C,840.0,2.525,0.3700000000000001,mid,1.1592240721180556,17.0,0.0,770.3342101802784,778.5800170898438,777.1515296827712,0.9856423215773389,0.056154656730167306,0.021942156867668886,parity (regression),14,0.0777665415866795,1.0143806344327753,0.12285717041393884,XSP261120C00840000,2026-08-18T08:43:39+00:00
2026-11-20,0.25753424657534246,94,C,845.0,2.015,0.34999999999999987,mid,27.901365275821757,1.0,0.0,770.3342101802784,778.5800170898438,777.1515296827712,0.9856423215773389,0.056154656730167306,0.021942156867668886,parity (regression),14,0.08370127710649408,1.0917928564366326,0.12202588977572555,XSP261120C00845000,2026-08-18T08:43:39+00:00
2026-11-20,0.25753424657534246,94,C,850.0,1.595,0.31000000000000005,mid,1.8113999980439812,1.0,0.0,770.3342101802784,778.5800170898438,777.1515296827712,0.9856423215773389,0.056154656730167306,0.021942156867668886,parity (regression),14,0.08960099923368241,1.168748366508839,0.12125622757684162,XSP261120C00850000,2026-08-18T08:43:39+00:00
2026-11-20,0.25753424657534246,94,C,855.0,1.255,0.2899999999999998,mid,4.707464812858796,3.0,0.0,770.3342101802784,778.5800170898438,777.1515296827712,0.9856423215773389,0.056154656730167306,0.021942156867668886,parity (regression),14,0.09546611868608053,1.2452525220204516,0.12059808588489282,XSP261120C00855000,2026-08-18T08:43:39+00:00
2026-11-20,0.25753424657534246,94,C,860.0,0.9949999999999999,0.2699999999999999,mid,12.817383794340278,2.0,0.0,770.3342101802784,778.5800170898438,777.1515296827712,0.9856423215773389,0.056154656730167306,0.021942156867668886,parity (regression),14,0.10129703899687356,1.3213105866265074,0.12035970884769752,XSP261120C00860000,2026-08-18T08:43:39+00:00
2026-11-20,0.25753424657534246,94,C,865.0,0.79,0.26,mid,1.635092127673611,3.0,0.0,770.3342101802784,778.5800170898438,777.1515296827712,0.9856423215773389,0.056154656730167306,0.021942156867668886,parity (regression),14,0.1070941566811995,1.3969277324391902,0.12031767840737002,XSP261120C00865000,2026-08-18T08:43:39+00:00
2027-01-15,0.410958904109589,150,C,630.0,154.935,0.7300000000000182,mid,14.795300461006946,1.0,0.0,770.3342101802784,778.5800170898438,782.1777667228844,0.9811547619047583,0.04629434315000969,0.009167569989362225,parity (regression),8,-0.2163622185007787,-2.171890254978545,0.2650771673872241,XSP270115C00630000,2026-08-18T08:43:39+00:00
2027-01-15,0.410958904109589,150,C,640.0,145.69,0.9200000000000159,mid,22.84296249804398,1.0,0.0,770.3342101802784,778.5800170898438,782.1777667228844,0.9811547619047583,0.04629434315000969,0.009167569989362225,parity (regression),8,-0.20061386153263952,-2.0138048772816903,0.25721842309377435,XSP270115C00640000,2026-08-18T08:43:39+00:00
2027-01-15,0.410958904109589,150,C,650.0,136.57,0.9399999999999977,mid,4.88829814619213,1.0,0.0,770.3342101802784,778.5800170898438,782.1777667228844,0.9811547619047583,0.04629434315000969,0.009167569989362225,parity (regression),8,-0.18510967499667427,-1.8581705346401571,0.25005338634562496,XSP270115C00650000,2026-08-18T08:43:39+00:00
2027-01-15,0.410958904109589,150,C,655.0,131.735,1.3099999999999739,mid,4.800346757303241,1.0,0.0,770.3342101802784,778.5800170898438,782.1777667228844,0.9811547619047583,0.04629434315000969,0.009167569989362225,parity (regression),8,-0.1774468022511052,-1.7812489780182823,0.24324877869379893,XSP270115C00655000,2026-08-18T08:43:39+00:00
2027-01-15,0.410958904109589,150,C,660.0,127.44,0.7000000000000028,mid,1.9077310165624999,1.0,0.0,770.3342101802784,778.5800170898438,782.1777667228844,0.9811547619047583,0.04629434315000969,0.009167569989362225,parity (regression),8,-0.16984220286588594,-1.7049123818592162,0.24197406736284538,XSP270115C00660000,2026-08-18T08:43:39+00:00
2027-01-15,0.410958904109589,150,C,665.0,122.945,0.9100000000000108,mid,12.631631479525463,2.0,0.0,770.3342101802784,778.5800170898438,782.1777667228844,0.9811547619047583,0.04629434315000969,0.009167569989362225,parity (regression),8,-0.16229499723050297,-1.6291519164443709,0.23834157429275882,XSP270115C00665000,2026-08-18T08:43:39+00:00
2027-01-15,0.410958904109589,150,C,670.0,118.39,0.6599999999999966,mid,12.750636109155094,1.0,0.0,770.3342101802784,778.5800170898438,782.1777667228844,0.9811547619047583,0.04629434315000969,0.009167569989362225,parity (regression),8,-0.15480432550134543,-1.5539589504795577,0.23392181765749306,XSP270115C00670000,2026-08-18T08:43:39+00:00
2027-01-15,0.410958904109589,150,C,675.0,113.975,0.8900000000000006,mid,29.669305090636573,1.0,0.0,770.3342101802784,778.5800170898438,782.1777667228844,0.9811547619047583,0.04629434315000969,0.009167569989362225,parity (regression),8,-0.14736934701382728,-1.4793250451937432,0.23059634912579585,XSP270115C00675000,2026-08-18T08:43:39+00:00
2027-01-15,0.410958904109589,150,C,680.0,109.47,0.6400000000000006,mid,15.683112961006945,1.0,0.0,770.3342101802784,778.5800170898438,782.1777667228844,0.9811547619047583,0.04629434315000969,0.009167569989362225,parity (regression),8,-0.13998923971620478,-1.4052419486555892,0.22622699940999935,XSP270115C00680000,2026-08-18T08:43:39+00:00
2027-01-15,0.410958904109589,150,C,685.0,105.05000000000001,0.6400000000000006,mid,8.750358331377313,1.0,0.0,770.3342101802784,778.5800170898438,782.1777667228844,0.9811547619047583,0.04629434315000969,0.009167569989362225,parity (regression),8,-0.13266319962413178,-1.331701590298161,0.2223806919366724,XSP270115C00685000,2026-08-18T08:43:39+00:00
2027-01-15,0.410958904109589,150,C,690.0,100.66499999999999,0.6300000000000097,mid,19.743934720266203,3.0,0.0,770.3342101802784,778.5800170898438,782.1777667228844,0.9811547619047583,0.04629434315000969,0.009167569989362225,parity (regression),8,-0.12539044029505209,-1.2586960756427654,0.21858142686041987,XSP270115C00690000,2026-08-18T08:43:39+00:00
2027-01-15,0.410958904109589,150,C,695.0,96.34,0.6400000000000006,mid,5.871411572118055,1.0,0.0,770.3342101802784,778.5800170898438,782.1777667228844,0.9811547619047583,0.04629434315000969,0.009167569989362225,parity (regression),8,-0.11817019232156495,-1.1862176812132461,0.21500289521064464,XSP270115C00695000,2026-08-18T08:43:39+00:00
2027-01-15,0.410958904109589,150,C,700.0,92.32,0.8599999999999994,mid,5.6869324054513894,3.0,0.0,770.3342101802784,778.5800170898438,782.1777667228844,0.9811547619047583,0.04629434315000969,0.009167569989362225,parity (regression),8,-0.11100170284295247,-1.1142588496325898,0.21344706078157363,XSP270115C00700000,2026-08-18T08:43:39+00:00
2027-01-15,0.410958904109589,150,C,705.0,87.91,0.5999999999999943,mid,5.908541201747686,1.0,0.0,770.3342101802784,778.5800170898438,782.1777667228844,0.9811547619047583,0.04629434315000969,0.009167569989362225,parity (regression),8,-0.10388423507408841,-1.0428121848940135,0.20863745349393634,XSP270115C00705000,2026-08-18T08:43:39+00:00
2027-01-15,0.410958904109589,150,C,710.0,83.66499999999999,0.5899999999999892,mid,14.908541201747687,1.0,0.0,770.3342101802784,778.5800170898438,782.1777667228844,0.9811547619047583,0.04629434315000969,0.009167569989362225,parity (regression),8,-0.09681706785099602,-0.9718704477991754,0.20477407595925398,XSP270115C00710000,2026-08-18T08:43:39+00:00
2027-01-15,0.410958904109589,150,C,715.0,79.16499999999999,1.0700000000000074,mid,5.908541201747686,1.0,0.0,770.3342101802784,778.5800170898438,782.1777667228844,0.9811547619047583,0.04629434315000969,0.009167569989362225,parity (regression),8,-0.08979949519234941,-0.9014265515564328,0.19888290735361921,XSP270115C00715000,2026-08-18T08:43:39+00:00
2027-01-15,0.410958904109589,150,C,720.0,75.435,0.8299999999999983,mid,6.823170831377315,1.0,0.0,770.3342101802784,778.5800170898438,782.1777667228844,0.9811547619047583,0.04629434315000969,0.009167569989362225,parity (regression),8,-0.08283082587625612,-0.8314735575324945,0.19790770777088504,XSP270115C00720000,2026-08-18T08:43:39+00:00
2027-01-15,0.410958904109589,150,C,730.0,66.88,1.019999999999996,mid,6.823170831377315,1.0,0.0,770.3342101802784,778.5800170898438,782.1777667228844,0.9811547619047583,0.04629434315000969,0.009167569989362225,parity (regression),8,-0.06903750374392029,-0.6930132379324149,0.1877043665567805,XSP270115C00730000,2026-08-18T08:43:39+00:00
2027-01-15,0.410958904109589,150,C,740.0,59.004999999999995,1.009999999999998,mid,5.70892314619213,2.0,0.0,770.3342101802784,778.5800170898438,782.1777667228844,0.9811547619047583,0.04629434315000969,0.009167569989362225,parity (regression),8,-0.05543185168814165,-0.556436790725815,0.18042675727362212,XSP270115C00740000,2026-08-18T08:43:39+00:00
2027-01-15,0.410958904109589,150,C,750.0,51.46,0.9399999999999977,mid,1.6567819424884258,1.0,0.0,770.3342101802784,778.5800170898438,782.1777667228844,0.9811547619047583,0.04629434315000969,0.009167569989362225,parity (regression),8,-0.042008831356000954,-0.4216936398477872,0.1734566585698274,XSP270115C00750000,2026-08-18T08:43:39+00:00
2027-01-15,0.410958904109589,150,C,760.0,44.5,0.4200000000000017,mid,4.669687035081019,1.0,0.0,770.3342101802784,778.5800170898438,782.1777667228844,0.9811547619047583,0.04629434315000969,0.009167569989362225,parity (regression),8,-0.02876360460598031,-0.28873521899831966,0.1678890545304672,XSP270115C00760000,2026-08-18T08:43:39+00:00
2027-01-15,0.410958904109589,150,C,770.0,37.785,0.3300000000000054,mid,1.9077310165624999,2.0,0.0,770.3342101802784,778.5800170898438,782.1777667228844,0.9811547619047583,0.04629434315000969,0.009167569989362225,parity (regression),8,-0.01569152303862753,-0.15751486654886468,0.16157344336985446,XSP270115C00770000,2026-08-18T08:43:39+00:00
2027-01-15,0.410958904109589,150,C,780.0,31.525,0.2099999999999973,mid,5.6902310165625005,137.0,0.0,770.3342101802784,778.5800170898438,782.1777667228844,0.9811547619047583,0.04629434315000969,0.009167569989362225,parity (regression),8,-0.002788118202719746,-0.027987727229712787,0.15539761600920535,XSP270115C00780000,2026-08-18T08:43:39+00:00
2027-01-15,0.410958904109589,150,C,790.0,25.905,0.21000000000000085,mid,1.6956476832291665,1.0,0.0,770.3342101802784,778.5800170898438,782.1777667228844,0.9811547619047583,0.04629434315000969,0.009167569989362225,parity (regression),8,0.009950907574710021,0.09988933992016308,0.1500413829865695,XSP270115C00790000,2026-08-18T08:43:39+00:00
2027-01-15,0.410958904109589,150,C,800.0,20.884999999999998,0.2099999999999973,mid,1.6567819424884258,9.0,0.0,770.3342101802784,778.5800170898438,782.1777667228844,0.9811547619047583,0.04629434315000969,0.009167569989362225,parity (regression),8,0.02252968978157026,0.22615784781346213,0.14507738064507486,XSP270115C00800000,2026-08-18T08:43:39+00:00
2027-01-15,0.410958904109589,150,C,810.0,16.595,0.16999999999999815,mid,1.8011337943402776,7.0,0.0,770.3342101802784,778.5800170898438,782.1777667228844,0.9811547619047583,0.04629434315000969,0.009167569989362225,parity (regression),8,0.034952209780127315,0.35085776221670184,0.14105329990149007,XSP270115C00810000,2026-08-18T08:43:39+00:00
2027-01-15,0.410958904109589,150,C,820.0,12.934999999999999,0.1899999999999995,mid,4.8715041647106485,3.0,0.0,770.3342101802784,778.5800170898438,782.1777667228844,0.9811547619047583,0.04629434315000969,0.009167569989362225,parity (regression),8,0.04722230237194178,0.47402757768866866,0.1374407569005246,XSP270115C00820000,2026-08-18T08:43:39+00:00
2027-01-15,0.410958904109589,150,C,830.0,9.9,0.17999999999999972,mid,1.8289347202662036,4.0,0.0,770.3342101802784,778.5800170898438,782.1777667228844,0.9811547619047583,0.04629434315000969,0.009167569989362225,parity (regression),8,0.059343662904286484,0.5957043889161624,0.1343177758846231,XSP270115C00830000,2026-08-18T08:43:39+00:00
2027-01-15,0.410958904109589,150,C,840.0,7.47,0.16000000000000014,mid,5.630971757303241,3.0,0.0,770.3342101802784,778.5800170898438,782.1777667228844,0.9811547619047583,0.04629434315000969,0.009167569989362225,parity (regression),8,0.07131985395100209,0.7159239577778549,0.13183992065414415,XSP270115C00840000,2026-08-18T08:43:39+00:00
2027-01-15,0.410958904109589,150,C,850.0,5.535,0.15000000000000036,mid,1.6567819424884258,3.0,0.0,770.3342101802784,778.5800170898438,782.1777667228844,0.9811547619047583,0.04629434315000969,0.009167569989362225,parity (regression),8,0.08315431159800504,0.8347207764395638,0.12967718585200314,XSP270115C00850000,2026-08-18T08:43:39+00:00
2027-01-15,0.410958904109589,150,C,860.0,3.915,0.33000000000000007,mid,7.769999535081018,8.0,0.0,770.3342101802784,778.5800170898438,782.1777667228844,0.9811547619047583,0.04629434315000969,0.009167569989362225,parity (regression),8,0.09485035136119623,0.9521281267594861,0.12671266469945844,XSP270115C00860000,2026-08-18T08:43:39+00:00
2027-01-15,0.410958904109589,150,C,870.0,2.9,0.1200000000000001,mid,18.882221757303242,2.0,0.0,770.3342101802784,778.5800170898438,782.1777667228844,0.9811547619047583,0.04629434315000969,0.009167569989362225,parity (regression),8,0.10641117376227231,1.068178136259386,0.12638596354980317,XSP270115C00870000,2026-08-18T08:43:39+00:00
2027-01-15,0.410958904109589,150,C,880.0,2.0549999999999997,0.10999999999999988,mid,1.7998837943402777,8.0,0.0,770.3342101802784,778.5800170898438,782.1777667228844,0.9811547619047583,0.04629434315000969,0.009167569989362225,parity (regression),8,0.11783986958589499,1.182901830897185,0.12517721766240703,XSP270115C00880000,2026-08-18T08:43:39+00:00
2027-01-15,0.410958904109589,150,C,890.0,1.4449999999999998,0.13000000000000012,mid,1.8959717573032406,4.0,0.0,770.3342101802784,778.5800170898438,782.1777667228844,0.9811547619047583,0.04629434315000969,0.009167569989362225,parity (regression),8,0.12913942483982846,1.2963291848578833,0.1243360149804856,XSP270115C00890000,2026-08-18T08:43:39+00:00
2027-01-15,0.410958904109589,150,C,900.0,1.03,0.10000000000000009,mid,5.853575923969908,2.0,0.0,770.3342101802784,778.5800170898438,782.1777667228844,0.9811547619047583,0.04629434315000969,0.009167569989362225,parity (regression),8,0.1403127254379536,1.4084891675626574,0.12425292546895565,XSP270115C00900000,2026-08-18T08:43:39+00:00
2027-01-15,0.410958904109589,150,C,910.0,0.72,0.12,mid,4.683124535081019,2.0,0.0,770.3342101802784,778.5800170898438,782.1777667228844,0.9811547619047583,0.04629434315000969,0.009167569989362225,parity (regression),8,0.15136256162453868,1.5194097880806388,0.12402403279066582,XSP270115C00910000,2026-08-18T08:43:39+00:00
2027-01-15,0.410958904109589,150,C,915.0,0.62,0.10000000000000009,mid,27.827233331377315,5.0,0.0,770.3342101802784,778.5800170898438,782.1777667228844,0.9811547619047583,0.04629434315000969,0.009167569989362225,parity (regression),8,0.15684202738916422,1.5744138381367994,0.124601805945959,XSP270115C00915000,2026-08-18T08:43:39+00:00
2027-01-15,0.410958904109589,150,C,920.0,0.5349999999999999,0.08999999999999997,mid,12.666828238784722,2.0,0.0,770.3342101802784,778.5800170898438,782.1777667228844,0.9811547619047583,0.04629434315000969,0.009167569989362225,parity (regression),8,0.16229163215672884,1.6291181371136358,0.12522892876858324,XSP270115C00920000,2026-08-18T08:43:39+00:00
2027-01-15,0.410958904109589,150,C,925.0,0.455,0.10999999999999999,mid,1.8613884239699072,1.0,0.0,770.3342101802784,778.5800170898438,782.1777667228844,0.9811547619047583,0.04629434315000969,0.009167569989362225,parity (regression),8,0.167711699626068,1.6835259343693363,0.1255882587701672,XSP270115C00925000,2026-08-18T08:43:39+00:00
2027-01-15,0.410958904109589,150,C,930.0,0.39,0.09999999999999998,mid,15.677464812858798,7.0,0.0,770.3342101802784,778.5800170898438,782.1777667228844,0.9811547619047583,0.04629434315000969,0.009167569989362225,parity (regression),8,0.17310254826094457,1.73764042671131,0.12610938294203644,XSP270115C00930000,2026-08-18T08:43:39+00:00
2027-03-19,0.5835616438356165,213,C,645.0,147.935,0.9499999999999886,mid,29.770844442488425,1.0,0.0,770.3342101802784,778.5800170898438,786.8340979996327,0.9730357142857107,0.04684079639039098,0.010524216138703024,parity (regression),8,-0.1987671063495228,-1.6181644875799812,0.24799682859748745,XSP270319C00645000,2026-08-18T08:43:39+00:00
2027-03-19,0.5835616438356165,213,C,650.0,143.57,0.9799999999999898,mid,11.860948609155091,4.0,0.0,770.3342101802784,778.5800170898438,786.8340979996327,0.9730357142857107,0.04684079639039098,0.010524216138703024,parity (regression),8,-0.1910450602556124,-1.5552992530343384,0.2452088764088374,XSP270319C00650000,2026-08-18T08:43:39+00:00
2027-03-19,0.5835616438356165,213,C,655.0,139.11,0.9400000000000261,mid,18.638899998043982,2.0,0.0,770.3342101802784,778.5800170898438,786.8340979996327,0.9730357142857107,0.04684079639039098,0.010524216138703024,parity (regression),8,-0.18338218751004334,-1.4929157491565896,0.24150253426629903,XSP270319C00655000,2026-08-18T08:43:39+00:00
2027-03-19,0.5835616438356165,213,C,660.0,134.73000000000002,0.9199999999999875,mid,55.71788147952547,4.0,0.0,770.3342101802784,778.5800170898438,786.8340979996327,0.9730357142857107,0.04684079639039098,0.010524216138703024,parity (regression),8,-0.1757775881248241,-1.4310066491378184,0.23826404718214667,XSP270319C00660000,2026-08-18T08:43:39+00:00
2027-03-19,0.5835616438356165,213,C,665.0,130.375,0.910000000000025,mid,49.868564349895834,1.0,0.0,770.3342101802784,778.5800170898438,786.8340979996327,0.9730357142857107,0.04684079639039098,0.010524216138703024,parity (regression),8,-0.1682303824894411,-1.3695647920623075,0.23504363370280268,XSP270319C00665000,2026-08-18T08:43:39+00:00
2027-03-19,0.5835616438356165,213,C,667.0,128.695,0.9499999999999886,mid,13.725867590636575,8.0,0.0,770.3342101802784,778.5800170898438,786.8340979996327,0.9730357142857107,0.04684079639039098,0.010524216138703024,parity (regression),8,-0.16522737722967157,-1.3451173039611826,0.2341522583205276,XSP270319C00667000,2026-08-18T08:43:39+00:00
2027-03-19,0.5835616438356165,213,C,670.0,126.05,0.9000000000000057,mid,22.847800461006944,1.0,0.0,770.3342101802784,778.5800170898438,786.8340979996327,0.9730357142857107,0.04684079639039098,0.010524216138703024,parity (regression),8,-0.16073971076028357,-1.3085831779368413,0.23186600905026145,XSP270319C00670000,2026-08-18T08:43:39+00:00
2027-03-19,0.5835616438356165,213,C,671.0,125.235,0.9300000000000068,mid,14.670856016562501,4.0,0.0,770.3342101802784,778.5800170898438,786.8340979996327,0.9730357142857107,0.04684079639039098,0.010524216138703024,parity (regression),8,-0.15924828617361353,-1.296441479310866,0.2315588483183877,XSP270319C00671000,2026-08-18T08:43:39+00:00
2027-03-19,0.5835616438356165,213,C,675.0,121.795,0.9099999999999966,mid,12.883529627673612,1.0,0.0,770.3342101802784,778.5800170898438,786.8340979996327,0.9730357142857107,0.04684079639039098,0.010524216138703024,parity (regression),8,-0.15330473227276542,-1.2480549629047877,0.22899106062641758,XSP270319C00675000,2026-08-18T08:43:39+00:00
2027-03-19,0.5835616438356165,213,C,690.0,108.89,1.0999999999999943,mid,22.846886109155093,1.0,0.0,770.3342101802784,778.5800170898438,786.8340979996327,0.9730357142857107,0.04684079639039098,0.010524216138703024,parity (regression),8,-0.13132582555399022,-1.0691245202307629,0.21833446674322265,XSP270319C00690000,2026-08-18T08:43:39+00:00
2027-03-19,0.5835616438356165,213,C,698.0,102.38,0.7199999999999989,mid,13.725867590636575,8.0,0.0,770.3342101802784,778.5800170898438,786.8340979996327,0.9730357142857107,0.04684079639039098,0.010524216138703024,parity (regression),8,-0.11979832038292279,-0.9752790151026923,0.2142675964041718,XSP270319C00698000,2026-08-18T08:43:39+00:00
2027-03-19,0.5835616438356165,213,C,700.0,100.56,1.0600000000000023,mid,1.813865275821759,1.0,0.0,770.3342101802784,778.5800170898438,786.8340979996327,0.9730357142857107,0.04684079639039098,0.010524216138703024,parity (regression),8,-0.11693708810189062,-0.9519857018733786,0.21201843687130706,XSP270319C00700000,2026-08-18T08:43:39+00:00
2027-03-19,0.5835616438356165,213,C,705.0,96.45,1.039999999999992,mid,7.697487961006944,1.0,0.0,770.3342101802784,778.5800170898438,786.8340979996327,0.9730357142857107,0.04684079639039098,0.010524216138703024,parity (regression),8,-0.10981962033302656,-0.8940423439577162,0.20887192248031922,XSP270319C00705000,2026-08-18T08:43:39+00:00
2027-03-19,0.5835616438356165,213,C,708.0,94.175,0.6899999999999977,mid,15.893633794340278,3.0,0.0,770.3342101802784,778.5800170898438,786.8340979996327,0.9730357142857107,0.04684079639039098,0.010524216138703024,parity (regression),8,-0.10557332945157549,-0.8594732583856994,0.20796169526163427,XSP270319C00708000,2026-08-18T08:43:39+00:00
2027-03-19,0.5835616438356165,213,C,710.0,92.385,1.0300000000000011,mid,1.721180090636574,1.0,0.0,770.3342101802784,778.5800170898438,786.8340979996327,0.9730357142857107,0.04684079639039098,0.010524216138703024,parity (regression),8,-0.10275245310993417,-0.8365084831583949,0.20576335673042004,XSP270319C00710000,2026-08-18T08:43:39+00:00
2027-03-19,0.5835616438356165,213,C,711.0,91.805,0.6900000000000119,mid,15.819849072118057,,0.0,770.3342101802784,778.5800170898438,786.8340979996327,0.9730357142857107,0.04684079639039098,0.010524216138703024,parity (regression),8,-0.1013449933420544,-0.8250503427451833,0.2064119403253501,XSP270319C00711000,2026-08-18T08:43:39+00:00
2027-03-19,0.5835616438356165,213,C,715.0,88.36500000000001,1.0100000000000051,mid,14.889004164710649,3.0,0.0,770.3342101802784,778.5800170898438,786.8340979996327,0.9730357142857107,0.04684079639039098,0.010524216138703024,parity (regression),8,-0.09573488045128767,-0.7793783720762034,0.20267747413514317,XSP270319C00715000,2026-08-18T08:43:39+00:00
2027-03-19,0.5835616438356165,213,C,720.0,84.57499999999999,0.6099999999999994,mid,14.677187035081019,12.0,0.0,770.3342101802784,778.5800170898438,786.8340979996327,0.9730357142857107,0.04684079639039098,0.010524216138703024,parity (regression),8,-0.08876621113519427,-0.722646383468584,0.20058375978928342,XSP270319C00720000,2026-08-18T08:43:39+00:00
2027-03-19,0.5835616438356165,213,C,722.0,82.975,0.6499999999999915,mid,55.796318979525466,2.0,0.0,770.3342101802784,778.5800170898438,786.8340979996327,0.9730357142857107,0.04684079639039098,0.010524216138703024,parity (regression),8,-0.08599228425246906,-0.7000638241346656,0.19922329374318137,XSP270319C00722000,2026-08-18T08:43:39+00:00
2027-03-19,0.5835616438356165,213,C,723.0,82.185,0.6500000000000057,mid,6.652152312858796,4.0,0.0,770.3342101802784,778.5800170898438,786.8340979996327,0.9730357142857107,0.04684079639039098,0.010524216138703024,parity (regression),8,-0.08460820098653062,-0.6887959919972044,0.19858163394333084,XSP270319C00723000,2026-08-18T08:43:39+00:00
2027-03-19,0.5835616438356165,213,C,725.0,80.68,0.6000000000000085,mid,13.880381479525465,3.0,0.0,770.3342101802784,778.5800170898438,786.8340979996327,0.9730357142857107,0.04684079639039098,0.010524216138703024,parity (regression),8,-0.08184576829062054,-0.6663070069234311,0.1976583653982548,XSP270319C00725000,2026-08-18T08:43:39+00:00
2027-03-19,0.5835616438356165,213,C,729.0,77.56,0.6400000000000006,mid,33.83197870174768,,0.0,770.3342101802784,778.5800170898438,786.8340979996327,0.9730357142857107,0.04684079639039098,0.010524216138703024,parity (regression),8,-0.0763436911366371,-0.6215145559891948,0.19511472965431995,XSP270319C00729000,2026-08-18T08:43:39+00:00
2027-03-19,0.5835616438356165,213,C,730.0,76.805,0.5899999999999892,mid,1.7440620350810183,1.0,0.0,770.3342101802784,778.5800170898438,786.8340979996327,0.9730357142857107,0.04684079639039098,0.010524216138703024,parity (regression),8,-0.07497288900285844,-0.6103548456471882,0.19458043814995032,XSP270319C00730000,2026-08-18T08:43:39+00:00
2027-03-19,0.5835616438356165,213,C,735.0,72.97999999999999,0.5799999999999983,mid,14.83624953508102,3.0,0.0,770.3342101802784,778.5800170898438,786.8340979996327,0.9730357142857107,0.04684079639039098,0.010524216138703024,parity (regression),8,-0.06814692393245864,-0.5547846133625803,0.191494851566973,XSP270319C00735000,2026-08-18T08:43:39+00:00
2027-03-19,0.5835616438356165,213,C,740.0,69.22,0.5799999999999983,mid,11.821075923969907,5.0,0.0,770.3342101802784,778.5800170898438,786.8340979996327,0.9730357142857107,0.04684079639039098,0.010524216138703024,parity (regression),8,-0.06136723694707981,-0.4995911313114968,0.18846027530685366,XSP270319C00740000,2026-08-18T08:43:39+00:00
2027-03-19,0.5835616438356165,213,C,750.0,61.855000000000004,0.5500000000000043,mid,15.721573609155094,91.0,0.0,770.3342101802784,778.5800170898438,786.8340979996327,0.9730357142857107,0.04684079639039098,0.010524216138703024,parity (regression),8,-0.04794421661493911,-0.3903142231930109,0.18228550120726006,XSP270319C00750000,2026-08-18T08:43:39+00:00
2027-03-19,0.5835616438356165,213,C,760.0,54.825,0.509999999999998,mid,5.873425461006945,4.0,0.0,770.3342101802784,778.5800170898438,786.8340979996327,0.9730357142857107,0.04684079639039098,0.010524216138703024,parity (regression),8,-0.03469898986491846,-0.2824847339457359,0.17645661281530703,XSP270319C00760000,2026-08-18T08:43:39+00:00
2027-03-19,0.5835616438356165,213,C,770.0,48.165,0.4099999999999966,mid,1.8347564795254627,10.0,0.0,770.3342101802784,778.5800170898438,786.8340979996327,0.9730357142857107,0.04684079639039098,0.010524216138703024,parity (regression),8,-0.021626908297565795,-0.17606482091524306,0.1709659303123021,XSP270319C00770000,2026-08-18T08:43:39+00:00
2027-03-19,0.5835616438356165,213,C,780.0,41.84,0.3200000000000003,mid,1.8347564795254627,10.0,0.0,770.3342101802784,778.5800170898438,786.8340979996327,0.9730357142857107,0.04684079639039098,0.010524216138703024,parity (regression),8,-0.008723503461657898,-0.07101810640696957,0.1655061405097995,XSP270319C00780000,2026-08-18T08:43:39+00:00
2027-03-19,0.5835616438356165,213,C,790.0,36.05,0.240000000000002,mid,13.73531203508102,4.0,0.0,770.3342101802784,778.5800170898438,786.8340979996327,0.9730357142857107,0.04684079639039098,0.010524216138703024,parity (regression),8,0.004015522315771868,0.03269039696659329,0.1607971992398402,XSP270319C00790000,2026-08-18T08:43:39+00:00
2027-03-19,0.5835616438356165,213,C,800.0,30.665,0.1700000000000017,mid,1.7444208313773146,10.0,0.0,770.3342101802784,778.5800170898438,786.8340979996327,0.9730357142857107,0.04684079639039098,0.010524216138703024,parity (regression),8,0.016594304522632105,0.13509435624319344,0.15614596536689493,XSP270319C00800000,2026-08-18T08:43:39+00:00
2027-03-19,0.5835616438356165,213,C,810.0,25.84,0.17999999999999972,mid,1.647765738784722,195.0,0.0,770.3342101802784,778.5800170898438,786.8340979996327,0.9730357142857107,0.04684079639039098,0.010524216138703024,parity (regression),8,0.029016824521189158,0.2362261837225816,0.15211827971812755,XSP270319C00810000,2026-08-18T08:43:39+00:00
2027-03-19,0.5835616438356165,213,C,820.0,21.314999999999998,0.48999999999999844,mid,1.647765738784722,203.0,0.0,770.3342101802784,778.5800170898438,786.8340979996327,0.9730357142857107,0.04684079639039098,0.010524216138703024,parity (regression),8,0.04128691711300362,0.33611709855271565,0.14749723369432705,XSP270319C00820000,2026-08-18T08:43:39+00:00
2027-03-19,0.5835616438356165,213,C,830.0,17.695,0.23000000000000043,mid,1.7444208313773146,14.0,0.0,770.3342101802784,778.5800170898438,786.8340979996327,0.9730357142857107,0.04684079639039098,0.010524216138703024,parity (regression),8,0.053408277645348334,0.434797184583162,0.14498300145607917,XSP270319C00830000,2026-08-18T08:43:39+00:00
2027-07-16,0.9095890410958904,332,C,630.0,173.97,1.1999999999999886,mid,11.679004164710648,5.0,0.0,770.3342101802784,778.5800170898438,796.7661734034681,0.957975219383713,0.047200841740267466,0.01011069342938141,parity (regression),24,-0.23484143292575704,-1.4280313883774134,0.2525250437788471,XSP270716C00630000,2026-08-18T08:43:39+00:00
2027-07-16,0.9095890410958904,332,C,650.0,157.015,1.1099999999999852,mid,11.679004164710648,5.0,0.0,770.3342101802784,778.5800170898438,796.7661734034681,0.957975219383713,0.047200841740267466,0.01011069342938141,parity (regression),24,-0.20358888942165268,-1.237989910029762,0.24184181822163858,XSP270716C00650000,2026-08-18T08:43:39+00:00
2027-07-16,0.9095890410958904,332,C,660.0,148.755,1.1100000000000136,mid,15.673193979525465,2.0,0.0,770.3342101802784,778.5800170898438,796.7661734034681,0.957975219383713,0.047200841740267466,0.01011069342938141,parity (regression),24,-0.18832141729086416,-1.1451509712091321,0.23703910524397226,XSP270716C00660000,2026-08-18T08:43:39+00:00
2027-07-16,0.9095890410958904,332,C,670.0,140.505,1.0500000000000114,mid,14.640335183229167,,0.0,770.3342101802784,778.5800170898438,796.7661734034681,0.957975219383713,0.047200841740267466,0.01011069342938141,parity (regression),24,-0.17328353992632367,-1.053708159676284,0.23179000099695282,XSP270716C00670000,2026-08-18T08:43:39+00:00
2027-07-16,0.9095890410958904,332,C,680.0,132.43,0.9799999999999898,mid,8.724825923969908,,0.0,770.3342101802784,778.5800170898438,796.7661734034681,0.957975219383713,0.047200841740267466,0.01011069342938141,parity (regression),24,-0.15846845414118307,-0.9636201063923764,0.22692693763639418,XSP270716C00680000,2026-08-18T08:43:39+00:00
2027-07-16,0.9095890410958904,332,C,700.0,116.64500000000001,0.9299999999999926,mid,19.804675461006944,1.0,0.0,770.3342101802784,778.5800170898438,796.7661734034681,0.957975219383713,0.047200841740267466,0.01011069342938141,parity (regression),24,-0.1294809172679307,-0.7873517536956922,0.2172952576799439,XSP270716C00700000,2026-08-18T08:43:39+00:00
2027-07-16,0.9095890410958904,332,C,710.0,108.945,0.9100000000000108,mid,40.8008560165625,2.0,0.0,770.3342101802784,778.5800170898438,796.7661734034681,0.957975219383713,0.047200841740267466,0.01011069342938141,parity (regression),24,-0.11529628227597431,-0.7010973660059607,0.21248096908456993,XSP270716C00710000,2026-08-18T08:43:39+00:00
2027-07-16,0.9095890410958904,332,C,712.0,107.345,0.9300000000000068,mid,47.65889999804398,,0.0,770.3342101802784,778.5800170898438,796.7661734034681,0.957975219383713,0.047200841740267466,0.01011069342938141,parity (regression),24,-0.11248334089935962,-0.6839923410134532,0.21119003722463292,XSP270716C00712000,2026-08-18T08:43:39+00:00
2027-07-16,0.9095890410958904,332,C,714.0,105.83000000000001,0.9200000000000017,mid,40.8930898128588,,0.0,770.3342101802784,778.5800170898438,796.7661734034681,0.957975219383713,0.047200841740267466,0.01011069342938141,parity (regression),24,-0.10967828997175108,-0.6669352965187173,0.210240502660733,XSP270716C00714000,2026-08-18T08:43:39+00:00
2027-07-16,0.9095890410958904,332,C,720.0,101.36,0.8799999999999955,mid,29.6367935165625,,0.0,770.3342101802784,778.5800170898438,796.7661734034681,0.957975219383713,0.047200841740267466,0.01011069342938141,parity (regression),24,-0.10131004030123446,-0.6160493729983366,0.20755440199608027,XSP270716C00720000,2026-08-18T08:43:39+00:00
2027-07-16,0.9095890410958904,332,C,735.0,90.26,0.8400000000000034,mid,50.85644629434028,8.0,0.0,770.3342101802784,778.5800170898438,796.7661734034681,0.957975219383713,0.047200841740267466,0.01011069342938141,parity (regression),24,-0.08069075309849877,-0.49066694382203346,0.20012196126269252,XSP270716C00735000,2026-08-18T08:43:39+00:00
2027-07-16,0.9095890410958904,332,C,736.0,89.515,0.8700000000000045,mid,50.85385370174769,,0.0,770.3342101802784,778.5800170898438,796.7661734034681,0.957975219383713,0.047200841740267466,0.01011069342938141,parity (regression),24,-0.07933113358245925,-0.48239932545092273,0.19955523900634636,XSP270716C00736000,2026-08-18T08:43:39+00:00
2027-07-16,0.9095890410958904,332,C,738.0,88.125,0.8899999999999864,mid,20.750555090636574,9.0,0.0,770.3342101802784,778.5800170898438,796.7661734034681,0.957975219383713,0.047200841740267466,0.01011069342938141,parity (regression),24,-0.07661742771086294,-0.4658977349301021,0.19879300762869653,XSP270716C00738000,2026-08-18T08:43:39+00:00
2027-07-16,0.9095890410958904,332,C,740.0,86.69,0.8400000000000034,mid,26.7608560165625,2.0,0.0,770.3342101802784,778.5800170898438,796.7661734034681,0.957975219383713,0.047200841740267466,0.01011069342938141,parity (regression),24,-0.07391106611311997,-0.4494408037075013,0.19782640389299164,XSP270716C00740000,2026-08-18T08:43:39+00:00
2027-07-16,0.9095890410958904,332,C,741.0,85.925,0.8499999999999943,mid,19.833460183229167,1.0,0.0,770.3342101802784,778.5800170898438,796.7661734034681,0.957975219383713,0.047200841740267466,0.01011069342938141,parity (regression),24,-0.07256062701524855,-0.44122900992040526,0.19714921962934145,XSP270716C00741000,2026-08-18T08:43:39+00:00
2027-07-16,0.9095890410958904,332,C,744.0,83.78999999999999,0.8399999999999892,mid,42.859930090636574,,0.0,770.3342101802784,778.5800170898438,796.7661734034681,0.957975219383713,0.047200841740267466,0.01011069342938141,parity (regression),24,-0.06852021747824358,-0.4166599567986478,0.19569547647083677,XSP270716C00744000,2026-08-18T08:43:39+00:00
2027-07-16,0.9095890410958904,332,C,745.0,83.095,0.8100000000000023,mid,5.687707868414352,2.0,0.0,770.3342101802784,778.5800170898438,796.7661734034681,0.957975219383713,0.047200841740267466,0.01011069342938141,parity (regression),24,-0.06717703393177596,-0.4084922828034281,0.19526045397413555,XSP270716C00745000,2026-08-18T08:43:39+00:00
2027-07-16,0.9095890410958904,332,C,747.0,81.72,0.8599999999999994,mid,39.77703657211806,,0.0,770.3342101802784,778.5800170898438,796.7661734034681,0.957975219383713,0.047200841740267466,0.01011069342938141,parity (regression),24,-0.06449606717851813,-0.39218977337333616,0.1944251545336483,XSP270716C00747000,2026-08-18T08:43:39+00:00
2027-07-16,0.9095890410958904,332,C,748.0,80.975,0.8299999999999983,mid,32.86474490545139,1.0,0.0,770.3342101802784,778.5800170898438,796.7661734034681,0.957975219383713,0.047200841740267466,0.01011069342938141,parity (regression),24,-0.06315827433685824,-0.3840548793504364,0.19377864979961007,XSP270716C00748000,2026-08-18T08:43:39+00:00
2027-07-16,0.9095890410958904,332,C,749.0,80.28,0.8199999999999932,mid,11.883633794340277,1.0,0.0,770.3342101802784,778.5800170898438,796.7661734034681,0.957975219383713,0.047200841740267466,0.01011069342938141,parity (regression),24,-0.06182226879411592,-0.3759308535926589,0.1933145008546265,XSP270716C00749000,2026-08-18T08:43:39+00:00
2027-07-16,0.9095890410958904,332,C,750.0,79.645,0.8100000000000023,mid,12.658031942488426,1.0,0.0,770.3342101802784,778.5800170898438,796.7661734034681,0.957975219383713,0.047200841740267466,0.01011069342938141,parity (regression),24,-0.060488045780979306,-0.3678176670986175,0.19306871166280692,XSP270716C00750000,2026-08-18T08:43:39+00:00
2027-07-16,0.9095890410958904,332,C,751.0,78.91499999999999,0.8500000000000085,mid,8.655821294340278,6.0,0.0,770.3342101802784,778.5800170898438,796.7661734034681,0.957975219383713,0.047200841740267466,0.01011069342938141,parity (regression),24,-0.059155600547200725,-0.3597152909828525,0.19245792419287008,XSP270716C00751000,2026-08-18T08:43:39+00:00
2027-07-16,0.9095890410958904,332,C,752.0,78.235,0.8499999999999943,mid,33.83464073878472,,0.0,770.3342101802784,778.5800170898438,796.7661734034681,0.957975219383713,0.047200841740267466,0.01011069342938141,parity (regression),24,-0.05782492836149557,-0.35162369647521513,0.1920275771412149,XSP270716C00752000,2026-08-18T08:43:39+00:00
2027-07-16,0.9095890410958904,332,C,753.0,77.5,0.8199999999999932,mid,33.835740275821756,,0.0,770.3342101802784,778.5800170898438,796.7661734034681,0.957975219383713,0.047200841740267466,0.01011069342938141,parity (regression),24,-0.05649602451144185,-0.34354285492025727,0.1913843715557063,XSP270716C00753000,2026-08-18T08:43:39+00:00
2027-07-16,0.9095890410958904,332,C,754.0,76.815,0.8100000000000023,mid,33.74739536841435,,0.0,770.3342101802784,778.5800170898438,796.7661734034681,0.957975219383713,0.047200841740267466,0.01011069342938141,parity (regression),24,-0.05516888430337939,-0.3354727377766182,0.19092068693695438,XSP270716C00754000,2026-08-18T08:43:39+00:00
2027-07-16,0.9095890410958904,332,C,755.0,76.14,0.7800000000000011,mid,34.680184720266205,2.0,0.0,770.3342101802784,778.5800170898438,796.7661734034681,0.957975219383713,0.047200841740267466,0.01011069342938141,parity (regression),24,-0.053843503062310685,-0.32741331661642165,0.19048657541808178,XSP270716C00755000,2026-08-18T08:43:39+00:00
2027-07-16,0.9095890410958904,332,C,756.0,75.49,0.8400000000000034,mid,8.652997220266203,1.0,0.0,770.3342101802784,778.5800170898438,796.7661734034681,0.957975219383713,0.047200841740267466,0.01011069342938141,parity (regression),24,-0.05251987613180243,-0.31936456312467726,0.19013727250334375,XSP270716C00756000,2026-08-18T08:43:39+00:00
2027-07-16,0.9095890410958904,332,C,757.0,74.805,0.8299999999999983,mid,36.82940925730324,,0.0,770.3342101802784,778.5800170898438,796.7661734034681,0.957975219383713,0.047200841740267466,0.01011069342938141,parity (regression),24,-0.05119799887388669,-0.31132644909867946,0.18965054311647733,XSP270716C00757000,2026-08-18T08:43:39+00:00
2027-07-16,0.9095890410958904,332,C,758.0,74.125,0.8300000000000125,mid,36.82833286841435,,0.0,770.3342101802784,778.5800170898438,796.7661734034681,0.957975219383713,0.047200841740267466,0.01011069342938141,parity (regression),24,-0.04987786666896373,-0.30329894644741673,0.18917469622219749,XSP270716C00758000,2026-08-18T08:43:39+00:00
2027-07-16,0.9095890410958904,332,C,760.0,72.745,0.769999999999996,mid,32.85203657211805,1.0,0.0,770.3342101802784,778.5800170898438,796.7661734034681,0.957975219383713,0.047200841740267466,0.01011069342938141,parity (regression),24,-0.0472428190309587,-0.2872756634599953,0.18812682849876922,XSP270716C00760000,2026-08-18T08:43:39+00:00
2027-07-16,0.9095890410958904,332,C,764.0,70.095,0.8100000000000023,mid,33.74739536841435,,0.0,770.3342101802784,778.5800170898438,796.7661734034681,0.957975219383713,0.047200841740267466,0.01011069342938141,parity (regression),24,-0.04199346314481489,-0.25535521023849345,0.18634084118566666,XSP270716C00764000,2026-08-18T08:43:39+00:00
2027-07-16,0.9095890410958904,332,C,770.0,66.17,0.7400000000000091,mid,4.703205553599537,,0.0,770.3342101802784,778.5800170898438,796.7661734034681,0.957975219383713,0.047200841740267466,0.01011069342938141,parity (regression),24,-0.03417073746360585,-0.2077865266537521,0.18360237647384234,XSP270716C00770000,2026-08-18T08:43:39+00:00
2027-07-16,0.9095890410958904,332,C,775.0,62.905,0.7100000000000009,mid,4.703205553599537,332.0,0.0,770.3342101802784,778.5800170898438,796.7661734034681,0.957975219383713,0.047200841740267466,0.01011069342938141,parity (regression),24,-0.027698222957988457,-0.16842825089892896,0.18111763623677538,XSP270716C00775000,2026-08-18T08:43:39+00:00
2027-07-16,0.9095890410958904,332,C,779.0,60.44,0.5799999999999983,mid,12.658031942488426,,0.0,770.3342101802784,778.5800170898438,796.7661734034681,0.957975219383713,0.047200841740267466,0.01011069342938141,parity (regression),24,-0.022550206440587223,-0.13712402539176105,0.17950011631016882,XSP270716C00779000,2026-08-18T08:43:39+00:00
2027-07-16,0.9095890410958904,332,C,780.0,59.82,0.5799999999999983,mid,5.630207868414352,4.0,0.0,770.3342101802784,778.5800170898438,796.7661734034681,0.957975219383713,0.047200841740267466,0.01011069342938141,parity (regression),24,-0.021267332627697987,-0.12932308477702548,0.17906074219516976,XSP270716C00780000,2026-08-18T08:43:39+00:00
2027-07-16,0.9095890410958904,332,C,782.0,58.575,0.5700000000000003,mid,29.6367935165625,,0.0,770.3342101802784,778.5800170898438,796.7661734034681,0.957975219383713,0.047200841740267466,0.01011069342938141,parity (regression),24,-0.018706511766024402,-0.11375116237422835,0.17813832017134634,XSP270716C00782000,2026-08-18T08:43:39+00:00
2027-07-16,0.9095890410958904,332,C,790.0,53.739999999999995,0.5399999999999991,mid,32.66349490545139,12.0,0.0,770.3342101802784,778.5800170898438,796.7661734034681,0.957975219383713,0.047200841740267466,0.01011069342938141,parity (regression),24,-0.008528306850268261,-0.051859204400900465,0.17460128598410493,XSP270716C00790000,2026-08-18T08:43:39+00:00
2027-07-16,0.9095890410958904,332,C,791.0,53.144999999999996,0.529999999999994,mid,26.843552775821756,1.0,0.0,770.3342101802784,778.5800170898438,796.7661734034681,0.957975219383713,0.047200841740267466,0.01011069342938141,parity (regression),24,-0.007263284543681602,-0.04416681580363598,0.17415104592058236,XSP270716C00791000,2026-08-18T08:43:39+00:00
2027-07-16,0.9095890410958904,332,C,795.0,50.815,0.509999999999998,mid,21.69857592396991,2.0,0.0,770.3342101802784,778.5800170898438,796.7661734034681,0.957975219383713,0.047200841740267466,0.01011069342938141,parity (regression),24,-0.002219137657003499,-0.013494204109771193,0.17243060762315182,XSP270716C00795000,2026-08-18T08:43:39+00:00
2027-07-16,0.9095890410958904,332,C,800.0,47.980000000000004,0.4799999999999969,mid,6.810358331377314,24.0,0.0,770.3342101802784,778.5800170898438,796.7661734034681,0.957975219383713,0.047200841740267466,0.01011069342938141,parity (regression),24,0.004050475356591938,0.02463026168338492,0.17033489759019346,XSP270716C00800000,2026-08-18T08:43:39+00:00
2027-07-16,0.9095890410958904,332,C,810.0,42.56,0.3399999999999963,mid,33.833772683229164,1.0,0.0,770.3342101802784,778.5800170898438,796.7661734034681,0.957975219383713,0.047200841740267466,0.01011069342938141,parity (regression),24,0.016472995355148953,0.10016952347239731,0.16626996253438692,XSP270716C00810000,2026-08-18T08:43:39+00:00
2027-07-16,0.9095890410958904,332,C,820.0,37.54,0.3400000000000034,mid,33.83351805359953,1.0,0.0,770.3342101802784,778.5800170898438,796.7661734034681,0.957975219383713,0.047200841740267466,0.01011069342938141,parity (regression),24,0.02874308794696338,0.17478189975161895,0.16256109643627573,XSP270716C00820000,2026-08-18T08:43:39+00:00
2027-07-16,0.9095890410958904,332,C,830.0,32.85,0.3400000000000034,mid,5.687707868414352,2.0,0.0,770.3342101802784,778.5800170898438,796.7661734034681,0.957975219383713,0.047200841740267466,0.01011069342938141,parity (regression),24,0.040864448479308264,0.2484898613083854,0.15892529891635898,XSP270716C00830000,2026-08-18T08:43:39+00:00
2027-07-16,0.9095890410958904,332,C,840.0,28.61,0.33999999999999986,mid,22.865323609155094,4.0,0.0,770.3342101802784,778.5800170898438,796.7661734034681,0.957975219383713,0.047200841740267466,0.01011069342938141,parity (regression),24,0.05284063952602382,0.32131507155704336,0.15575679711391782,XSP270716C00840000,2026-08-18T08:43:39+00:00
2027-07-16,0.9095890410958904,332,C,850.0,24.69,0.3200000000000003,mid,20.811226386932873,49.0,0.0,770.3342101802784,778.5800170898438,796.7661734034681,0.957975219383713,0.047200841740267466,0.01011069342938141,parity (regression),24,0.06467509717302675,0.3932784247600791,0.1525841085206832,XSP270716C00850000,2026-08-18T08:43:39+00:00
2027-07-16,0.9095890410958904,332,C,860.0,21.244999999999997,0.3099999999999987,mid,29.887383794340277,,0.0,770.3342101802784,778.5800170898438,796.7661734034681,0.957975219383713,0.047200841740267466,0.01011069342938141,parity (regression),24,0.07637113693621789,0.4644000820139231,0.1499857283938035,XSP270716C00860000,2026-08-18T08:43:39+00:00
2027-07-16,0.9095890410958904,332,C,880.0,15.45,0.29999999999999893,mid,5.630207868414352,5.0,0.0,770.3342101802784,778.5800170898438,796.7661734034681,0.957975219383713,0.047200841740267466,0.01011069342938141,parity (regression),24,0.09936065516091677,0.6041954887253249,0.14547463930708227,XSP270716C00880000,2026-08-18T08:43:39+00:00
2027-07-16,0.9095890410958904,332,C,890.0,13.085,0.2900000000000009,mid,14.875717127673612,2.0,0.0,770.3342101802784,778.5800170898438,796.7661734034681,0.957975219383713,0.047200841740267466,0.01011069342938141,parity (regression),24,0.11066021041485001,0.6729061901390012,0.14363971114288357,XSP270716C00890000,2026-08-18T08:43:39+00:00
2027-07-16,0.9095890410958904,332,C,900.0,11.025,0.2699999999999996,mid,6.8902194424884255,1.0,0.0,770.3342101802784,778.5800170898438,796.7661734034681,0.957975219383713,0.047200841740267466,0.01011069342938141,parity (regression),24,0.12183351101297532,0.7408491581541187,0.14199515228556817,XSP270716C00900000,2026-08-18T08:43:39+00:00
2027-12-17,1.3315068493150686,486,C,625.0,192.83499999999998,2.4099999999999966,mid,14.66298564619213,1.0,0.0,770.3342101802784,778.5800170898438,807.9818887451486,0.966249999999996,0.025784830996678963,-0.010050646304785422,parity (regression),8,-0.25678799361410526,-1.2690240475167969,0.22986358223790446,XSP271217C00625000,2026-08-18T08:43:39+00:00
2027-12-17,1.3315068493150686,486,C,630.0,188.785,2.3899999999999864,mid,4.880821294340278,1.0,0.0,770.3342101802784,778.5800170898438,807.9818887451486,0.966249999999996,0.025784830996678963,-0.010050646304785422,parity (regression),8,-0.24881982396492838,-1.2296460425050255,0.22880563601091003,XSP271217C00630000,2026-08-18T08:43:39+00:00
2027-12-17,1.3315068493150686,486,C,635.0,184.755,2.3700000000000045,mid,26.64014999804398,1.0,0.0,770.3342101802784,778.5800170898438,807.9818887451486,0.966249999999996,0.025784830996678963,-0.010050646304785422,parity (regression),8,-0.2409146444578151,-1.190579329325517,0.22770532556427675,XSP271217C00635000,2026-08-18T08:43:39+00:00
2027-12-17,1.3315068493150686,486,C,640.0,180.68,2.3600000000000136,mid,43.74693240545139,2.0,0.0,770.3342101802784,778.5800170898438,807.9818887451486,0.966249999999996,0.025784830996678963,-0.010050646304785422,parity (regression),8,-0.2330714669967892,-1.1518190248934452,0.22625770318393715,XSP271217C00640000,2026-08-18T08:43:39+00:00
2027-12-17,1.3315068493150686,486,C,645.0,176.76,2.3400000000000034,mid,11.642950923969908,2.0,0.0,770.3342101802784,778.5800170898438,807.9818887451486,0.966249999999996,0.025784830996678963,-0.010050646304785422,parity (regression),8,-0.22528932655473424,-1.1133603601282938,0.2254011303217074,XSP271217C00645000,2026-08-18T08:43:39+00:00
2027-12-17,1.3315068493150686,486,C,650.0,172.79,2.319999999999993,mid,11.876122220266204,1.0,0.0,770.3342101802784,778.5800170898438,807.9818887451486,0.966249999999996,0.025784830996678963,-0.010050646304785422,parity (regression),8,-0.21756728046082394,-1.0751986764323973,0.22417404225505394,XSP271217C00650000,2026-08-18T08:43:39+00:00
2027-12-17,1.3315068493150686,486,C,655.0,168.85,2.3000000000000114,mid,39.89239536841435,2.0,0.0,770.3342101802784,778.5800170898438,807.9818887451486,0.966249999999996,0.025784830996678963,-0.010050646304785422,parity (regression),8,-0.2099044077152548,-1.037329422304411,0.22294852815989086,XSP271217C00655000,2026-08-18T08:43:39+00:00
2027-12-17,1.3315068493150686,486,C,660.0,164.925,2.289999999999992,mid,1.725589812858796,2.0,0.0,770.3342101802784,778.5800170898438,807.9818887451486,0.966249999999996,0.025784830996678963,-0.010050646304785422,parity (regression),8,-0.20229980833003547,-0.9997481500815469,0.22165782575877846,XSP271217C00660000,2026-08-18T08:43:39+00:00
2027-12-17,1.3315068493150686,486,C,665.0,161.32,3.0,mid,7.672858331377315,2.0,0.0,770.3342101802784,778.5800170898438,807.9818887451486,0.966249999999996,0.025784830996678963,-0.010050646304785422,parity (regression),8,-0.19475260269465255,-0.9624505128047505,0.22156609506091327,XSP271217C00665000,2026-08-18T08:43:39+00:00
2027-12-17,1.3315068493150686,486,C,670.0,157.07,2.240000000000009,mid,7.672858331377315,2.0,0.0,770.3342101802784,778.5800170898438,807.9818887451486,0.966249999999996,0.025784830996678963,-0.010050646304785422,parity (regression),8,-0.18726193096549507,-0.9254322612012887,0.21868408810005405,XSP271217C00670000,2026-08-18T08:43:39+00:00
2027-12-17,1.3315068493150686,486,C,675.0,153.585,2.9499999999999886,mid,29.894675461006944,2.0,0.0,770.3342101802784,778.5800170898438,807.9818887451486,0.966249999999996,0.025784830996678963,-0.010050646304785422,parity (regression),8,-0.17982695247797698,-0.8886892407795106,0.21877553948692732,XSP271217C00675000,2026-08-18T08:43:39+00:00
2027-12-17,1.3315068493150686,486,C,680.0,149.57,1.7199999999999989,mid,6.671353701747685,5.0,0.0,770.3342101802784,778.5800170898438,807.9818887451486,0.966249999999996,0.025784830996678963,-0.010050646304785422,parity (regression),8,-0.1724468451803544,-0.8522173890308204,0.21662778889097228,XSP271217C00680000,2026-08-18T08:43:39+00:00
2027-12-17,1.3315068493150686,486,C,695.0,138.44,2.819999999999993,mid,1.7368513869328701,1.0,0.0,770.3342101802784,778.5800170898438,807.9818887451486,0.966249999999996,0.025784830996678963,-0.010050646304785422,parity (regression),8,-0.15062779778571464,-0.7443895445587896,0.21298442862905567,XSP271217C00695000,2026-08-18T08:43:39+00:00
2027-12-17,1.3315068493150686,486,C,700.0,134.5,1.6399999999999864,mid,1.1831824054513889,1.0,0.0,770.3342101802784,778.5800170898438,807.9818887451486,0.966249999999996,0.025784830996678963,-0.010050646304785422,parity (regression),8,-0.14345930830710207,-0.7089634897627807,0.21068933070050697,XSP271217C00700000,2026-08-18T08:43:39+00:00
2027-12-17,1.3315068493150686,486,C,710.0,127.19,1.5999999999999943,mid,1.7385180535995368,1.0,0.0,770.3342101802784,778.5800170898438,807.9818887451486,0.966249999999996,0.025784830996678963,-0.010050646304785422,parity (regression),8,-0.12927467331514564,-0.6388642508665421,0.20779571909970032,XSP271217C00710000,2026-08-18T08:43:39+00:00
2027-12-17,1.3315068493150686,486,C,720.0,119.945,1.5899999999999892,mid,5.719409257303241,1.0,0.0,770.3342101802784,778.5800170898438,807.9818887451486,0.966249999999996,0.025784830996678963,-0.010050646304785422,parity (regression),8,-0.11528843134040571,-0.569745453096712,0.20463191344571827,XSP271217C00720000,2026-08-18T08:43:39+00:00
2027-12-17,1.3315068493150686,486,C,730.0,113.08000000000001,2.700000000000003,mid,40.83644629434028,3.0,0.0,770.3342101802784,778.5800170898438,807.9818887451486,0.966249999999996,0.025784830996678963,-0.010050646304785422,parity (regression),8,-0.10149510920806988,-0.5015800484968984,0.20222145067702832,XSP271217C00730000,2026-08-18T08:43:39+00:00
2027-12-17,1.3315068493150686,486,C,740.0,106.13,2.6799999999999926,mid,25.648413886932868,1.0,0.0,770.3342101802784,778.5800170898438,807.9818887451486,0.966249999999996,0.025784830996678963,-0.010050646304785422,parity (regression),8,-0.08788945715229136,-0.4343420931784887,0.19901296035625468,XSP271217C00740000,2026-08-18T08:43:39+00:00
2027-12-17,1.3315068493150686,486,C,750.0,99.33,2.6599999999999966,mid,5.799779627673611,3.0,0.0,770.3342101802784,778.5800170898438,807.9818887451486,0.966249999999996,0.025784830996678963,-0.010050646304785422,parity (regression),8,-0.07446643682015065,-0.36800668803726566,0.19576952061215694,XSP271217C00750000,2026-08-18T08:43:39+00:00
2027-12-17,1.3315068493150686,486,C,760.0,92.69,2.6400000000000006,mid,14.797372220266205,1.0,0.0,770.3342101802784,778.5800170898438,807.9818887451486,0.966249999999996,0.025784830996678963,-0.010050646304785422,parity (regression),8,-0.06122121007013,-0.30254992339643755,0.19249993690495862,XSP271217C00760000,2026-08-18T08:43:39+00:00
2027-12-17,1.3315068493150686,486,C,770.0,86.225,2.6099999999999994,mid,5.851805090636574,1.0,0.0,770.3342101802784,778.5800170898438,807.9818887451486,0.966249999999996,0.025784830996678963,-0.010050646304785422,parity (regression),8,-0.04814912850277721,-0.23794882726808442,0.18922590808412693,XSP271217C00770000,2026-08-18T08:43:39+00:00
2027-12-17,1.3315068493150686,486,C,780.0,79.94,2.5799999999999983,mid,15.010219442488427,1.0,0.0,770.3342101802784,778.5800170898438,807.9818887451486,0.966249999999996,0.025784830996678963,-0.010050646304785422,parity (regression),8,-0.0352457236668693,-0.17418131695286615,0.18593780901002796,XSP271217C00780000,2026-08-18T08:43:39+00:00
2027-12-17,1.3315068493150686,486,C,790.0,73.50999999999999,1.2999999999999972,mid,5.8521754610069445,3.0,0.0,770.3342101802784,778.5800170898438,807.9818887451486,0.966249999999996,0.025784830996678963,-0.010050646304785422,parity (regression),8,-0.022506697889439528,-0.1112261537228095,0.18168690987154548,XSP271217C00790000,2026-08-18T08:43:39+00:00
2027-12-17,1.3315068493150686,486,C,800.0,67.63499999999999,1.2900000000000063,mid,12.889386109155094,2.0,0.0,770.3342101802784,778.5800170898438,807.9818887451486,0.966249999999996,0.025784830996678963,-0.010050646304785422,parity (regression),8,-0.009927915682579504,-0.04906290035446766,0.17845047657785856,XSP271217C00800000,2026-08-18T08:43:39+00:00
2027-12-17,1.3315068493150686,486,C,810.0,62.025,1.269999999999996,mid,5.884513423969907,2.0,0.0,770.3342101802784,778.5800170898438,807.9818887451486,0.966249999999996,0.025784830996678963,-0.010050646304785422,parity (regression),8,0.0024946043159777783,0.012328118700021259,0.17536105907912788,XSP271217C00810000,2026-08-18T08:43:39+00:00
2027-12-17,1.3315068493150686,486,C,820.0,56.665,1.25,mid,5.885763423969908,2.0,0.0,770.3342101802784,778.5800170898438,807.9818887451486,0.966249999999996,0.025784830996678963,-0.010050646304785422,parity (regression),8,0.014764696907792143,0.07296585469818444,0.1723510431987921,XSP271217C00820000,2026-08-18T08:43:39+00:00
2027-12-17,1.3315068493150686,486,C,830.0,47.03,1.3999999999999986,mid,68.81489536841435,10.0,18.0,770.3342101802784,778.5800170898438,807.9818887451486,0.966249999999996,0.025784830996678963,-0.010050646304785422,parity (regression),8,0.02688605744013675,0.13286856972652977,0.156792660788458,XSP271217C00830000,2026-08-18T08:43:39+00:00
2027-12-17,1.3315068493150686,486,C,840.0,46.74,1.2199999999999989,mid,12.758622220266204,4.0,0.0,770.3342101802784,778.5800170898438,807.9818887451486,0.966249999999996,0.025784830996678963,-0.010050646304785422,parity (regression),8,0.03886224848685246,0.1920538697167501,0.16660966722025497,XSP271217C00840000,2026-08-18T08:43:39+00:00
2027-12-17,1.3315068493150686,486,C,850.0,42.19,1.2199999999999989,mid,13.80074027582176,2.0,0.0,770.3342101802784,778.5800170898438,807.9818887451486,0.966249999999996,0.025784830996678963,-0.010050646304785422,parity (regression),8,0.05069670613385532,0.25053873550815725,0.163886225626544,XSP271217C00850000,2026-08-18T08:43:39+00:00
2027-12-17,1.3315068493150686,486,C,860.0,37.985,1.2100000000000009,mid,4.880821294340278,1.0,0.0,770.3342101802784,778.5800170898438,807.9818887451486,0.966249999999996,0.025784830996678963,-0.010050646304785422,parity (regression),8,0.06239274589704662,0.3083395520934819,0.16144555552132844,XSP271217C00860000,2026-08-18T08:43:39+00:00
2027-12-17,1.3315068493150686,486,C,870.0,33.99,1.2000000000000028,mid,12.631318979525464,2.0,0.0,770.3342101802784,778.5800170898438,807.9818887451486,0.966249999999996,0.025784830996678963,-0.010050646304785422,parity (regression),8,0.07395356829812262,0.3654721361740425,0.15889825458359552,XSP271217C00870000,2026-08-18T08:43:39+00:00
2027-12-17,1.3315068493150686,486,C,880.0,30.33,1.1600000000000001,mid,40.77858749804398,20.0,0.0,770.3342101802784,778.5800170898438,807.9818887451486,0.966249999999996,0.025784830996678963,-0.010050646304785422,parity (regression),8,0.08538226412174539,0.4219517621402287,0.15660561251585386,XSP271217C00880000,2026-08-18T08:43:39+00:00
2027-12-17,1.3315068493150686,486,C,890.0,26.96,1.120000000000001,mid,14.884073609155093,1.0,0.0,770.3342101802784,778.5800170898438,807.9818887451486,0.966249999999996,0.025784830996678963,-0.010050646304785422,parity (regression),8,0.09668181937567877,0.47779318658406444,0.15444858220715643,XSP271217C00890000,2026-08-18T08:43:39+00:00
2027-12-17,1.3315068493150686,486,C,900.0,23.89,1.0799999999999983,mid,8.83014999804398,6.0,0.0,770.3342101802784,778.5800170898438,807.9818887451486,0.966249999999996,0.025784830996678963,-0.010050646304785422,parity (regression),8,0.10785511997380401,0.5330106714422657,0.15247753884663243,XSP271217C00900000,2026-08-18T08:43:39+00:00
2027-12-17,1.3315068493150686,486,C,910.0,21.119999999999997,1.0599999999999987,mid,5.884513423969907,4.0,0.0,770.3342101802784,778.5800170898438,807.9818887451486,0.966249999999996,0.025784830996678963,-0.010050646304785422,parity (regression),8,0.118904956160389,0.5876180058605965,0.15072539192369913,XSP271217C00910000,2026-08-18T08:43:39+00:00
2027-12-17,1.3315068493150686,486,C,915.0,19.845,1.0500000000000007,mid,7.805497220266203,1.0,0.0,770.3342101802784,778.5800170898438,807.9818887451486,0.966249999999996,0.025784830996678963,-0.010050646304785422,parity (regression),8,0.1243844219250145,0.6146970515939592,0.1499370667068551,XSP271217C00915000,2026-08-18T08:43:39+00:00
2027-12-17,1.3315068493150686,486,C,920.0,18.615000000000002,1.0299999999999976,mid,32.90355277582176,6.0,0.0,770.3342101802784,778.5800170898438,807.9818887451486,0.966249999999996,0.025784830996678963,-0.010050646304785422,parity (regression),8,0.1298340266925793,0.6416285268633777,0.14911779404057376,XSP271217C00920000,2026-08-18T08:43:39+00:00
2027-12-17,1.3315068493150686,486,C,925.0,14.254999999999999,1.3499999999999996,mid,89.80449027582176,1.0,0.0,770.3342101802784,778.5800170898438,807.9818887451486,0.966249999999996,0.025784830996678963,-0.010050646304785422,parity (regression),8,0.1352540941619184,0.668414031360489,0.1366413315066843,XSP271217C00925000,2026-08-18T08:43:39+00:00
2027-12-17,1.3315068493150686,486,C,930.0,16.34,1.0200000000000014,mid,36.86851805359954,1.0,0.0,770.3342101802784,778.5800170898438,807.9818887451486,0.966249999999996,0.025784830996678963,-0.010050646304785422,parity (regression),8,0.14064494279679493,0.6950551389056576,0.14757320709815058,XSP271217C00930000,2026-08-18T08:43:39+00:00
